[0.523s] DEBUG:colcon:Command line arguments: ['/usr/bin/colcon', 'build', '--packages-select', 'portamail_coordinator']
[0.523s] DEBUG:colcon:Parsed command line arguments: Namespace(log_base=None, log_level=None, verb_name='build', build_base='build', install_base='install', merge_install=False, symlink_install=False, test_result_base=None, continue_on_error=False, executor='parallel', parallel_workers=4, event_handlers=None, ignore_user_meta=False, metas=['./colcon.meta'], base_paths=['.'], packages_ignore=None, packages_ignore_regex=None, paths=None, packages_up_to=None, packages_up_to_regex=None, packages_above=None, packages_above_and_dependencies=None, packages_above_depth=None, packages_select_by_dep=None, packages_skip_by_dep=None, packages_skip_up_to=None, packages_select_build_failed=False, packages_skip_build_finished=False, packages_select_test_failures=False, packages_skip_test_passed=False, packages_select=['portamail_coordinator'], packages_skip=None, packages_select_regex=None, packages_skip_regex=None, packages_start=None, packages_end=None, allow_overriding=[], cmake_args=None, cmake_target=None, cmake_target_skip_unavailable=False, cmake_clean_cache=False, cmake_clean_first=False, cmake_force_configure=False, ament_cmake_args=None, catkin_cmake_args=None, catkin_skip_building_tests=False, verb_parser=<colcon_defaults.argument_parser.defaults.DefaultArgumentsDecorator object at 0xffffa91bf6e0>, verb_extension=<colcon_core.verb.build.BuildVerb object at 0xffffa9313b30>, main=<bound method BuildVerb.main of <colcon_core.verb.build.BuildVerb object at 0xffffa9313b30>>)
[0.732s] Level 1:colcon.colcon_core.package_discovery:discover_packages(colcon_meta) check parameters
[0.732s] Level 1:colcon.colcon_core.package_discovery:discover_packages(recursive) check parameters
[0.732s] Level 1:colcon.colcon_core.package_discovery:discover_packages(ignore) check parameters
[0.732s] Level 1:colcon.colcon_core.package_discovery:discover_packages(path) check parameters
[0.732s] Level 1:colcon.colcon_core.package_discovery:discover_packages(colcon_meta) discover
[0.732s] Level 1:colcon.colcon_core.package_discovery:discover_packages(recursive) discover
[0.732s] INFO:colcon.colcon_core.package_discovery:Crawling recursively for packages in '/home/davidezuma/PortaMailCapstone'
[0.732s] Level 1:colcon.colcon_core.package_identification:_identify(.) by extensions ['ignore', 'ignore_ament_install']
[0.732s] Level 1:colcon.colcon_core.package_identification:_identify(.) by extension 'ignore'
[0.733s] Level 1:colcon.colcon_core.package_identification:_identify(.) by extension 'ignore_ament_install'
[0.733s] Level 1:colcon.colcon_core.package_identification:_identify(.) by extensions ['colcon_pkg']
[0.733s] Level 1:colcon.colcon_core.package_identification:_identify(.) by extension 'colcon_pkg'
[0.733s] Level 1:colcon.colcon_core.package_identification:_identify(.) by extensions ['colcon_meta']
[0.733s] Level 1:colcon.colcon_core.package_identification:_identify(.) by extension 'colcon_meta'
[0.733s] Level 1:colcon.colcon_core.package_identification:_identify(.) by extensions ['ros']
[0.733s] Level 1:colcon.colcon_core.package_identification:_identify(.) by extension 'ros'
[0.801s] Level 1:colcon.colcon_core.package_identification:_identify(.) by extensions ['cmake', 'python']
[0.802s] Level 1:colcon.colcon_core.package_identification:_identify(.) by extension 'cmake'
[0.802s] Level 1:colcon.colcon_core.package_identification:_identify(.) by extension 'python'
[0.802s] Level 1:colcon.colcon_core.package_identification:_identify(.) by extensions ['python_setup_py']
[0.802s] Level 1:colcon.colcon_core.package_identification:_identify(.) by extension 'python_setup_py'
[0.802s] Level 1:colcon.colcon_core.package_identification:_identify(LCD_web) by extensions ['ignore', 'ignore_ament_install']
[0.803s] Level 1:colcon.colcon_core.package_identification:_identify(LCD_web) by extension 'ignore'
[0.803s] Level 1:colcon.colcon_core.package_identification:_identify(LCD_web) by extension 'ignore_ament_install'
[0.803s] Level 1:colcon.colcon_core.package_identification:_identify(LCD_web) by extensions ['colcon_pkg']
[0.803s] Level 1:colcon.colcon_core.package_identification:_identify(LCD_web) by extension 'colcon_pkg'
[0.803s] Level 1:colcon.colcon_core.package_identification:_identify(LCD_web) by extensions ['colcon_meta']
[0.803s] Level 1:colcon.colcon_core.package_identification:_identify(LCD_web) by extension 'colcon_meta'
[0.803s] Level 1:colcon.colcon_core.package_identification:_identify(LCD_web) by extensions ['ros']
[0.803s] Level 1:colcon.colcon_core.package_identification:_identify(LCD_web) by extension 'ros'
[0.804s] Level 1:colcon.colcon_core.package_identification:_identify(LCD_web) by extensions ['cmake', 'python']
[0.804s] Level 1:colcon.colcon_core.package_identification:_identify(LCD_web) by extension 'cmake'
[0.804s] Level 1:colcon.colcon_core.package_identification:_identify(LCD_web) by extension 'python'
[0.804s] Level 1:colcon.colcon_core.package_identification:_identify(LCD_web) by extensions ['python_setup_py']
[0.804s] Level 1:colcon.colcon_core.package_identification:_identify(LCD_web) by extension 'python_setup_py'
[0.804s] Level 1:colcon.colcon_core.package_identification:_identify(LCD_web/portamail_ui) by extensions ['ignore', 'ignore_ament_install']
[0.804s] Level 1:colcon.colcon_core.package_identification:_identify(LCD_web/portamail_ui) by extension 'ignore'
[0.804s] Level 1:colcon.colcon_core.package_identification:_identify(LCD_web/portamail_ui) by extension 'ignore_ament_install'
[0.804s] Level 1:colcon.colcon_core.package_identification:_identify(LCD_web/portamail_ui) by extensions ['colcon_pkg']
[0.804s] Level 1:colcon.colcon_core.package_identification:_identify(LCD_web/portamail_ui) by extension 'colcon_pkg'
[0.804s] Level 1:colcon.colcon_core.package_identification:_identify(LCD_web/portamail_ui) by extensions ['colcon_meta']
[0.804s] Level 1:colcon.colcon_core.package_identification:_identify(LCD_web/portamail_ui) by extension 'colcon_meta'
[0.804s] Level 1:colcon.colcon_core.package_identification:_identify(LCD_web/portamail_ui) by extensions ['ros']
[0.804s] Level 1:colcon.colcon_core.package_identification:_identify(LCD_web/portamail_ui) by extension 'ros'
[0.805s] Level 1:colcon.colcon_core.package_identification:_identify(LCD_web/portamail_ui) by extensions ['cmake', 'python']
[0.805s] Level 1:colcon.colcon_core.package_identification:_identify(LCD_web/portamail_ui) by extension 'cmake'
[0.805s] Level 1:colcon.colcon_core.package_identification:_identify(LCD_web/portamail_ui) by extension 'python'
[0.805s] Level 1:colcon.colcon_core.package_identification:_identify(LCD_web/portamail_ui) by extensions ['python_setup_py']
[0.805s] Level 1:colcon.colcon_core.package_identification:_identify(LCD_web/portamail_ui) by extension 'python_setup_py'
[0.805s] Level 1:colcon.colcon_core.package_identification:_identify(LCD_web/portamail_ui/examples) by extensions ['ignore', 'ignore_ament_install']
[0.805s] Level 1:colcon.colcon_core.package_identification:_identify(LCD_web/portamail_ui/examples) by extension 'ignore'
[0.805s] Level 1:colcon.colcon_core.package_identification:_identify(LCD_web/portamail_ui/examples) by extension 'ignore_ament_install'
[0.805s] Level 1:colcon.colcon_core.package_identification:_identify(LCD_web/portamail_ui/examples) by extensions ['colcon_pkg']
[0.805s] Level 1:colcon.colcon_core.package_identification:_identify(LCD_web/portamail_ui/examples) by extension 'colcon_pkg'
[0.805s] Level 1:colcon.colcon_core.package_identification:_identify(LCD_web/portamail_ui/examples) by extensions ['colcon_meta']
[0.805s] Level 1:colcon.colcon_core.package_identification:_identify(LCD_web/portamail_ui/examples) by extension 'colcon_meta'
[0.806s] Level 1:colcon.colcon_core.package_identification:_identify(LCD_web/portamail_ui/examples) by extensions ['ros']
[0.806s] Level 1:colcon.colcon_core.package_identification:_identify(LCD_web/portamail_ui/examples) by extension 'ros'
[0.806s] Level 1:colcon.colcon_core.package_identification:_identify(LCD_web/portamail_ui/examples) by extensions ['cmake', 'python']
[0.806s] Level 1:colcon.colcon_core.package_identification:_identify(LCD_web/portamail_ui/examples) by extension 'cmake'
[0.806s] Level 1:colcon.colcon_core.package_identification:_identify(LCD_web/portamail_ui/examples) by extension 'python'
[0.806s] Level 1:colcon.colcon_core.package_identification:_identify(LCD_web/portamail_ui/examples) by extensions ['python_setup_py']
[0.806s] Level 1:colcon.colcon_core.package_identification:_identify(LCD_web/portamail_ui/examples) by extension 'python_setup_py'
[0.806s] Level 1:colcon.colcon_core.package_identification:_identify(LCD_web/portamail_ui/examples/external_cpp_minimal) by extensions ['ignore', 'ignore_ament_install']
[0.806s] Level 1:colcon.colcon_core.package_identification:_identify(LCD_web/portamail_ui/examples/external_cpp_minimal) by extension 'ignore'
[0.806s] Level 1:colcon.colcon_core.package_identification:_identify(LCD_web/portamail_ui/examples/external_cpp_minimal) by extension 'ignore_ament_install'
[0.806s] Level 1:colcon.colcon_core.package_identification:_identify(LCD_web/portamail_ui/examples/external_cpp_minimal) by extensions ['colcon_pkg']
[0.806s] Level 1:colcon.colcon_core.package_identification:_identify(LCD_web/portamail_ui/examples/external_cpp_minimal) by extension 'colcon_pkg'
[0.806s] Level 1:colcon.colcon_core.package_identification:_identify(LCD_web/portamail_ui/examples/external_cpp_minimal) by extensions ['colcon_meta']
[0.806s] Level 1:colcon.colcon_core.package_identification:_identify(LCD_web/portamail_ui/examples/external_cpp_minimal) by extension 'colcon_meta'
[0.806s] Level 1:colcon.colcon_core.package_identification:_identify(LCD_web/portamail_ui/examples/external_cpp_minimal) by extensions ['ros']
[0.807s] Level 1:colcon.colcon_core.package_identification:_identify(LCD_web/portamail_ui/examples/external_cpp_minimal) by extension 'ros'
[0.807s] Level 1:colcon.colcon_core.package_identification:_identify(LCD_web/portamail_ui/examples/external_cpp_minimal) by extensions ['cmake', 'python']
[0.807s] Level 1:colcon.colcon_core.package_identification:_identify(LCD_web/portamail_ui/examples/external_cpp_minimal) by extension 'cmake'
[0.807s] Level 1:colcon.colcon_core.package_identification:_identify(LCD_web/portamail_ui/examples/external_cpp_minimal) by extension 'python'
[0.807s] Level 1:colcon.colcon_core.package_identification:_identify(LCD_web/portamail_ui/examples/external_cpp_minimal) by extensions ['python_setup_py']
[0.807s] Level 1:colcon.colcon_core.package_identification:_identify(LCD_web/portamail_ui/examples/external_cpp_minimal) by extension 'python_setup_py'
[0.807s] Level 1:colcon.colcon_core.package_identification:_identify(LCD_web/portamail_ui/interface) by extensions ['ignore', 'ignore_ament_install']
[0.807s] Level 1:colcon.colcon_core.package_identification:_identify(LCD_web/portamail_ui/interface) by extension 'ignore'
[0.807s] Level 1:colcon.colcon_core.package_identification:_identify(LCD_web/portamail_ui/interface) by extension 'ignore_ament_install'
[0.807s] Level 1:colcon.colcon_core.package_identification:_identify(LCD_web/portamail_ui/interface) by extensions ['colcon_pkg']
[0.807s] Level 1:colcon.colcon_core.package_identification:_identify(LCD_web/portamail_ui/interface) by extension 'colcon_pkg'
[0.807s] Level 1:colcon.colcon_core.package_identification:_identify(LCD_web/portamail_ui/interface) by extensions ['colcon_meta']
[0.807s] Level 1:colcon.colcon_core.package_identification:_identify(LCD_web/portamail_ui/interface) by extension 'colcon_meta'
[0.807s] Level 1:colcon.colcon_core.package_identification:_identify(LCD_web/portamail_ui/interface) by extensions ['ros']
[0.807s] Level 1:colcon.colcon_core.package_identification:_identify(LCD_web/portamail_ui/interface) by extension 'ros'
[0.807s] Level 1:colcon.colcon_core.package_identification:_identify(LCD_web/portamail_ui/interface) by extensions ['cmake', 'python']
[0.807s] Level 1:colcon.colcon_core.package_identification:_identify(LCD_web/portamail_ui/interface) by extension 'cmake'
[0.807s] Level 1:colcon.colcon_core.package_identification:_identify(LCD_web/portamail_ui/interface) by extension 'python'
[0.808s] Level 1:colcon.colcon_core.package_identification:_identify(LCD_web/portamail_ui/interface) by extensions ['python_setup_py']
[0.808s] Level 1:colcon.colcon_core.package_identification:_identify(LCD_web/portamail_ui/interface) by extension 'python_setup_py'
[0.808s] Level 1:colcon.colcon_core.package_identification:_identify(LCD_web/portamail_ui/interface/__pycache__) by extensions ['ignore', 'ignore_ament_install']
[0.808s] Level 1:colcon.colcon_core.package_identification:_identify(LCD_web/portamail_ui/interface/__pycache__) by extension 'ignore'
[0.808s] Level 1:colcon.colcon_core.package_identification:_identify(LCD_web/portamail_ui/interface/__pycache__) by extension 'ignore_ament_install'
[0.808s] Level 1:colcon.colcon_core.package_identification:_identify(LCD_web/portamail_ui/interface/__pycache__) by extensions ['colcon_pkg']
[0.808s] Level 1:colcon.colcon_core.package_identification:_identify(LCD_web/portamail_ui/interface/__pycache__) by extension 'colcon_pkg'
[0.808s] Level 1:colcon.colcon_core.package_identification:_identify(LCD_web/portamail_ui/interface/__pycache__) by extensions ['colcon_meta']
[0.808s] Level 1:colcon.colcon_core.package_identification:_identify(LCD_web/portamail_ui/interface/__pycache__) by extension 'colcon_meta'
[0.808s] Level 1:colcon.colcon_core.package_identification:_identify(LCD_web/portamail_ui/interface/__pycache__) by extensions ['ros']
[0.808s] Level 1:colcon.colcon_core.package_identification:_identify(LCD_web/portamail_ui/interface/__pycache__) by extension 'ros'
[0.808s] Level 1:colcon.colcon_core.package_identification:_identify(LCD_web/portamail_ui/interface/__pycache__) by extensions ['cmake', 'python']
[0.808s] Level 1:colcon.colcon_core.package_identification:_identify(LCD_web/portamail_ui/interface/__pycache__) by extension 'cmake'
[0.808s] Level 1:colcon.colcon_core.package_identification:_identify(LCD_web/portamail_ui/interface/__pycache__) by extension 'python'
[0.808s] Level 1:colcon.colcon_core.package_identification:_identify(LCD_web/portamail_ui/interface/__pycache__) by extensions ['python_setup_py']
[0.808s] Level 1:colcon.colcon_core.package_identification:_identify(LCD_web/portamail_ui/interface/__pycache__) by extension 'python_setup_py'
[0.808s] Level 1:colcon.colcon_core.package_identification:_identify(LCD_web/portamail_ui/logs) by extensions ['ignore', 'ignore_ament_install']
[0.809s] Level 1:colcon.colcon_core.package_identification:_identify(LCD_web/portamail_ui/logs) by extension 'ignore'
[0.809s] Level 1:colcon.colcon_core.package_identification:_identify(LCD_web/portamail_ui/logs) by extension 'ignore_ament_install'
[0.809s] Level 1:colcon.colcon_core.package_identification:_identify(LCD_web/portamail_ui/logs) by extensions ['colcon_pkg']
[0.809s] Level 1:colcon.colcon_core.package_identification:_identify(LCD_web/portamail_ui/logs) by extension 'colcon_pkg'
[0.809s] Level 1:colcon.colcon_core.package_identification:_identify(LCD_web/portamail_ui/logs) by extensions ['colcon_meta']
[0.809s] Level 1:colcon.colcon_core.package_identification:_identify(LCD_web/portamail_ui/logs) by extension 'colcon_meta'
[0.809s] Level 1:colcon.colcon_core.package_identification:_identify(LCD_web/portamail_ui/logs) by extensions ['ros']
[0.809s] Level 1:colcon.colcon_core.package_identification:_identify(LCD_web/portamail_ui/logs) by extension 'ros'
[0.809s] Level 1:colcon.colcon_core.package_identification:_identify(LCD_web/portamail_ui/logs) by extensions ['cmake', 'python']
[0.809s] Level 1:colcon.colcon_core.package_identification:_identify(LCD_web/portamail_ui/logs) by extension 'cmake'
[0.809s] Level 1:colcon.colcon_core.package_identification:_identify(LCD_web/portamail_ui/logs) by extension 'python'
[0.809s] Level 1:colcon.colcon_core.package_identification:_identify(LCD_web/portamail_ui/logs) by extensions ['python_setup_py']
[0.809s] Level 1:colcon.colcon_core.package_identification:_identify(LCD_web/portamail_ui/logs) by extension 'python_setup_py'
[0.809s] Level 1:colcon.colcon_core.package_identification:_identify(LCD_web/portamail_ui/state) by extensions ['ignore', 'ignore_ament_install']
[0.809s] Level 1:colcon.colcon_core.package_identification:_identify(LCD_web/portamail_ui/state) by extension 'ignore'
[0.809s] Level 1:colcon.colcon_core.package_identification:_identify(LCD_web/portamail_ui/state) by extension 'ignore_ament_install'
[0.810s] Level 1:colcon.colcon_core.package_identification:_identify(LCD_web/portamail_ui/state) by extensions ['colcon_pkg']
[0.810s] Level 1:colcon.colcon_core.package_identification:_identify(LCD_web/portamail_ui/state) by extension 'colcon_pkg'
[0.810s] Level 1:colcon.colcon_core.package_identification:_identify(LCD_web/portamail_ui/state) by extensions ['colcon_meta']
[0.810s] Level 1:colcon.colcon_core.package_identification:_identify(LCD_web/portamail_ui/state) by extension 'colcon_meta'
[0.810s] Level 1:colcon.colcon_core.package_identification:_identify(LCD_web/portamail_ui/state) by extensions ['ros']
[0.810s] Level 1:colcon.colcon_core.package_identification:_identify(LCD_web/portamail_ui/state) by extension 'ros'
[0.810s] Level 1:colcon.colcon_core.package_identification:_identify(LCD_web/portamail_ui/state) by extensions ['cmake', 'python']
[0.810s] Level 1:colcon.colcon_core.package_identification:_identify(LCD_web/portamail_ui/state) by extension 'cmake'
[0.810s] Level 1:colcon.colcon_core.package_identification:_identify(LCD_web/portamail_ui/state) by extension 'python'
[0.810s] Level 1:colcon.colcon_core.package_identification:_identify(LCD_web/portamail_ui/state) by extensions ['python_setup_py']
[0.810s] Level 1:colcon.colcon_core.package_identification:_identify(LCD_web/portamail_ui/state) by extension 'python_setup_py'
[0.810s] Level 1:colcon.colcon_core.package_identification:_identify(LCD_web/portamail_ui/state/__pycache__) by extensions ['ignore', 'ignore_ament_install']
[0.810s] Level 1:colcon.colcon_core.package_identification:_identify(LCD_web/portamail_ui/state/__pycache__) by extension 'ignore'
[0.810s] Level 1:colcon.colcon_core.package_identification:_identify(LCD_web/portamail_ui/state/__pycache__) by extension 'ignore_ament_install'
[0.810s] Level 1:colcon.colcon_core.package_identification:_identify(LCD_web/portamail_ui/state/__pycache__) by extensions ['colcon_pkg']
[0.810s] Level 1:colcon.colcon_core.package_identification:_identify(LCD_web/portamail_ui/state/__pycache__) by extension 'colcon_pkg'
[0.810s] Level 1:colcon.colcon_core.package_identification:_identify(LCD_web/portamail_ui/state/__pycache__) by extensions ['colcon_meta']
[0.810s] Level 1:colcon.colcon_core.package_identification:_identify(LCD_web/portamail_ui/state/__pycache__) by extension 'colcon_meta'
[0.810s] Level 1:colcon.colcon_core.package_identification:_identify(LCD_web/portamail_ui/state/__pycache__) by extensions ['ros']
[0.811s] Level 1:colcon.colcon_core.package_identification:_identify(LCD_web/portamail_ui/state/__pycache__) by extension 'ros'
[0.811s] Level 1:colcon.colcon_core.package_identification:_identify(LCD_web/portamail_ui/state/__pycache__) by extensions ['cmake', 'python']
[0.811s] Level 1:colcon.colcon_core.package_identification:_identify(LCD_web/portamail_ui/state/__pycache__) by extension 'cmake'
[0.811s] Level 1:colcon.colcon_core.package_identification:_identify(LCD_web/portamail_ui/state/__pycache__) by extension 'python'
[0.811s] Level 1:colcon.colcon_core.package_identification:_identify(LCD_web/portamail_ui/state/__pycache__) by extensions ['python_setup_py']
[0.811s] Level 1:colcon.colcon_core.package_identification:_identify(LCD_web/portamail_ui/state/__pycache__) by extension 'python_setup_py'
[0.811s] Level 1:colcon.colcon_core.package_identification:_identify(LCD_web/portamail_ui/static) by extensions ['ignore', 'ignore_ament_install']
[0.811s] Level 1:colcon.colcon_core.package_identification:_identify(LCD_web/portamail_ui/static) by extension 'ignore'
[0.811s] Level 1:colcon.colcon_core.package_identification:_identify(LCD_web/portamail_ui/static) by extension 'ignore_ament_install'
[0.811s] Level 1:colcon.colcon_core.package_identification:_identify(LCD_web/portamail_ui/static) by extensions ['colcon_pkg']
[0.811s] Level 1:colcon.colcon_core.package_identification:_identify(LCD_web/portamail_ui/static) by extension 'colcon_pkg'
[0.811s] Level 1:colcon.colcon_core.package_identification:_identify(LCD_web/portamail_ui/static) by extensions ['colcon_meta']
[0.811s] Level 1:colcon.colcon_core.package_identification:_identify(LCD_web/portamail_ui/static) by extension 'colcon_meta'
[0.811s] Level 1:colcon.colcon_core.package_identification:_identify(LCD_web/portamail_ui/static) by extensions ['ros']
[0.811s] Level 1:colcon.colcon_core.package_identification:_identify(LCD_web/portamail_ui/static) by extension 'ros'
[0.811s] Level 1:colcon.colcon_core.package_identification:_identify(LCD_web/portamail_ui/static) by extensions ['cmake', 'python']
[0.811s] Level 1:colcon.colcon_core.package_identification:_identify(LCD_web/portamail_ui/static) by extension 'cmake'
[0.812s] Level 1:colcon.colcon_core.package_identification:_identify(LCD_web/portamail_ui/static) by extension 'python'
[0.812s] Level 1:colcon.colcon_core.package_identification:_identify(LCD_web/portamail_ui/static) by extensions ['python_setup_py']
[0.812s] Level 1:colcon.colcon_core.package_identification:_identify(LCD_web/portamail_ui/static) by extension 'python_setup_py'
[0.812s] Level 1:colcon.colcon_core.package_identification:_identify(LCD_web/portamail_ui/static/vendor) by extensions ['ignore', 'ignore_ament_install']
[0.812s] Level 1:colcon.colcon_core.package_identification:_identify(LCD_web/portamail_ui/static/vendor) by extension 'ignore'
[0.812s] Level 1:colcon.colcon_core.package_identification:_identify(LCD_web/portamail_ui/static/vendor) by extension 'ignore_ament_install'
[0.812s] Level 1:colcon.colcon_core.package_identification:_identify(LCD_web/portamail_ui/static/vendor) by extensions ['colcon_pkg']
[0.812s] Level 1:colcon.colcon_core.package_identification:_identify(LCD_web/portamail_ui/static/vendor) by extension 'colcon_pkg'
[0.812s] Level 1:colcon.colcon_core.package_identification:_identify(LCD_web/portamail_ui/static/vendor) by extensions ['colcon_meta']
[0.812s] Level 1:colcon.colcon_core.package_identification:_identify(LCD_web/portamail_ui/static/vendor) by extension 'colcon_meta'
[0.812s] Level 1:colcon.colcon_core.package_identification:_identify(LCD_web/portamail_ui/static/vendor) by extensions ['ros']
[0.812s] Level 1:colcon.colcon_core.package_identification:_identify(LCD_web/portamail_ui/static/vendor) by extension 'ros'
[0.812s] Level 1:colcon.colcon_core.package_identification:_identify(LCD_web/portamail_ui/static/vendor) by extensions ['cmake', 'python']
[0.812s] Level 1:colcon.colcon_core.package_identification:_identify(LCD_web/portamail_ui/static/vendor) by extension 'cmake'
[0.812s] Level 1:colcon.colcon_core.package_identification:_identify(LCD_web/portamail_ui/static/vendor) by extension 'python'
[0.812s] Level 1:colcon.colcon_core.package_identification:_identify(LCD_web/portamail_ui/static/vendor) by extensions ['python_setup_py']
[0.812s] Level 1:colcon.colcon_core.package_identification:_identify(LCD_web/portamail_ui/static/vendor) by extension 'python_setup_py'
[0.813s] Level 1:colcon.colcon_core.package_identification:_identify(LCD_web/portamail_ui/templates) by extensions ['ignore', 'ignore_ament_install']
[0.813s] Level 1:colcon.colcon_core.package_identification:_identify(LCD_web/portamail_ui/templates) by extension 'ignore'
[0.813s] Level 1:colcon.colcon_core.package_identification:_identify(LCD_web/portamail_ui/templates) by extension 'ignore_ament_install'
[0.813s] Level 1:colcon.colcon_core.package_identification:_identify(LCD_web/portamail_ui/templates) by extensions ['colcon_pkg']
[0.813s] Level 1:colcon.colcon_core.package_identification:_identify(LCD_web/portamail_ui/templates) by extension 'colcon_pkg'
[0.813s] Level 1:colcon.colcon_core.package_identification:_identify(LCD_web/portamail_ui/templates) by extensions ['colcon_meta']
[0.813s] Level 1:colcon.colcon_core.package_identification:_identify(LCD_web/portamail_ui/templates) by extension 'colcon_meta'
[0.813s] Level 1:colcon.colcon_core.package_identification:_identify(LCD_web/portamail_ui/templates) by extensions ['ros']
[0.813s] Level 1:colcon.colcon_core.package_identification:_identify(LCD_web/portamail_ui/templates) by extension 'ros'
[0.813s] Level 1:colcon.colcon_core.package_identification:_identify(LCD_web/portamail_ui/templates) by extensions ['cmake', 'python']
[0.813s] Level 1:colcon.colcon_core.package_identification:_identify(LCD_web/portamail_ui/templates) by extension 'cmake'
[0.813s] Level 1:colcon.colcon_core.package_identification:_identify(LCD_web/portamail_ui/templates) by extension 'python'
[0.813s] Level 1:colcon.colcon_core.package_identification:_identify(LCD_web/portamail_ui/templates) by extensions ['python_setup_py']
[0.813s] Level 1:colcon.colcon_core.package_identification:_identify(LCD_web/portamail_ui/templates) by extension 'python_setup_py'
[0.813s] Level 1:colcon.colcon_core.package_identification:_identify(LCD_web/portamail_ui/templates/partials) by extensions ['ignore', 'ignore_ament_install']
[0.813s] Level 1:colcon.colcon_core.package_identification:_identify(LCD_web/portamail_ui/templates/partials) by extension 'ignore'
[0.814s] Level 1:colcon.colcon_core.package_identification:_identify(LCD_web/portamail_ui/templates/partials) by extension 'ignore_ament_install'
[0.814s] Level 1:colcon.colcon_core.package_identification:_identify(LCD_web/portamail_ui/templates/partials) by extensions ['colcon_pkg']
[0.814s] Level 1:colcon.colcon_core.package_identification:_identify(LCD_web/portamail_ui/templates/partials) by extension 'colcon_pkg'
[0.814s] Level 1:colcon.colcon_core.package_identification:_identify(LCD_web/portamail_ui/templates/partials) by extensions ['colcon_meta']
[0.814s] Level 1:colcon.colcon_core.package_identification:_identify(LCD_web/portamail_ui/templates/partials) by extension 'colcon_meta'
[0.814s] Level 1:colcon.colcon_core.package_identification:_identify(LCD_web/portamail_ui/templates/partials) by extensions ['ros']
[0.814s] Level 1:colcon.colcon_core.package_identification:_identify(LCD_web/portamail_ui/templates/partials) by extension 'ros'
[0.814s] Level 1:colcon.colcon_core.package_identification:_identify(LCD_web/portamail_ui/templates/partials) by extensions ['cmake', 'python']
[0.814s] Level 1:colcon.colcon_core.package_identification:_identify(LCD_web/portamail_ui/templates/partials) by extension 'cmake'
[0.814s] Level 1:colcon.colcon_core.package_identification:_identify(LCD_web/portamail_ui/templates/partials) by extension 'python'
[0.814s] Level 1:colcon.colcon_core.package_identification:_identify(LCD_web/portamail_ui/templates/partials) by extensions ['python_setup_py']
[0.814s] Level 1:colcon.colcon_core.package_identification:_identify(LCD_web/portamail_ui/templates/partials) by extension 'python_setup_py'
[0.814s] Level 1:colcon.colcon_core.package_identification:_identify(LCD_web/portamail_ui/tests) by extensions ['ignore', 'ignore_ament_install']
[0.814s] Level 1:colcon.colcon_core.package_identification:_identify(LCD_web/portamail_ui/tests) by extension 'ignore'
[0.814s] Level 1:colcon.colcon_core.package_identification:_identify(LCD_web/portamail_ui/tests) by extension 'ignore_ament_install'
[0.814s] Level 1:colcon.colcon_core.package_identification:_identify(LCD_web/portamail_ui/tests) by extensions ['colcon_pkg']
[0.814s] Level 1:colcon.colcon_core.package_identification:_identify(LCD_web/portamail_ui/tests) by extension 'colcon_pkg'
[0.814s] Level 1:colcon.colcon_core.package_identification:_identify(LCD_web/portamail_ui/tests) by extensions ['colcon_meta']
[0.814s] Level 1:colcon.colcon_core.package_identification:_identify(LCD_web/portamail_ui/tests) by extension 'colcon_meta'
[0.815s] Level 1:colcon.colcon_core.package_identification:_identify(LCD_web/portamail_ui/tests) by extensions ['ros']
[0.815s] Level 1:colcon.colcon_core.package_identification:_identify(LCD_web/portamail_ui/tests) by extension 'ros'
[0.815s] Level 1:colcon.colcon_core.package_identification:_identify(LCD_web/portamail_ui/tests) by extensions ['cmake', 'python']
[0.815s] Level 1:colcon.colcon_core.package_identification:_identify(LCD_web/portamail_ui/tests) by extension 'cmake'
[0.815s] Level 1:colcon.colcon_core.package_identification:_identify(LCD_web/portamail_ui/tests) by extension 'python'
[0.815s] Level 1:colcon.colcon_core.package_identification:_identify(LCD_web/portamail_ui/tests) by extensions ['python_setup_py']
[0.815s] Level 1:colcon.colcon_core.package_identification:_identify(LCD_web/portamail_ui/tests) by extension 'python_setup_py'
[0.815s] Level 1:colcon.colcon_core.package_identification:_identify(LCD_web/portamail_ui/tools) by extensions ['ignore', 'ignore_ament_install']
[0.815s] Level 1:colcon.colcon_core.package_identification:_identify(LCD_web/portamail_ui/tools) by extension 'ignore'
[0.815s] Level 1:colcon.colcon_core.package_identification:_identify(LCD_web/portamail_ui/tools) by extension 'ignore_ament_install'
[0.815s] Level 1:colcon.colcon_core.package_identification:_identify(LCD_web/portamail_ui/tools) by extensions ['colcon_pkg']
[0.815s] Level 1:colcon.colcon_core.package_identification:_identify(LCD_web/portamail_ui/tools) by extension 'colcon_pkg'
[0.815s] Level 1:colcon.colcon_core.package_identification:_identify(LCD_web/portamail_ui/tools) by extensions ['colcon_meta']
[0.815s] Level 1:colcon.colcon_core.package_identification:_identify(LCD_web/portamail_ui/tools) by extension 'colcon_meta'
[0.815s] Level 1:colcon.colcon_core.package_identification:_identify(LCD_web/portamail_ui/tools) by extensions ['ros']
[0.815s] Level 1:colcon.colcon_core.package_identification:_identify(LCD_web/portamail_ui/tools) by extension 'ros'
[0.815s] Level 1:colcon.colcon_core.package_identification:_identify(LCD_web/portamail_ui/tools) by extensions ['cmake', 'python']
[0.815s] Level 1:colcon.colcon_core.package_identification:_identify(LCD_web/portamail_ui/tools) by extension 'cmake'
[0.816s] Level 1:colcon.colcon_core.package_identification:_identify(LCD_web/portamail_ui/tools) by extension 'python'
[0.816s] Level 1:colcon.colcon_core.package_identification:_identify(LCD_web/portamail_ui/tools) by extensions ['python_setup_py']
[0.816s] Level 1:colcon.colcon_core.package_identification:_identify(LCD_web/portamail_ui/tools) by extension 'python_setup_py'
[0.816s] Level 1:colcon.colcon_core.package_identification:_identify(LCD_web/portamail_ui/transport) by extensions ['ignore', 'ignore_ament_install']
[0.816s] Level 1:colcon.colcon_core.package_identification:_identify(LCD_web/portamail_ui/transport) by extension 'ignore'
[0.816s] Level 1:colcon.colcon_core.package_identification:_identify(LCD_web/portamail_ui/transport) by extension 'ignore_ament_install'
[0.816s] Level 1:colcon.colcon_core.package_identification:_identify(LCD_web/portamail_ui/transport) by extensions ['colcon_pkg']
[0.816s] Level 1:colcon.colcon_core.package_identification:_identify(LCD_web/portamail_ui/transport) by extension 'colcon_pkg'
[0.816s] Level 1:colcon.colcon_core.package_identification:_identify(LCD_web/portamail_ui/transport) by extensions ['colcon_meta']
[0.816s] Level 1:colcon.colcon_core.package_identification:_identify(LCD_web/portamail_ui/transport) by extension 'colcon_meta'
[0.816s] Level 1:colcon.colcon_core.package_identification:_identify(LCD_web/portamail_ui/transport) by extensions ['ros']
[0.816s] Level 1:colcon.colcon_core.package_identification:_identify(LCD_web/portamail_ui/transport) by extension 'ros'
[0.816s] Level 1:colcon.colcon_core.package_identification:_identify(LCD_web/portamail_ui/transport) by extensions ['cmake', 'python']
[0.816s] Level 1:colcon.colcon_core.package_identification:_identify(LCD_web/portamail_ui/transport) by extension 'cmake'
[0.816s] Level 1:colcon.colcon_core.package_identification:_identify(LCD_web/portamail_ui/transport) by extension 'python'
[0.816s] Level 1:colcon.colcon_core.package_identification:_identify(LCD_web/portamail_ui/transport) by extensions ['python_setup_py']
[0.816s] Level 1:colcon.colcon_core.package_identification:_identify(LCD_web/portamail_ui/transport) by extension 'python_setup_py'
[0.817s] Level 1:colcon.colcon_core.package_identification:_identify(LCD_web/portamail_ui/transport/__pycache__) by extensions ['ignore', 'ignore_ament_install']
[0.817s] Level 1:colcon.colcon_core.package_identification:_identify(LCD_web/portamail_ui/transport/__pycache__) by extension 'ignore'
[0.817s] Level 1:colcon.colcon_core.package_identification:_identify(LCD_web/portamail_ui/transport/__pycache__) by extension 'ignore_ament_install'
[0.817s] Level 1:colcon.colcon_core.package_identification:_identify(LCD_web/portamail_ui/transport/__pycache__) by extensions ['colcon_pkg']
[0.817s] Level 1:colcon.colcon_core.package_identification:_identify(LCD_web/portamail_ui/transport/__pycache__) by extension 'colcon_pkg'
[0.817s] Level 1:colcon.colcon_core.package_identification:_identify(LCD_web/portamail_ui/transport/__pycache__) by extensions ['colcon_meta']
[0.817s] Level 1:colcon.colcon_core.package_identification:_identify(LCD_web/portamail_ui/transport/__pycache__) by extension 'colcon_meta'
[0.817s] Level 1:colcon.colcon_core.package_identification:_identify(LCD_web/portamail_ui/transport/__pycache__) by extensions ['ros']
[0.817s] Level 1:colcon.colcon_core.package_identification:_identify(LCD_web/portamail_ui/transport/__pycache__) by extension 'ros'
[0.817s] Level 1:colcon.colcon_core.package_identification:_identify(LCD_web/portamail_ui/transport/__pycache__) by extensions ['cmake', 'python']
[0.817s] Level 1:colcon.colcon_core.package_identification:_identify(LCD_web/portamail_ui/transport/__pycache__) by extension 'cmake'
[0.817s] Level 1:colcon.colcon_core.package_identification:_identify(LCD_web/portamail_ui/transport/__pycache__) by extension 'python'
[0.817s] Level 1:colcon.colcon_core.package_identification:_identify(LCD_web/portamail_ui/transport/__pycache__) by extensions ['python_setup_py']
[0.817s] Level 1:colcon.colcon_core.package_identification:_identify(LCD_web/portamail_ui/transport/__pycache__) by extension 'python_setup_py'
[0.817s] Level 1:colcon.colcon_core.package_identification:_identify(LCD_web/portamail_ui/venv) by extensions ['ignore', 'ignore_ament_install']
[0.817s] Level 1:colcon.colcon_core.package_identification:_identify(LCD_web/portamail_ui/venv) by extension 'ignore'
[0.818s] Level 1:colcon.colcon_core.package_identification:_identify(LCD_web/portamail_ui/venv) by extension 'ignore_ament_install'
[0.818s] Level 1:colcon.colcon_core.package_identification:_identify(LCD_web/portamail_ui/venv) by extensions ['colcon_pkg']
[0.818s] Level 1:colcon.colcon_core.package_identification:_identify(LCD_web/portamail_ui/venv) by extension 'colcon_pkg'
[0.818s] Level 1:colcon.colcon_core.package_identification:_identify(LCD_web/portamail_ui/venv) by extensions ['colcon_meta']
[0.818s] Level 1:colcon.colcon_core.package_identification:_identify(LCD_web/portamail_ui/venv) by extension 'colcon_meta'
[0.818s] Level 1:colcon.colcon_core.package_identification:_identify(LCD_web/portamail_ui/venv) by extensions ['ros']
[0.818s] Level 1:colcon.colcon_core.package_identification:_identify(LCD_web/portamail_ui/venv) by extension 'ros'
[0.818s] Level 1:colcon.colcon_core.package_identification:_identify(LCD_web/portamail_ui/venv) by extensions ['cmake', 'python']
[0.818s] Level 1:colcon.colcon_core.package_identification:_identify(LCD_web/portamail_ui/venv) by extension 'cmake'
[0.818s] Level 1:colcon.colcon_core.package_identification:_identify(LCD_web/portamail_ui/venv) by extension 'python'
[0.818s] Level 1:colcon.colcon_core.package_identification:_identify(LCD_web/portamail_ui/venv) by extensions ['python_setup_py']
[0.818s] Level 1:colcon.colcon_core.package_identification:_identify(LCD_web/portamail_ui/venv) by extension 'python_setup_py'
[0.818s] Level 1:colcon.colcon_core.package_identification:_identify(LCD_web/portamail_ui/venv/bin) by extensions ['ignore', 'ignore_ament_install']
[0.818s] Level 1:colcon.colcon_core.package_identification:_identify(LCD_web/portamail_ui/venv/bin) by extension 'ignore'
[0.818s] Level 1:colcon.colcon_core.package_identification:_identify(LCD_web/portamail_ui/venv/bin) by extension 'ignore_ament_install'
[0.818s] Level 1:colcon.colcon_core.package_identification:_identify(LCD_web/portamail_ui/venv/bin) by extensions ['colcon_pkg']
[0.818s] Level 1:colcon.colcon_core.package_identification:_identify(LCD_web/portamail_ui/venv/bin) by extension 'colcon_pkg'
[0.819s] Level 1:colcon.colcon_core.package_identification:_identify(LCD_web/portamail_ui/venv/bin) by extensions ['colcon_meta']
[0.819s] Level 1:colcon.colcon_core.package_identification:_identify(LCD_web/portamail_ui/venv/bin) by extension 'colcon_meta'
[0.819s] Level 1:colcon.colcon_core.package_identification:_identify(LCD_web/portamail_ui/venv/bin) by extensions ['ros']
[0.819s] Level 1:colcon.colcon_core.package_identification:_identify(LCD_web/portamail_ui/venv/bin) by extension 'ros'
[0.819s] Level 1:colcon.colcon_core.package_identification:_identify(LCD_web/portamail_ui/venv/bin) by extensions ['cmake', 'python']
[0.819s] Level 1:colcon.colcon_core.package_identification:_identify(LCD_web/portamail_ui/venv/bin) by extension 'cmake'
[0.819s] Level 1:colcon.colcon_core.package_identification:_identify(LCD_web/portamail_ui/venv/bin) by extension 'python'
[0.819s] Level 1:colcon.colcon_core.package_identification:_identify(LCD_web/portamail_ui/venv/bin) by extensions ['python_setup_py']
[0.819s] Level 1:colcon.colcon_core.package_identification:_identify(LCD_web/portamail_ui/venv/bin) by extension 'python_setup_py'
[0.821s] Level 1:colcon.colcon_core.package_identification:_identify(LCD_web/portamail_ui/venv/include) by extensions ['ignore', 'ignore_ament_install']
[0.821s] Level 1:colcon.colcon_core.package_identification:_identify(LCD_web/portamail_ui/venv/include) by extension 'ignore'
[0.821s] Level 1:colcon.colcon_core.package_identification:_identify(LCD_web/portamail_ui/venv/include) by extension 'ignore_ament_install'
[0.821s] Level 1:colcon.colcon_core.package_identification:_identify(LCD_web/portamail_ui/venv/include) by extensions ['colcon_pkg']
[0.821s] Level 1:colcon.colcon_core.package_identification:_identify(LCD_web/portamail_ui/venv/include) by extension 'colcon_pkg'
[0.821s] Level 1:colcon.colcon_core.package_identification:_identify(LCD_web/portamail_ui/venv/include) by extensions ['colcon_meta']
[0.821s] Level 1:colcon.colcon_core.package_identification:_identify(LCD_web/portamail_ui/venv/include) by extension 'colcon_meta'
[0.822s] Level 1:colcon.colcon_core.package_identification:_identify(LCD_web/portamail_ui/venv/include) by extensions ['ros']
[0.822s] Level 1:colcon.colcon_core.package_identification:_identify(LCD_web/portamail_ui/venv/include) by extension 'ros'
[0.822s] Level 1:colcon.colcon_core.package_identification:_identify(LCD_web/portamail_ui/venv/include) by extensions ['cmake', 'python']
[0.822s] Level 1:colcon.colcon_core.package_identification:_identify(LCD_web/portamail_ui/venv/include) by extension 'cmake'
[0.822s] Level 1:colcon.colcon_core.package_identification:_identify(LCD_web/portamail_ui/venv/include) by extension 'python'
[0.822s] Level 1:colcon.colcon_core.package_identification:_identify(LCD_web/portamail_ui/venv/include) by extensions ['python_setup_py']
[0.822s] Level 1:colcon.colcon_core.package_identification:_identify(LCD_web/portamail_ui/venv/include) by extension 'python_setup_py'
[0.822s] Level 1:colcon.colcon_core.package_identification:_identify(LCD_web/portamail_ui/venv/include/python3.12) by extensions ['ignore', 'ignore_ament_install']
[0.822s] Level 1:colcon.colcon_core.package_identification:_identify(LCD_web/portamail_ui/venv/include/python3.12) by extension 'ignore'
[0.822s] Level 1:colcon.colcon_core.package_identification:_identify(LCD_web/portamail_ui/venv/include/python3.12) by extension 'ignore_ament_install'
[0.823s] Level 1:colcon.colcon_core.package_identification:_identify(LCD_web/portamail_ui/venv/include/python3.12) by extensions ['colcon_pkg']
[0.823s] Level 1:colcon.colcon_core.package_identification:_identify(LCD_web/portamail_ui/venv/include/python3.12) by extension 'colcon_pkg'
[0.823s] Level 1:colcon.colcon_core.package_identification:_identify(LCD_web/portamail_ui/venv/include/python3.12) by extensions ['colcon_meta']
[0.823s] Level 1:colcon.colcon_core.package_identification:_identify(LCD_web/portamail_ui/venv/include/python3.12) by extension 'colcon_meta'
[0.823s] Level 1:colcon.colcon_core.package_identification:_identify(LCD_web/portamail_ui/venv/include/python3.12) by extensions ['ros']
[0.823s] Level 1:colcon.colcon_core.package_identification:_identify(LCD_web/portamail_ui/venv/include/python3.12) by extension 'ros'
[0.823s] Level 1:colcon.colcon_core.package_identification:_identify(LCD_web/portamail_ui/venv/include/python3.12) by extensions ['cmake', 'python']
[0.823s] Level 1:colcon.colcon_core.package_identification:_identify(LCD_web/portamail_ui/venv/include/python3.12) by extension 'cmake'
[0.823s] Level 1:colcon.colcon_core.package_identification:_identify(LCD_web/portamail_ui/venv/include/python3.12) by extension 'python'
[0.823s] Level 1:colcon.colcon_core.package_identification:_identify(LCD_web/portamail_ui/venv/include/python3.12) by extensions ['python_setup_py']
[0.823s] Level 1:colcon.colcon_core.package_identification:_identify(LCD_web/portamail_ui/venv/include/python3.12) by extension 'python_setup_py'
[0.823s] Level 1:colcon.colcon_core.package_identification:_identify(LCD_web/portamail_ui/venv/include/site) by extensions ['ignore', 'ignore_ament_install']
[0.824s] Level 1:colcon.colcon_core.package_identification:_identify(LCD_web/portamail_ui/venv/include/site) by extension 'ignore'
[0.824s] Level 1:colcon.colcon_core.package_identification:_identify(LCD_web/portamail_ui/venv/include/site) by extension 'ignore_ament_install'
[0.824s] Level 1:colcon.colcon_core.package_identification:_identify(LCD_web/portamail_ui/venv/include/site) by extensions ['colcon_pkg']
[0.824s] Level 1:colcon.colcon_core.package_identification:_identify(LCD_web/portamail_ui/venv/include/site) by extension 'colcon_pkg'
[0.824s] Level 1:colcon.colcon_core.package_identification:_identify(LCD_web/portamail_ui/venv/include/site) by extensions ['colcon_meta']
[0.824s] Level 1:colcon.colcon_core.package_identification:_identify(LCD_web/portamail_ui/venv/include/site) by extension 'colcon_meta'
[0.824s] Level 1:colcon.colcon_core.package_identification:_identify(LCD_web/portamail_ui/venv/include/site) by extensions ['ros']
[0.824s] Level 1:colcon.colcon_core.package_identification:_identify(LCD_web/portamail_ui/venv/include/site) by extension 'ros'
[0.824s] Level 1:colcon.colcon_core.package_identification:_identify(LCD_web/portamail_ui/venv/include/site) by extensions ['cmake', 'python']
[0.824s] Level 1:colcon.colcon_core.package_identification:_identify(LCD_web/portamail_ui/venv/include/site) by extension 'cmake'
[0.824s] Level 1:colcon.colcon_core.package_identification:_identify(LCD_web/portamail_ui/venv/include/site) by extension 'python'
[0.824s] Level 1:colcon.colcon_core.package_identification:_identify(LCD_web/portamail_ui/venv/include/site) by extensions ['python_setup_py']
[0.824s] Level 1:colcon.colcon_core.package_identification:_identify(LCD_web/portamail_ui/venv/include/site) by extension 'python_setup_py'
[0.826s] Level 1:colcon.colcon_core.package_identification:_identify(LCD_web/portamail_ui/venv/include/site/python3.12) by extensions ['ignore', 'ignore_ament_install']
[0.826s] Level 1:colcon.colcon_core.package_identification:_identify(LCD_web/portamail_ui/venv/include/site/python3.12) by extension 'ignore'
[0.826s] Level 1:colcon.colcon_core.package_identification:_identify(LCD_web/portamail_ui/venv/include/site/python3.12) by extension 'ignore_ament_install'
[0.827s] Level 1:colcon.colcon_core.package_identification:_identify(LCD_web/portamail_ui/venv/include/site/python3.12) by extensions ['colcon_pkg']
[0.827s] Level 1:colcon.colcon_core.package_identification:_identify(LCD_web/portamail_ui/venv/include/site/python3.12) by extension 'colcon_pkg'
[0.827s] Level 1:colcon.colcon_core.package_identification:_identify(LCD_web/portamail_ui/venv/include/site/python3.12) by extensions ['colcon_meta']
[0.827s] Level 1:colcon.colcon_core.package_identification:_identify(LCD_web/portamail_ui/venv/include/site/python3.12) by extension 'colcon_meta'
[0.827s] Level 1:colcon.colcon_core.package_identification:_identify(LCD_web/portamail_ui/venv/include/site/python3.12) by extensions ['ros']
[0.827s] Level 1:colcon.colcon_core.package_identification:_identify(LCD_web/portamail_ui/venv/include/site/python3.12) by extension 'ros'
[0.827s] Level 1:colcon.colcon_core.package_identification:_identify(LCD_web/portamail_ui/venv/include/site/python3.12) by extensions ['cmake', 'python']
[0.827s] Level 1:colcon.colcon_core.package_identification:_identify(LCD_web/portamail_ui/venv/include/site/python3.12) by extension 'cmake'
[0.827s] Level 1:colcon.colcon_core.package_identification:_identify(LCD_web/portamail_ui/venv/include/site/python3.12) by extension 'python'
[0.827s] Level 1:colcon.colcon_core.package_identification:_identify(LCD_web/portamail_ui/venv/include/site/python3.12) by extensions ['python_setup_py']
[0.827s] Level 1:colcon.colcon_core.package_identification:_identify(LCD_web/portamail_ui/venv/include/site/python3.12) by extension 'python_setup_py'
[0.829s] Level 1:colcon.colcon_core.package_identification:_identify(LCD_web/portamail_ui/venv/include/site/python3.12/greenlet) by extensions ['ignore', 'ignore_ament_install']
[0.829s] Level 1:colcon.colcon_core.package_identification:_identify(LCD_web/portamail_ui/venv/include/site/python3.12/greenlet) by extension 'ignore'
[0.829s] Level 1:colcon.colcon_core.package_identification:_identify(LCD_web/portamail_ui/venv/include/site/python3.12/greenlet) by extension 'ignore_ament_install'
[0.829s] Level 1:colcon.colcon_core.package_identification:_identify(LCD_web/portamail_ui/venv/include/site/python3.12/greenlet) by extensions ['colcon_pkg']
[0.829s] Level 1:colcon.colcon_core.package_identification:_identify(LCD_web/portamail_ui/venv/include/site/python3.12/greenlet) by extension 'colcon_pkg'
[0.829s] Level 1:colcon.colcon_core.package_identification:_identify(LCD_web/portamail_ui/venv/include/site/python3.12/greenlet) by extensions ['colcon_meta']
[0.829s] Level 1:colcon.colcon_core.package_identification:_identify(LCD_web/portamail_ui/venv/include/site/python3.12/greenlet) by extension 'colcon_meta'
[0.829s] Level 1:colcon.colcon_core.package_identification:_identify(LCD_web/portamail_ui/venv/include/site/python3.12/greenlet) by extensions ['ros']
[0.829s] Level 1:colcon.colcon_core.package_identification:_identify(LCD_web/portamail_ui/venv/include/site/python3.12/greenlet) by extension 'ros'
[0.829s] Level 1:colcon.colcon_core.package_identification:_identify(LCD_web/portamail_ui/venv/include/site/python3.12/greenlet) by extensions ['cmake', 'python']
[0.829s] Level 1:colcon.colcon_core.package_identification:_identify(LCD_web/portamail_ui/venv/include/site/python3.12/greenlet) by extension 'cmake'
[0.829s] Level 1:colcon.colcon_core.package_identification:_identify(LCD_web/portamail_ui/venv/include/site/python3.12/greenlet) by extension 'python'
[0.829s] Level 1:colcon.colcon_core.package_identification:_identify(LCD_web/portamail_ui/venv/include/site/python3.12/greenlet) by extensions ['python_setup_py']
[0.829s] Level 1:colcon.colcon_core.package_identification:_identify(LCD_web/portamail_ui/venv/include/site/python3.12/greenlet) by extension 'python_setup_py'
[0.830s] Level 1:colcon.colcon_core.package_identification:_identify(LCD_web/portamail_ui/venv/lib) by extensions ['ignore', 'ignore_ament_install']
[0.830s] Level 1:colcon.colcon_core.package_identification:_identify(LCD_web/portamail_ui/venv/lib) by extension 'ignore'
[0.830s] Level 1:colcon.colcon_core.package_identification:_identify(LCD_web/portamail_ui/venv/lib) by extension 'ignore_ament_install'
[0.830s] Level 1:colcon.colcon_core.package_identification:_identify(LCD_web/portamail_ui/venv/lib) by extensions ['colcon_pkg']
[0.830s] Level 1:colcon.colcon_core.package_identification:_identify(LCD_web/portamail_ui/venv/lib) by extension 'colcon_pkg'
[0.830s] Level 1:colcon.colcon_core.package_identification:_identify(LCD_web/portamail_ui/venv/lib) by extensions ['colcon_meta']
[0.830s] Level 1:colcon.colcon_core.package_identification:_identify(LCD_web/portamail_ui/venv/lib) by extension 'colcon_meta'
[0.830s] Level 1:colcon.colcon_core.package_identification:_identify(LCD_web/portamail_ui/venv/lib) by extensions ['ros']
[0.830s] Level 1:colcon.colcon_core.package_identification:_identify(LCD_web/portamail_ui/venv/lib) by extension 'ros'
[0.830s] Level 1:colcon.colcon_core.package_identification:_identify(LCD_web/portamail_ui/venv/lib) by extensions ['cmake', 'python']
[0.830s] Level 1:colcon.colcon_core.package_identification:_identify(LCD_web/portamail_ui/venv/lib) by extension 'cmake'
[0.830s] Level 1:colcon.colcon_core.package_identification:_identify(LCD_web/portamail_ui/venv/lib) by extension 'python'
[0.830s] Level 1:colcon.colcon_core.package_identification:_identify(LCD_web/portamail_ui/venv/lib) by extensions ['python_setup_py']
[0.830s] Level 1:colcon.colcon_core.package_identification:_identify(LCD_web/portamail_ui/venv/lib) by extension 'python_setup_py'
[0.831s] Level 1:colcon.colcon_core.package_identification:_identify(LCD_web/portamail_ui/venv/lib/python3.12) by extensions ['ignore', 'ignore_ament_install']
[0.831s] Level 1:colcon.colcon_core.package_identification:_identify(LCD_web/portamail_ui/venv/lib/python3.12) by extension 'ignore'
[0.831s] Level 1:colcon.colcon_core.package_identification:_identify(LCD_web/portamail_ui/venv/lib/python3.12) by extension 'ignore_ament_install'
[0.831s] Level 1:colcon.colcon_core.package_identification:_identify(LCD_web/portamail_ui/venv/lib/python3.12) by extensions ['colcon_pkg']
[0.831s] Level 1:colcon.colcon_core.package_identification:_identify(LCD_web/portamail_ui/venv/lib/python3.12) by extension 'colcon_pkg'
[0.831s] Level 1:colcon.colcon_core.package_identification:_identify(LCD_web/portamail_ui/venv/lib/python3.12) by extensions ['colcon_meta']
[0.831s] Level 1:colcon.colcon_core.package_identification:_identify(LCD_web/portamail_ui/venv/lib/python3.12) by extension 'colcon_meta'
[0.831s] Level 1:colcon.colcon_core.package_identification:_identify(LCD_web/portamail_ui/venv/lib/python3.12) by extensions ['ros']
[0.831s] Level 1:colcon.colcon_core.package_identification:_identify(LCD_web/portamail_ui/venv/lib/python3.12) by extension 'ros'
[0.831s] Level 1:colcon.colcon_core.package_identification:_identify(LCD_web/portamail_ui/venv/lib/python3.12) by extensions ['cmake', 'python']
[0.831s] Level 1:colcon.colcon_core.package_identification:_identify(LCD_web/portamail_ui/venv/lib/python3.12) by extension 'cmake'
[0.831s] Level 1:colcon.colcon_core.package_identification:_identify(LCD_web/portamail_ui/venv/lib/python3.12) by extension 'python'
[0.831s] Level 1:colcon.colcon_core.package_identification:_identify(LCD_web/portamail_ui/venv/lib/python3.12) by extensions ['python_setup_py']
[0.831s] Level 1:colcon.colcon_core.package_identification:_identify(LCD_web/portamail_ui/venv/lib/python3.12) by extension 'python_setup_py'
[0.831s] Level 1:colcon.colcon_core.package_identification:_identify(LCD_web/portamail_ui/venv/lib/python3.12/site-packages) by extensions ['ignore', 'ignore_ament_install']
[0.832s] Level 1:colcon.colcon_core.package_identification:_identify(LCD_web/portamail_ui/venv/lib/python3.12/site-packages) by extension 'ignore'
[0.832s] Level 1:colcon.colcon_core.package_identification:_identify(LCD_web/portamail_ui/venv/lib/python3.12/site-packages) by extension 'ignore_ament_install'
[0.832s] Level 1:colcon.colcon_core.package_identification:_identify(LCD_web/portamail_ui/venv/lib/python3.12/site-packages) by extensions ['colcon_pkg']
[0.832s] Level 1:colcon.colcon_core.package_identification:_identify(LCD_web/portamail_ui/venv/lib/python3.12/site-packages) by extension 'colcon_pkg'
[0.832s] Level 1:colcon.colcon_core.package_identification:_identify(LCD_web/portamail_ui/venv/lib/python3.12/site-packages) by extensions ['colcon_meta']
[0.832s] Level 1:colcon.colcon_core.package_identification:_identify(LCD_web/portamail_ui/venv/lib/python3.12/site-packages) by extension 'colcon_meta'
[0.832s] Level 1:colcon.colcon_core.package_identification:_identify(LCD_web/portamail_ui/venv/lib/python3.12/site-packages) by extensions ['ros']
[0.832s] Level 1:colcon.colcon_core.package_identification:_identify(LCD_web/portamail_ui/venv/lib/python3.12/site-packages) by extension 'ros'
[0.832s] Level 1:colcon.colcon_core.package_identification:_identify(LCD_web/portamail_ui/venv/lib/python3.12/site-packages) by extensions ['cmake', 'python']
[0.832s] Level 1:colcon.colcon_core.package_identification:_identify(LCD_web/portamail_ui/venv/lib/python3.12/site-packages) by extension 'cmake'
[0.832s] Level 1:colcon.colcon_core.package_identification:_identify(LCD_web/portamail_ui/venv/lib/python3.12/site-packages) by extension 'python'
[0.832s] Level 1:colcon.colcon_core.package_identification:_identify(LCD_web/portamail_ui/venv/lib/python3.12/site-packages) by extensions ['python_setup_py']
[0.832s] Level 1:colcon.colcon_core.package_identification:_identify(LCD_web/portamail_ui/venv/lib/python3.12/site-packages) by extension 'python_setup_py'
[0.832s] Level 1:colcon.colcon_core.package_identification:_identify(LCD_web/portamail_ui/venv/lib/python3.12/site-packages/bidict) by extensions ['ignore', 'ignore_ament_install']
[0.833s] Level 1:colcon.colcon_core.package_identification:_identify(LCD_web/portamail_ui/venv/lib/python3.12/site-packages/bidict) by extension 'ignore'
[0.833s] Level 1:colcon.colcon_core.package_identification:_identify(LCD_web/portamail_ui/venv/lib/python3.12/site-packages/bidict) by extension 'ignore_ament_install'
[0.833s] Level 1:colcon.colcon_core.package_identification:_identify(LCD_web/portamail_ui/venv/lib/python3.12/site-packages/bidict) by extensions ['colcon_pkg']
[0.833s] Level 1:colcon.colcon_core.package_identification:_identify(LCD_web/portamail_ui/venv/lib/python3.12/site-packages/bidict) by extension 'colcon_pkg'
[0.833s] Level 1:colcon.colcon_core.package_identification:_identify(LCD_web/portamail_ui/venv/lib/python3.12/site-packages/bidict) by extensions ['colcon_meta']
[0.833s] Level 1:colcon.colcon_core.package_identification:_identify(LCD_web/portamail_ui/venv/lib/python3.12/site-packages/bidict) by extension 'colcon_meta'
[0.833s] Level 1:colcon.colcon_core.package_identification:_identify(LCD_web/portamail_ui/venv/lib/python3.12/site-packages/bidict) by extensions ['ros']
[0.833s] Level 1:colcon.colcon_core.package_identification:_identify(LCD_web/portamail_ui/venv/lib/python3.12/site-packages/bidict) by extension 'ros'
[0.833s] Level 1:colcon.colcon_core.package_identification:_identify(LCD_web/portamail_ui/venv/lib/python3.12/site-packages/bidict) by extensions ['cmake', 'python']
[0.833s] Level 1:colcon.colcon_core.package_identification:_identify(LCD_web/portamail_ui/venv/lib/python3.12/site-packages/bidict) by extension 'cmake'
[0.833s] Level 1:colcon.colcon_core.package_identification:_identify(LCD_web/portamail_ui/venv/lib/python3.12/site-packages/bidict) by extension 'python'
[0.833s] Level 1:colcon.colcon_core.package_identification:_identify(LCD_web/portamail_ui/venv/lib/python3.12/site-packages/bidict) by extensions ['python_setup_py']
[0.833s] Level 1:colcon.colcon_core.package_identification:_identify(LCD_web/portamail_ui/venv/lib/python3.12/site-packages/bidict) by extension 'python_setup_py'
[0.833s] Level 1:colcon.colcon_core.package_identification:_identify(LCD_web/portamail_ui/venv/lib/python3.12/site-packages/bidict/__pycache__) by extensions ['ignore', 'ignore_ament_install']
[0.833s] Level 1:colcon.colcon_core.package_identification:_identify(LCD_web/portamail_ui/venv/lib/python3.12/site-packages/bidict/__pycache__) by extension 'ignore'
[0.834s] Level 1:colcon.colcon_core.package_identification:_identify(LCD_web/portamail_ui/venv/lib/python3.12/site-packages/bidict/__pycache__) by extension 'ignore_ament_install'
[0.834s] Level 1:colcon.colcon_core.package_identification:_identify(LCD_web/portamail_ui/venv/lib/python3.12/site-packages/bidict/__pycache__) by extensions ['colcon_pkg']
[0.834s] Level 1:colcon.colcon_core.package_identification:_identify(LCD_web/portamail_ui/venv/lib/python3.12/site-packages/bidict/__pycache__) by extension 'colcon_pkg'
[0.834s] Level 1:colcon.colcon_core.package_identification:_identify(LCD_web/portamail_ui/venv/lib/python3.12/site-packages/bidict/__pycache__) by extensions ['colcon_meta']
[0.834s] Level 1:colcon.colcon_core.package_identification:_identify(LCD_web/portamail_ui/venv/lib/python3.12/site-packages/bidict/__pycache__) by extension 'colcon_meta'
[0.834s] Level 1:colcon.colcon_core.package_identification:_identify(LCD_web/portamail_ui/venv/lib/python3.12/site-packages/bidict/__pycache__) by extensions ['ros']
[0.834s] Level 1:colcon.colcon_core.package_identification:_identify(LCD_web/portamail_ui/venv/lib/python3.12/site-packages/bidict/__pycache__) by extension 'ros'
[0.834s] Level 1:colcon.colcon_core.package_identification:_identify(LCD_web/portamail_ui/venv/lib/python3.12/site-packages/bidict/__pycache__) by extensions ['cmake', 'python']
[0.834s] Level 1:colcon.colcon_core.package_identification:_identify(LCD_web/portamail_ui/venv/lib/python3.12/site-packages/bidict/__pycache__) by extension 'cmake'
[0.834s] Level 1:colcon.colcon_core.package_identification:_identify(LCD_web/portamail_ui/venv/lib/python3.12/site-packages/bidict/__pycache__) by extension 'python'
[0.834s] Level 1:colcon.colcon_core.package_identification:_identify(LCD_web/portamail_ui/venv/lib/python3.12/site-packages/bidict/__pycache__) by extensions ['python_setup_py']
[0.834s] Level 1:colcon.colcon_core.package_identification:_identify(LCD_web/portamail_ui/venv/lib/python3.12/site-packages/bidict/__pycache__) by extension 'python_setup_py'
[0.834s] Level 1:colcon.colcon_core.package_identification:_identify(LCD_web/portamail_ui/venv/lib/python3.12/site-packages/bidict-0.23.1.dist-info) by extensions ['ignore', 'ignore_ament_install']
[0.834s] Level 1:colcon.colcon_core.package_identification:_identify(LCD_web/portamail_ui/venv/lib/python3.12/site-packages/bidict-0.23.1.dist-info) by extension 'ignore'
[0.835s] Level 1:colcon.colcon_core.package_identification:_identify(LCD_web/portamail_ui/venv/lib/python3.12/site-packages/bidict-0.23.1.dist-info) by extension 'ignore_ament_install'
[0.835s] Level 1:colcon.colcon_core.package_identification:_identify(LCD_web/portamail_ui/venv/lib/python3.12/site-packages/bidict-0.23.1.dist-info) by extensions ['colcon_pkg']
[0.835s] Level 1:colcon.colcon_core.package_identification:_identify(LCD_web/portamail_ui/venv/lib/python3.12/site-packages/bidict-0.23.1.dist-info) by extension 'colcon_pkg'
[0.835s] Level 1:colcon.colcon_core.package_identification:_identify(LCD_web/portamail_ui/venv/lib/python3.12/site-packages/bidict-0.23.1.dist-info) by extensions ['colcon_meta']
[0.835s] Level 1:colcon.colcon_core.package_identification:_identify(LCD_web/portamail_ui/venv/lib/python3.12/site-packages/bidict-0.23.1.dist-info) by extension 'colcon_meta'
[0.835s] Level 1:colcon.colcon_core.package_identification:_identify(LCD_web/portamail_ui/venv/lib/python3.12/site-packages/bidict-0.23.1.dist-info) by extensions ['ros']
[0.835s] Level 1:colcon.colcon_core.package_identification:_identify(LCD_web/portamail_ui/venv/lib/python3.12/site-packages/bidict-0.23.1.dist-info) by extension 'ros'
[0.835s] Level 1:colcon.colcon_core.package_identification:_identify(LCD_web/portamail_ui/venv/lib/python3.12/site-packages/bidict-0.23.1.dist-info) by extensions ['cmake', 'python']
[0.835s] Level 1:colcon.colcon_core.package_identification:_identify(LCD_web/portamail_ui/venv/lib/python3.12/site-packages/bidict-0.23.1.dist-info) by extension 'cmake'
[0.835s] Level 1:colcon.colcon_core.package_identification:_identify(LCD_web/portamail_ui/venv/lib/python3.12/site-packages/bidict-0.23.1.dist-info) by extension 'python'
[0.835s] Level 1:colcon.colcon_core.package_identification:_identify(LCD_web/portamail_ui/venv/lib/python3.12/site-packages/bidict-0.23.1.dist-info) by extensions ['python_setup_py']
[0.835s] Level 1:colcon.colcon_core.package_identification:_identify(LCD_web/portamail_ui/venv/lib/python3.12/site-packages/bidict-0.23.1.dist-info) by extension 'python_setup_py'
[0.835s] Level 1:colcon.colcon_core.package_identification:_identify(LCD_web/portamail_ui/venv/lib/python3.12/site-packages/blinker) by extensions ['ignore', 'ignore_ament_install']
[0.835s] Level 1:colcon.colcon_core.package_identification:_identify(LCD_web/portamail_ui/venv/lib/python3.12/site-packages/blinker) by extension 'ignore'
[0.835s] Level 1:colcon.colcon_core.package_identification:_identify(LCD_web/portamail_ui/venv/lib/python3.12/site-packages/blinker) by extension 'ignore_ament_install'
[0.836s] Level 1:colcon.colcon_core.package_identification:_identify(LCD_web/portamail_ui/venv/lib/python3.12/site-packages/blinker) by extensions ['colcon_pkg']
[0.836s] Level 1:colcon.colcon_core.package_identification:_identify(LCD_web/portamail_ui/venv/lib/python3.12/site-packages/blinker) by extension 'colcon_pkg'
[0.836s] Level 1:colcon.colcon_core.package_identification:_identify(LCD_web/portamail_ui/venv/lib/python3.12/site-packages/blinker) by extensions ['colcon_meta']
[0.836s] Level 1:colcon.colcon_core.package_identification:_identify(LCD_web/portamail_ui/venv/lib/python3.12/site-packages/blinker) by extension 'colcon_meta'
[0.836s] Level 1:colcon.colcon_core.package_identification:_identify(LCD_web/portamail_ui/venv/lib/python3.12/site-packages/blinker) by extensions ['ros']
[0.836s] Level 1:colcon.colcon_core.package_identification:_identify(LCD_web/portamail_ui/venv/lib/python3.12/site-packages/blinker) by extension 'ros'
[0.836s] Level 1:colcon.colcon_core.package_identification:_identify(LCD_web/portamail_ui/venv/lib/python3.12/site-packages/blinker) by extensions ['cmake', 'python']
[0.836s] Level 1:colcon.colcon_core.package_identification:_identify(LCD_web/portamail_ui/venv/lib/python3.12/site-packages/blinker) by extension 'cmake'
[0.836s] Level 1:colcon.colcon_core.package_identification:_identify(LCD_web/portamail_ui/venv/lib/python3.12/site-packages/blinker) by extension 'python'
[0.836s] Level 1:colcon.colcon_core.package_identification:_identify(LCD_web/portamail_ui/venv/lib/python3.12/site-packages/blinker) by extensions ['python_setup_py']
[0.836s] Level 1:colcon.colcon_core.package_identification:_identify(LCD_web/portamail_ui/venv/lib/python3.12/site-packages/blinker) by extension 'python_setup_py'
[0.836s] Level 1:colcon.colcon_core.package_identification:_identify(LCD_web/portamail_ui/venv/lib/python3.12/site-packages/blinker/__pycache__) by extensions ['ignore', 'ignore_ament_install']
[0.836s] Level 1:colcon.colcon_core.package_identification:_identify(LCD_web/portamail_ui/venv/lib/python3.12/site-packages/blinker/__pycache__) by extension 'ignore'
[0.836s] Level 1:colcon.colcon_core.package_identification:_identify(LCD_web/portamail_ui/venv/lib/python3.12/site-packages/blinker/__pycache__) by extension 'ignore_ament_install'
[0.837s] Level 1:colcon.colcon_core.package_identification:_identify(LCD_web/portamail_ui/venv/lib/python3.12/site-packages/blinker/__pycache__) by extensions ['colcon_pkg']
[0.837s] Level 1:colcon.colcon_core.package_identification:_identify(LCD_web/portamail_ui/venv/lib/python3.12/site-packages/blinker/__pycache__) by extension 'colcon_pkg'
[0.837s] Level 1:colcon.colcon_core.package_identification:_identify(LCD_web/portamail_ui/venv/lib/python3.12/site-packages/blinker/__pycache__) by extensions ['colcon_meta']
[0.837s] Level 1:colcon.colcon_core.package_identification:_identify(LCD_web/portamail_ui/venv/lib/python3.12/site-packages/blinker/__pycache__) by extension 'colcon_meta'
[0.837s] Level 1:colcon.colcon_core.package_identification:_identify(LCD_web/portamail_ui/venv/lib/python3.12/site-packages/blinker/__pycache__) by extensions ['ros']
[0.837s] Level 1:colcon.colcon_core.package_identification:_identify(LCD_web/portamail_ui/venv/lib/python3.12/site-packages/blinker/__pycache__) by extension 'ros'
[0.837s] Level 1:colcon.colcon_core.package_identification:_identify(LCD_web/portamail_ui/venv/lib/python3.12/site-packages/blinker/__pycache__) by extensions ['cmake', 'python']
[0.837s] Level 1:colcon.colcon_core.package_identification:_identify(LCD_web/portamail_ui/venv/lib/python3.12/site-packages/blinker/__pycache__) by extension 'cmake'
[0.837s] Level 1:colcon.colcon_core.package_identification:_identify(LCD_web/portamail_ui/venv/lib/python3.12/site-packages/blinker/__pycache__) by extension 'python'
[0.837s] Level 1:colcon.colcon_core.package_identification:_identify(LCD_web/portamail_ui/venv/lib/python3.12/site-packages/blinker/__pycache__) by extensions ['python_setup_py']
[0.837s] Level 1:colcon.colcon_core.package_identification:_identify(LCD_web/portamail_ui/venv/lib/python3.12/site-packages/blinker/__pycache__) by extension 'python_setup_py'
[0.837s] Level 1:colcon.colcon_core.package_identification:_identify(LCD_web/portamail_ui/venv/lib/python3.12/site-packages/blinker-1.9.0.dist-info) by extensions ['ignore', 'ignore_ament_install']
[0.837s] Level 1:colcon.colcon_core.package_identification:_identify(LCD_web/portamail_ui/venv/lib/python3.12/site-packages/blinker-1.9.0.dist-info) by extension 'ignore'
[0.837s] Level 1:colcon.colcon_core.package_identification:_identify(LCD_web/portamail_ui/venv/lib/python3.12/site-packages/blinker-1.9.0.dist-info) by extension 'ignore_ament_install'
[0.838s] Level 1:colcon.colcon_core.package_identification:_identify(LCD_web/portamail_ui/venv/lib/python3.12/site-packages/blinker-1.9.0.dist-info) by extensions ['colcon_pkg']
[0.838s] Level 1:colcon.colcon_core.package_identification:_identify(LCD_web/portamail_ui/venv/lib/python3.12/site-packages/blinker-1.9.0.dist-info) by extension 'colcon_pkg'
[0.838s] Level 1:colcon.colcon_core.package_identification:_identify(LCD_web/portamail_ui/venv/lib/python3.12/site-packages/blinker-1.9.0.dist-info) by extensions ['colcon_meta']
[0.838s] Level 1:colcon.colcon_core.package_identification:_identify(LCD_web/portamail_ui/venv/lib/python3.12/site-packages/blinker-1.9.0.dist-info) by extension 'colcon_meta'
[0.838s] Level 1:colcon.colcon_core.package_identification:_identify(LCD_web/portamail_ui/venv/lib/python3.12/site-packages/blinker-1.9.0.dist-info) by extensions ['ros']
[0.838s] Level 1:colcon.colcon_core.package_identification:_identify(LCD_web/portamail_ui/venv/lib/python3.12/site-packages/blinker-1.9.0.dist-info) by extension 'ros'
[0.838s] Level 1:colcon.colcon_core.package_identification:_identify(LCD_web/portamail_ui/venv/lib/python3.12/site-packages/blinker-1.9.0.dist-info) by extensions ['cmake', 'python']
[0.838s] Level 1:colcon.colcon_core.package_identification:_identify(LCD_web/portamail_ui/venv/lib/python3.12/site-packages/blinker-1.9.0.dist-info) by extension 'cmake'
[0.838s] Level 1:colcon.colcon_core.package_identification:_identify(LCD_web/portamail_ui/venv/lib/python3.12/site-packages/blinker-1.9.0.dist-info) by extension 'python'
[0.838s] Level 1:colcon.colcon_core.package_identification:_identify(LCD_web/portamail_ui/venv/lib/python3.12/site-packages/blinker-1.9.0.dist-info) by extensions ['python_setup_py']
[0.838s] Level 1:colcon.colcon_core.package_identification:_identify(LCD_web/portamail_ui/venv/lib/python3.12/site-packages/blinker-1.9.0.dist-info) by extension 'python_setup_py'
[0.838s] Level 1:colcon.colcon_core.package_identification:_identify(LCD_web/portamail_ui/venv/lib/python3.12/site-packages/click) by extensions ['ignore', 'ignore_ament_install']
[0.838s] Level 1:colcon.colcon_core.package_identification:_identify(LCD_web/portamail_ui/venv/lib/python3.12/site-packages/click) by extension 'ignore'
[0.838s] Level 1:colcon.colcon_core.package_identification:_identify(LCD_web/portamail_ui/venv/lib/python3.12/site-packages/click) by extension 'ignore_ament_install'
[0.839s] Level 1:colcon.colcon_core.package_identification:_identify(LCD_web/portamail_ui/venv/lib/python3.12/site-packages/click) by extensions ['colcon_pkg']
[0.839s] Level 1:colcon.colcon_core.package_identification:_identify(LCD_web/portamail_ui/venv/lib/python3.12/site-packages/click) by extension 'colcon_pkg'
[0.839s] Level 1:colcon.colcon_core.package_identification:_identify(LCD_web/portamail_ui/venv/lib/python3.12/site-packages/click) by extensions ['colcon_meta']
[0.839s] Level 1:colcon.colcon_core.package_identification:_identify(LCD_web/portamail_ui/venv/lib/python3.12/site-packages/click) by extension 'colcon_meta'
[0.839s] Level 1:colcon.colcon_core.package_identification:_identify(LCD_web/portamail_ui/venv/lib/python3.12/site-packages/click) by extensions ['ros']
[0.839s] Level 1:colcon.colcon_core.package_identification:_identify(LCD_web/portamail_ui/venv/lib/python3.12/site-packages/click) by extension 'ros'
[0.839s] Level 1:colcon.colcon_core.package_identification:_identify(LCD_web/portamail_ui/venv/lib/python3.12/site-packages/click) by extensions ['cmake', 'python']
[0.839s] Level 1:colcon.colcon_core.package_identification:_identify(LCD_web/portamail_ui/venv/lib/python3.12/site-packages/click) by extension 'cmake'
[0.839s] Level 1:colcon.colcon_core.package_identification:_identify(LCD_web/portamail_ui/venv/lib/python3.12/site-packages/click) by extension 'python'
[0.839s] Level 1:colcon.colcon_core.package_identification:_identify(LCD_web/portamail_ui/venv/lib/python3.12/site-packages/click) by extensions ['python_setup_py']
[0.839s] Level 1:colcon.colcon_core.package_identification:_identify(LCD_web/portamail_ui/venv/lib/python3.12/site-packages/click) by extension 'python_setup_py'
[0.839s] Level 1:colcon.colcon_core.package_identification:_identify(LCD_web/portamail_ui/venv/lib/python3.12/site-packages/click/__pycache__) by extensions ['ignore', 'ignore_ament_install']
[0.839s] Level 1:colcon.colcon_core.package_identification:_identify(LCD_web/portamail_ui/venv/lib/python3.12/site-packages/click/__pycache__) by extension 'ignore'
[0.839s] Level 1:colcon.colcon_core.package_identification:_identify(LCD_web/portamail_ui/venv/lib/python3.12/site-packages/click/__pycache__) by extension 'ignore_ament_install'
[0.840s] Level 1:colcon.colcon_core.package_identification:_identify(LCD_web/portamail_ui/venv/lib/python3.12/site-packages/click/__pycache__) by extensions ['colcon_pkg']
[0.840s] Level 1:colcon.colcon_core.package_identification:_identify(LCD_web/portamail_ui/venv/lib/python3.12/site-packages/click/__pycache__) by extension 'colcon_pkg'
[0.840s] Level 1:colcon.colcon_core.package_identification:_identify(LCD_web/portamail_ui/venv/lib/python3.12/site-packages/click/__pycache__) by extensions ['colcon_meta']
[0.840s] Level 1:colcon.colcon_core.package_identification:_identify(LCD_web/portamail_ui/venv/lib/python3.12/site-packages/click/__pycache__) by extension 'colcon_meta'
[0.840s] Level 1:colcon.colcon_core.package_identification:_identify(LCD_web/portamail_ui/venv/lib/python3.12/site-packages/click/__pycache__) by extensions ['ros']
[0.840s] Level 1:colcon.colcon_core.package_identification:_identify(LCD_web/portamail_ui/venv/lib/python3.12/site-packages/click/__pycache__) by extension 'ros'
[0.840s] Level 1:colcon.colcon_core.package_identification:_identify(LCD_web/portamail_ui/venv/lib/python3.12/site-packages/click/__pycache__) by extensions ['cmake', 'python']
[0.840s] Level 1:colcon.colcon_core.package_identification:_identify(LCD_web/portamail_ui/venv/lib/python3.12/site-packages/click/__pycache__) by extension 'cmake'
[0.840s] Level 1:colcon.colcon_core.package_identification:_identify(LCD_web/portamail_ui/venv/lib/python3.12/site-packages/click/__pycache__) by extension 'python'
[0.840s] Level 1:colcon.colcon_core.package_identification:_identify(LCD_web/portamail_ui/venv/lib/python3.12/site-packages/click/__pycache__) by extensions ['python_setup_py']
[0.840s] Level 1:colcon.colcon_core.package_identification:_identify(LCD_web/portamail_ui/venv/lib/python3.12/site-packages/click/__pycache__) by extension 'python_setup_py'
[0.840s] Level 1:colcon.colcon_core.package_identification:_identify(LCD_web/portamail_ui/venv/lib/python3.12/site-packages/click-8.3.1.dist-info) by extensions ['ignore', 'ignore_ament_install']
[0.840s] Level 1:colcon.colcon_core.package_identification:_identify(LCD_web/portamail_ui/venv/lib/python3.12/site-packages/click-8.3.1.dist-info) by extension 'ignore'
[0.840s] Level 1:colcon.colcon_core.package_identification:_identify(LCD_web/portamail_ui/venv/lib/python3.12/site-packages/click-8.3.1.dist-info) by extension 'ignore_ament_install'
[0.841s] Level 1:colcon.colcon_core.package_identification:_identify(LCD_web/portamail_ui/venv/lib/python3.12/site-packages/click-8.3.1.dist-info) by extensions ['colcon_pkg']
[0.841s] Level 1:colcon.colcon_core.package_identification:_identify(LCD_web/portamail_ui/venv/lib/python3.12/site-packages/click-8.3.1.dist-info) by extension 'colcon_pkg'
[0.841s] Level 1:colcon.colcon_core.package_identification:_identify(LCD_web/portamail_ui/venv/lib/python3.12/site-packages/click-8.3.1.dist-info) by extensions ['colcon_meta']
[0.841s] Level 1:colcon.colcon_core.package_identification:_identify(LCD_web/portamail_ui/venv/lib/python3.12/site-packages/click-8.3.1.dist-info) by extension 'colcon_meta'
[0.841s] Level 1:colcon.colcon_core.package_identification:_identify(LCD_web/portamail_ui/venv/lib/python3.12/site-packages/click-8.3.1.dist-info) by extensions ['ros']
[0.841s] Level 1:colcon.colcon_core.package_identification:_identify(LCD_web/portamail_ui/venv/lib/python3.12/site-packages/click-8.3.1.dist-info) by extension 'ros'
[0.841s] Level 1:colcon.colcon_core.package_identification:_identify(LCD_web/portamail_ui/venv/lib/python3.12/site-packages/click-8.3.1.dist-info) by extensions ['cmake', 'python']
[0.841s] Level 1:colcon.colcon_core.package_identification:_identify(LCD_web/portamail_ui/venv/lib/python3.12/site-packages/click-8.3.1.dist-info) by extension 'cmake'
[0.841s] Level 1:colcon.colcon_core.package_identification:_identify(LCD_web/portamail_ui/venv/lib/python3.12/site-packages/click-8.3.1.dist-info) by extension 'python'
[0.841s] Level 1:colcon.colcon_core.package_identification:_identify(LCD_web/portamail_ui/venv/lib/python3.12/site-packages/click-8.3.1.dist-info) by extensions ['python_setup_py']
[0.841s] Level 1:colcon.colcon_core.package_identification:_identify(LCD_web/portamail_ui/venv/lib/python3.12/site-packages/click-8.3.1.dist-info) by extension 'python_setup_py'
[0.843s] Level 1:colcon.colcon_core.package_identification:_identify(LCD_web/portamail_ui/venv/lib/python3.12/site-packages/click-8.3.1.dist-info/licenses) by extensions ['ignore', 'ignore_ament_install']
[0.843s] Level 1:colcon.colcon_core.package_identification:_identify(LCD_web/portamail_ui/venv/lib/python3.12/site-packages/click-8.3.1.dist-info/licenses) by extension 'ignore'
[0.843s] Level 1:colcon.colcon_core.package_identification:_identify(LCD_web/portamail_ui/venv/lib/python3.12/site-packages/click-8.3.1.dist-info/licenses) by extension 'ignore_ament_install'
[0.843s] Level 1:colcon.colcon_core.package_identification:_identify(LCD_web/portamail_ui/venv/lib/python3.12/site-packages/click-8.3.1.dist-info/licenses) by extensions ['colcon_pkg']
[0.843s] Level 1:colcon.colcon_core.package_identification:_identify(LCD_web/portamail_ui/venv/lib/python3.12/site-packages/click-8.3.1.dist-info/licenses) by extension 'colcon_pkg'
[0.843s] Level 1:colcon.colcon_core.package_identification:_identify(LCD_web/portamail_ui/venv/lib/python3.12/site-packages/click-8.3.1.dist-info/licenses) by extensions ['colcon_meta']
[0.843s] Level 1:colcon.colcon_core.package_identification:_identify(LCD_web/portamail_ui/venv/lib/python3.12/site-packages/click-8.3.1.dist-info/licenses) by extension 'colcon_meta'
[0.843s] Level 1:colcon.colcon_core.package_identification:_identify(LCD_web/portamail_ui/venv/lib/python3.12/site-packages/click-8.3.1.dist-info/licenses) by extensions ['ros']
[0.843s] Level 1:colcon.colcon_core.package_identification:_identify(LCD_web/portamail_ui/venv/lib/python3.12/site-packages/click-8.3.1.dist-info/licenses) by extension 'ros'
[0.843s] Level 1:colcon.colcon_core.package_identification:_identify(LCD_web/portamail_ui/venv/lib/python3.12/site-packages/click-8.3.1.dist-info/licenses) by extensions ['cmake', 'python']
[0.843s] Level 1:colcon.colcon_core.package_identification:_identify(LCD_web/portamail_ui/venv/lib/python3.12/site-packages/click-8.3.1.dist-info/licenses) by extension 'cmake'
[0.843s] Level 1:colcon.colcon_core.package_identification:_identify(LCD_web/portamail_ui/venv/lib/python3.12/site-packages/click-8.3.1.dist-info/licenses) by extension 'python'
[0.844s] Level 1:colcon.colcon_core.package_identification:_identify(LCD_web/portamail_ui/venv/lib/python3.12/site-packages/click-8.3.1.dist-info/licenses) by extensions ['python_setup_py']
[0.844s] Level 1:colcon.colcon_core.package_identification:_identify(LCD_web/portamail_ui/venv/lib/python3.12/site-packages/click-8.3.1.dist-info/licenses) by extension 'python_setup_py'
[0.844s] Level 1:colcon.colcon_core.package_identification:_identify(LCD_web/portamail_ui/venv/lib/python3.12/site-packages/dns) by extensions ['ignore', 'ignore_ament_install']
[0.844s] Level 1:colcon.colcon_core.package_identification:_identify(LCD_web/portamail_ui/venv/lib/python3.12/site-packages/dns) by extension 'ignore'
[0.844s] Level 1:colcon.colcon_core.package_identification:_identify(LCD_web/portamail_ui/venv/lib/python3.12/site-packages/dns) by extension 'ignore_ament_install'
[0.844s] Level 1:colcon.colcon_core.package_identification:_identify(LCD_web/portamail_ui/venv/lib/python3.12/site-packages/dns) by extensions ['colcon_pkg']
[0.844s] Level 1:colcon.colcon_core.package_identification:_identify(LCD_web/portamail_ui/venv/lib/python3.12/site-packages/dns) by extension 'colcon_pkg'
[0.844s] Level 1:colcon.colcon_core.package_identification:_identify(LCD_web/portamail_ui/venv/lib/python3.12/site-packages/dns) by extensions ['colcon_meta']
[0.844s] Level 1:colcon.colcon_core.package_identification:_identify(LCD_web/portamail_ui/venv/lib/python3.12/site-packages/dns) by extension 'colcon_meta'
[0.844s] Level 1:colcon.colcon_core.package_identification:_identify(LCD_web/portamail_ui/venv/lib/python3.12/site-packages/dns) by extensions ['ros']
[0.844s] Level 1:colcon.colcon_core.package_identification:_identify(LCD_web/portamail_ui/venv/lib/python3.12/site-packages/dns) by extension 'ros'
[0.844s] Level 1:colcon.colcon_core.package_identification:_identify(LCD_web/portamail_ui/venv/lib/python3.12/site-packages/dns) by extensions ['cmake', 'python']
[0.845s] Level 1:colcon.colcon_core.package_identification:_identify(LCD_web/portamail_ui/venv/lib/python3.12/site-packages/dns) by extension 'cmake'
[0.845s] Level 1:colcon.colcon_core.package_identification:_identify(LCD_web/portamail_ui/venv/lib/python3.12/site-packages/dns) by extension 'python'
[0.845s] Level 1:colcon.colcon_core.package_identification:_identify(LCD_web/portamail_ui/venv/lib/python3.12/site-packages/dns) by extensions ['python_setup_py']
[0.845s] Level 1:colcon.colcon_core.package_identification:_identify(LCD_web/portamail_ui/venv/lib/python3.12/site-packages/dns) by extension 'python_setup_py'
[0.845s] Level 1:colcon.colcon_core.package_identification:_identify(LCD_web/portamail_ui/venv/lib/python3.12/site-packages/dns/__pycache__) by extensions ['ignore', 'ignore_ament_install']
[0.845s] Level 1:colcon.colcon_core.package_identification:_identify(LCD_web/portamail_ui/venv/lib/python3.12/site-packages/dns/__pycache__) by extension 'ignore'
[0.845s] Level 1:colcon.colcon_core.package_identification:_identify(LCD_web/portamail_ui/venv/lib/python3.12/site-packages/dns/__pycache__) by extension 'ignore_ament_install'
[0.845s] Level 1:colcon.colcon_core.package_identification:_identify(LCD_web/portamail_ui/venv/lib/python3.12/site-packages/dns/__pycache__) by extensions ['colcon_pkg']
[0.845s] Level 1:colcon.colcon_core.package_identification:_identify(LCD_web/portamail_ui/venv/lib/python3.12/site-packages/dns/__pycache__) by extension 'colcon_pkg'
[0.845s] Level 1:colcon.colcon_core.package_identification:_identify(LCD_web/portamail_ui/venv/lib/python3.12/site-packages/dns/__pycache__) by extensions ['colcon_meta']
[0.845s] Level 1:colcon.colcon_core.package_identification:_identify(LCD_web/portamail_ui/venv/lib/python3.12/site-packages/dns/__pycache__) by extension 'colcon_meta'
[0.845s] Level 1:colcon.colcon_core.package_identification:_identify(LCD_web/portamail_ui/venv/lib/python3.12/site-packages/dns/__pycache__) by extensions ['ros']
[0.845s] Level 1:colcon.colcon_core.package_identification:_identify(LCD_web/portamail_ui/venv/lib/python3.12/site-packages/dns/__pycache__) by extension 'ros'
[0.846s] Level 1:colcon.colcon_core.package_identification:_identify(LCD_web/portamail_ui/venv/lib/python3.12/site-packages/dns/__pycache__) by extensions ['cmake', 'python']
[0.846s] Level 1:colcon.colcon_core.package_identification:_identify(LCD_web/portamail_ui/venv/lib/python3.12/site-packages/dns/__pycache__) by extension 'cmake'
[0.846s] Level 1:colcon.colcon_core.package_identification:_identify(LCD_web/portamail_ui/venv/lib/python3.12/site-packages/dns/__pycache__) by extension 'python'
[0.846s] Level 1:colcon.colcon_core.package_identification:_identify(LCD_web/portamail_ui/venv/lib/python3.12/site-packages/dns/__pycache__) by extensions ['python_setup_py']
[0.846s] Level 1:colcon.colcon_core.package_identification:_identify(LCD_web/portamail_ui/venv/lib/python3.12/site-packages/dns/__pycache__) by extension 'python_setup_py'
[0.846s] Level 1:colcon.colcon_core.package_identification:_identify(LCD_web/portamail_ui/venv/lib/python3.12/site-packages/dns/dnssecalgs) by extensions ['ignore', 'ignore_ament_install']
[0.846s] Level 1:colcon.colcon_core.package_identification:_identify(LCD_web/portamail_ui/venv/lib/python3.12/site-packages/dns/dnssecalgs) by extension 'ignore'
[0.846s] Level 1:colcon.colcon_core.package_identification:_identify(LCD_web/portamail_ui/venv/lib/python3.12/site-packages/dns/dnssecalgs) by extension 'ignore_ament_install'
[0.846s] Level 1:colcon.colcon_core.package_identification:_identify(LCD_web/portamail_ui/venv/lib/python3.12/site-packages/dns/dnssecalgs) by extensions ['colcon_pkg']
[0.846s] Level 1:colcon.colcon_core.package_identification:_identify(LCD_web/portamail_ui/venv/lib/python3.12/site-packages/dns/dnssecalgs) by extension 'colcon_pkg'
[0.846s] Level 1:colcon.colcon_core.package_identification:_identify(LCD_web/portamail_ui/venv/lib/python3.12/site-packages/dns/dnssecalgs) by extensions ['colcon_meta']
[0.846s] Level 1:colcon.colcon_core.package_identification:_identify(LCD_web/portamail_ui/venv/lib/python3.12/site-packages/dns/dnssecalgs) by extension 'colcon_meta'
[0.846s] Level 1:colcon.colcon_core.package_identification:_identify(LCD_web/portamail_ui/venv/lib/python3.12/site-packages/dns/dnssecalgs) by extensions ['ros']
[0.847s] Level 1:colcon.colcon_core.package_identification:_identify(LCD_web/portamail_ui/venv/lib/python3.12/site-packages/dns/dnssecalgs) by extension 'ros'
[0.847s] Level 1:colcon.colcon_core.package_identification:_identify(LCD_web/portamail_ui/venv/lib/python3.12/site-packages/dns/dnssecalgs) by extensions ['cmake', 'python']
[0.847s] Level 1:colcon.colcon_core.package_identification:_identify(LCD_web/portamail_ui/venv/lib/python3.12/site-packages/dns/dnssecalgs) by extension 'cmake'
[0.847s] Level 1:colcon.colcon_core.package_identification:_identify(LCD_web/portamail_ui/venv/lib/python3.12/site-packages/dns/dnssecalgs) by extension 'python'
[0.847s] Level 1:colcon.colcon_core.package_identification:_identify(LCD_web/portamail_ui/venv/lib/python3.12/site-packages/dns/dnssecalgs) by extensions ['python_setup_py']
[0.847s] Level 1:colcon.colcon_core.package_identification:_identify(LCD_web/portamail_ui/venv/lib/python3.12/site-packages/dns/dnssecalgs) by extension 'python_setup_py'
[0.847s] Level 1:colcon.colcon_core.package_identification:_identify(LCD_web/portamail_ui/venv/lib/python3.12/site-packages/dns/dnssecalgs/__pycache__) by extensions ['ignore', 'ignore_ament_install']
[0.847s] Level 1:colcon.colcon_core.package_identification:_identify(LCD_web/portamail_ui/venv/lib/python3.12/site-packages/dns/dnssecalgs/__pycache__) by extension 'ignore'
[0.847s] Level 1:colcon.colcon_core.package_identification:_identify(LCD_web/portamail_ui/venv/lib/python3.12/site-packages/dns/dnssecalgs/__pycache__) by extension 'ignore_ament_install'
[0.847s] Level 1:colcon.colcon_core.package_identification:_identify(LCD_web/portamail_ui/venv/lib/python3.12/site-packages/dns/dnssecalgs/__pycache__) by extensions ['colcon_pkg']
[0.847s] Level 1:colcon.colcon_core.package_identification:_identify(LCD_web/portamail_ui/venv/lib/python3.12/site-packages/dns/dnssecalgs/__pycache__) by extension 'colcon_pkg'
[0.847s] Level 1:colcon.colcon_core.package_identification:_identify(LCD_web/portamail_ui/venv/lib/python3.12/site-packages/dns/dnssecalgs/__pycache__) by extensions ['colcon_meta']
[0.847s] Level 1:colcon.colcon_core.package_identification:_identify(LCD_web/portamail_ui/venv/lib/python3.12/site-packages/dns/dnssecalgs/__pycache__) by extension 'colcon_meta'
[0.848s] Level 1:colcon.colcon_core.package_identification:_identify(LCD_web/portamail_ui/venv/lib/python3.12/site-packages/dns/dnssecalgs/__pycache__) by extensions ['ros']
[0.848s] Level 1:colcon.colcon_core.package_identification:_identify(LCD_web/portamail_ui/venv/lib/python3.12/site-packages/dns/dnssecalgs/__pycache__) by extension 'ros'
[0.848s] Level 1:colcon.colcon_core.package_identification:_identify(LCD_web/portamail_ui/venv/lib/python3.12/site-packages/dns/dnssecalgs/__pycache__) by extensions ['cmake', 'python']
[0.848s] Level 1:colcon.colcon_core.package_identification:_identify(LCD_web/portamail_ui/venv/lib/python3.12/site-packages/dns/dnssecalgs/__pycache__) by extension 'cmake'
[0.848s] Level 1:colcon.colcon_core.package_identification:_identify(LCD_web/portamail_ui/venv/lib/python3.12/site-packages/dns/dnssecalgs/__pycache__) by extension 'python'
[0.848s] Level 1:colcon.colcon_core.package_identification:_identify(LCD_web/portamail_ui/venv/lib/python3.12/site-packages/dns/dnssecalgs/__pycache__) by extensions ['python_setup_py']
[0.848s] Level 1:colcon.colcon_core.package_identification:_identify(LCD_web/portamail_ui/venv/lib/python3.12/site-packages/dns/dnssecalgs/__pycache__) by extension 'python_setup_py'
[0.848s] Level 1:colcon.colcon_core.package_identification:_identify(LCD_web/portamail_ui/venv/lib/python3.12/site-packages/dns/quic) by extensions ['ignore', 'ignore_ament_install']
[0.848s] Level 1:colcon.colcon_core.package_identification:_identify(LCD_web/portamail_ui/venv/lib/python3.12/site-packages/dns/quic) by extension 'ignore'
[0.848s] Level 1:colcon.colcon_core.package_identification:_identify(LCD_web/portamail_ui/venv/lib/python3.12/site-packages/dns/quic) by extension 'ignore_ament_install'
[0.848s] Level 1:colcon.colcon_core.package_identification:_identify(LCD_web/portamail_ui/venv/lib/python3.12/site-packages/dns/quic) by extensions ['colcon_pkg']
[0.848s] Level 1:colcon.colcon_core.package_identification:_identify(LCD_web/portamail_ui/venv/lib/python3.12/site-packages/dns/quic) by extension 'colcon_pkg'
[0.848s] Level 1:colcon.colcon_core.package_identification:_identify(LCD_web/portamail_ui/venv/lib/python3.12/site-packages/dns/quic) by extensions ['colcon_meta']
[0.848s] Level 1:colcon.colcon_core.package_identification:_identify(LCD_web/portamail_ui/venv/lib/python3.12/site-packages/dns/quic) by extension 'colcon_meta'
[0.848s] Level 1:colcon.colcon_core.package_identification:_identify(LCD_web/portamail_ui/venv/lib/python3.12/site-packages/dns/quic) by extensions ['ros']
[0.848s] Level 1:colcon.colcon_core.package_identification:_identify(LCD_web/portamail_ui/venv/lib/python3.12/site-packages/dns/quic) by extension 'ros'
[0.849s] Level 1:colcon.colcon_core.package_identification:_identify(LCD_web/portamail_ui/venv/lib/python3.12/site-packages/dns/quic) by extensions ['cmake', 'python']
[0.849s] Level 1:colcon.colcon_core.package_identification:_identify(LCD_web/portamail_ui/venv/lib/python3.12/site-packages/dns/quic) by extension 'cmake'
[0.849s] Level 1:colcon.colcon_core.package_identification:_identify(LCD_web/portamail_ui/venv/lib/python3.12/site-packages/dns/quic) by extension 'python'
[0.849s] Level 1:colcon.colcon_core.package_identification:_identify(LCD_web/portamail_ui/venv/lib/python3.12/site-packages/dns/quic) by extensions ['python_setup_py']
[0.849s] Level 1:colcon.colcon_core.package_identification:_identify(LCD_web/portamail_ui/venv/lib/python3.12/site-packages/dns/quic) by extension 'python_setup_py'
[0.849s] Level 1:colcon.colcon_core.package_identification:_identify(LCD_web/portamail_ui/venv/lib/python3.12/site-packages/dns/quic/__pycache__) by extensions ['ignore', 'ignore_ament_install']
[0.851s] Level 1:colcon.colcon_core.package_identification:_identify(LCD_web/portamail_ui/venv/lib/python3.12/site-packages/dns/quic/__pycache__) by extension 'ignore'
[0.852s] Level 1:colcon.colcon_core.package_identification:_identify(LCD_web/portamail_ui/venv/lib/python3.12/site-packages/dns/quic/__pycache__) by extension 'ignore_ament_install'
[0.852s] Level 1:colcon.colcon_core.package_identification:_identify(LCD_web/portamail_ui/venv/lib/python3.12/site-packages/dns/quic/__pycache__) by extensions ['colcon_pkg']
[0.852s] Level 1:colcon.colcon_core.package_identification:_identify(LCD_web/portamail_ui/venv/lib/python3.12/site-packages/dns/quic/__pycache__) by extension 'colcon_pkg'
[0.852s] Level 1:colcon.colcon_core.package_identification:_identify(LCD_web/portamail_ui/venv/lib/python3.12/site-packages/dns/quic/__pycache__) by extensions ['colcon_meta']
[0.852s] Level 1:colcon.colcon_core.package_identification:_identify(LCD_web/portamail_ui/venv/lib/python3.12/site-packages/dns/quic/__pycache__) by extension 'colcon_meta'
[0.852s] Level 1:colcon.colcon_core.package_identification:_identify(LCD_web/portamail_ui/venv/lib/python3.12/site-packages/dns/quic/__pycache__) by extensions ['ros']
[0.852s] Level 1:colcon.colcon_core.package_identification:_identify(LCD_web/portamail_ui/venv/lib/python3.12/site-packages/dns/quic/__pycache__) by extension 'ros'
[0.852s] Level 1:colcon.colcon_core.package_identification:_identify(LCD_web/portamail_ui/venv/lib/python3.12/site-packages/dns/quic/__pycache__) by extensions ['cmake', 'python']
[0.852s] Level 1:colcon.colcon_core.package_identification:_identify(LCD_web/portamail_ui/venv/lib/python3.12/site-packages/dns/quic/__pycache__) by extension 'cmake'
[0.852s] Level 1:colcon.colcon_core.package_identification:_identify(LCD_web/portamail_ui/venv/lib/python3.12/site-packages/dns/quic/__pycache__) by extension 'python'
[0.852s] Level 1:colcon.colcon_core.package_identification:_identify(LCD_web/portamail_ui/venv/lib/python3.12/site-packages/dns/quic/__pycache__) by extensions ['python_setup_py']
[0.852s] Level 1:colcon.colcon_core.package_identification:_identify(LCD_web/portamail_ui/venv/lib/python3.12/site-packages/dns/quic/__pycache__) by extension 'python_setup_py'
[0.853s] Level 1:colcon.colcon_core.package_identification:_identify(LCD_web/portamail_ui/venv/lib/python3.12/site-packages/dns/rdtypes) by extensions ['ignore', 'ignore_ament_install']
[0.853s] Level 1:colcon.colcon_core.package_identification:_identify(LCD_web/portamail_ui/venv/lib/python3.12/site-packages/dns/rdtypes) by extension 'ignore'
[0.853s] Level 1:colcon.colcon_core.package_identification:_identify(LCD_web/portamail_ui/venv/lib/python3.12/site-packages/dns/rdtypes) by extension 'ignore_ament_install'
[0.853s] Level 1:colcon.colcon_core.package_identification:_identify(LCD_web/portamail_ui/venv/lib/python3.12/site-packages/dns/rdtypes) by extensions ['colcon_pkg']
[0.853s] Level 1:colcon.colcon_core.package_identification:_identify(LCD_web/portamail_ui/venv/lib/python3.12/site-packages/dns/rdtypes) by extension 'colcon_pkg'
[0.853s] Level 1:colcon.colcon_core.package_identification:_identify(LCD_web/portamail_ui/venv/lib/python3.12/site-packages/dns/rdtypes) by extensions ['colcon_meta']
[0.853s] Level 1:colcon.colcon_core.package_identification:_identify(LCD_web/portamail_ui/venv/lib/python3.12/site-packages/dns/rdtypes) by extension 'colcon_meta'
[0.853s] Level 1:colcon.colcon_core.package_identification:_identify(LCD_web/portamail_ui/venv/lib/python3.12/site-packages/dns/rdtypes) by extensions ['ros']
[0.853s] Level 1:colcon.colcon_core.package_identification:_identify(LCD_web/portamail_ui/venv/lib/python3.12/site-packages/dns/rdtypes) by extension 'ros'
[0.853s] Level 1:colcon.colcon_core.package_identification:_identify(LCD_web/portamail_ui/venv/lib/python3.12/site-packages/dns/rdtypes) by extensions ['cmake', 'python']
[0.853s] Level 1:colcon.colcon_core.package_identification:_identify(LCD_web/portamail_ui/venv/lib/python3.12/site-packages/dns/rdtypes) by extension 'cmake'
[0.854s] Level 1:colcon.colcon_core.package_identification:_identify(LCD_web/portamail_ui/venv/lib/python3.12/site-packages/dns/rdtypes) by extension 'python'
[0.854s] Level 1:colcon.colcon_core.package_identification:_identify(LCD_web/portamail_ui/venv/lib/python3.12/site-packages/dns/rdtypes) by extensions ['python_setup_py']
[0.854s] Level 1:colcon.colcon_core.package_identification:_identify(LCD_web/portamail_ui/venv/lib/python3.12/site-packages/dns/rdtypes) by extension 'python_setup_py'
[0.854s] Level 1:colcon.colcon_core.package_identification:_identify(LCD_web/portamail_ui/venv/lib/python3.12/site-packages/dns/rdtypes/ANY) by extensions ['ignore', 'ignore_ament_install']
[0.854s] Level 1:colcon.colcon_core.package_identification:_identify(LCD_web/portamail_ui/venv/lib/python3.12/site-packages/dns/rdtypes/ANY) by extension 'ignore'
[0.854s] Level 1:colcon.colcon_core.package_identification:_identify(LCD_web/portamail_ui/venv/lib/python3.12/site-packages/dns/rdtypes/ANY) by extension 'ignore_ament_install'
[0.854s] Level 1:colcon.colcon_core.package_identification:_identify(LCD_web/portamail_ui/venv/lib/python3.12/site-packages/dns/rdtypes/ANY) by extensions ['colcon_pkg']
[0.854s] Level 1:colcon.colcon_core.package_identification:_identify(LCD_web/portamail_ui/venv/lib/python3.12/site-packages/dns/rdtypes/ANY) by extension 'colcon_pkg'
[0.855s] Level 1:colcon.colcon_core.package_identification:_identify(LCD_web/portamail_ui/venv/lib/python3.12/site-packages/dns/rdtypes/ANY) by extensions ['colcon_meta']
[0.855s] Level 1:colcon.colcon_core.package_identification:_identify(LCD_web/portamail_ui/venv/lib/python3.12/site-packages/dns/rdtypes/ANY) by extension 'colcon_meta'
[0.855s] Level 1:colcon.colcon_core.package_identification:_identify(LCD_web/portamail_ui/venv/lib/python3.12/site-packages/dns/rdtypes/ANY) by extensions ['ros']
[0.855s] Level 1:colcon.colcon_core.package_identification:_identify(LCD_web/portamail_ui/venv/lib/python3.12/site-packages/dns/rdtypes/ANY) by extension 'ros'
[0.855s] Level 1:colcon.colcon_core.package_identification:_identify(LCD_web/portamail_ui/venv/lib/python3.12/site-packages/dns/rdtypes/ANY) by extensions ['cmake', 'python']
[0.855s] Level 1:colcon.colcon_core.package_identification:_identify(LCD_web/portamail_ui/venv/lib/python3.12/site-packages/dns/rdtypes/ANY) by extension 'cmake'
[0.855s] Level 1:colcon.colcon_core.package_identification:_identify(LCD_web/portamail_ui/venv/lib/python3.12/site-packages/dns/rdtypes/ANY) by extension 'python'
[0.855s] Level 1:colcon.colcon_core.package_identification:_identify(LCD_web/portamail_ui/venv/lib/python3.12/site-packages/dns/rdtypes/ANY) by extensions ['python_setup_py']
[0.855s] Level 1:colcon.colcon_core.package_identification:_identify(LCD_web/portamail_ui/venv/lib/python3.12/site-packages/dns/rdtypes/ANY) by extension 'python_setup_py'
[0.856s] Level 1:colcon.colcon_core.package_identification:_identify(LCD_web/portamail_ui/venv/lib/python3.12/site-packages/dns/rdtypes/ANY/__pycache__) by extensions ['ignore', 'ignore_ament_install']
[0.856s] Level 1:colcon.colcon_core.package_identification:_identify(LCD_web/portamail_ui/venv/lib/python3.12/site-packages/dns/rdtypes/ANY/__pycache__) by extension 'ignore'
[0.856s] Level 1:colcon.colcon_core.package_identification:_identify(LCD_web/portamail_ui/venv/lib/python3.12/site-packages/dns/rdtypes/ANY/__pycache__) by extension 'ignore_ament_install'
[0.856s] Level 1:colcon.colcon_core.package_identification:_identify(LCD_web/portamail_ui/venv/lib/python3.12/site-packages/dns/rdtypes/ANY/__pycache__) by extensions ['colcon_pkg']
[0.856s] Level 1:colcon.colcon_core.package_identification:_identify(LCD_web/portamail_ui/venv/lib/python3.12/site-packages/dns/rdtypes/ANY/__pycache__) by extension 'colcon_pkg'
[0.856s] Level 1:colcon.colcon_core.package_identification:_identify(LCD_web/portamail_ui/venv/lib/python3.12/site-packages/dns/rdtypes/ANY/__pycache__) by extensions ['colcon_meta']
[0.856s] Level 1:colcon.colcon_core.package_identification:_identify(LCD_web/portamail_ui/venv/lib/python3.12/site-packages/dns/rdtypes/ANY/__pycache__) by extension 'colcon_meta'
[0.856s] Level 1:colcon.colcon_core.package_identification:_identify(LCD_web/portamail_ui/venv/lib/python3.12/site-packages/dns/rdtypes/ANY/__pycache__) by extensions ['ros']
[0.856s] Level 1:colcon.colcon_core.package_identification:_identify(LCD_web/portamail_ui/venv/lib/python3.12/site-packages/dns/rdtypes/ANY/__pycache__) by extension 'ros'
[0.857s] Level 1:colcon.colcon_core.package_identification:_identify(LCD_web/portamail_ui/venv/lib/python3.12/site-packages/dns/rdtypes/ANY/__pycache__) by extensions ['cmake', 'python']
[0.857s] Level 1:colcon.colcon_core.package_identification:_identify(LCD_web/portamail_ui/venv/lib/python3.12/site-packages/dns/rdtypes/ANY/__pycache__) by extension 'cmake'
[0.857s] Level 1:colcon.colcon_core.package_identification:_identify(LCD_web/portamail_ui/venv/lib/python3.12/site-packages/dns/rdtypes/ANY/__pycache__) by extension 'python'
[0.857s] Level 1:colcon.colcon_core.package_identification:_identify(LCD_web/portamail_ui/venv/lib/python3.12/site-packages/dns/rdtypes/ANY/__pycache__) by extensions ['python_setup_py']
[0.857s] Level 1:colcon.colcon_core.package_identification:_identify(LCD_web/portamail_ui/venv/lib/python3.12/site-packages/dns/rdtypes/ANY/__pycache__) by extension 'python_setup_py'
[0.857s] Level 1:colcon.colcon_core.package_identification:_identify(LCD_web/portamail_ui/venv/lib/python3.12/site-packages/dns/rdtypes/CH) by extensions ['ignore', 'ignore_ament_install']
[0.857s] Level 1:colcon.colcon_core.package_identification:_identify(LCD_web/portamail_ui/venv/lib/python3.12/site-packages/dns/rdtypes/CH) by extension 'ignore'
[0.857s] Level 1:colcon.colcon_core.package_identification:_identify(LCD_web/portamail_ui/venv/lib/python3.12/site-packages/dns/rdtypes/CH) by extension 'ignore_ament_install'
[0.857s] Level 1:colcon.colcon_core.package_identification:_identify(LCD_web/portamail_ui/venv/lib/python3.12/site-packages/dns/rdtypes/CH) by extensions ['colcon_pkg']
[0.857s] Level 1:colcon.colcon_core.package_identification:_identify(LCD_web/portamail_ui/venv/lib/python3.12/site-packages/dns/rdtypes/CH) by extension 'colcon_pkg'
[0.858s] Level 1:colcon.colcon_core.package_identification:_identify(LCD_web/portamail_ui/venv/lib/python3.12/site-packages/dns/rdtypes/CH) by extensions ['colcon_meta']
[0.858s] Level 1:colcon.colcon_core.package_identification:_identify(LCD_web/portamail_ui/venv/lib/python3.12/site-packages/dns/rdtypes/CH) by extension 'colcon_meta'
[0.858s] Level 1:colcon.colcon_core.package_identification:_identify(LCD_web/portamail_ui/venv/lib/python3.12/site-packages/dns/rdtypes/CH) by extensions ['ros']
[0.858s] Level 1:colcon.colcon_core.package_identification:_identify(LCD_web/portamail_ui/venv/lib/python3.12/site-packages/dns/rdtypes/CH) by extension 'ros'
[0.858s] Level 1:colcon.colcon_core.package_identification:_identify(LCD_web/portamail_ui/venv/lib/python3.12/site-packages/dns/rdtypes/CH) by extensions ['cmake', 'python']
[0.858s] Level 1:colcon.colcon_core.package_identification:_identify(LCD_web/portamail_ui/venv/lib/python3.12/site-packages/dns/rdtypes/CH) by extension 'cmake'
[0.858s] Level 1:colcon.colcon_core.package_identification:_identify(LCD_web/portamail_ui/venv/lib/python3.12/site-packages/dns/rdtypes/CH) by extension 'python'
[0.858s] Level 1:colcon.colcon_core.package_identification:_identify(LCD_web/portamail_ui/venv/lib/python3.12/site-packages/dns/rdtypes/CH) by extensions ['python_setup_py']
[0.858s] Level 1:colcon.colcon_core.package_identification:_identify(LCD_web/portamail_ui/venv/lib/python3.12/site-packages/dns/rdtypes/CH) by extension 'python_setup_py'
[0.858s] Level 1:colcon.colcon_core.package_identification:_identify(LCD_web/portamail_ui/venv/lib/python3.12/site-packages/dns/rdtypes/CH/__pycache__) by extensions ['ignore', 'ignore_ament_install']
[0.858s] Level 1:colcon.colcon_core.package_identification:_identify(LCD_web/portamail_ui/venv/lib/python3.12/site-packages/dns/rdtypes/CH/__pycache__) by extension 'ignore'
[0.859s] Level 1:colcon.colcon_core.package_identification:_identify(LCD_web/portamail_ui/venv/lib/python3.12/site-packages/dns/rdtypes/CH/__pycache__) by extension 'ignore_ament_install'
[0.859s] Level 1:colcon.colcon_core.package_identification:_identify(LCD_web/portamail_ui/venv/lib/python3.12/site-packages/dns/rdtypes/CH/__pycache__) by extensions ['colcon_pkg']
[0.859s] Level 1:colcon.colcon_core.package_identification:_identify(LCD_web/portamail_ui/venv/lib/python3.12/site-packages/dns/rdtypes/CH/__pycache__) by extension 'colcon_pkg'
[0.859s] Level 1:colcon.colcon_core.package_identification:_identify(LCD_web/portamail_ui/venv/lib/python3.12/site-packages/dns/rdtypes/CH/__pycache__) by extensions ['colcon_meta']
[0.859s] Level 1:colcon.colcon_core.package_identification:_identify(LCD_web/portamail_ui/venv/lib/python3.12/site-packages/dns/rdtypes/CH/__pycache__) by extension 'colcon_meta'
[0.859s] Level 1:colcon.colcon_core.package_identification:_identify(LCD_web/portamail_ui/venv/lib/python3.12/site-packages/dns/rdtypes/CH/__pycache__) by extensions ['ros']
[0.859s] Level 1:colcon.colcon_core.package_identification:_identify(LCD_web/portamail_ui/venv/lib/python3.12/site-packages/dns/rdtypes/CH/__pycache__) by extension 'ros'
[0.859s] Level 1:colcon.colcon_core.package_identification:_identify(LCD_web/portamail_ui/venv/lib/python3.12/site-packages/dns/rdtypes/CH/__pycache__) by extensions ['cmake', 'python']
[0.859s] Level 1:colcon.colcon_core.package_identification:_identify(LCD_web/portamail_ui/venv/lib/python3.12/site-packages/dns/rdtypes/CH/__pycache__) by extension 'cmake'
[0.859s] Level 1:colcon.colcon_core.package_identification:_identify(LCD_web/portamail_ui/venv/lib/python3.12/site-packages/dns/rdtypes/CH/__pycache__) by extension 'python'
[0.859s] Level 1:colcon.colcon_core.package_identification:_identify(LCD_web/portamail_ui/venv/lib/python3.12/site-packages/dns/rdtypes/CH/__pycache__) by extensions ['python_setup_py']
[0.859s] Level 1:colcon.colcon_core.package_identification:_identify(LCD_web/portamail_ui/venv/lib/python3.12/site-packages/dns/rdtypes/CH/__pycache__) by extension 'python_setup_py'
[0.859s] Level 1:colcon.colcon_core.package_identification:_identify(LCD_web/portamail_ui/venv/lib/python3.12/site-packages/dns/rdtypes/IN) by extensions ['ignore', 'ignore_ament_install']
[0.860s] Level 1:colcon.colcon_core.package_identification:_identify(LCD_web/portamail_ui/venv/lib/python3.12/site-packages/dns/rdtypes/IN) by extension 'ignore'
[0.860s] Level 1:colcon.colcon_core.package_identification:_identify(LCD_web/portamail_ui/venv/lib/python3.12/site-packages/dns/rdtypes/IN) by extension 'ignore_ament_install'
[0.860s] Level 1:colcon.colcon_core.package_identification:_identify(LCD_web/portamail_ui/venv/lib/python3.12/site-packages/dns/rdtypes/IN) by extensions ['colcon_pkg']
[0.860s] Level 1:colcon.colcon_core.package_identification:_identify(LCD_web/portamail_ui/venv/lib/python3.12/site-packages/dns/rdtypes/IN) by extension 'colcon_pkg'
[0.860s] Level 1:colcon.colcon_core.package_identification:_identify(LCD_web/portamail_ui/venv/lib/python3.12/site-packages/dns/rdtypes/IN) by extensions ['colcon_meta']
[0.860s] Level 1:colcon.colcon_core.package_identification:_identify(LCD_web/portamail_ui/venv/lib/python3.12/site-packages/dns/rdtypes/IN) by extension 'colcon_meta'
[0.860s] Level 1:colcon.colcon_core.package_identification:_identify(LCD_web/portamail_ui/venv/lib/python3.12/site-packages/dns/rdtypes/IN) by extensions ['ros']
[0.860s] Level 1:colcon.colcon_core.package_identification:_identify(LCD_web/portamail_ui/venv/lib/python3.12/site-packages/dns/rdtypes/IN) by extension 'ros'
[0.860s] Level 1:colcon.colcon_core.package_identification:_identify(LCD_web/portamail_ui/venv/lib/python3.12/site-packages/dns/rdtypes/IN) by extensions ['cmake', 'python']
[0.860s] Level 1:colcon.colcon_core.package_identification:_identify(LCD_web/portamail_ui/venv/lib/python3.12/site-packages/dns/rdtypes/IN) by extension 'cmake'
[0.860s] Level 1:colcon.colcon_core.package_identification:_identify(LCD_web/portamail_ui/venv/lib/python3.12/site-packages/dns/rdtypes/IN) by extension 'python'
[0.860s] Level 1:colcon.colcon_core.package_identification:_identify(LCD_web/portamail_ui/venv/lib/python3.12/site-packages/dns/rdtypes/IN) by extensions ['python_setup_py']
[0.860s] Level 1:colcon.colcon_core.package_identification:_identify(LCD_web/portamail_ui/venv/lib/python3.12/site-packages/dns/rdtypes/IN) by extension 'python_setup_py'
[0.860s] Level 1:colcon.colcon_core.package_identification:_identify(LCD_web/portamail_ui/venv/lib/python3.12/site-packages/dns/rdtypes/IN/__pycache__) by extensions ['ignore', 'ignore_ament_install']
[0.860s] Level 1:colcon.colcon_core.package_identification:_identify(LCD_web/portamail_ui/venv/lib/python3.12/site-packages/dns/rdtypes/IN/__pycache__) by extension 'ignore'
[0.861s] Level 1:colcon.colcon_core.package_identification:_identify(LCD_web/portamail_ui/venv/lib/python3.12/site-packages/dns/rdtypes/IN/__pycache__) by extension 'ignore_ament_install'
[0.861s] Level 1:colcon.colcon_core.package_identification:_identify(LCD_web/portamail_ui/venv/lib/python3.12/site-packages/dns/rdtypes/IN/__pycache__) by extensions ['colcon_pkg']
[0.861s] Level 1:colcon.colcon_core.package_identification:_identify(LCD_web/portamail_ui/venv/lib/python3.12/site-packages/dns/rdtypes/IN/__pycache__) by extension 'colcon_pkg'
[0.861s] Level 1:colcon.colcon_core.package_identification:_identify(LCD_web/portamail_ui/venv/lib/python3.12/site-packages/dns/rdtypes/IN/__pycache__) by extensions ['colcon_meta']
[0.861s] Level 1:colcon.colcon_core.package_identification:_identify(LCD_web/portamail_ui/venv/lib/python3.12/site-packages/dns/rdtypes/IN/__pycache__) by extension 'colcon_meta'
[0.861s] Level 1:colcon.colcon_core.package_identification:_identify(LCD_web/portamail_ui/venv/lib/python3.12/site-packages/dns/rdtypes/IN/__pycache__) by extensions ['ros']
[0.861s] Level 1:colcon.colcon_core.package_identification:_identify(LCD_web/portamail_ui/venv/lib/python3.12/site-packages/dns/rdtypes/IN/__pycache__) by extension 'ros'
[0.861s] Level 1:colcon.colcon_core.package_identification:_identify(LCD_web/portamail_ui/venv/lib/python3.12/site-packages/dns/rdtypes/IN/__pycache__) by extensions ['cmake', 'python']
[0.861s] Level 1:colcon.colcon_core.package_identification:_identify(LCD_web/portamail_ui/venv/lib/python3.12/site-packages/dns/rdtypes/IN/__pycache__) by extension 'cmake'
[0.861s] Level 1:colcon.colcon_core.package_identification:_identify(LCD_web/portamail_ui/venv/lib/python3.12/site-packages/dns/rdtypes/IN/__pycache__) by extension 'python'
[0.861s] Level 1:colcon.colcon_core.package_identification:_identify(LCD_web/portamail_ui/venv/lib/python3.12/site-packages/dns/rdtypes/IN/__pycache__) by extensions ['python_setup_py']
[0.861s] Level 1:colcon.colcon_core.package_identification:_identify(LCD_web/portamail_ui/venv/lib/python3.12/site-packages/dns/rdtypes/IN/__pycache__) by extension 'python_setup_py'
[0.861s] Level 1:colcon.colcon_core.package_identification:_identify(LCD_web/portamail_ui/venv/lib/python3.12/site-packages/dns/rdtypes/__pycache__) by extensions ['ignore', 'ignore_ament_install']
[0.861s] Level 1:colcon.colcon_core.package_identification:_identify(LCD_web/portamail_ui/venv/lib/python3.12/site-packages/dns/rdtypes/__pycache__) by extension 'ignore'
[0.862s] Level 1:colcon.colcon_core.package_identification:_identify(LCD_web/portamail_ui/venv/lib/python3.12/site-packages/dns/rdtypes/__pycache__) by extension 'ignore_ament_install'
[0.862s] Level 1:colcon.colcon_core.package_identification:_identify(LCD_web/portamail_ui/venv/lib/python3.12/site-packages/dns/rdtypes/__pycache__) by extensions ['colcon_pkg']
[0.862s] Level 1:colcon.colcon_core.package_identification:_identify(LCD_web/portamail_ui/venv/lib/python3.12/site-packages/dns/rdtypes/__pycache__) by extension 'colcon_pkg'
[0.862s] Level 1:colcon.colcon_core.package_identification:_identify(LCD_web/portamail_ui/venv/lib/python3.12/site-packages/dns/rdtypes/__pycache__) by extensions ['colcon_meta']
[0.862s] Level 1:colcon.colcon_core.package_identification:_identify(LCD_web/portamail_ui/venv/lib/python3.12/site-packages/dns/rdtypes/__pycache__) by extension 'colcon_meta'
[0.862s] Level 1:colcon.colcon_core.package_identification:_identify(LCD_web/portamail_ui/venv/lib/python3.12/site-packages/dns/rdtypes/__pycache__) by extensions ['ros']
[0.862s] Level 1:colcon.colcon_core.package_identification:_identify(LCD_web/portamail_ui/venv/lib/python3.12/site-packages/dns/rdtypes/__pycache__) by extension 'ros'
[0.862s] Level 1:colcon.colcon_core.package_identification:_identify(LCD_web/portamail_ui/venv/lib/python3.12/site-packages/dns/rdtypes/__pycache__) by extensions ['cmake', 'python']
[0.862s] Level 1:colcon.colcon_core.package_identification:_identify(LCD_web/portamail_ui/venv/lib/python3.12/site-packages/dns/rdtypes/__pycache__) by extension 'cmake'
[0.862s] Level 1:colcon.colcon_core.package_identification:_identify(LCD_web/portamail_ui/venv/lib/python3.12/site-packages/dns/rdtypes/__pycache__) by extension 'python'
[0.862s] Level 1:colcon.colcon_core.package_identification:_identify(LCD_web/portamail_ui/venv/lib/python3.12/site-packages/dns/rdtypes/__pycache__) by extensions ['python_setup_py']
[0.862s] Level 1:colcon.colcon_core.package_identification:_identify(LCD_web/portamail_ui/venv/lib/python3.12/site-packages/dns/rdtypes/__pycache__) by extension 'python_setup_py'
[0.862s] Level 1:colcon.colcon_core.package_identification:_identify(LCD_web/portamail_ui/venv/lib/python3.12/site-packages/dnspython-2.8.0.dist-info) by extensions ['ignore', 'ignore_ament_install']
[0.862s] Level 1:colcon.colcon_core.package_identification:_identify(LCD_web/portamail_ui/venv/lib/python3.12/site-packages/dnspython-2.8.0.dist-info) by extension 'ignore'
[0.862s] Level 1:colcon.colcon_core.package_identification:_identify(LCD_web/portamail_ui/venv/lib/python3.12/site-packages/dnspython-2.8.0.dist-info) by extension 'ignore_ament_install'
[0.863s] Level 1:colcon.colcon_core.package_identification:_identify(LCD_web/portamail_ui/venv/lib/python3.12/site-packages/dnspython-2.8.0.dist-info) by extensions ['colcon_pkg']
[0.863s] Level 1:colcon.colcon_core.package_identification:_identify(LCD_web/portamail_ui/venv/lib/python3.12/site-packages/dnspython-2.8.0.dist-info) by extension 'colcon_pkg'
[0.863s] Level 1:colcon.colcon_core.package_identification:_identify(LCD_web/portamail_ui/venv/lib/python3.12/site-packages/dnspython-2.8.0.dist-info) by extensions ['colcon_meta']
[0.863s] Level 1:colcon.colcon_core.package_identification:_identify(LCD_web/portamail_ui/venv/lib/python3.12/site-packages/dnspython-2.8.0.dist-info) by extension 'colcon_meta'
[0.863s] Level 1:colcon.colcon_core.package_identification:_identify(LCD_web/portamail_ui/venv/lib/python3.12/site-packages/dnspython-2.8.0.dist-info) by extensions ['ros']
[0.863s] Level 1:colcon.colcon_core.package_identification:_identify(LCD_web/portamail_ui/venv/lib/python3.12/site-packages/dnspython-2.8.0.dist-info) by extension 'ros'
[0.863s] Level 1:colcon.colcon_core.package_identification:_identify(LCD_web/portamail_ui/venv/lib/python3.12/site-packages/dnspython-2.8.0.dist-info) by extensions ['cmake', 'python']
[0.863s] Level 1:colcon.colcon_core.package_identification:_identify(LCD_web/portamail_ui/venv/lib/python3.12/site-packages/dnspython-2.8.0.dist-info) by extension 'cmake'
[0.863s] Level 1:colcon.colcon_core.package_identification:_identify(LCD_web/portamail_ui/venv/lib/python3.12/site-packages/dnspython-2.8.0.dist-info) by extension 'python'
[0.863s] Level 1:colcon.colcon_core.package_identification:_identify(LCD_web/portamail_ui/venv/lib/python3.12/site-packages/dnspython-2.8.0.dist-info) by extensions ['python_setup_py']
[0.863s] Level 1:colcon.colcon_core.package_identification:_identify(LCD_web/portamail_ui/venv/lib/python3.12/site-packages/dnspython-2.8.0.dist-info) by extension 'python_setup_py'
[0.865s] Level 1:colcon.colcon_core.package_identification:_identify(LCD_web/portamail_ui/venv/lib/python3.12/site-packages/dnspython-2.8.0.dist-info/licenses) by extensions ['ignore', 'ignore_ament_install']
[0.865s] Level 1:colcon.colcon_core.package_identification:_identify(LCD_web/portamail_ui/venv/lib/python3.12/site-packages/dnspython-2.8.0.dist-info/licenses) by extension 'ignore'
[0.865s] Level 1:colcon.colcon_core.package_identification:_identify(LCD_web/portamail_ui/venv/lib/python3.12/site-packages/dnspython-2.8.0.dist-info/licenses) by extension 'ignore_ament_install'
[0.866s] Level 1:colcon.colcon_core.package_identification:_identify(LCD_web/portamail_ui/venv/lib/python3.12/site-packages/dnspython-2.8.0.dist-info/licenses) by extensions ['colcon_pkg']
[0.866s] Level 1:colcon.colcon_core.package_identification:_identify(LCD_web/portamail_ui/venv/lib/python3.12/site-packages/dnspython-2.8.0.dist-info/licenses) by extension 'colcon_pkg'
[0.866s] Level 1:colcon.colcon_core.package_identification:_identify(LCD_web/portamail_ui/venv/lib/python3.12/site-packages/dnspython-2.8.0.dist-info/licenses) by extensions ['colcon_meta']
[0.866s] Level 1:colcon.colcon_core.package_identification:_identify(LCD_web/portamail_ui/venv/lib/python3.12/site-packages/dnspython-2.8.0.dist-info/licenses) by extension 'colcon_meta'
[0.866s] Level 1:colcon.colcon_core.package_identification:_identify(LCD_web/portamail_ui/venv/lib/python3.12/site-packages/dnspython-2.8.0.dist-info/licenses) by extensions ['ros']
[0.866s] Level 1:colcon.colcon_core.package_identification:_identify(LCD_web/portamail_ui/venv/lib/python3.12/site-packages/dnspython-2.8.0.dist-info/licenses) by extension 'ros'
[0.866s] Level 1:colcon.colcon_core.package_identification:_identify(LCD_web/portamail_ui/venv/lib/python3.12/site-packages/dnspython-2.8.0.dist-info/licenses) by extensions ['cmake', 'python']
[0.866s] Level 1:colcon.colcon_core.package_identification:_identify(LCD_web/portamail_ui/venv/lib/python3.12/site-packages/dnspython-2.8.0.dist-info/licenses) by extension 'cmake'
[0.866s] Level 1:colcon.colcon_core.package_identification:_identify(LCD_web/portamail_ui/venv/lib/python3.12/site-packages/dnspython-2.8.0.dist-info/licenses) by extension 'python'
[0.866s] Level 1:colcon.colcon_core.package_identification:_identify(LCD_web/portamail_ui/venv/lib/python3.12/site-packages/dnspython-2.8.0.dist-info/licenses) by extensions ['python_setup_py']
[0.866s] Level 1:colcon.colcon_core.package_identification:_identify(LCD_web/portamail_ui/venv/lib/python3.12/site-packages/dnspython-2.8.0.dist-info/licenses) by extension 'python_setup_py'
[0.866s] Level 1:colcon.colcon_core.package_identification:_identify(LCD_web/portamail_ui/venv/lib/python3.12/site-packages/engineio) by extensions ['ignore', 'ignore_ament_install']
[0.866s] Level 1:colcon.colcon_core.package_identification:_identify(LCD_web/portamail_ui/venv/lib/python3.12/site-packages/engineio) by extension 'ignore'
[0.866s] Level 1:colcon.colcon_core.package_identification:_identify(LCD_web/portamail_ui/venv/lib/python3.12/site-packages/engineio) by extension 'ignore_ament_install'
[0.866s] Level 1:colcon.colcon_core.package_identification:_identify(LCD_web/portamail_ui/venv/lib/python3.12/site-packages/engineio) by extensions ['colcon_pkg']
[0.866s] Level 1:colcon.colcon_core.package_identification:_identify(LCD_web/portamail_ui/venv/lib/python3.12/site-packages/engineio) by extension 'colcon_pkg'
[0.867s] Level 1:colcon.colcon_core.package_identification:_identify(LCD_web/portamail_ui/venv/lib/python3.12/site-packages/engineio) by extensions ['colcon_meta']
[0.867s] Level 1:colcon.colcon_core.package_identification:_identify(LCD_web/portamail_ui/venv/lib/python3.12/site-packages/engineio) by extension 'colcon_meta'
[0.867s] Level 1:colcon.colcon_core.package_identification:_identify(LCD_web/portamail_ui/venv/lib/python3.12/site-packages/engineio) by extensions ['ros']
[0.867s] Level 1:colcon.colcon_core.package_identification:_identify(LCD_web/portamail_ui/venv/lib/python3.12/site-packages/engineio) by extension 'ros'
[0.867s] Level 1:colcon.colcon_core.package_identification:_identify(LCD_web/portamail_ui/venv/lib/python3.12/site-packages/engineio) by extensions ['cmake', 'python']
[0.867s] Level 1:colcon.colcon_core.package_identification:_identify(LCD_web/portamail_ui/venv/lib/python3.12/site-packages/engineio) by extension 'cmake'
[0.867s] Level 1:colcon.colcon_core.package_identification:_identify(LCD_web/portamail_ui/venv/lib/python3.12/site-packages/engineio) by extension 'python'
[0.867s] Level 1:colcon.colcon_core.package_identification:_identify(LCD_web/portamail_ui/venv/lib/python3.12/site-packages/engineio) by extensions ['python_setup_py']
[0.867s] Level 1:colcon.colcon_core.package_identification:_identify(LCD_web/portamail_ui/venv/lib/python3.12/site-packages/engineio) by extension 'python_setup_py'
[0.867s] Level 1:colcon.colcon_core.package_identification:_identify(LCD_web/portamail_ui/venv/lib/python3.12/site-packages/engineio/__pycache__) by extensions ['ignore', 'ignore_ament_install']
[0.867s] Level 1:colcon.colcon_core.package_identification:_identify(LCD_web/portamail_ui/venv/lib/python3.12/site-packages/engineio/__pycache__) by extension 'ignore'
[0.867s] Level 1:colcon.colcon_core.package_identification:_identify(LCD_web/portamail_ui/venv/lib/python3.12/site-packages/engineio/__pycache__) by extension 'ignore_ament_install'
[0.868s] Level 1:colcon.colcon_core.package_identification:_identify(LCD_web/portamail_ui/venv/lib/python3.12/site-packages/engineio/__pycache__) by extensions ['colcon_pkg']
[0.868s] Level 1:colcon.colcon_core.package_identification:_identify(LCD_web/portamail_ui/venv/lib/python3.12/site-packages/engineio/__pycache__) by extension 'colcon_pkg'
[0.868s] Level 1:colcon.colcon_core.package_identification:_identify(LCD_web/portamail_ui/venv/lib/python3.12/site-packages/engineio/__pycache__) by extensions ['colcon_meta']
[0.868s] Level 1:colcon.colcon_core.package_identification:_identify(LCD_web/portamail_ui/venv/lib/python3.12/site-packages/engineio/__pycache__) by extension 'colcon_meta'
[0.868s] Level 1:colcon.colcon_core.package_identification:_identify(LCD_web/portamail_ui/venv/lib/python3.12/site-packages/engineio/__pycache__) by extensions ['ros']
[0.868s] Level 1:colcon.colcon_core.package_identification:_identify(LCD_web/portamail_ui/venv/lib/python3.12/site-packages/engineio/__pycache__) by extension 'ros'
[0.868s] Level 1:colcon.colcon_core.package_identification:_identify(LCD_web/portamail_ui/venv/lib/python3.12/site-packages/engineio/__pycache__) by extensions ['cmake', 'python']
[0.868s] Level 1:colcon.colcon_core.package_identification:_identify(LCD_web/portamail_ui/venv/lib/python3.12/site-packages/engineio/__pycache__) by extension 'cmake'
[0.868s] Level 1:colcon.colcon_core.package_identification:_identify(LCD_web/portamail_ui/venv/lib/python3.12/site-packages/engineio/__pycache__) by extension 'python'
[0.868s] Level 1:colcon.colcon_core.package_identification:_identify(LCD_web/portamail_ui/venv/lib/python3.12/site-packages/engineio/__pycache__) by extensions ['python_setup_py']
[0.868s] Level 1:colcon.colcon_core.package_identification:_identify(LCD_web/portamail_ui/venv/lib/python3.12/site-packages/engineio/__pycache__) by extension 'python_setup_py'
[0.868s] Level 1:colcon.colcon_core.package_identification:_identify(LCD_web/portamail_ui/venv/lib/python3.12/site-packages/engineio/async_drivers) by extensions ['ignore', 'ignore_ament_install']
[0.869s] Level 1:colcon.colcon_core.package_identification:_identify(LCD_web/portamail_ui/venv/lib/python3.12/site-packages/engineio/async_drivers) by extension 'ignore'
[0.869s] Level 1:colcon.colcon_core.package_identification:_identify(LCD_web/portamail_ui/venv/lib/python3.12/site-packages/engineio/async_drivers) by extension 'ignore_ament_install'
[0.869s] Level 1:colcon.colcon_core.package_identification:_identify(LCD_web/portamail_ui/venv/lib/python3.12/site-packages/engineio/async_drivers) by extensions ['colcon_pkg']
[0.869s] Level 1:colcon.colcon_core.package_identification:_identify(LCD_web/portamail_ui/venv/lib/python3.12/site-packages/engineio/async_drivers) by extension 'colcon_pkg'
[0.869s] Level 1:colcon.colcon_core.package_identification:_identify(LCD_web/portamail_ui/venv/lib/python3.12/site-packages/engineio/async_drivers) by extensions ['colcon_meta']
[0.869s] Level 1:colcon.colcon_core.package_identification:_identify(LCD_web/portamail_ui/venv/lib/python3.12/site-packages/engineio/async_drivers) by extension 'colcon_meta'
[0.869s] Level 1:colcon.colcon_core.package_identification:_identify(LCD_web/portamail_ui/venv/lib/python3.12/site-packages/engineio/async_drivers) by extensions ['ros']
[0.869s] Level 1:colcon.colcon_core.package_identification:_identify(LCD_web/portamail_ui/venv/lib/python3.12/site-packages/engineio/async_drivers) by extension 'ros'
[0.869s] Level 1:colcon.colcon_core.package_identification:_identify(LCD_web/portamail_ui/venv/lib/python3.12/site-packages/engineio/async_drivers) by extensions ['cmake', 'python']
[0.869s] Level 1:colcon.colcon_core.package_identification:_identify(LCD_web/portamail_ui/venv/lib/python3.12/site-packages/engineio/async_drivers) by extension 'cmake'
[0.869s] Level 1:colcon.colcon_core.package_identification:_identify(LCD_web/portamail_ui/venv/lib/python3.12/site-packages/engineio/async_drivers) by extension 'python'
[0.869s] Level 1:colcon.colcon_core.package_identification:_identify(LCD_web/portamail_ui/venv/lib/python3.12/site-packages/engineio/async_drivers) by extensions ['python_setup_py']
[0.869s] Level 1:colcon.colcon_core.package_identification:_identify(LCD_web/portamail_ui/venv/lib/python3.12/site-packages/engineio/async_drivers) by extension 'python_setup_py'
[0.869s] Level 1:colcon.colcon_core.package_identification:_identify(LCD_web/portamail_ui/venv/lib/python3.12/site-packages/engineio/async_drivers/__pycache__) by extensions ['ignore', 'ignore_ament_install']
[0.870s] Level 1:colcon.colcon_core.package_identification:_identify(LCD_web/portamail_ui/venv/lib/python3.12/site-packages/engineio/async_drivers/__pycache__) by extension 'ignore'
[0.870s] Level 1:colcon.colcon_core.package_identification:_identify(LCD_web/portamail_ui/venv/lib/python3.12/site-packages/engineio/async_drivers/__pycache__) by extension 'ignore_ament_install'
[0.870s] Level 1:colcon.colcon_core.package_identification:_identify(LCD_web/portamail_ui/venv/lib/python3.12/site-packages/engineio/async_drivers/__pycache__) by extensions ['colcon_pkg']
[0.870s] Level 1:colcon.colcon_core.package_identification:_identify(LCD_web/portamail_ui/venv/lib/python3.12/site-packages/engineio/async_drivers/__pycache__) by extension 'colcon_pkg'
[0.870s] Level 1:colcon.colcon_core.package_identification:_identify(LCD_web/portamail_ui/venv/lib/python3.12/site-packages/engineio/async_drivers/__pycache__) by extensions ['colcon_meta']
[0.870s] Level 1:colcon.colcon_core.package_identification:_identify(LCD_web/portamail_ui/venv/lib/python3.12/site-packages/engineio/async_drivers/__pycache__) by extension 'colcon_meta'
[0.870s] Level 1:colcon.colcon_core.package_identification:_identify(LCD_web/portamail_ui/venv/lib/python3.12/site-packages/engineio/async_drivers/__pycache__) by extensions ['ros']
[0.870s] Level 1:colcon.colcon_core.package_identification:_identify(LCD_web/portamail_ui/venv/lib/python3.12/site-packages/engineio/async_drivers/__pycache__) by extension 'ros'
[0.870s] Level 1:colcon.colcon_core.package_identification:_identify(LCD_web/portamail_ui/venv/lib/python3.12/site-packages/engineio/async_drivers/__pycache__) by extensions ['cmake', 'python']
[0.870s] Level 1:colcon.colcon_core.package_identification:_identify(LCD_web/portamail_ui/venv/lib/python3.12/site-packages/engineio/async_drivers/__pycache__) by extension 'cmake'
[0.870s] Level 1:colcon.colcon_core.package_identification:_identify(LCD_web/portamail_ui/venv/lib/python3.12/site-packages/engineio/async_drivers/__pycache__) by extension 'python'
[0.870s] Level 1:colcon.colcon_core.package_identification:_identify(LCD_web/portamail_ui/venv/lib/python3.12/site-packages/engineio/async_drivers/__pycache__) by extensions ['python_setup_py']
[0.870s] Level 1:colcon.colcon_core.package_identification:_identify(LCD_web/portamail_ui/venv/lib/python3.12/site-packages/engineio/async_drivers/__pycache__) by extension 'python_setup_py'
[0.871s] Level 1:colcon.colcon_core.package_identification:_identify(LCD_web/portamail_ui/venv/lib/python3.12/site-packages/eventlet) by extensions ['ignore', 'ignore_ament_install']
[0.871s] Level 1:colcon.colcon_core.package_identification:_identify(LCD_web/portamail_ui/venv/lib/python3.12/site-packages/eventlet) by extension 'ignore'
[0.871s] Level 1:colcon.colcon_core.package_identification:_identify(LCD_web/portamail_ui/venv/lib/python3.12/site-packages/eventlet) by extension 'ignore_ament_install'
[0.871s] Level 1:colcon.colcon_core.package_identification:_identify(LCD_web/portamail_ui/venv/lib/python3.12/site-packages/eventlet) by extensions ['colcon_pkg']
[0.871s] Level 1:colcon.colcon_core.package_identification:_identify(LCD_web/portamail_ui/venv/lib/python3.12/site-packages/eventlet) by extension 'colcon_pkg'
[0.871s] Level 1:colcon.colcon_core.package_identification:_identify(LCD_web/portamail_ui/venv/lib/python3.12/site-packages/eventlet) by extensions ['colcon_meta']
[0.871s] Level 1:colcon.colcon_core.package_identification:_identify(LCD_web/portamail_ui/venv/lib/python3.12/site-packages/eventlet) by extension 'colcon_meta'
[0.871s] Level 1:colcon.colcon_core.package_identification:_identify(LCD_web/portamail_ui/venv/lib/python3.12/site-packages/eventlet) by extensions ['ros']
[0.871s] Level 1:colcon.colcon_core.package_identification:_identify(LCD_web/portamail_ui/venv/lib/python3.12/site-packages/eventlet) by extension 'ros'
[0.871s] Level 1:colcon.colcon_core.package_identification:_identify(LCD_web/portamail_ui/venv/lib/python3.12/site-packages/eventlet) by extensions ['cmake', 'python']
[0.871s] Level 1:colcon.colcon_core.package_identification:_identify(LCD_web/portamail_ui/venv/lib/python3.12/site-packages/eventlet) by extension 'cmake'
[0.872s] Level 1:colcon.colcon_core.package_identification:_identify(LCD_web/portamail_ui/venv/lib/python3.12/site-packages/eventlet) by extension 'python'
[0.872s] Level 1:colcon.colcon_core.package_identification:_identify(LCD_web/portamail_ui/venv/lib/python3.12/site-packages/eventlet) by extensions ['python_setup_py']
[0.872s] Level 1:colcon.colcon_core.package_identification:_identify(LCD_web/portamail_ui/venv/lib/python3.12/site-packages/eventlet) by extension 'python_setup_py'
[0.872s] Level 1:colcon.colcon_core.package_identification:_identify(LCD_web/portamail_ui/venv/lib/python3.12/site-packages/eventlet/__pycache__) by extensions ['ignore', 'ignore_ament_install']
[0.872s] Level 1:colcon.colcon_core.package_identification:_identify(LCD_web/portamail_ui/venv/lib/python3.12/site-packages/eventlet/__pycache__) by extension 'ignore'
[0.873s] Level 1:colcon.colcon_core.package_identification:_identify(LCD_web/portamail_ui/venv/lib/python3.12/site-packages/eventlet/__pycache__) by extension 'ignore_ament_install'
[0.873s] Level 1:colcon.colcon_core.package_identification:_identify(LCD_web/portamail_ui/venv/lib/python3.12/site-packages/eventlet/__pycache__) by extensions ['colcon_pkg']
[0.873s] Level 1:colcon.colcon_core.package_identification:_identify(LCD_web/portamail_ui/venv/lib/python3.12/site-packages/eventlet/__pycache__) by extension 'colcon_pkg'
[0.873s] Level 1:colcon.colcon_core.package_identification:_identify(LCD_web/portamail_ui/venv/lib/python3.12/site-packages/eventlet/__pycache__) by extensions ['colcon_meta']
[0.873s] Level 1:colcon.colcon_core.package_identification:_identify(LCD_web/portamail_ui/venv/lib/python3.12/site-packages/eventlet/__pycache__) by extension 'colcon_meta'
[0.873s] Level 1:colcon.colcon_core.package_identification:_identify(LCD_web/portamail_ui/venv/lib/python3.12/site-packages/eventlet/__pycache__) by extensions ['ros']
[0.873s] Level 1:colcon.colcon_core.package_identification:_identify(LCD_web/portamail_ui/venv/lib/python3.12/site-packages/eventlet/__pycache__) by extension 'ros'
[0.873s] Level 1:colcon.colcon_core.package_identification:_identify(LCD_web/portamail_ui/venv/lib/python3.12/site-packages/eventlet/__pycache__) by extensions ['cmake', 'python']
[0.873s] Level 1:colcon.colcon_core.package_identification:_identify(LCD_web/portamail_ui/venv/lib/python3.12/site-packages/eventlet/__pycache__) by extension 'cmake'
[0.874s] Level 1:colcon.colcon_core.package_identification:_identify(LCD_web/portamail_ui/venv/lib/python3.12/site-packages/eventlet/__pycache__) by extension 'python'
[0.874s] Level 1:colcon.colcon_core.package_identification:_identify(LCD_web/portamail_ui/venv/lib/python3.12/site-packages/eventlet/__pycache__) by extensions ['python_setup_py']
[0.874s] Level 1:colcon.colcon_core.package_identification:_identify(LCD_web/portamail_ui/venv/lib/python3.12/site-packages/eventlet/__pycache__) by extension 'python_setup_py'
[0.874s] Level 1:colcon.colcon_core.package_identification:_identify(LCD_web/portamail_ui/venv/lib/python3.12/site-packages/eventlet/green) by extensions ['ignore', 'ignore_ament_install']
[0.874s] Level 1:colcon.colcon_core.package_identification:_identify(LCD_web/portamail_ui/venv/lib/python3.12/site-packages/eventlet/green) by extension 'ignore'
[0.874s] Level 1:colcon.colcon_core.package_identification:_identify(LCD_web/portamail_ui/venv/lib/python3.12/site-packages/eventlet/green) by extension 'ignore_ament_install'
[0.874s] Level 1:colcon.colcon_core.package_identification:_identify(LCD_web/portamail_ui/venv/lib/python3.12/site-packages/eventlet/green) by extensions ['colcon_pkg']
[0.874s] Level 1:colcon.colcon_core.package_identification:_identify(LCD_web/portamail_ui/venv/lib/python3.12/site-packages/eventlet/green) by extension 'colcon_pkg'
[0.875s] Level 1:colcon.colcon_core.package_identification:_identify(LCD_web/portamail_ui/venv/lib/python3.12/site-packages/eventlet/green) by extensions ['colcon_meta']
[0.875s] Level 1:colcon.colcon_core.package_identification:_identify(LCD_web/portamail_ui/venv/lib/python3.12/site-packages/eventlet/green) by extension 'colcon_meta'
[0.875s] Level 1:colcon.colcon_core.package_identification:_identify(LCD_web/portamail_ui/venv/lib/python3.12/site-packages/eventlet/green) by extensions ['ros']
[0.875s] Level 1:colcon.colcon_core.package_identification:_identify(LCD_web/portamail_ui/venv/lib/python3.12/site-packages/eventlet/green) by extension 'ros'
[0.875s] Level 1:colcon.colcon_core.package_identification:_identify(LCD_web/portamail_ui/venv/lib/python3.12/site-packages/eventlet/green) by extensions ['cmake', 'python']
[0.875s] Level 1:colcon.colcon_core.package_identification:_identify(LCD_web/portamail_ui/venv/lib/python3.12/site-packages/eventlet/green) by extension 'cmake'
[0.875s] Level 1:colcon.colcon_core.package_identification:_identify(LCD_web/portamail_ui/venv/lib/python3.12/site-packages/eventlet/green) by extension 'python'
[0.875s] Level 1:colcon.colcon_core.package_identification:_identify(LCD_web/portamail_ui/venv/lib/python3.12/site-packages/eventlet/green) by extensions ['python_setup_py']
[0.875s] Level 1:colcon.colcon_core.package_identification:_identify(LCD_web/portamail_ui/venv/lib/python3.12/site-packages/eventlet/green) by extension 'python_setup_py'
[0.876s] Level 1:colcon.colcon_core.package_identification:_identify(LCD_web/portamail_ui/venv/lib/python3.12/site-packages/eventlet/green/OpenSSL) by extensions ['ignore', 'ignore_ament_install']
[0.876s] Level 1:colcon.colcon_core.package_identification:_identify(LCD_web/portamail_ui/venv/lib/python3.12/site-packages/eventlet/green/OpenSSL) by extension 'ignore'
[0.876s] Level 1:colcon.colcon_core.package_identification:_identify(LCD_web/portamail_ui/venv/lib/python3.12/site-packages/eventlet/green/OpenSSL) by extension 'ignore_ament_install'
[0.876s] Level 1:colcon.colcon_core.package_identification:_identify(LCD_web/portamail_ui/venv/lib/python3.12/site-packages/eventlet/green/OpenSSL) by extensions ['colcon_pkg']
[0.876s] Level 1:colcon.colcon_core.package_identification:_identify(LCD_web/portamail_ui/venv/lib/python3.12/site-packages/eventlet/green/OpenSSL) by extension 'colcon_pkg'
[0.876s] Level 1:colcon.colcon_core.package_identification:_identify(LCD_web/portamail_ui/venv/lib/python3.12/site-packages/eventlet/green/OpenSSL) by extensions ['colcon_meta']
[0.876s] Level 1:colcon.colcon_core.package_identification:_identify(LCD_web/portamail_ui/venv/lib/python3.12/site-packages/eventlet/green/OpenSSL) by extension 'colcon_meta'
[0.877s] Level 1:colcon.colcon_core.package_identification:_identify(LCD_web/portamail_ui/venv/lib/python3.12/site-packages/eventlet/green/OpenSSL) by extensions ['ros']
[0.877s] Level 1:colcon.colcon_core.package_identification:_identify(LCD_web/portamail_ui/venv/lib/python3.12/site-packages/eventlet/green/OpenSSL) by extension 'ros'
[0.877s] Level 1:colcon.colcon_core.package_identification:_identify(LCD_web/portamail_ui/venv/lib/python3.12/site-packages/eventlet/green/OpenSSL) by extensions ['cmake', 'python']
[0.877s] Level 1:colcon.colcon_core.package_identification:_identify(LCD_web/portamail_ui/venv/lib/python3.12/site-packages/eventlet/green/OpenSSL) by extension 'cmake'
[0.877s] Level 1:colcon.colcon_core.package_identification:_identify(LCD_web/portamail_ui/venv/lib/python3.12/site-packages/eventlet/green/OpenSSL) by extension 'python'
[0.877s] Level 1:colcon.colcon_core.package_identification:_identify(LCD_web/portamail_ui/venv/lib/python3.12/site-packages/eventlet/green/OpenSSL) by extensions ['python_setup_py']
[0.877s] Level 1:colcon.colcon_core.package_identification:_identify(LCD_web/portamail_ui/venv/lib/python3.12/site-packages/eventlet/green/OpenSSL) by extension 'python_setup_py'
[0.878s] Level 1:colcon.colcon_core.package_identification:_identify(LCD_web/portamail_ui/venv/lib/python3.12/site-packages/eventlet/green/OpenSSL/__pycache__) by extensions ['ignore', 'ignore_ament_install']
[0.878s] Level 1:colcon.colcon_core.package_identification:_identify(LCD_web/portamail_ui/venv/lib/python3.12/site-packages/eventlet/green/OpenSSL/__pycache__) by extension 'ignore'
[0.878s] Level 1:colcon.colcon_core.package_identification:_identify(LCD_web/portamail_ui/venv/lib/python3.12/site-packages/eventlet/green/OpenSSL/__pycache__) by extension 'ignore_ament_install'
[0.878s] Level 1:colcon.colcon_core.package_identification:_identify(LCD_web/portamail_ui/venv/lib/python3.12/site-packages/eventlet/green/OpenSSL/__pycache__) by extensions ['colcon_pkg']
[0.878s] Level 1:colcon.colcon_core.package_identification:_identify(LCD_web/portamail_ui/venv/lib/python3.12/site-packages/eventlet/green/OpenSSL/__pycache__) by extension 'colcon_pkg'
[0.878s] Level 1:colcon.colcon_core.package_identification:_identify(LCD_web/portamail_ui/venv/lib/python3.12/site-packages/eventlet/green/OpenSSL/__pycache__) by extensions ['colcon_meta']
[0.878s] Level 1:colcon.colcon_core.package_identification:_identify(LCD_web/portamail_ui/venv/lib/python3.12/site-packages/eventlet/green/OpenSSL/__pycache__) by extension 'colcon_meta'
[0.878s] Level 1:colcon.colcon_core.package_identification:_identify(LCD_web/portamail_ui/venv/lib/python3.12/site-packages/eventlet/green/OpenSSL/__pycache__) by extensions ['ros']
[0.878s] Level 1:colcon.colcon_core.package_identification:_identify(LCD_web/portamail_ui/venv/lib/python3.12/site-packages/eventlet/green/OpenSSL/__pycache__) by extension 'ros'
[0.879s] Level 1:colcon.colcon_core.package_identification:_identify(LCD_web/portamail_ui/venv/lib/python3.12/site-packages/eventlet/green/OpenSSL/__pycache__) by extensions ['cmake', 'python']
[0.879s] Level 1:colcon.colcon_core.package_identification:_identify(LCD_web/portamail_ui/venv/lib/python3.12/site-packages/eventlet/green/OpenSSL/__pycache__) by extension 'cmake'
[0.879s] Level 1:colcon.colcon_core.package_identification:_identify(LCD_web/portamail_ui/venv/lib/python3.12/site-packages/eventlet/green/OpenSSL/__pycache__) by extension 'python'
[0.879s] Level 1:colcon.colcon_core.package_identification:_identify(LCD_web/portamail_ui/venv/lib/python3.12/site-packages/eventlet/green/OpenSSL/__pycache__) by extensions ['python_setup_py']
[0.879s] Level 1:colcon.colcon_core.package_identification:_identify(LCD_web/portamail_ui/venv/lib/python3.12/site-packages/eventlet/green/OpenSSL/__pycache__) by extension 'python_setup_py'
[0.879s] Level 1:colcon.colcon_core.package_identification:_identify(LCD_web/portamail_ui/venv/lib/python3.12/site-packages/eventlet/green/__pycache__) by extensions ['ignore', 'ignore_ament_install']
[0.879s] Level 1:colcon.colcon_core.package_identification:_identify(LCD_web/portamail_ui/venv/lib/python3.12/site-packages/eventlet/green/__pycache__) by extension 'ignore'
[0.879s] Level 1:colcon.colcon_core.package_identification:_identify(LCD_web/portamail_ui/venv/lib/python3.12/site-packages/eventlet/green/__pycache__) by extension 'ignore_ament_install'
[0.879s] Level 1:colcon.colcon_core.package_identification:_identify(LCD_web/portamail_ui/venv/lib/python3.12/site-packages/eventlet/green/__pycache__) by extensions ['colcon_pkg']
[0.879s] Level 1:colcon.colcon_core.package_identification:_identify(LCD_web/portamail_ui/venv/lib/python3.12/site-packages/eventlet/green/__pycache__) by extension 'colcon_pkg'
[0.879s] Level 1:colcon.colcon_core.package_identification:_identify(LCD_web/portamail_ui/venv/lib/python3.12/site-packages/eventlet/green/__pycache__) by extensions ['colcon_meta']
[0.879s] Level 1:colcon.colcon_core.package_identification:_identify(LCD_web/portamail_ui/venv/lib/python3.12/site-packages/eventlet/green/__pycache__) by extension 'colcon_meta'
[0.879s] Level 1:colcon.colcon_core.package_identification:_identify(LCD_web/portamail_ui/venv/lib/python3.12/site-packages/eventlet/green/__pycache__) by extensions ['ros']
[0.879s] Level 1:colcon.colcon_core.package_identification:_identify(LCD_web/portamail_ui/venv/lib/python3.12/site-packages/eventlet/green/__pycache__) by extension 'ros'
[0.879s] Level 1:colcon.colcon_core.package_identification:_identify(LCD_web/portamail_ui/venv/lib/python3.12/site-packages/eventlet/green/__pycache__) by extensions ['cmake', 'python']
[0.879s] Level 1:colcon.colcon_core.package_identification:_identify(LCD_web/portamail_ui/venv/lib/python3.12/site-packages/eventlet/green/__pycache__) by extension 'cmake'
[0.880s] Level 1:colcon.colcon_core.package_identification:_identify(LCD_web/portamail_ui/venv/lib/python3.12/site-packages/eventlet/green/__pycache__) by extension 'python'
[0.880s] Level 1:colcon.colcon_core.package_identification:_identify(LCD_web/portamail_ui/venv/lib/python3.12/site-packages/eventlet/green/__pycache__) by extensions ['python_setup_py']
[0.880s] Level 1:colcon.colcon_core.package_identification:_identify(LCD_web/portamail_ui/venv/lib/python3.12/site-packages/eventlet/green/__pycache__) by extension 'python_setup_py'
[0.882s] Level 1:colcon.colcon_core.package_identification:_identify(LCD_web/portamail_ui/venv/lib/python3.12/site-packages/eventlet/green/http) by extensions ['ignore', 'ignore_ament_install']
[0.882s] Level 1:colcon.colcon_core.package_identification:_identify(LCD_web/portamail_ui/venv/lib/python3.12/site-packages/eventlet/green/http) by extension 'ignore'
[0.882s] Level 1:colcon.colcon_core.package_identification:_identify(LCD_web/portamail_ui/venv/lib/python3.12/site-packages/eventlet/green/http) by extension 'ignore_ament_install'
[0.882s] Level 1:colcon.colcon_core.package_identification:_identify(LCD_web/portamail_ui/venv/lib/python3.12/site-packages/eventlet/green/http) by extensions ['colcon_pkg']
[0.882s] Level 1:colcon.colcon_core.package_identification:_identify(LCD_web/portamail_ui/venv/lib/python3.12/site-packages/eventlet/green/http) by extension 'colcon_pkg'
[0.882s] Level 1:colcon.colcon_core.package_identification:_identify(LCD_web/portamail_ui/venv/lib/python3.12/site-packages/eventlet/green/http) by extensions ['colcon_meta']
[0.882s] Level 1:colcon.colcon_core.package_identification:_identify(LCD_web/portamail_ui/venv/lib/python3.12/site-packages/eventlet/green/http) by extension 'colcon_meta'
[0.882s] Level 1:colcon.colcon_core.package_identification:_identify(LCD_web/portamail_ui/venv/lib/python3.12/site-packages/eventlet/green/http) by extensions ['ros']
[0.882s] Level 1:colcon.colcon_core.package_identification:_identify(LCD_web/portamail_ui/venv/lib/python3.12/site-packages/eventlet/green/http) by extension 'ros'
[0.882s] Level 1:colcon.colcon_core.package_identification:_identify(LCD_web/portamail_ui/venv/lib/python3.12/site-packages/eventlet/green/http) by extensions ['cmake', 'python']
[0.882s] Level 1:colcon.colcon_core.package_identification:_identify(LCD_web/portamail_ui/venv/lib/python3.12/site-packages/eventlet/green/http) by extension 'cmake'
[0.882s] Level 1:colcon.colcon_core.package_identification:_identify(LCD_web/portamail_ui/venv/lib/python3.12/site-packages/eventlet/green/http) by extension 'python'
[0.883s] Level 1:colcon.colcon_core.package_identification:_identify(LCD_web/portamail_ui/venv/lib/python3.12/site-packages/eventlet/green/http) by extensions ['python_setup_py']
[0.883s] Level 1:colcon.colcon_core.package_identification:_identify(LCD_web/portamail_ui/venv/lib/python3.12/site-packages/eventlet/green/http) by extension 'python_setup_py'
[0.884s] Level 1:colcon.colcon_core.package_identification:_identify(LCD_web/portamail_ui/venv/lib/python3.12/site-packages/eventlet/green/http/__pycache__) by extensions ['ignore', 'ignore_ament_install']
[0.885s] Level 1:colcon.colcon_core.package_identification:_identify(LCD_web/portamail_ui/venv/lib/python3.12/site-packages/eventlet/green/http/__pycache__) by extension 'ignore'
[0.885s] Level 1:colcon.colcon_core.package_identification:_identify(LCD_web/portamail_ui/venv/lib/python3.12/site-packages/eventlet/green/http/__pycache__) by extension 'ignore_ament_install'
[0.885s] Level 1:colcon.colcon_core.package_identification:_identify(LCD_web/portamail_ui/venv/lib/python3.12/site-packages/eventlet/green/http/__pycache__) by extensions ['colcon_pkg']
[0.885s] Level 1:colcon.colcon_core.package_identification:_identify(LCD_web/portamail_ui/venv/lib/python3.12/site-packages/eventlet/green/http/__pycache__) by extension 'colcon_pkg'
[0.885s] Level 1:colcon.colcon_core.package_identification:_identify(LCD_web/portamail_ui/venv/lib/python3.12/site-packages/eventlet/green/http/__pycache__) by extensions ['colcon_meta']
[0.885s] Level 1:colcon.colcon_core.package_identification:_identify(LCD_web/portamail_ui/venv/lib/python3.12/site-packages/eventlet/green/http/__pycache__) by extension 'colcon_meta'
[0.885s] Level 1:colcon.colcon_core.package_identification:_identify(LCD_web/portamail_ui/venv/lib/python3.12/site-packages/eventlet/green/http/__pycache__) by extensions ['ros']
[0.885s] Level 1:colcon.colcon_core.package_identification:_identify(LCD_web/portamail_ui/venv/lib/python3.12/site-packages/eventlet/green/http/__pycache__) by extension 'ros'
[0.885s] Level 1:colcon.colcon_core.package_identification:_identify(LCD_web/portamail_ui/venv/lib/python3.12/site-packages/eventlet/green/http/__pycache__) by extensions ['cmake', 'python']
[0.885s] Level 1:colcon.colcon_core.package_identification:_identify(LCD_web/portamail_ui/venv/lib/python3.12/site-packages/eventlet/green/http/__pycache__) by extension 'cmake'
[0.885s] Level 1:colcon.colcon_core.package_identification:_identify(LCD_web/portamail_ui/venv/lib/python3.12/site-packages/eventlet/green/http/__pycache__) by extension 'python'
[0.885s] Level 1:colcon.colcon_core.package_identification:_identify(LCD_web/portamail_ui/venv/lib/python3.12/site-packages/eventlet/green/http/__pycache__) by extensions ['python_setup_py']
[0.885s] Level 1:colcon.colcon_core.package_identification:_identify(LCD_web/portamail_ui/venv/lib/python3.12/site-packages/eventlet/green/http/__pycache__) by extension 'python_setup_py'
[0.887s] Level 1:colcon.colcon_core.package_identification:_identify(LCD_web/portamail_ui/venv/lib/python3.12/site-packages/eventlet/green/urllib) by extensions ['ignore', 'ignore_ament_install']
[0.887s] Level 1:colcon.colcon_core.package_identification:_identify(LCD_web/portamail_ui/venv/lib/python3.12/site-packages/eventlet/green/urllib) by extension 'ignore'
[0.887s] Level 1:colcon.colcon_core.package_identification:_identify(LCD_web/portamail_ui/venv/lib/python3.12/site-packages/eventlet/green/urllib) by extension 'ignore_ament_install'
[0.887s] Level 1:colcon.colcon_core.package_identification:_identify(LCD_web/portamail_ui/venv/lib/python3.12/site-packages/eventlet/green/urllib) by extensions ['colcon_pkg']
[0.887s] Level 1:colcon.colcon_core.package_identification:_identify(LCD_web/portamail_ui/venv/lib/python3.12/site-packages/eventlet/green/urllib) by extension 'colcon_pkg'
[0.887s] Level 1:colcon.colcon_core.package_identification:_identify(LCD_web/portamail_ui/venv/lib/python3.12/site-packages/eventlet/green/urllib) by extensions ['colcon_meta']
[0.887s] Level 1:colcon.colcon_core.package_identification:_identify(LCD_web/portamail_ui/venv/lib/python3.12/site-packages/eventlet/green/urllib) by extension 'colcon_meta'
[0.887s] Level 1:colcon.colcon_core.package_identification:_identify(LCD_web/portamail_ui/venv/lib/python3.12/site-packages/eventlet/green/urllib) by extensions ['ros']
[0.887s] Level 1:colcon.colcon_core.package_identification:_identify(LCD_web/portamail_ui/venv/lib/python3.12/site-packages/eventlet/green/urllib) by extension 'ros'
[0.887s] Level 1:colcon.colcon_core.package_identification:_identify(LCD_web/portamail_ui/venv/lib/python3.12/site-packages/eventlet/green/urllib) by extensions ['cmake', 'python']
[0.887s] Level 1:colcon.colcon_core.package_identification:_identify(LCD_web/portamail_ui/venv/lib/python3.12/site-packages/eventlet/green/urllib) by extension 'cmake'
[0.887s] Level 1:colcon.colcon_core.package_identification:_identify(LCD_web/portamail_ui/venv/lib/python3.12/site-packages/eventlet/green/urllib) by extension 'python'
[0.888s] Level 1:colcon.colcon_core.package_identification:_identify(LCD_web/portamail_ui/venv/lib/python3.12/site-packages/eventlet/green/urllib) by extensions ['python_setup_py']
[0.888s] Level 1:colcon.colcon_core.package_identification:_identify(LCD_web/portamail_ui/venv/lib/python3.12/site-packages/eventlet/green/urllib) by extension 'python_setup_py'
[0.891s] Level 1:colcon.colcon_core.package_identification:_identify(LCD_web/portamail_ui/venv/lib/python3.12/site-packages/eventlet/green/urllib/__pycache__) by extensions ['ignore', 'ignore_ament_install']
[0.891s] Level 1:colcon.colcon_core.package_identification:_identify(LCD_web/portamail_ui/venv/lib/python3.12/site-packages/eventlet/green/urllib/__pycache__) by extension 'ignore'
[0.891s] Level 1:colcon.colcon_core.package_identification:_identify(LCD_web/portamail_ui/venv/lib/python3.12/site-packages/eventlet/green/urllib/__pycache__) by extension 'ignore_ament_install'
[0.891s] Level 1:colcon.colcon_core.package_identification:_identify(LCD_web/portamail_ui/venv/lib/python3.12/site-packages/eventlet/green/urllib/__pycache__) by extensions ['colcon_pkg']
[0.891s] Level 1:colcon.colcon_core.package_identification:_identify(LCD_web/portamail_ui/venv/lib/python3.12/site-packages/eventlet/green/urllib/__pycache__) by extension 'colcon_pkg'
[0.891s] Level 1:colcon.colcon_core.package_identification:_identify(LCD_web/portamail_ui/venv/lib/python3.12/site-packages/eventlet/green/urllib/__pycache__) by extensions ['colcon_meta']
[0.891s] Level 1:colcon.colcon_core.package_identification:_identify(LCD_web/portamail_ui/venv/lib/python3.12/site-packages/eventlet/green/urllib/__pycache__) by extension 'colcon_meta'
[0.892s] Level 1:colcon.colcon_core.package_identification:_identify(LCD_web/portamail_ui/venv/lib/python3.12/site-packages/eventlet/green/urllib/__pycache__) by extensions ['ros']
[0.892s] Level 1:colcon.colcon_core.package_identification:_identify(LCD_web/portamail_ui/venv/lib/python3.12/site-packages/eventlet/green/urllib/__pycache__) by extension 'ros'
[0.892s] Level 1:colcon.colcon_core.package_identification:_identify(LCD_web/portamail_ui/venv/lib/python3.12/site-packages/eventlet/green/urllib/__pycache__) by extensions ['cmake', 'python']
[0.892s] Level 1:colcon.colcon_core.package_identification:_identify(LCD_web/portamail_ui/venv/lib/python3.12/site-packages/eventlet/green/urllib/__pycache__) by extension 'cmake'
[0.892s] Level 1:colcon.colcon_core.package_identification:_identify(LCD_web/portamail_ui/venv/lib/python3.12/site-packages/eventlet/green/urllib/__pycache__) by extension 'python'
[0.892s] Level 1:colcon.colcon_core.package_identification:_identify(LCD_web/portamail_ui/venv/lib/python3.12/site-packages/eventlet/green/urllib/__pycache__) by extensions ['python_setup_py']
[0.892s] Level 1:colcon.colcon_core.package_identification:_identify(LCD_web/portamail_ui/venv/lib/python3.12/site-packages/eventlet/green/urllib/__pycache__) by extension 'python_setup_py'
[0.892s] Level 1:colcon.colcon_core.package_identification:_identify(LCD_web/portamail_ui/venv/lib/python3.12/site-packages/eventlet/greenio) by extensions ['ignore', 'ignore_ament_install']
[0.892s] Level 1:colcon.colcon_core.package_identification:_identify(LCD_web/portamail_ui/venv/lib/python3.12/site-packages/eventlet/greenio) by extension 'ignore'
[0.892s] Level 1:colcon.colcon_core.package_identification:_identify(LCD_web/portamail_ui/venv/lib/python3.12/site-packages/eventlet/greenio) by extension 'ignore_ament_install'
[0.893s] Level 1:colcon.colcon_core.package_identification:_identify(LCD_web/portamail_ui/venv/lib/python3.12/site-packages/eventlet/greenio) by extensions ['colcon_pkg']
[0.893s] Level 1:colcon.colcon_core.package_identification:_identify(LCD_web/portamail_ui/venv/lib/python3.12/site-packages/eventlet/greenio) by extension 'colcon_pkg'
[0.893s] Level 1:colcon.colcon_core.package_identification:_identify(LCD_web/portamail_ui/venv/lib/python3.12/site-packages/eventlet/greenio) by extensions ['colcon_meta']
[0.893s] Level 1:colcon.colcon_core.package_identification:_identify(LCD_web/portamail_ui/venv/lib/python3.12/site-packages/eventlet/greenio) by extension 'colcon_meta'
[0.893s] Level 1:colcon.colcon_core.package_identification:_identify(LCD_web/portamail_ui/venv/lib/python3.12/site-packages/eventlet/greenio) by extensions ['ros']
[0.893s] Level 1:colcon.colcon_core.package_identification:_identify(LCD_web/portamail_ui/venv/lib/python3.12/site-packages/eventlet/greenio) by extension 'ros'
[0.893s] Level 1:colcon.colcon_core.package_identification:_identify(LCD_web/portamail_ui/venv/lib/python3.12/site-packages/eventlet/greenio) by extensions ['cmake', 'python']
[0.893s] Level 1:colcon.colcon_core.package_identification:_identify(LCD_web/portamail_ui/venv/lib/python3.12/site-packages/eventlet/greenio) by extension 'cmake'
[0.893s] Level 1:colcon.colcon_core.package_identification:_identify(LCD_web/portamail_ui/venv/lib/python3.12/site-packages/eventlet/greenio) by extension 'python'
[0.893s] Level 1:colcon.colcon_core.package_identification:_identify(LCD_web/portamail_ui/venv/lib/python3.12/site-packages/eventlet/greenio) by extensions ['python_setup_py']
[0.893s] Level 1:colcon.colcon_core.package_identification:_identify(LCD_web/portamail_ui/venv/lib/python3.12/site-packages/eventlet/greenio) by extension 'python_setup_py'
[0.893s] Level 1:colcon.colcon_core.package_identification:_identify(LCD_web/portamail_ui/venv/lib/python3.12/site-packages/eventlet/greenio/__pycache__) by extensions ['ignore', 'ignore_ament_install']
[0.893s] Level 1:colcon.colcon_core.package_identification:_identify(LCD_web/portamail_ui/venv/lib/python3.12/site-packages/eventlet/greenio/__pycache__) by extension 'ignore'
[0.893s] Level 1:colcon.colcon_core.package_identification:_identify(LCD_web/portamail_ui/venv/lib/python3.12/site-packages/eventlet/greenio/__pycache__) by extension 'ignore_ament_install'
[0.894s] Level 1:colcon.colcon_core.package_identification:_identify(LCD_web/portamail_ui/venv/lib/python3.12/site-packages/eventlet/greenio/__pycache__) by extensions ['colcon_pkg']
[0.894s] Level 1:colcon.colcon_core.package_identification:_identify(LCD_web/portamail_ui/venv/lib/python3.12/site-packages/eventlet/greenio/__pycache__) by extension 'colcon_pkg'
[0.894s] Level 1:colcon.colcon_core.package_identification:_identify(LCD_web/portamail_ui/venv/lib/python3.12/site-packages/eventlet/greenio/__pycache__) by extensions ['colcon_meta']
[0.894s] Level 1:colcon.colcon_core.package_identification:_identify(LCD_web/portamail_ui/venv/lib/python3.12/site-packages/eventlet/greenio/__pycache__) by extension 'colcon_meta'
[0.894s] Level 1:colcon.colcon_core.package_identification:_identify(LCD_web/portamail_ui/venv/lib/python3.12/site-packages/eventlet/greenio/__pycache__) by extensions ['ros']
[0.894s] Level 1:colcon.colcon_core.package_identification:_identify(LCD_web/portamail_ui/venv/lib/python3.12/site-packages/eventlet/greenio/__pycache__) by extension 'ros'
[0.894s] Level 1:colcon.colcon_core.package_identification:_identify(LCD_web/portamail_ui/venv/lib/python3.12/site-packages/eventlet/greenio/__pycache__) by extensions ['cmake', 'python']
[0.894s] Level 1:colcon.colcon_core.package_identification:_identify(LCD_web/portamail_ui/venv/lib/python3.12/site-packages/eventlet/greenio/__pycache__) by extension 'cmake'
[0.894s] Level 1:colcon.colcon_core.package_identification:_identify(LCD_web/portamail_ui/venv/lib/python3.12/site-packages/eventlet/greenio/__pycache__) by extension 'python'
[0.894s] Level 1:colcon.colcon_core.package_identification:_identify(LCD_web/portamail_ui/venv/lib/python3.12/site-packages/eventlet/greenio/__pycache__) by extensions ['python_setup_py']
[0.894s] Level 1:colcon.colcon_core.package_identification:_identify(LCD_web/portamail_ui/venv/lib/python3.12/site-packages/eventlet/greenio/__pycache__) by extension 'python_setup_py'
[0.894s] Level 1:colcon.colcon_core.package_identification:_identify(LCD_web/portamail_ui/venv/lib/python3.12/site-packages/eventlet/hubs) by extensions ['ignore', 'ignore_ament_install']
[0.894s] Level 1:colcon.colcon_core.package_identification:_identify(LCD_web/portamail_ui/venv/lib/python3.12/site-packages/eventlet/hubs) by extension 'ignore'
[0.895s] Level 1:colcon.colcon_core.package_identification:_identify(LCD_web/portamail_ui/venv/lib/python3.12/site-packages/eventlet/hubs) by extension 'ignore_ament_install'
[0.895s] Level 1:colcon.colcon_core.package_identification:_identify(LCD_web/portamail_ui/venv/lib/python3.12/site-packages/eventlet/hubs) by extensions ['colcon_pkg']
[0.895s] Level 1:colcon.colcon_core.package_identification:_identify(LCD_web/portamail_ui/venv/lib/python3.12/site-packages/eventlet/hubs) by extension 'colcon_pkg'
[0.895s] Level 1:colcon.colcon_core.package_identification:_identify(LCD_web/portamail_ui/venv/lib/python3.12/site-packages/eventlet/hubs) by extensions ['colcon_meta']
[0.895s] Level 1:colcon.colcon_core.package_identification:_identify(LCD_web/portamail_ui/venv/lib/python3.12/site-packages/eventlet/hubs) by extension 'colcon_meta'
[0.895s] Level 1:colcon.colcon_core.package_identification:_identify(LCD_web/portamail_ui/venv/lib/python3.12/site-packages/eventlet/hubs) by extensions ['ros']
[0.895s] Level 1:colcon.colcon_core.package_identification:_identify(LCD_web/portamail_ui/venv/lib/python3.12/site-packages/eventlet/hubs) by extension 'ros'
[0.895s] Level 1:colcon.colcon_core.package_identification:_identify(LCD_web/portamail_ui/venv/lib/python3.12/site-packages/eventlet/hubs) by extensions ['cmake', 'python']
[0.895s] Level 1:colcon.colcon_core.package_identification:_identify(LCD_web/portamail_ui/venv/lib/python3.12/site-packages/eventlet/hubs) by extension 'cmake'
[0.895s] Level 1:colcon.colcon_core.package_identification:_identify(LCD_web/portamail_ui/venv/lib/python3.12/site-packages/eventlet/hubs) by extension 'python'
[0.895s] Level 1:colcon.colcon_core.package_identification:_identify(LCD_web/portamail_ui/venv/lib/python3.12/site-packages/eventlet/hubs) by extensions ['python_setup_py']
[0.895s] Level 1:colcon.colcon_core.package_identification:_identify(LCD_web/portamail_ui/venv/lib/python3.12/site-packages/eventlet/hubs) by extension 'python_setup_py'
[0.895s] Level 1:colcon.colcon_core.package_identification:_identify(LCD_web/portamail_ui/venv/lib/python3.12/site-packages/eventlet/hubs/__pycache__) by extensions ['ignore', 'ignore_ament_install']
[0.895s] Level 1:colcon.colcon_core.package_identification:_identify(LCD_web/portamail_ui/venv/lib/python3.12/site-packages/eventlet/hubs/__pycache__) by extension 'ignore'
[0.896s] Level 1:colcon.colcon_core.package_identification:_identify(LCD_web/portamail_ui/venv/lib/python3.12/site-packages/eventlet/hubs/__pycache__) by extension 'ignore_ament_install'
[0.896s] Level 1:colcon.colcon_core.package_identification:_identify(LCD_web/portamail_ui/venv/lib/python3.12/site-packages/eventlet/hubs/__pycache__) by extensions ['colcon_pkg']
[0.896s] Level 1:colcon.colcon_core.package_identification:_identify(LCD_web/portamail_ui/venv/lib/python3.12/site-packages/eventlet/hubs/__pycache__) by extension 'colcon_pkg'
[0.896s] Level 1:colcon.colcon_core.package_identification:_identify(LCD_web/portamail_ui/venv/lib/python3.12/site-packages/eventlet/hubs/__pycache__) by extensions ['colcon_meta']
[0.896s] Level 1:colcon.colcon_core.package_identification:_identify(LCD_web/portamail_ui/venv/lib/python3.12/site-packages/eventlet/hubs/__pycache__) by extension 'colcon_meta'
[0.896s] Level 1:colcon.colcon_core.package_identification:_identify(LCD_web/portamail_ui/venv/lib/python3.12/site-packages/eventlet/hubs/__pycache__) by extensions ['ros']
[0.896s] Level 1:colcon.colcon_core.package_identification:_identify(LCD_web/portamail_ui/venv/lib/python3.12/site-packages/eventlet/hubs/__pycache__) by extension 'ros'
[0.896s] Level 1:colcon.colcon_core.package_identification:_identify(LCD_web/portamail_ui/venv/lib/python3.12/site-packages/eventlet/hubs/__pycache__) by extensions ['cmake', 'python']
[0.896s] Level 1:colcon.colcon_core.package_identification:_identify(LCD_web/portamail_ui/venv/lib/python3.12/site-packages/eventlet/hubs/__pycache__) by extension 'cmake'
[0.896s] Level 1:colcon.colcon_core.package_identification:_identify(LCD_web/portamail_ui/venv/lib/python3.12/site-packages/eventlet/hubs/__pycache__) by extension 'python'
[0.896s] Level 1:colcon.colcon_core.package_identification:_identify(LCD_web/portamail_ui/venv/lib/python3.12/site-packages/eventlet/hubs/__pycache__) by extensions ['python_setup_py']
[0.896s] Level 1:colcon.colcon_core.package_identification:_identify(LCD_web/portamail_ui/venv/lib/python3.12/site-packages/eventlet/hubs/__pycache__) by extension 'python_setup_py'
[0.896s] Level 1:colcon.colcon_core.package_identification:_identify(LCD_web/portamail_ui/venv/lib/python3.12/site-packages/eventlet/support) by extensions ['ignore', 'ignore_ament_install']
[0.897s] Level 1:colcon.colcon_core.package_identification:_identify(LCD_web/portamail_ui/venv/lib/python3.12/site-packages/eventlet/support) by extension 'ignore'
[0.897s] Level 1:colcon.colcon_core.package_identification:_identify(LCD_web/portamail_ui/venv/lib/python3.12/site-packages/eventlet/support) by extension 'ignore_ament_install'
[0.897s] Level 1:colcon.colcon_core.package_identification:_identify(LCD_web/portamail_ui/venv/lib/python3.12/site-packages/eventlet/support) by extensions ['colcon_pkg']
[0.897s] Level 1:colcon.colcon_core.package_identification:_identify(LCD_web/portamail_ui/venv/lib/python3.12/site-packages/eventlet/support) by extension 'colcon_pkg'
[0.897s] Level 1:colcon.colcon_core.package_identification:_identify(LCD_web/portamail_ui/venv/lib/python3.12/site-packages/eventlet/support) by extensions ['colcon_meta']
[0.897s] Level 1:colcon.colcon_core.package_identification:_identify(LCD_web/portamail_ui/venv/lib/python3.12/site-packages/eventlet/support) by extension 'colcon_meta'
[0.897s] Level 1:colcon.colcon_core.package_identification:_identify(LCD_web/portamail_ui/venv/lib/python3.12/site-packages/eventlet/support) by extensions ['ros']
[0.897s] Level 1:colcon.colcon_core.package_identification:_identify(LCD_web/portamail_ui/venv/lib/python3.12/site-packages/eventlet/support) by extension 'ros'
[0.897s] Level 1:colcon.colcon_core.package_identification:_identify(LCD_web/portamail_ui/venv/lib/python3.12/site-packages/eventlet/support) by extensions ['cmake', 'python']
[0.897s] Level 1:colcon.colcon_core.package_identification:_identify(LCD_web/portamail_ui/venv/lib/python3.12/site-packages/eventlet/support) by extension 'cmake'
[0.897s] Level 1:colcon.colcon_core.package_identification:_identify(LCD_web/portamail_ui/venv/lib/python3.12/site-packages/eventlet/support) by extension 'python'
[0.897s] Level 1:colcon.colcon_core.package_identification:_identify(LCD_web/portamail_ui/venv/lib/python3.12/site-packages/eventlet/support) by extensions ['python_setup_py']
[0.897s] Level 1:colcon.colcon_core.package_identification:_identify(LCD_web/portamail_ui/venv/lib/python3.12/site-packages/eventlet/support) by extension 'python_setup_py'
[0.897s] Level 1:colcon.colcon_core.package_identification:_identify(LCD_web/portamail_ui/venv/lib/python3.12/site-packages/eventlet/support/__pycache__) by extensions ['ignore', 'ignore_ament_install']
[0.898s] Level 1:colcon.colcon_core.package_identification:_identify(LCD_web/portamail_ui/venv/lib/python3.12/site-packages/eventlet/support/__pycache__) by extension 'ignore'
[0.898s] Level 1:colcon.colcon_core.package_identification:_identify(LCD_web/portamail_ui/venv/lib/python3.12/site-packages/eventlet/support/__pycache__) by extension 'ignore_ament_install'
[0.898s] Level 1:colcon.colcon_core.package_identification:_identify(LCD_web/portamail_ui/venv/lib/python3.12/site-packages/eventlet/support/__pycache__) by extensions ['colcon_pkg']
[0.898s] Level 1:colcon.colcon_core.package_identification:_identify(LCD_web/portamail_ui/venv/lib/python3.12/site-packages/eventlet/support/__pycache__) by extension 'colcon_pkg'
[0.898s] Level 1:colcon.colcon_core.package_identification:_identify(LCD_web/portamail_ui/venv/lib/python3.12/site-packages/eventlet/support/__pycache__) by extensions ['colcon_meta']
[0.898s] Level 1:colcon.colcon_core.package_identification:_identify(LCD_web/portamail_ui/venv/lib/python3.12/site-packages/eventlet/support/__pycache__) by extension 'colcon_meta'
[0.898s] Level 1:colcon.colcon_core.package_identification:_identify(LCD_web/portamail_ui/venv/lib/python3.12/site-packages/eventlet/support/__pycache__) by extensions ['ros']
[0.898s] Level 1:colcon.colcon_core.package_identification:_identify(LCD_web/portamail_ui/venv/lib/python3.12/site-packages/eventlet/support/__pycache__) by extension 'ros'
[0.898s] Level 1:colcon.colcon_core.package_identification:_identify(LCD_web/portamail_ui/venv/lib/python3.12/site-packages/eventlet/support/__pycache__) by extensions ['cmake', 'python']
[0.898s] Level 1:colcon.colcon_core.package_identification:_identify(LCD_web/portamail_ui/venv/lib/python3.12/site-packages/eventlet/support/__pycache__) by extension 'cmake'
[0.898s] Level 1:colcon.colcon_core.package_identification:_identify(LCD_web/portamail_ui/venv/lib/python3.12/site-packages/eventlet/support/__pycache__) by extension 'python'
[0.898s] Level 1:colcon.colcon_core.package_identification:_identify(LCD_web/portamail_ui/venv/lib/python3.12/site-packages/eventlet/support/__pycache__) by extensions ['python_setup_py']
[0.898s] Level 1:colcon.colcon_core.package_identification:_identify(LCD_web/portamail_ui/venv/lib/python3.12/site-packages/eventlet/support/__pycache__) by extension 'python_setup_py'
[0.899s] Level 1:colcon.colcon_core.package_identification:_identify(LCD_web/portamail_ui/venv/lib/python3.12/site-packages/eventlet/zipkin) by extensions ['ignore', 'ignore_ament_install']
[0.899s] Level 1:colcon.colcon_core.package_identification:_identify(LCD_web/portamail_ui/venv/lib/python3.12/site-packages/eventlet/zipkin) by extension 'ignore'
[0.899s] Level 1:colcon.colcon_core.package_identification:_identify(LCD_web/portamail_ui/venv/lib/python3.12/site-packages/eventlet/zipkin) by extension 'ignore_ament_install'
[0.900s] Level 1:colcon.colcon_core.package_identification:_identify(LCD_web/portamail_ui/venv/lib/python3.12/site-packages/eventlet/zipkin) by extensions ['colcon_pkg']
[0.900s] Level 1:colcon.colcon_core.package_identification:_identify(LCD_web/portamail_ui/venv/lib/python3.12/site-packages/eventlet/zipkin) by extension 'colcon_pkg'
[0.900s] Level 1:colcon.colcon_core.package_identification:_identify(LCD_web/portamail_ui/venv/lib/python3.12/site-packages/eventlet/zipkin) by extensions ['colcon_meta']
[0.900s] Level 1:colcon.colcon_core.package_identification:_identify(LCD_web/portamail_ui/venv/lib/python3.12/site-packages/eventlet/zipkin) by extension 'colcon_meta'
[0.900s] Level 1:colcon.colcon_core.package_identification:_identify(LCD_web/portamail_ui/venv/lib/python3.12/site-packages/eventlet/zipkin) by extensions ['ros']
[0.900s] Level 1:colcon.colcon_core.package_identification:_identify(LCD_web/portamail_ui/venv/lib/python3.12/site-packages/eventlet/zipkin) by extension 'ros'
[0.900s] Level 1:colcon.colcon_core.package_identification:_identify(LCD_web/portamail_ui/venv/lib/python3.12/site-packages/eventlet/zipkin) by extensions ['cmake', 'python']
[0.900s] Level 1:colcon.colcon_core.package_identification:_identify(LCD_web/portamail_ui/venv/lib/python3.12/site-packages/eventlet/zipkin) by extension 'cmake'
[0.900s] Level 1:colcon.colcon_core.package_identification:_identify(LCD_web/portamail_ui/venv/lib/python3.12/site-packages/eventlet/zipkin) by extension 'python'
[0.900s] Level 1:colcon.colcon_core.package_identification:_identify(LCD_web/portamail_ui/venv/lib/python3.12/site-packages/eventlet/zipkin) by extensions ['python_setup_py']
[0.900s] Level 1:colcon.colcon_core.package_identification:_identify(LCD_web/portamail_ui/venv/lib/python3.12/site-packages/eventlet/zipkin) by extension 'python_setup_py'
[0.901s] Level 1:colcon.colcon_core.package_identification:_identify(LCD_web/portamail_ui/venv/lib/python3.12/site-packages/eventlet/zipkin/__pycache__) by extensions ['ignore', 'ignore_ament_install']
[0.901s] Level 1:colcon.colcon_core.package_identification:_identify(LCD_web/portamail_ui/venv/lib/python3.12/site-packages/eventlet/zipkin/__pycache__) by extension 'ignore'
[0.901s] Level 1:colcon.colcon_core.package_identification:_identify(LCD_web/portamail_ui/venv/lib/python3.12/site-packages/eventlet/zipkin/__pycache__) by extension 'ignore_ament_install'
[0.901s] Level 1:colcon.colcon_core.package_identification:_identify(LCD_web/portamail_ui/venv/lib/python3.12/site-packages/eventlet/zipkin/__pycache__) by extensions ['colcon_pkg']
[0.901s] Level 1:colcon.colcon_core.package_identification:_identify(LCD_web/portamail_ui/venv/lib/python3.12/site-packages/eventlet/zipkin/__pycache__) by extension 'colcon_pkg'
[0.901s] Level 1:colcon.colcon_core.package_identification:_identify(LCD_web/portamail_ui/venv/lib/python3.12/site-packages/eventlet/zipkin/__pycache__) by extensions ['colcon_meta']
[0.901s] Level 1:colcon.colcon_core.package_identification:_identify(LCD_web/portamail_ui/venv/lib/python3.12/site-packages/eventlet/zipkin/__pycache__) by extension 'colcon_meta'
[0.901s] Level 1:colcon.colcon_core.package_identification:_identify(LCD_web/portamail_ui/venv/lib/python3.12/site-packages/eventlet/zipkin/__pycache__) by extensions ['ros']
[0.901s] Level 1:colcon.colcon_core.package_identification:_identify(LCD_web/portamail_ui/venv/lib/python3.12/site-packages/eventlet/zipkin/__pycache__) by extension 'ros'
[0.902s] Level 1:colcon.colcon_core.package_identification:_identify(LCD_web/portamail_ui/venv/lib/python3.12/site-packages/eventlet/zipkin/__pycache__) by extensions ['cmake', 'python']
[0.902s] Level 1:colcon.colcon_core.package_identification:_identify(LCD_web/portamail_ui/venv/lib/python3.12/site-packages/eventlet/zipkin/__pycache__) by extension 'cmake'
[0.902s] Level 1:colcon.colcon_core.package_identification:_identify(LCD_web/portamail_ui/venv/lib/python3.12/site-packages/eventlet/zipkin/__pycache__) by extension 'python'
[0.902s] Level 1:colcon.colcon_core.package_identification:_identify(LCD_web/portamail_ui/venv/lib/python3.12/site-packages/eventlet/zipkin/__pycache__) by extensions ['python_setup_py']
[0.902s] Level 1:colcon.colcon_core.package_identification:_identify(LCD_web/portamail_ui/venv/lib/python3.12/site-packages/eventlet/zipkin/__pycache__) by extension 'python_setup_py'
[0.902s] Level 1:colcon.colcon_core.package_identification:_identify(LCD_web/portamail_ui/venv/lib/python3.12/site-packages/eventlet/zipkin/_thrift) by extensions ['ignore', 'ignore_ament_install']
[0.902s] Level 1:colcon.colcon_core.package_identification:_identify(LCD_web/portamail_ui/venv/lib/python3.12/site-packages/eventlet/zipkin/_thrift) by extension 'ignore'
[0.902s] Level 1:colcon.colcon_core.package_identification:_identify(LCD_web/portamail_ui/venv/lib/python3.12/site-packages/eventlet/zipkin/_thrift) by extension 'ignore_ament_install'
[0.903s] Level 1:colcon.colcon_core.package_identification:_identify(LCD_web/portamail_ui/venv/lib/python3.12/site-packages/eventlet/zipkin/_thrift) by extensions ['colcon_pkg']
[0.903s] Level 1:colcon.colcon_core.package_identification:_identify(LCD_web/portamail_ui/venv/lib/python3.12/site-packages/eventlet/zipkin/_thrift) by extension 'colcon_pkg'
[0.903s] Level 1:colcon.colcon_core.package_identification:_identify(LCD_web/portamail_ui/venv/lib/python3.12/site-packages/eventlet/zipkin/_thrift) by extensions ['colcon_meta']
[0.903s] Level 1:colcon.colcon_core.package_identification:_identify(LCD_web/portamail_ui/venv/lib/python3.12/site-packages/eventlet/zipkin/_thrift) by extension 'colcon_meta'
[0.903s] Level 1:colcon.colcon_core.package_identification:_identify(LCD_web/portamail_ui/venv/lib/python3.12/site-packages/eventlet/zipkin/_thrift) by extensions ['ros']
[0.903s] Level 1:colcon.colcon_core.package_identification:_identify(LCD_web/portamail_ui/venv/lib/python3.12/site-packages/eventlet/zipkin/_thrift) by extension 'ros'
[0.903s] Level 1:colcon.colcon_core.package_identification:_identify(LCD_web/portamail_ui/venv/lib/python3.12/site-packages/eventlet/zipkin/_thrift) by extensions ['cmake', 'python']
[0.903s] Level 1:colcon.colcon_core.package_identification:_identify(LCD_web/portamail_ui/venv/lib/python3.12/site-packages/eventlet/zipkin/_thrift) by extension 'cmake'
[0.903s] Level 1:colcon.colcon_core.package_identification:_identify(LCD_web/portamail_ui/venv/lib/python3.12/site-packages/eventlet/zipkin/_thrift) by extension 'python'
[0.903s] Level 1:colcon.colcon_core.package_identification:_identify(LCD_web/portamail_ui/venv/lib/python3.12/site-packages/eventlet/zipkin/_thrift) by extensions ['python_setup_py']
[0.903s] Level 1:colcon.colcon_core.package_identification:_identify(LCD_web/portamail_ui/venv/lib/python3.12/site-packages/eventlet/zipkin/_thrift) by extension 'python_setup_py'
[0.904s] Level 1:colcon.colcon_core.package_identification:_identify(LCD_web/portamail_ui/venv/lib/python3.12/site-packages/eventlet/zipkin/_thrift/__pycache__) by extensions ['ignore', 'ignore_ament_install']
[0.904s] Level 1:colcon.colcon_core.package_identification:_identify(LCD_web/portamail_ui/venv/lib/python3.12/site-packages/eventlet/zipkin/_thrift/__pycache__) by extension 'ignore'
[0.904s] Level 1:colcon.colcon_core.package_identification:_identify(LCD_web/portamail_ui/venv/lib/python3.12/site-packages/eventlet/zipkin/_thrift/__pycache__) by extension 'ignore_ament_install'
[0.904s] Level 1:colcon.colcon_core.package_identification:_identify(LCD_web/portamail_ui/venv/lib/python3.12/site-packages/eventlet/zipkin/_thrift/__pycache__) by extensions ['colcon_pkg']
[0.904s] Level 1:colcon.colcon_core.package_identification:_identify(LCD_web/portamail_ui/venv/lib/python3.12/site-packages/eventlet/zipkin/_thrift/__pycache__) by extension 'colcon_pkg'
[0.904s] Level 1:colcon.colcon_core.package_identification:_identify(LCD_web/portamail_ui/venv/lib/python3.12/site-packages/eventlet/zipkin/_thrift/__pycache__) by extensions ['colcon_meta']
[0.904s] Level 1:colcon.colcon_core.package_identification:_identify(LCD_web/portamail_ui/venv/lib/python3.12/site-packages/eventlet/zipkin/_thrift/__pycache__) by extension 'colcon_meta'
[0.904s] Level 1:colcon.colcon_core.package_identification:_identify(LCD_web/portamail_ui/venv/lib/python3.12/site-packages/eventlet/zipkin/_thrift/__pycache__) by extensions ['ros']
[0.904s] Level 1:colcon.colcon_core.package_identification:_identify(LCD_web/portamail_ui/venv/lib/python3.12/site-packages/eventlet/zipkin/_thrift/__pycache__) by extension 'ros'
[0.905s] Level 1:colcon.colcon_core.package_identification:_identify(LCD_web/portamail_ui/venv/lib/python3.12/site-packages/eventlet/zipkin/_thrift/__pycache__) by extensions ['cmake', 'python']
[0.905s] Level 1:colcon.colcon_core.package_identification:_identify(LCD_web/portamail_ui/venv/lib/python3.12/site-packages/eventlet/zipkin/_thrift/__pycache__) by extension 'cmake'
[0.905s] Level 1:colcon.colcon_core.package_identification:_identify(LCD_web/portamail_ui/venv/lib/python3.12/site-packages/eventlet/zipkin/_thrift/__pycache__) by extension 'python'
[0.905s] Level 1:colcon.colcon_core.package_identification:_identify(LCD_web/portamail_ui/venv/lib/python3.12/site-packages/eventlet/zipkin/_thrift/__pycache__) by extensions ['python_setup_py']
[0.905s] Level 1:colcon.colcon_core.package_identification:_identify(LCD_web/portamail_ui/venv/lib/python3.12/site-packages/eventlet/zipkin/_thrift/__pycache__) by extension 'python_setup_py'
[0.908s] Level 1:colcon.colcon_core.package_identification:_identify(LCD_web/portamail_ui/venv/lib/python3.12/site-packages/eventlet/zipkin/_thrift/zipkinCore) by extensions ['ignore', 'ignore_ament_install']
[0.908s] Level 1:colcon.colcon_core.package_identification:_identify(LCD_web/portamail_ui/venv/lib/python3.12/site-packages/eventlet/zipkin/_thrift/zipkinCore) by extension 'ignore'
[0.908s] Level 1:colcon.colcon_core.package_identification:_identify(LCD_web/portamail_ui/venv/lib/python3.12/site-packages/eventlet/zipkin/_thrift/zipkinCore) by extension 'ignore_ament_install'
[0.908s] Level 1:colcon.colcon_core.package_identification:_identify(LCD_web/portamail_ui/venv/lib/python3.12/site-packages/eventlet/zipkin/_thrift/zipkinCore) by extensions ['colcon_pkg']
[0.908s] Level 1:colcon.colcon_core.package_identification:_identify(LCD_web/portamail_ui/venv/lib/python3.12/site-packages/eventlet/zipkin/_thrift/zipkinCore) by extension 'colcon_pkg'
[0.908s] Level 1:colcon.colcon_core.package_identification:_identify(LCD_web/portamail_ui/venv/lib/python3.12/site-packages/eventlet/zipkin/_thrift/zipkinCore) by extensions ['colcon_meta']
[0.908s] Level 1:colcon.colcon_core.package_identification:_identify(LCD_web/portamail_ui/venv/lib/python3.12/site-packages/eventlet/zipkin/_thrift/zipkinCore) by extension 'colcon_meta'
[0.908s] Level 1:colcon.colcon_core.package_identification:_identify(LCD_web/portamail_ui/venv/lib/python3.12/site-packages/eventlet/zipkin/_thrift/zipkinCore) by extensions ['ros']
[0.908s] Level 1:colcon.colcon_core.package_identification:_identify(LCD_web/portamail_ui/venv/lib/python3.12/site-packages/eventlet/zipkin/_thrift/zipkinCore) by extension 'ros'
[0.908s] Level 1:colcon.colcon_core.package_identification:_identify(LCD_web/portamail_ui/venv/lib/python3.12/site-packages/eventlet/zipkin/_thrift/zipkinCore) by extensions ['cmake', 'python']
[0.908s] Level 1:colcon.colcon_core.package_identification:_identify(LCD_web/portamail_ui/venv/lib/python3.12/site-packages/eventlet/zipkin/_thrift/zipkinCore) by extension 'cmake'
[0.909s] Level 1:colcon.colcon_core.package_identification:_identify(LCD_web/portamail_ui/venv/lib/python3.12/site-packages/eventlet/zipkin/_thrift/zipkinCore) by extension 'python'
[0.909s] Level 1:colcon.colcon_core.package_identification:_identify(LCD_web/portamail_ui/venv/lib/python3.12/site-packages/eventlet/zipkin/_thrift/zipkinCore) by extensions ['python_setup_py']
[0.909s] Level 1:colcon.colcon_core.package_identification:_identify(LCD_web/portamail_ui/venv/lib/python3.12/site-packages/eventlet/zipkin/_thrift/zipkinCore) by extension 'python_setup_py'
[0.909s] Level 1:colcon.colcon_core.package_identification:_identify(LCD_web/portamail_ui/venv/lib/python3.12/site-packages/eventlet/zipkin/_thrift/zipkinCore/__pycache__) by extensions ['ignore', 'ignore_ament_install']
[0.909s] Level 1:colcon.colcon_core.package_identification:_identify(LCD_web/portamail_ui/venv/lib/python3.12/site-packages/eventlet/zipkin/_thrift/zipkinCore/__pycache__) by extension 'ignore'
[0.909s] Level 1:colcon.colcon_core.package_identification:_identify(LCD_web/portamail_ui/venv/lib/python3.12/site-packages/eventlet/zipkin/_thrift/zipkinCore/__pycache__) by extension 'ignore_ament_install'
[0.910s] Level 1:colcon.colcon_core.package_identification:_identify(LCD_web/portamail_ui/venv/lib/python3.12/site-packages/eventlet/zipkin/_thrift/zipkinCore/__pycache__) by extensions ['colcon_pkg']
[0.910s] Level 1:colcon.colcon_core.package_identification:_identify(LCD_web/portamail_ui/venv/lib/python3.12/site-packages/eventlet/zipkin/_thrift/zipkinCore/__pycache__) by extension 'colcon_pkg'
[0.910s] Level 1:colcon.colcon_core.package_identification:_identify(LCD_web/portamail_ui/venv/lib/python3.12/site-packages/eventlet/zipkin/_thrift/zipkinCore/__pycache__) by extensions ['colcon_meta']
[0.910s] Level 1:colcon.colcon_core.package_identification:_identify(LCD_web/portamail_ui/venv/lib/python3.12/site-packages/eventlet/zipkin/_thrift/zipkinCore/__pycache__) by extension 'colcon_meta'
[0.910s] Level 1:colcon.colcon_core.package_identification:_identify(LCD_web/portamail_ui/venv/lib/python3.12/site-packages/eventlet/zipkin/_thrift/zipkinCore/__pycache__) by extensions ['ros']
[0.910s] Level 1:colcon.colcon_core.package_identification:_identify(LCD_web/portamail_ui/venv/lib/python3.12/site-packages/eventlet/zipkin/_thrift/zipkinCore/__pycache__) by extension 'ros'
[0.910s] Level 1:colcon.colcon_core.package_identification:_identify(LCD_web/portamail_ui/venv/lib/python3.12/site-packages/eventlet/zipkin/_thrift/zipkinCore/__pycache__) by extensions ['cmake', 'python']
[0.910s] Level 1:colcon.colcon_core.package_identification:_identify(LCD_web/portamail_ui/venv/lib/python3.12/site-packages/eventlet/zipkin/_thrift/zipkinCore/__pycache__) by extension 'cmake'
[0.910s] Level 1:colcon.colcon_core.package_identification:_identify(LCD_web/portamail_ui/venv/lib/python3.12/site-packages/eventlet/zipkin/_thrift/zipkinCore/__pycache__) by extension 'python'
[0.910s] Level 1:colcon.colcon_core.package_identification:_identify(LCD_web/portamail_ui/venv/lib/python3.12/site-packages/eventlet/zipkin/_thrift/zipkinCore/__pycache__) by extensions ['python_setup_py']
[0.910s] Level 1:colcon.colcon_core.package_identification:_identify(LCD_web/portamail_ui/venv/lib/python3.12/site-packages/eventlet/zipkin/_thrift/zipkinCore/__pycache__) by extension 'python_setup_py'
[0.911s] Level 1:colcon.colcon_core.package_identification:_identify(LCD_web/portamail_ui/venv/lib/python3.12/site-packages/eventlet/zipkin/example) by extensions ['ignore', 'ignore_ament_install']
[0.911s] Level 1:colcon.colcon_core.package_identification:_identify(LCD_web/portamail_ui/venv/lib/python3.12/site-packages/eventlet/zipkin/example) by extension 'ignore'
[0.911s] Level 1:colcon.colcon_core.package_identification:_identify(LCD_web/portamail_ui/venv/lib/python3.12/site-packages/eventlet/zipkin/example) by extension 'ignore_ament_install'
[0.911s] Level 1:colcon.colcon_core.package_identification:_identify(LCD_web/portamail_ui/venv/lib/python3.12/site-packages/eventlet/zipkin/example) by extensions ['colcon_pkg']
[0.911s] Level 1:colcon.colcon_core.package_identification:_identify(LCD_web/portamail_ui/venv/lib/python3.12/site-packages/eventlet/zipkin/example) by extension 'colcon_pkg'
[0.911s] Level 1:colcon.colcon_core.package_identification:_identify(LCD_web/portamail_ui/venv/lib/python3.12/site-packages/eventlet/zipkin/example) by extensions ['colcon_meta']
[0.911s] Level 1:colcon.colcon_core.package_identification:_identify(LCD_web/portamail_ui/venv/lib/python3.12/site-packages/eventlet/zipkin/example) by extension 'colcon_meta'
[0.911s] Level 1:colcon.colcon_core.package_identification:_identify(LCD_web/portamail_ui/venv/lib/python3.12/site-packages/eventlet/zipkin/example) by extensions ['ros']
[0.911s] Level 1:colcon.colcon_core.package_identification:_identify(LCD_web/portamail_ui/venv/lib/python3.12/site-packages/eventlet/zipkin/example) by extension 'ros'
[0.911s] Level 1:colcon.colcon_core.package_identification:_identify(LCD_web/portamail_ui/venv/lib/python3.12/site-packages/eventlet/zipkin/example) by extensions ['cmake', 'python']
[0.911s] Level 1:colcon.colcon_core.package_identification:_identify(LCD_web/portamail_ui/venv/lib/python3.12/site-packages/eventlet/zipkin/example) by extension 'cmake'
[0.911s] Level 1:colcon.colcon_core.package_identification:_identify(LCD_web/portamail_ui/venv/lib/python3.12/site-packages/eventlet/zipkin/example) by extension 'python'
[0.912s] Level 1:colcon.colcon_core.package_identification:_identify(LCD_web/portamail_ui/venv/lib/python3.12/site-packages/eventlet/zipkin/example) by extensions ['python_setup_py']
[0.912s] Level 1:colcon.colcon_core.package_identification:_identify(LCD_web/portamail_ui/venv/lib/python3.12/site-packages/eventlet/zipkin/example) by extension 'python_setup_py'
[0.912s] Level 1:colcon.colcon_core.package_identification:_identify(LCD_web/portamail_ui/venv/lib/python3.12/site-packages/eventlet-0.40.4.dist-info) by extensions ['ignore', 'ignore_ament_install']
[0.912s] Level 1:colcon.colcon_core.package_identification:_identify(LCD_web/portamail_ui/venv/lib/python3.12/site-packages/eventlet-0.40.4.dist-info) by extension 'ignore'
[0.912s] Level 1:colcon.colcon_core.package_identification:_identify(LCD_web/portamail_ui/venv/lib/python3.12/site-packages/eventlet-0.40.4.dist-info) by extension 'ignore_ament_install'
[0.912s] Level 1:colcon.colcon_core.package_identification:_identify(LCD_web/portamail_ui/venv/lib/python3.12/site-packages/eventlet-0.40.4.dist-info) by extensions ['colcon_pkg']
[0.912s] Level 1:colcon.colcon_core.package_identification:_identify(LCD_web/portamail_ui/venv/lib/python3.12/site-packages/eventlet-0.40.4.dist-info) by extension 'colcon_pkg'
[0.912s] Level 1:colcon.colcon_core.package_identification:_identify(LCD_web/portamail_ui/venv/lib/python3.12/site-packages/eventlet-0.40.4.dist-info) by extensions ['colcon_meta']
[0.912s] Level 1:colcon.colcon_core.package_identification:_identify(LCD_web/portamail_ui/venv/lib/python3.12/site-packages/eventlet-0.40.4.dist-info) by extension 'colcon_meta'
[0.912s] Level 1:colcon.colcon_core.package_identification:_identify(LCD_web/portamail_ui/venv/lib/python3.12/site-packages/eventlet-0.40.4.dist-info) by extensions ['ros']
[0.912s] Level 1:colcon.colcon_core.package_identification:_identify(LCD_web/portamail_ui/venv/lib/python3.12/site-packages/eventlet-0.40.4.dist-info) by extension 'ros'
[0.912s] Level 1:colcon.colcon_core.package_identification:_identify(LCD_web/portamail_ui/venv/lib/python3.12/site-packages/eventlet-0.40.4.dist-info) by extensions ['cmake', 'python']
[0.912s] Level 1:colcon.colcon_core.package_identification:_identify(LCD_web/portamail_ui/venv/lib/python3.12/site-packages/eventlet-0.40.4.dist-info) by extension 'cmake'
[0.913s] Level 1:colcon.colcon_core.package_identification:_identify(LCD_web/portamail_ui/venv/lib/python3.12/site-packages/eventlet-0.40.4.dist-info) by extension 'python'
[0.913s] Level 1:colcon.colcon_core.package_identification:_identify(LCD_web/portamail_ui/venv/lib/python3.12/site-packages/eventlet-0.40.4.dist-info) by extensions ['python_setup_py']
[0.913s] Level 1:colcon.colcon_core.package_identification:_identify(LCD_web/portamail_ui/venv/lib/python3.12/site-packages/eventlet-0.40.4.dist-info) by extension 'python_setup_py'
[0.913s] Level 1:colcon.colcon_core.package_identification:_identify(LCD_web/portamail_ui/venv/lib/python3.12/site-packages/eventlet-0.40.4.dist-info/licenses) by extensions ['ignore', 'ignore_ament_install']
[0.913s] Level 1:colcon.colcon_core.package_identification:_identify(LCD_web/portamail_ui/venv/lib/python3.12/site-packages/eventlet-0.40.4.dist-info/licenses) by extension 'ignore'
[0.914s] Level 1:colcon.colcon_core.package_identification:_identify(LCD_web/portamail_ui/venv/lib/python3.12/site-packages/eventlet-0.40.4.dist-info/licenses) by extension 'ignore_ament_install'
[0.914s] Level 1:colcon.colcon_core.package_identification:_identify(LCD_web/portamail_ui/venv/lib/python3.12/site-packages/eventlet-0.40.4.dist-info/licenses) by extensions ['colcon_pkg']
[0.914s] Level 1:colcon.colcon_core.package_identification:_identify(LCD_web/portamail_ui/venv/lib/python3.12/site-packages/eventlet-0.40.4.dist-info/licenses) by extension 'colcon_pkg'
[0.914s] Level 1:colcon.colcon_core.package_identification:_identify(LCD_web/portamail_ui/venv/lib/python3.12/site-packages/eventlet-0.40.4.dist-info/licenses) by extensions ['colcon_meta']
[0.914s] Level 1:colcon.colcon_core.package_identification:_identify(LCD_web/portamail_ui/venv/lib/python3.12/site-packages/eventlet-0.40.4.dist-info/licenses) by extension 'colcon_meta'
[0.914s] Level 1:colcon.colcon_core.package_identification:_identify(LCD_web/portamail_ui/venv/lib/python3.12/site-packages/eventlet-0.40.4.dist-info/licenses) by extensions ['ros']
[0.914s] Level 1:colcon.colcon_core.package_identification:_identify(LCD_web/portamail_ui/venv/lib/python3.12/site-packages/eventlet-0.40.4.dist-info/licenses) by extension 'ros'
[0.914s] Level 1:colcon.colcon_core.package_identification:_identify(LCD_web/portamail_ui/venv/lib/python3.12/site-packages/eventlet-0.40.4.dist-info/licenses) by extensions ['cmake', 'python']
[0.914s] Level 1:colcon.colcon_core.package_identification:_identify(LCD_web/portamail_ui/venv/lib/python3.12/site-packages/eventlet-0.40.4.dist-info/licenses) by extension 'cmake'
[0.914s] Level 1:colcon.colcon_core.package_identification:_identify(LCD_web/portamail_ui/venv/lib/python3.12/site-packages/eventlet-0.40.4.dist-info/licenses) by extension 'python'
[0.914s] Level 1:colcon.colcon_core.package_identification:_identify(LCD_web/portamail_ui/venv/lib/python3.12/site-packages/eventlet-0.40.4.dist-info/licenses) by extensions ['python_setup_py']
[0.914s] Level 1:colcon.colcon_core.package_identification:_identify(LCD_web/portamail_ui/venv/lib/python3.12/site-packages/eventlet-0.40.4.dist-info/licenses) by extension 'python_setup_py'
[0.914s] Level 1:colcon.colcon_core.package_identification:_identify(LCD_web/portamail_ui/venv/lib/python3.12/site-packages/flask) by extensions ['ignore', 'ignore_ament_install']
[0.914s] Level 1:colcon.colcon_core.package_identification:_identify(LCD_web/portamail_ui/venv/lib/python3.12/site-packages/flask) by extension 'ignore'
[0.915s] Level 1:colcon.colcon_core.package_identification:_identify(LCD_web/portamail_ui/venv/lib/python3.12/site-packages/flask) by extension 'ignore_ament_install'
[0.915s] Level 1:colcon.colcon_core.package_identification:_identify(LCD_web/portamail_ui/venv/lib/python3.12/site-packages/flask) by extensions ['colcon_pkg']
[0.915s] Level 1:colcon.colcon_core.package_identification:_identify(LCD_web/portamail_ui/venv/lib/python3.12/site-packages/flask) by extension 'colcon_pkg'
[0.915s] Level 1:colcon.colcon_core.package_identification:_identify(LCD_web/portamail_ui/venv/lib/python3.12/site-packages/flask) by extensions ['colcon_meta']
[0.915s] Level 1:colcon.colcon_core.package_identification:_identify(LCD_web/portamail_ui/venv/lib/python3.12/site-packages/flask) by extension 'colcon_meta'
[0.915s] Level 1:colcon.colcon_core.package_identification:_identify(LCD_web/portamail_ui/venv/lib/python3.12/site-packages/flask) by extensions ['ros']
[0.915s] Level 1:colcon.colcon_core.package_identification:_identify(LCD_web/portamail_ui/venv/lib/python3.12/site-packages/flask) by extension 'ros'
[0.915s] Level 1:colcon.colcon_core.package_identification:_identify(LCD_web/portamail_ui/venv/lib/python3.12/site-packages/flask) by extensions ['cmake', 'python']
[0.915s] Level 1:colcon.colcon_core.package_identification:_identify(LCD_web/portamail_ui/venv/lib/python3.12/site-packages/flask) by extension 'cmake'
[0.915s] Level 1:colcon.colcon_core.package_identification:_identify(LCD_web/portamail_ui/venv/lib/python3.12/site-packages/flask) by extension 'python'
[0.915s] Level 1:colcon.colcon_core.package_identification:_identify(LCD_web/portamail_ui/venv/lib/python3.12/site-packages/flask) by extensions ['python_setup_py']
[0.915s] Level 1:colcon.colcon_core.package_identification:_identify(LCD_web/portamail_ui/venv/lib/python3.12/site-packages/flask) by extension 'python_setup_py'
[0.915s] Level 1:colcon.colcon_core.package_identification:_identify(LCD_web/portamail_ui/venv/lib/python3.12/site-packages/flask/__pycache__) by extensions ['ignore', 'ignore_ament_install']
[0.915s] Level 1:colcon.colcon_core.package_identification:_identify(LCD_web/portamail_ui/venv/lib/python3.12/site-packages/flask/__pycache__) by extension 'ignore'
[0.916s] Level 1:colcon.colcon_core.package_identification:_identify(LCD_web/portamail_ui/venv/lib/python3.12/site-packages/flask/__pycache__) by extension 'ignore_ament_install'
[0.916s] Level 1:colcon.colcon_core.package_identification:_identify(LCD_web/portamail_ui/venv/lib/python3.12/site-packages/flask/__pycache__) by extensions ['colcon_pkg']
[0.916s] Level 1:colcon.colcon_core.package_identification:_identify(LCD_web/portamail_ui/venv/lib/python3.12/site-packages/flask/__pycache__) by extension 'colcon_pkg'
[0.916s] Level 1:colcon.colcon_core.package_identification:_identify(LCD_web/portamail_ui/venv/lib/python3.12/site-packages/flask/__pycache__) by extensions ['colcon_meta']
[0.916s] Level 1:colcon.colcon_core.package_identification:_identify(LCD_web/portamail_ui/venv/lib/python3.12/site-packages/flask/__pycache__) by extension 'colcon_meta'
[0.916s] Level 1:colcon.colcon_core.package_identification:_identify(LCD_web/portamail_ui/venv/lib/python3.12/site-packages/flask/__pycache__) by extensions ['ros']
[0.916s] Level 1:colcon.colcon_core.package_identification:_identify(LCD_web/portamail_ui/venv/lib/python3.12/site-packages/flask/__pycache__) by extension 'ros'
[0.916s] Level 1:colcon.colcon_core.package_identification:_identify(LCD_web/portamail_ui/venv/lib/python3.12/site-packages/flask/__pycache__) by extensions ['cmake', 'python']
[0.916s] Level 1:colcon.colcon_core.package_identification:_identify(LCD_web/portamail_ui/venv/lib/python3.12/site-packages/flask/__pycache__) by extension 'cmake'
[0.916s] Level 1:colcon.colcon_core.package_identification:_identify(LCD_web/portamail_ui/venv/lib/python3.12/site-packages/flask/__pycache__) by extension 'python'
[0.916s] Level 1:colcon.colcon_core.package_identification:_identify(LCD_web/portamail_ui/venv/lib/python3.12/site-packages/flask/__pycache__) by extensions ['python_setup_py']
[0.916s] Level 1:colcon.colcon_core.package_identification:_identify(LCD_web/portamail_ui/venv/lib/python3.12/site-packages/flask/__pycache__) by extension 'python_setup_py'
[0.916s] Level 1:colcon.colcon_core.package_identification:_identify(LCD_web/portamail_ui/venv/lib/python3.12/site-packages/flask/json) by extensions ['ignore', 'ignore_ament_install']
[0.916s] Level 1:colcon.colcon_core.package_identification:_identify(LCD_web/portamail_ui/venv/lib/python3.12/site-packages/flask/json) by extension 'ignore'
[0.917s] Level 1:colcon.colcon_core.package_identification:_identify(LCD_web/portamail_ui/venv/lib/python3.12/site-packages/flask/json) by extension 'ignore_ament_install'
[0.917s] Level 1:colcon.colcon_core.package_identification:_identify(LCD_web/portamail_ui/venv/lib/python3.12/site-packages/flask/json) by extensions ['colcon_pkg']
[0.917s] Level 1:colcon.colcon_core.package_identification:_identify(LCD_web/portamail_ui/venv/lib/python3.12/site-packages/flask/json) by extension 'colcon_pkg'
[0.917s] Level 1:colcon.colcon_core.package_identification:_identify(LCD_web/portamail_ui/venv/lib/python3.12/site-packages/flask/json) by extensions ['colcon_meta']
[0.917s] Level 1:colcon.colcon_core.package_identification:_identify(LCD_web/portamail_ui/venv/lib/python3.12/site-packages/flask/json) by extension 'colcon_meta'
[0.917s] Level 1:colcon.colcon_core.package_identification:_identify(LCD_web/portamail_ui/venv/lib/python3.12/site-packages/flask/json) by extensions ['ros']
[0.917s] Level 1:colcon.colcon_core.package_identification:_identify(LCD_web/portamail_ui/venv/lib/python3.12/site-packages/flask/json) by extension 'ros'
[0.917s] Level 1:colcon.colcon_core.package_identification:_identify(LCD_web/portamail_ui/venv/lib/python3.12/site-packages/flask/json) by extensions ['cmake', 'python']
[0.917s] Level 1:colcon.colcon_core.package_identification:_identify(LCD_web/portamail_ui/venv/lib/python3.12/site-packages/flask/json) by extension 'cmake'
[0.917s] Level 1:colcon.colcon_core.package_identification:_identify(LCD_web/portamail_ui/venv/lib/python3.12/site-packages/flask/json) by extension 'python'
[0.917s] Level 1:colcon.colcon_core.package_identification:_identify(LCD_web/portamail_ui/venv/lib/python3.12/site-packages/flask/json) by extensions ['python_setup_py']
[0.917s] Level 1:colcon.colcon_core.package_identification:_identify(LCD_web/portamail_ui/venv/lib/python3.12/site-packages/flask/json) by extension 'python_setup_py'
[0.917s] Level 1:colcon.colcon_core.package_identification:_identify(LCD_web/portamail_ui/venv/lib/python3.12/site-packages/flask/json/__pycache__) by extensions ['ignore', 'ignore_ament_install']
[0.918s] Level 1:colcon.colcon_core.package_identification:_identify(LCD_web/portamail_ui/venv/lib/python3.12/site-packages/flask/json/__pycache__) by extension 'ignore'
[0.918s] Level 1:colcon.colcon_core.package_identification:_identify(LCD_web/portamail_ui/venv/lib/python3.12/site-packages/flask/json/__pycache__) by extension 'ignore_ament_install'
[0.918s] Level 1:colcon.colcon_core.package_identification:_identify(LCD_web/portamail_ui/venv/lib/python3.12/site-packages/flask/json/__pycache__) by extensions ['colcon_pkg']
[0.918s] Level 1:colcon.colcon_core.package_identification:_identify(LCD_web/portamail_ui/venv/lib/python3.12/site-packages/flask/json/__pycache__) by extension 'colcon_pkg'
[0.918s] Level 1:colcon.colcon_core.package_identification:_identify(LCD_web/portamail_ui/venv/lib/python3.12/site-packages/flask/json/__pycache__) by extensions ['colcon_meta']
[0.918s] Level 1:colcon.colcon_core.package_identification:_identify(LCD_web/portamail_ui/venv/lib/python3.12/site-packages/flask/json/__pycache__) by extension 'colcon_meta'
[0.918s] Level 1:colcon.colcon_core.package_identification:_identify(LCD_web/portamail_ui/venv/lib/python3.12/site-packages/flask/json/__pycache__) by extensions ['ros']
[0.918s] Level 1:colcon.colcon_core.package_identification:_identify(LCD_web/portamail_ui/venv/lib/python3.12/site-packages/flask/json/__pycache__) by extension 'ros'
[0.918s] Level 1:colcon.colcon_core.package_identification:_identify(LCD_web/portamail_ui/venv/lib/python3.12/site-packages/flask/json/__pycache__) by extensions ['cmake', 'python']
[0.918s] Level 1:colcon.colcon_core.package_identification:_identify(LCD_web/portamail_ui/venv/lib/python3.12/site-packages/flask/json/__pycache__) by extension 'cmake'
[0.918s] Level 1:colcon.colcon_core.package_identification:_identify(LCD_web/portamail_ui/venv/lib/python3.12/site-packages/flask/json/__pycache__) by extension 'python'
[0.918s] Level 1:colcon.colcon_core.package_identification:_identify(LCD_web/portamail_ui/venv/lib/python3.12/site-packages/flask/json/__pycache__) by extensions ['python_setup_py']
[0.918s] Level 1:colcon.colcon_core.package_identification:_identify(LCD_web/portamail_ui/venv/lib/python3.12/site-packages/flask/json/__pycache__) by extension 'python_setup_py'
[0.918s] Level 1:colcon.colcon_core.package_identification:_identify(LCD_web/portamail_ui/venv/lib/python3.12/site-packages/flask/sansio) by extensions ['ignore', 'ignore_ament_install']
[0.919s] Level 1:colcon.colcon_core.package_identification:_identify(LCD_web/portamail_ui/venv/lib/python3.12/site-packages/flask/sansio) by extension 'ignore'
[0.919s] Level 1:colcon.colcon_core.package_identification:_identify(LCD_web/portamail_ui/venv/lib/python3.12/site-packages/flask/sansio) by extension 'ignore_ament_install'
[0.919s] Level 1:colcon.colcon_core.package_identification:_identify(LCD_web/portamail_ui/venv/lib/python3.12/site-packages/flask/sansio) by extensions ['colcon_pkg']
[0.919s] Level 1:colcon.colcon_core.package_identification:_identify(LCD_web/portamail_ui/venv/lib/python3.12/site-packages/flask/sansio) by extension 'colcon_pkg'
[0.919s] Level 1:colcon.colcon_core.package_identification:_identify(LCD_web/portamail_ui/venv/lib/python3.12/site-packages/flask/sansio) by extensions ['colcon_meta']
[0.919s] Level 1:colcon.colcon_core.package_identification:_identify(LCD_web/portamail_ui/venv/lib/python3.12/site-packages/flask/sansio) by extension 'colcon_meta'
[0.919s] Level 1:colcon.colcon_core.package_identification:_identify(LCD_web/portamail_ui/venv/lib/python3.12/site-packages/flask/sansio) by extensions ['ros']
[0.919s] Level 1:colcon.colcon_core.package_identification:_identify(LCD_web/portamail_ui/venv/lib/python3.12/site-packages/flask/sansio) by extension 'ros'
[0.919s] Level 1:colcon.colcon_core.package_identification:_identify(LCD_web/portamail_ui/venv/lib/python3.12/site-packages/flask/sansio) by extensions ['cmake', 'python']
[0.919s] Level 1:colcon.colcon_core.package_identification:_identify(LCD_web/portamail_ui/venv/lib/python3.12/site-packages/flask/sansio) by extension 'cmake'
[0.919s] Level 1:colcon.colcon_core.package_identification:_identify(LCD_web/portamail_ui/venv/lib/python3.12/site-packages/flask/sansio) by extension 'python'
[0.919s] Level 1:colcon.colcon_core.package_identification:_identify(LCD_web/portamail_ui/venv/lib/python3.12/site-packages/flask/sansio) by extensions ['python_setup_py']
[0.919s] Level 1:colcon.colcon_core.package_identification:_identify(LCD_web/portamail_ui/venv/lib/python3.12/site-packages/flask/sansio) by extension 'python_setup_py'
[0.920s] Level 1:colcon.colcon_core.package_identification:_identify(LCD_web/portamail_ui/venv/lib/python3.12/site-packages/flask/sansio/__pycache__) by extensions ['ignore', 'ignore_ament_install']
[0.920s] Level 1:colcon.colcon_core.package_identification:_identify(LCD_web/portamail_ui/venv/lib/python3.12/site-packages/flask/sansio/__pycache__) by extension 'ignore'
[0.920s] Level 1:colcon.colcon_core.package_identification:_identify(LCD_web/portamail_ui/venv/lib/python3.12/site-packages/flask/sansio/__pycache__) by extension 'ignore_ament_install'
[0.920s] Level 1:colcon.colcon_core.package_identification:_identify(LCD_web/portamail_ui/venv/lib/python3.12/site-packages/flask/sansio/__pycache__) by extensions ['colcon_pkg']
[0.920s] Level 1:colcon.colcon_core.package_identification:_identify(LCD_web/portamail_ui/venv/lib/python3.12/site-packages/flask/sansio/__pycache__) by extension 'colcon_pkg'
[0.920s] Level 1:colcon.colcon_core.package_identification:_identify(LCD_web/portamail_ui/venv/lib/python3.12/site-packages/flask/sansio/__pycache__) by extensions ['colcon_meta']
[0.920s] Level 1:colcon.colcon_core.package_identification:_identify(LCD_web/portamail_ui/venv/lib/python3.12/site-packages/flask/sansio/__pycache__) by extension 'colcon_meta'
[0.920s] Level 1:colcon.colcon_core.package_identification:_identify(LCD_web/portamail_ui/venv/lib/python3.12/site-packages/flask/sansio/__pycache__) by extensions ['ros']
[0.920s] Level 1:colcon.colcon_core.package_identification:_identify(LCD_web/portamail_ui/venv/lib/python3.12/site-packages/flask/sansio/__pycache__) by extension 'ros'
[0.920s] Level 1:colcon.colcon_core.package_identification:_identify(LCD_web/portamail_ui/venv/lib/python3.12/site-packages/flask/sansio/__pycache__) by extensions ['cmake', 'python']
[0.920s] Level 1:colcon.colcon_core.package_identification:_identify(LCD_web/portamail_ui/venv/lib/python3.12/site-packages/flask/sansio/__pycache__) by extension 'cmake'
[0.920s] Level 1:colcon.colcon_core.package_identification:_identify(LCD_web/portamail_ui/venv/lib/python3.12/site-packages/flask/sansio/__pycache__) by extension 'python'
[0.921s] Level 1:colcon.colcon_core.package_identification:_identify(LCD_web/portamail_ui/venv/lib/python3.12/site-packages/flask/sansio/__pycache__) by extensions ['python_setup_py']
[0.921s] Level 1:colcon.colcon_core.package_identification:_identify(LCD_web/portamail_ui/venv/lib/python3.12/site-packages/flask/sansio/__pycache__) by extension 'python_setup_py'
[0.921s] Level 1:colcon.colcon_core.package_identification:_identify(LCD_web/portamail_ui/venv/lib/python3.12/site-packages/flask-3.1.2.dist-info) by extensions ['ignore', 'ignore_ament_install']
[0.921s] Level 1:colcon.colcon_core.package_identification:_identify(LCD_web/portamail_ui/venv/lib/python3.12/site-packages/flask-3.1.2.dist-info) by extension 'ignore'
[0.921s] Level 1:colcon.colcon_core.package_identification:_identify(LCD_web/portamail_ui/venv/lib/python3.12/site-packages/flask-3.1.2.dist-info) by extension 'ignore_ament_install'
[0.921s] Level 1:colcon.colcon_core.package_identification:_identify(LCD_web/portamail_ui/venv/lib/python3.12/site-packages/flask-3.1.2.dist-info) by extensions ['colcon_pkg']
[0.921s] Level 1:colcon.colcon_core.package_identification:_identify(LCD_web/portamail_ui/venv/lib/python3.12/site-packages/flask-3.1.2.dist-info) by extension 'colcon_pkg'
[0.921s] Level 1:colcon.colcon_core.package_identification:_identify(LCD_web/portamail_ui/venv/lib/python3.12/site-packages/flask-3.1.2.dist-info) by extensions ['colcon_meta']
[0.921s] Level 1:colcon.colcon_core.package_identification:_identify(LCD_web/portamail_ui/venv/lib/python3.12/site-packages/flask-3.1.2.dist-info) by extension 'colcon_meta'
[0.921s] Level 1:colcon.colcon_core.package_identification:_identify(LCD_web/portamail_ui/venv/lib/python3.12/site-packages/flask-3.1.2.dist-info) by extensions ['ros']
[0.921s] Level 1:colcon.colcon_core.package_identification:_identify(LCD_web/portamail_ui/venv/lib/python3.12/site-packages/flask-3.1.2.dist-info) by extension 'ros'
[0.922s] Level 1:colcon.colcon_core.package_identification:_identify(LCD_web/portamail_ui/venv/lib/python3.12/site-packages/flask-3.1.2.dist-info) by extensions ['cmake', 'python']
[0.922s] Level 1:colcon.colcon_core.package_identification:_identify(LCD_web/portamail_ui/venv/lib/python3.12/site-packages/flask-3.1.2.dist-info) by extension 'cmake'
[0.922s] Level 1:colcon.colcon_core.package_identification:_identify(LCD_web/portamail_ui/venv/lib/python3.12/site-packages/flask-3.1.2.dist-info) by extension 'python'
[0.922s] Level 1:colcon.colcon_core.package_identification:_identify(LCD_web/portamail_ui/venv/lib/python3.12/site-packages/flask-3.1.2.dist-info) by extensions ['python_setup_py']
[0.922s] Level 1:colcon.colcon_core.package_identification:_identify(LCD_web/portamail_ui/venv/lib/python3.12/site-packages/flask-3.1.2.dist-info) by extension 'python_setup_py'
[0.922s] Level 1:colcon.colcon_core.package_identification:_identify(LCD_web/portamail_ui/venv/lib/python3.12/site-packages/flask-3.1.2.dist-info/licenses) by extensions ['ignore', 'ignore_ament_install']
[0.922s] Level 1:colcon.colcon_core.package_identification:_identify(LCD_web/portamail_ui/venv/lib/python3.12/site-packages/flask-3.1.2.dist-info/licenses) by extension 'ignore'
[0.923s] Level 1:colcon.colcon_core.package_identification:_identify(LCD_web/portamail_ui/venv/lib/python3.12/site-packages/flask-3.1.2.dist-info/licenses) by extension 'ignore_ament_install'
[0.923s] Level 1:colcon.colcon_core.package_identification:_identify(LCD_web/portamail_ui/venv/lib/python3.12/site-packages/flask-3.1.2.dist-info/licenses) by extensions ['colcon_pkg']
[0.923s] Level 1:colcon.colcon_core.package_identification:_identify(LCD_web/portamail_ui/venv/lib/python3.12/site-packages/flask-3.1.2.dist-info/licenses) by extension 'colcon_pkg'
[0.923s] Level 1:colcon.colcon_core.package_identification:_identify(LCD_web/portamail_ui/venv/lib/python3.12/site-packages/flask-3.1.2.dist-info/licenses) by extensions ['colcon_meta']
[0.923s] Level 1:colcon.colcon_core.package_identification:_identify(LCD_web/portamail_ui/venv/lib/python3.12/site-packages/flask-3.1.2.dist-info/licenses) by extension 'colcon_meta'
[0.923s] Level 1:colcon.colcon_core.package_identification:_identify(LCD_web/portamail_ui/venv/lib/python3.12/site-packages/flask-3.1.2.dist-info/licenses) by extensions ['ros']
[0.923s] Level 1:colcon.colcon_core.package_identification:_identify(LCD_web/portamail_ui/venv/lib/python3.12/site-packages/flask-3.1.2.dist-info/licenses) by extension 'ros'
[0.923s] Level 1:colcon.colcon_core.package_identification:_identify(LCD_web/portamail_ui/venv/lib/python3.12/site-packages/flask-3.1.2.dist-info/licenses) by extensions ['cmake', 'python']
[0.923s] Level 1:colcon.colcon_core.package_identification:_identify(LCD_web/portamail_ui/venv/lib/python3.12/site-packages/flask-3.1.2.dist-info/licenses) by extension 'cmake'
[0.924s] Level 1:colcon.colcon_core.package_identification:_identify(LCD_web/portamail_ui/venv/lib/python3.12/site-packages/flask-3.1.2.dist-info/licenses) by extension 'python'
[0.924s] Level 1:colcon.colcon_core.package_identification:_identify(LCD_web/portamail_ui/venv/lib/python3.12/site-packages/flask-3.1.2.dist-info/licenses) by extensions ['python_setup_py']
[0.924s] Level 1:colcon.colcon_core.package_identification:_identify(LCD_web/portamail_ui/venv/lib/python3.12/site-packages/flask-3.1.2.dist-info/licenses) by extension 'python_setup_py'
[0.924s] Level 1:colcon.colcon_core.package_identification:_identify(LCD_web/portamail_ui/venv/lib/python3.12/site-packages/flask_socketio) by extensions ['ignore', 'ignore_ament_install']
[0.924s] Level 1:colcon.colcon_core.package_identification:_identify(LCD_web/portamail_ui/venv/lib/python3.12/site-packages/flask_socketio) by extension 'ignore'
[0.924s] Level 1:colcon.colcon_core.package_identification:_identify(LCD_web/portamail_ui/venv/lib/python3.12/site-packages/flask_socketio) by extension 'ignore_ament_install'
[0.924s] Level 1:colcon.colcon_core.package_identification:_identify(LCD_web/portamail_ui/venv/lib/python3.12/site-packages/flask_socketio) by extensions ['colcon_pkg']
[0.924s] Level 1:colcon.colcon_core.package_identification:_identify(LCD_web/portamail_ui/venv/lib/python3.12/site-packages/flask_socketio) by extension 'colcon_pkg'
[0.925s] Level 1:colcon.colcon_core.package_identification:_identify(LCD_web/portamail_ui/venv/lib/python3.12/site-packages/flask_socketio) by extensions ['colcon_meta']
[0.925s] Level 1:colcon.colcon_core.package_identification:_identify(LCD_web/portamail_ui/venv/lib/python3.12/site-packages/flask_socketio) by extension 'colcon_meta'
[0.925s] Level 1:colcon.colcon_core.package_identification:_identify(LCD_web/portamail_ui/venv/lib/python3.12/site-packages/flask_socketio) by extensions ['ros']
[0.925s] Level 1:colcon.colcon_core.package_identification:_identify(LCD_web/portamail_ui/venv/lib/python3.12/site-packages/flask_socketio) by extension 'ros'
[0.925s] Level 1:colcon.colcon_core.package_identification:_identify(LCD_web/portamail_ui/venv/lib/python3.12/site-packages/flask_socketio) by extensions ['cmake', 'python']
[0.925s] Level 1:colcon.colcon_core.package_identification:_identify(LCD_web/portamail_ui/venv/lib/python3.12/site-packages/flask_socketio) by extension 'cmake'
[0.925s] Level 1:colcon.colcon_core.package_identification:_identify(LCD_web/portamail_ui/venv/lib/python3.12/site-packages/flask_socketio) by extension 'python'
[0.925s] Level 1:colcon.colcon_core.package_identification:_identify(LCD_web/portamail_ui/venv/lib/python3.12/site-packages/flask_socketio) by extensions ['python_setup_py']
[0.925s] Level 1:colcon.colcon_core.package_identification:_identify(LCD_web/portamail_ui/venv/lib/python3.12/site-packages/flask_socketio) by extension 'python_setup_py'
[0.925s] Level 1:colcon.colcon_core.package_identification:_identify(LCD_web/portamail_ui/venv/lib/python3.12/site-packages/flask_socketio/__pycache__) by extensions ['ignore', 'ignore_ament_install']
[0.925s] Level 1:colcon.colcon_core.package_identification:_identify(LCD_web/portamail_ui/venv/lib/python3.12/site-packages/flask_socketio/__pycache__) by extension 'ignore'
[0.925s] Level 1:colcon.colcon_core.package_identification:_identify(LCD_web/portamail_ui/venv/lib/python3.12/site-packages/flask_socketio/__pycache__) by extension 'ignore_ament_install'
[0.926s] Level 1:colcon.colcon_core.package_identification:_identify(LCD_web/portamail_ui/venv/lib/python3.12/site-packages/flask_socketio/__pycache__) by extensions ['colcon_pkg']
[0.926s] Level 1:colcon.colcon_core.package_identification:_identify(LCD_web/portamail_ui/venv/lib/python3.12/site-packages/flask_socketio/__pycache__) by extension 'colcon_pkg'
[0.926s] Level 1:colcon.colcon_core.package_identification:_identify(LCD_web/portamail_ui/venv/lib/python3.12/site-packages/flask_socketio/__pycache__) by extensions ['colcon_meta']
[0.926s] Level 1:colcon.colcon_core.package_identification:_identify(LCD_web/portamail_ui/venv/lib/python3.12/site-packages/flask_socketio/__pycache__) by extension 'colcon_meta'
[0.926s] Level 1:colcon.colcon_core.package_identification:_identify(LCD_web/portamail_ui/venv/lib/python3.12/site-packages/flask_socketio/__pycache__) by extensions ['ros']
[0.926s] Level 1:colcon.colcon_core.package_identification:_identify(LCD_web/portamail_ui/venv/lib/python3.12/site-packages/flask_socketio/__pycache__) by extension 'ros'
[0.926s] Level 1:colcon.colcon_core.package_identification:_identify(LCD_web/portamail_ui/venv/lib/python3.12/site-packages/flask_socketio/__pycache__) by extensions ['cmake', 'python']
[0.926s] Level 1:colcon.colcon_core.package_identification:_identify(LCD_web/portamail_ui/venv/lib/python3.12/site-packages/flask_socketio/__pycache__) by extension 'cmake'
[0.926s] Level 1:colcon.colcon_core.package_identification:_identify(LCD_web/portamail_ui/venv/lib/python3.12/site-packages/flask_socketio/__pycache__) by extension 'python'
[0.926s] Level 1:colcon.colcon_core.package_identification:_identify(LCD_web/portamail_ui/venv/lib/python3.12/site-packages/flask_socketio/__pycache__) by extensions ['python_setup_py']
[0.926s] Level 1:colcon.colcon_core.package_identification:_identify(LCD_web/portamail_ui/venv/lib/python3.12/site-packages/flask_socketio/__pycache__) by extension 'python_setup_py'
[0.926s] Level 1:colcon.colcon_core.package_identification:_identify(LCD_web/portamail_ui/venv/lib/python3.12/site-packages/flask_socketio-5.6.0.dist-info) by extensions ['ignore', 'ignore_ament_install']
[0.926s] Level 1:colcon.colcon_core.package_identification:_identify(LCD_web/portamail_ui/venv/lib/python3.12/site-packages/flask_socketio-5.6.0.dist-info) by extension 'ignore'
[0.926s] Level 1:colcon.colcon_core.package_identification:_identify(LCD_web/portamail_ui/venv/lib/python3.12/site-packages/flask_socketio-5.6.0.dist-info) by extension 'ignore_ament_install'
[0.926s] Level 1:colcon.colcon_core.package_identification:_identify(LCD_web/portamail_ui/venv/lib/python3.12/site-packages/flask_socketio-5.6.0.dist-info) by extensions ['colcon_pkg']
[0.926s] Level 1:colcon.colcon_core.package_identification:_identify(LCD_web/portamail_ui/venv/lib/python3.12/site-packages/flask_socketio-5.6.0.dist-info) by extension 'colcon_pkg'
[0.927s] Level 1:colcon.colcon_core.package_identification:_identify(LCD_web/portamail_ui/venv/lib/python3.12/site-packages/flask_socketio-5.6.0.dist-info) by extensions ['colcon_meta']
[0.927s] Level 1:colcon.colcon_core.package_identification:_identify(LCD_web/portamail_ui/venv/lib/python3.12/site-packages/flask_socketio-5.6.0.dist-info) by extension 'colcon_meta'
[0.927s] Level 1:colcon.colcon_core.package_identification:_identify(LCD_web/portamail_ui/venv/lib/python3.12/site-packages/flask_socketio-5.6.0.dist-info) by extensions ['ros']
[0.927s] Level 1:colcon.colcon_core.package_identification:_identify(LCD_web/portamail_ui/venv/lib/python3.12/site-packages/flask_socketio-5.6.0.dist-info) by extension 'ros'
[0.927s] Level 1:colcon.colcon_core.package_identification:_identify(LCD_web/portamail_ui/venv/lib/python3.12/site-packages/flask_socketio-5.6.0.dist-info) by extensions ['cmake', 'python']
[0.927s] Level 1:colcon.colcon_core.package_identification:_identify(LCD_web/portamail_ui/venv/lib/python3.12/site-packages/flask_socketio-5.6.0.dist-info) by extension 'cmake'
[0.927s] Level 1:colcon.colcon_core.package_identification:_identify(LCD_web/portamail_ui/venv/lib/python3.12/site-packages/flask_socketio-5.6.0.dist-info) by extension 'python'
[0.927s] Level 1:colcon.colcon_core.package_identification:_identify(LCD_web/portamail_ui/venv/lib/python3.12/site-packages/flask_socketio-5.6.0.dist-info) by extensions ['python_setup_py']
[0.927s] Level 1:colcon.colcon_core.package_identification:_identify(LCD_web/portamail_ui/venv/lib/python3.12/site-packages/flask_socketio-5.6.0.dist-info) by extension 'python_setup_py'
[0.928s] Level 1:colcon.colcon_core.package_identification:_identify(LCD_web/portamail_ui/venv/lib/python3.12/site-packages/flask_socketio-5.6.0.dist-info/licenses) by extensions ['ignore', 'ignore_ament_install']
[0.928s] Level 1:colcon.colcon_core.package_identification:_identify(LCD_web/portamail_ui/venv/lib/python3.12/site-packages/flask_socketio-5.6.0.dist-info/licenses) by extension 'ignore'
[0.928s] Level 1:colcon.colcon_core.package_identification:_identify(LCD_web/portamail_ui/venv/lib/python3.12/site-packages/flask_socketio-5.6.0.dist-info/licenses) by extension 'ignore_ament_install'
[0.928s] Level 1:colcon.colcon_core.package_identification:_identify(LCD_web/portamail_ui/venv/lib/python3.12/site-packages/flask_socketio-5.6.0.dist-info/licenses) by extensions ['colcon_pkg']
[0.928s] Level 1:colcon.colcon_core.package_identification:_identify(LCD_web/portamail_ui/venv/lib/python3.12/site-packages/flask_socketio-5.6.0.dist-info/licenses) by extension 'colcon_pkg'
[0.929s] Level 1:colcon.colcon_core.package_identification:_identify(LCD_web/portamail_ui/venv/lib/python3.12/site-packages/flask_socketio-5.6.0.dist-info/licenses) by extensions ['colcon_meta']
[0.929s] Level 1:colcon.colcon_core.package_identification:_identify(LCD_web/portamail_ui/venv/lib/python3.12/site-packages/flask_socketio-5.6.0.dist-info/licenses) by extension 'colcon_meta'
[0.929s] Level 1:colcon.colcon_core.package_identification:_identify(LCD_web/portamail_ui/venv/lib/python3.12/site-packages/flask_socketio-5.6.0.dist-info/licenses) by extensions ['ros']
[0.929s] Level 1:colcon.colcon_core.package_identification:_identify(LCD_web/portamail_ui/venv/lib/python3.12/site-packages/flask_socketio-5.6.0.dist-info/licenses) by extension 'ros'
[0.929s] Level 1:colcon.colcon_core.package_identification:_identify(LCD_web/portamail_ui/venv/lib/python3.12/site-packages/flask_socketio-5.6.0.dist-info/licenses) by extensions ['cmake', 'python']
[0.929s] Level 1:colcon.colcon_core.package_identification:_identify(LCD_web/portamail_ui/venv/lib/python3.12/site-packages/flask_socketio-5.6.0.dist-info/licenses) by extension 'cmake'
[0.929s] Level 1:colcon.colcon_core.package_identification:_identify(LCD_web/portamail_ui/venv/lib/python3.12/site-packages/flask_socketio-5.6.0.dist-info/licenses) by extension 'python'
[0.929s] Level 1:colcon.colcon_core.package_identification:_identify(LCD_web/portamail_ui/venv/lib/python3.12/site-packages/flask_socketio-5.6.0.dist-info/licenses) by extensions ['python_setup_py']
[0.929s] Level 1:colcon.colcon_core.package_identification:_identify(LCD_web/portamail_ui/venv/lib/python3.12/site-packages/flask_socketio-5.6.0.dist-info/licenses) by extension 'python_setup_py'
[0.929s] Level 1:colcon.colcon_core.package_identification:_identify(LCD_web/portamail_ui/venv/lib/python3.12/site-packages/greenlet) by extensions ['ignore', 'ignore_ament_install']
[0.929s] Level 1:colcon.colcon_core.package_identification:_identify(LCD_web/portamail_ui/venv/lib/python3.12/site-packages/greenlet) by extension 'ignore'
[0.929s] Level 1:colcon.colcon_core.package_identification:_identify(LCD_web/portamail_ui/venv/lib/python3.12/site-packages/greenlet) by extension 'ignore_ament_install'
[0.929s] Level 1:colcon.colcon_core.package_identification:_identify(LCD_web/portamail_ui/venv/lib/python3.12/site-packages/greenlet) by extensions ['colcon_pkg']
[0.929s] Level 1:colcon.colcon_core.package_identification:_identify(LCD_web/portamail_ui/venv/lib/python3.12/site-packages/greenlet) by extension 'colcon_pkg'
[0.929s] Level 1:colcon.colcon_core.package_identification:_identify(LCD_web/portamail_ui/venv/lib/python3.12/site-packages/greenlet) by extensions ['colcon_meta']
[0.930s] Level 1:colcon.colcon_core.package_identification:_identify(LCD_web/portamail_ui/venv/lib/python3.12/site-packages/greenlet) by extension 'colcon_meta'
[0.930s] Level 1:colcon.colcon_core.package_identification:_identify(LCD_web/portamail_ui/venv/lib/python3.12/site-packages/greenlet) by extensions ['ros']
[0.930s] Level 1:colcon.colcon_core.package_identification:_identify(LCD_web/portamail_ui/venv/lib/python3.12/site-packages/greenlet) by extension 'ros'
[0.930s] Level 1:colcon.colcon_core.package_identification:_identify(LCD_web/portamail_ui/venv/lib/python3.12/site-packages/greenlet) by extensions ['cmake', 'python']
[0.930s] Level 1:colcon.colcon_core.package_identification:_identify(LCD_web/portamail_ui/venv/lib/python3.12/site-packages/greenlet) by extension 'cmake'
[0.930s] Level 1:colcon.colcon_core.package_identification:_identify(LCD_web/portamail_ui/venv/lib/python3.12/site-packages/greenlet) by extension 'python'
[0.930s] Level 1:colcon.colcon_core.package_identification:_identify(LCD_web/portamail_ui/venv/lib/python3.12/site-packages/greenlet) by extensions ['python_setup_py']
[0.930s] Level 1:colcon.colcon_core.package_identification:_identify(LCD_web/portamail_ui/venv/lib/python3.12/site-packages/greenlet) by extension 'python_setup_py'
[0.930s] Level 1:colcon.colcon_core.package_identification:_identify(LCD_web/portamail_ui/venv/lib/python3.12/site-packages/greenlet/__pycache__) by extensions ['ignore', 'ignore_ament_install']
[0.930s] Level 1:colcon.colcon_core.package_identification:_identify(LCD_web/portamail_ui/venv/lib/python3.12/site-packages/greenlet/__pycache__) by extension 'ignore'
[0.930s] Level 1:colcon.colcon_core.package_identification:_identify(LCD_web/portamail_ui/venv/lib/python3.12/site-packages/greenlet/__pycache__) by extension 'ignore_ament_install'
[0.930s] Level 1:colcon.colcon_core.package_identification:_identify(LCD_web/portamail_ui/venv/lib/python3.12/site-packages/greenlet/__pycache__) by extensions ['colcon_pkg']
[0.930s] Level 1:colcon.colcon_core.package_identification:_identify(LCD_web/portamail_ui/venv/lib/python3.12/site-packages/greenlet/__pycache__) by extension 'colcon_pkg'
[0.930s] Level 1:colcon.colcon_core.package_identification:_identify(LCD_web/portamail_ui/venv/lib/python3.12/site-packages/greenlet/__pycache__) by extensions ['colcon_meta']
[0.930s] Level 1:colcon.colcon_core.package_identification:_identify(LCD_web/portamail_ui/venv/lib/python3.12/site-packages/greenlet/__pycache__) by extension 'colcon_meta'
[0.931s] Level 1:colcon.colcon_core.package_identification:_identify(LCD_web/portamail_ui/venv/lib/python3.12/site-packages/greenlet/__pycache__) by extensions ['ros']
[0.931s] Level 1:colcon.colcon_core.package_identification:_identify(LCD_web/portamail_ui/venv/lib/python3.12/site-packages/greenlet/__pycache__) by extension 'ros'
[0.931s] Level 1:colcon.colcon_core.package_identification:_identify(LCD_web/portamail_ui/venv/lib/python3.12/site-packages/greenlet/__pycache__) by extensions ['cmake', 'python']
[0.931s] Level 1:colcon.colcon_core.package_identification:_identify(LCD_web/portamail_ui/venv/lib/python3.12/site-packages/greenlet/__pycache__) by extension 'cmake'
[0.931s] Level 1:colcon.colcon_core.package_identification:_identify(LCD_web/portamail_ui/venv/lib/python3.12/site-packages/greenlet/__pycache__) by extension 'python'
[0.931s] Level 1:colcon.colcon_core.package_identification:_identify(LCD_web/portamail_ui/venv/lib/python3.12/site-packages/greenlet/__pycache__) by extensions ['python_setup_py']
[0.931s] Level 1:colcon.colcon_core.package_identification:_identify(LCD_web/portamail_ui/venv/lib/python3.12/site-packages/greenlet/__pycache__) by extension 'python_setup_py'
[0.931s] Level 1:colcon.colcon_core.package_identification:_identify(LCD_web/portamail_ui/venv/lib/python3.12/site-packages/greenlet/platform) by extensions ['ignore', 'ignore_ament_install']
[0.932s] Level 1:colcon.colcon_core.package_identification:_identify(LCD_web/portamail_ui/venv/lib/python3.12/site-packages/greenlet/platform) by extension 'ignore'
[0.932s] Level 1:colcon.colcon_core.package_identification:_identify(LCD_web/portamail_ui/venv/lib/python3.12/site-packages/greenlet/platform) by extension 'ignore_ament_install'
[0.932s] Level 1:colcon.colcon_core.package_identification:_identify(LCD_web/portamail_ui/venv/lib/python3.12/site-packages/greenlet/platform) by extensions ['colcon_pkg']
[0.932s] Level 1:colcon.colcon_core.package_identification:_identify(LCD_web/portamail_ui/venv/lib/python3.12/site-packages/greenlet/platform) by extension 'colcon_pkg'
[0.932s] Level 1:colcon.colcon_core.package_identification:_identify(LCD_web/portamail_ui/venv/lib/python3.12/site-packages/greenlet/platform) by extensions ['colcon_meta']
[0.932s] Level 1:colcon.colcon_core.package_identification:_identify(LCD_web/portamail_ui/venv/lib/python3.12/site-packages/greenlet/platform) by extension 'colcon_meta'
[0.932s] Level 1:colcon.colcon_core.package_identification:_identify(LCD_web/portamail_ui/venv/lib/python3.12/site-packages/greenlet/platform) by extensions ['ros']
[0.932s] Level 1:colcon.colcon_core.package_identification:_identify(LCD_web/portamail_ui/venv/lib/python3.12/site-packages/greenlet/platform) by extension 'ros'
[0.932s] Level 1:colcon.colcon_core.package_identification:_identify(LCD_web/portamail_ui/venv/lib/python3.12/site-packages/greenlet/platform) by extensions ['cmake', 'python']
[0.932s] Level 1:colcon.colcon_core.package_identification:_identify(LCD_web/portamail_ui/venv/lib/python3.12/site-packages/greenlet/platform) by extension 'cmake'
[0.932s] Level 1:colcon.colcon_core.package_identification:_identify(LCD_web/portamail_ui/venv/lib/python3.12/site-packages/greenlet/platform) by extension 'python'
[0.932s] Level 1:colcon.colcon_core.package_identification:_identify(LCD_web/portamail_ui/venv/lib/python3.12/site-packages/greenlet/platform) by extensions ['python_setup_py']
[0.932s] Level 1:colcon.colcon_core.package_identification:_identify(LCD_web/portamail_ui/venv/lib/python3.12/site-packages/greenlet/platform) by extension 'python_setup_py'
[0.933s] Level 1:colcon.colcon_core.package_identification:_identify(LCD_web/portamail_ui/venv/lib/python3.12/site-packages/greenlet/platform/__pycache__) by extensions ['ignore', 'ignore_ament_install']
[0.933s] Level 1:colcon.colcon_core.package_identification:_identify(LCD_web/portamail_ui/venv/lib/python3.12/site-packages/greenlet/platform/__pycache__) by extension 'ignore'
[0.934s] Level 1:colcon.colcon_core.package_identification:_identify(LCD_web/portamail_ui/venv/lib/python3.12/site-packages/greenlet/platform/__pycache__) by extension 'ignore_ament_install'
[0.934s] Level 1:colcon.colcon_core.package_identification:_identify(LCD_web/portamail_ui/venv/lib/python3.12/site-packages/greenlet/platform/__pycache__) by extensions ['colcon_pkg']
[0.934s] Level 1:colcon.colcon_core.package_identification:_identify(LCD_web/portamail_ui/venv/lib/python3.12/site-packages/greenlet/platform/__pycache__) by extension 'colcon_pkg'
[0.934s] Level 1:colcon.colcon_core.package_identification:_identify(LCD_web/portamail_ui/venv/lib/python3.12/site-packages/greenlet/platform/__pycache__) by extensions ['colcon_meta']
[0.934s] Level 1:colcon.colcon_core.package_identification:_identify(LCD_web/portamail_ui/venv/lib/python3.12/site-packages/greenlet/platform/__pycache__) by extension 'colcon_meta'
[0.934s] Level 1:colcon.colcon_core.package_identification:_identify(LCD_web/portamail_ui/venv/lib/python3.12/site-packages/greenlet/platform/__pycache__) by extensions ['ros']
[0.934s] Level 1:colcon.colcon_core.package_identification:_identify(LCD_web/portamail_ui/venv/lib/python3.12/site-packages/greenlet/platform/__pycache__) by extension 'ros'
[0.934s] Level 1:colcon.colcon_core.package_identification:_identify(LCD_web/portamail_ui/venv/lib/python3.12/site-packages/greenlet/platform/__pycache__) by extensions ['cmake', 'python']
[0.934s] Level 1:colcon.colcon_core.package_identification:_identify(LCD_web/portamail_ui/venv/lib/python3.12/site-packages/greenlet/platform/__pycache__) by extension 'cmake'
[0.934s] Level 1:colcon.colcon_core.package_identification:_identify(LCD_web/portamail_ui/venv/lib/python3.12/site-packages/greenlet/platform/__pycache__) by extension 'python'
[0.934s] Level 1:colcon.colcon_core.package_identification:_identify(LCD_web/portamail_ui/venv/lib/python3.12/site-packages/greenlet/platform/__pycache__) by extensions ['python_setup_py']
[0.934s] Level 1:colcon.colcon_core.package_identification:_identify(LCD_web/portamail_ui/venv/lib/python3.12/site-packages/greenlet/platform/__pycache__) by extension 'python_setup_py'
[0.935s] Level 1:colcon.colcon_core.package_identification:_identify(LCD_web/portamail_ui/venv/lib/python3.12/site-packages/greenlet/tests) by extensions ['ignore', 'ignore_ament_install']
[0.935s] Level 1:colcon.colcon_core.package_identification:_identify(LCD_web/portamail_ui/venv/lib/python3.12/site-packages/greenlet/tests) by extension 'ignore'
[0.935s] Level 1:colcon.colcon_core.package_identification:_identify(LCD_web/portamail_ui/venv/lib/python3.12/site-packages/greenlet/tests) by extension 'ignore_ament_install'
[0.935s] Level 1:colcon.colcon_core.package_identification:_identify(LCD_web/portamail_ui/venv/lib/python3.12/site-packages/greenlet/tests) by extensions ['colcon_pkg']
[0.935s] Level 1:colcon.colcon_core.package_identification:_identify(LCD_web/portamail_ui/venv/lib/python3.12/site-packages/greenlet/tests) by extension 'colcon_pkg'
[0.935s] Level 1:colcon.colcon_core.package_identification:_identify(LCD_web/portamail_ui/venv/lib/python3.12/site-packages/greenlet/tests) by extensions ['colcon_meta']
[0.935s] Level 1:colcon.colcon_core.package_identification:_identify(LCD_web/portamail_ui/venv/lib/python3.12/site-packages/greenlet/tests) by extension 'colcon_meta'
[0.935s] Level 1:colcon.colcon_core.package_identification:_identify(LCD_web/portamail_ui/venv/lib/python3.12/site-packages/greenlet/tests) by extensions ['ros']
[0.935s] Level 1:colcon.colcon_core.package_identification:_identify(LCD_web/portamail_ui/venv/lib/python3.12/site-packages/greenlet/tests) by extension 'ros'
[0.935s] Level 1:colcon.colcon_core.package_identification:_identify(LCD_web/portamail_ui/venv/lib/python3.12/site-packages/greenlet/tests) by extensions ['cmake', 'python']
[0.935s] Level 1:colcon.colcon_core.package_identification:_identify(LCD_web/portamail_ui/venv/lib/python3.12/site-packages/greenlet/tests) by extension 'cmake'
[0.936s] Level 1:colcon.colcon_core.package_identification:_identify(LCD_web/portamail_ui/venv/lib/python3.12/site-packages/greenlet/tests) by extension 'python'
[0.936s] Level 1:colcon.colcon_core.package_identification:_identify(LCD_web/portamail_ui/venv/lib/python3.12/site-packages/greenlet/tests) by extensions ['python_setup_py']
[0.936s] Level 1:colcon.colcon_core.package_identification:_identify(LCD_web/portamail_ui/venv/lib/python3.12/site-packages/greenlet/tests) by extension 'python_setup_py'
[0.936s] Level 1:colcon.colcon_core.package_identification:_identify(LCD_web/portamail_ui/venv/lib/python3.12/site-packages/greenlet/tests/__pycache__) by extensions ['ignore', 'ignore_ament_install']
[0.936s] Level 1:colcon.colcon_core.package_identification:_identify(LCD_web/portamail_ui/venv/lib/python3.12/site-packages/greenlet/tests/__pycache__) by extension 'ignore'
[0.936s] Level 1:colcon.colcon_core.package_identification:_identify(LCD_web/portamail_ui/venv/lib/python3.12/site-packages/greenlet/tests/__pycache__) by extension 'ignore_ament_install'
[0.936s] Level 1:colcon.colcon_core.package_identification:_identify(LCD_web/portamail_ui/venv/lib/python3.12/site-packages/greenlet/tests/__pycache__) by extensions ['colcon_pkg']
[0.936s] Level 1:colcon.colcon_core.package_identification:_identify(LCD_web/portamail_ui/venv/lib/python3.12/site-packages/greenlet/tests/__pycache__) by extension 'colcon_pkg'
[0.937s] Level 1:colcon.colcon_core.package_identification:_identify(LCD_web/portamail_ui/venv/lib/python3.12/site-packages/greenlet/tests/__pycache__) by extensions ['colcon_meta']
[0.937s] Level 1:colcon.colcon_core.package_identification:_identify(LCD_web/portamail_ui/venv/lib/python3.12/site-packages/greenlet/tests/__pycache__) by extension 'colcon_meta'
[0.937s] Level 1:colcon.colcon_core.package_identification:_identify(LCD_web/portamail_ui/venv/lib/python3.12/site-packages/greenlet/tests/__pycache__) by extensions ['ros']
[0.937s] Level 1:colcon.colcon_core.package_identification:_identify(LCD_web/portamail_ui/venv/lib/python3.12/site-packages/greenlet/tests/__pycache__) by extension 'ros'
[0.937s] Level 1:colcon.colcon_core.package_identification:_identify(LCD_web/portamail_ui/venv/lib/python3.12/site-packages/greenlet/tests/__pycache__) by extensions ['cmake', 'python']
[0.937s] Level 1:colcon.colcon_core.package_identification:_identify(LCD_web/portamail_ui/venv/lib/python3.12/site-packages/greenlet/tests/__pycache__) by extension 'cmake'
[0.937s] Level 1:colcon.colcon_core.package_identification:_identify(LCD_web/portamail_ui/venv/lib/python3.12/site-packages/greenlet/tests/__pycache__) by extension 'python'
[0.937s] Level 1:colcon.colcon_core.package_identification:_identify(LCD_web/portamail_ui/venv/lib/python3.12/site-packages/greenlet/tests/__pycache__) by extensions ['python_setup_py']
[0.937s] Level 1:colcon.colcon_core.package_identification:_identify(LCD_web/portamail_ui/venv/lib/python3.12/site-packages/greenlet/tests/__pycache__) by extension 'python_setup_py'
[0.937s] Level 1:colcon.colcon_core.package_identification:_identify(LCD_web/portamail_ui/venv/lib/python3.12/site-packages/greenlet-3.3.2.dist-info) by extensions ['ignore', 'ignore_ament_install']
[0.937s] Level 1:colcon.colcon_core.package_identification:_identify(LCD_web/portamail_ui/venv/lib/python3.12/site-packages/greenlet-3.3.2.dist-info) by extension 'ignore'
[0.937s] Level 1:colcon.colcon_core.package_identification:_identify(LCD_web/portamail_ui/venv/lib/python3.12/site-packages/greenlet-3.3.2.dist-info) by extension 'ignore_ament_install'
[0.937s] Level 1:colcon.colcon_core.package_identification:_identify(LCD_web/portamail_ui/venv/lib/python3.12/site-packages/greenlet-3.3.2.dist-info) by extensions ['colcon_pkg']
[0.937s] Level 1:colcon.colcon_core.package_identification:_identify(LCD_web/portamail_ui/venv/lib/python3.12/site-packages/greenlet-3.3.2.dist-info) by extension 'colcon_pkg'
[0.937s] Level 1:colcon.colcon_core.package_identification:_identify(LCD_web/portamail_ui/venv/lib/python3.12/site-packages/greenlet-3.3.2.dist-info) by extensions ['colcon_meta']
[0.938s] Level 1:colcon.colcon_core.package_identification:_identify(LCD_web/portamail_ui/venv/lib/python3.12/site-packages/greenlet-3.3.2.dist-info) by extension 'colcon_meta'
[0.938s] Level 1:colcon.colcon_core.package_identification:_identify(LCD_web/portamail_ui/venv/lib/python3.12/site-packages/greenlet-3.3.2.dist-info) by extensions ['ros']
[0.938s] Level 1:colcon.colcon_core.package_identification:_identify(LCD_web/portamail_ui/venv/lib/python3.12/site-packages/greenlet-3.3.2.dist-info) by extension 'ros'
[0.938s] Level 1:colcon.colcon_core.package_identification:_identify(LCD_web/portamail_ui/venv/lib/python3.12/site-packages/greenlet-3.3.2.dist-info) by extensions ['cmake', 'python']
[0.938s] Level 1:colcon.colcon_core.package_identification:_identify(LCD_web/portamail_ui/venv/lib/python3.12/site-packages/greenlet-3.3.2.dist-info) by extension 'cmake'
[0.938s] Level 1:colcon.colcon_core.package_identification:_identify(LCD_web/portamail_ui/venv/lib/python3.12/site-packages/greenlet-3.3.2.dist-info) by extension 'python'
[0.938s] Level 1:colcon.colcon_core.package_identification:_identify(LCD_web/portamail_ui/venv/lib/python3.12/site-packages/greenlet-3.3.2.dist-info) by extensions ['python_setup_py']
[0.938s] Level 1:colcon.colcon_core.package_identification:_identify(LCD_web/portamail_ui/venv/lib/python3.12/site-packages/greenlet-3.3.2.dist-info) by extension 'python_setup_py'
[0.938s] Level 1:colcon.colcon_core.package_identification:_identify(LCD_web/portamail_ui/venv/lib/python3.12/site-packages/greenlet-3.3.2.dist-info/licenses) by extensions ['ignore', 'ignore_ament_install']
[0.939s] Level 1:colcon.colcon_core.package_identification:_identify(LCD_web/portamail_ui/venv/lib/python3.12/site-packages/greenlet-3.3.2.dist-info/licenses) by extension 'ignore'
[0.939s] Level 1:colcon.colcon_core.package_identification:_identify(LCD_web/portamail_ui/venv/lib/python3.12/site-packages/greenlet-3.3.2.dist-info/licenses) by extension 'ignore_ament_install'
[0.939s] Level 1:colcon.colcon_core.package_identification:_identify(LCD_web/portamail_ui/venv/lib/python3.12/site-packages/greenlet-3.3.2.dist-info/licenses) by extensions ['colcon_pkg']
[0.939s] Level 1:colcon.colcon_core.package_identification:_identify(LCD_web/portamail_ui/venv/lib/python3.12/site-packages/greenlet-3.3.2.dist-info/licenses) by extension 'colcon_pkg'
[0.939s] Level 1:colcon.colcon_core.package_identification:_identify(LCD_web/portamail_ui/venv/lib/python3.12/site-packages/greenlet-3.3.2.dist-info/licenses) by extensions ['colcon_meta']
[0.939s] Level 1:colcon.colcon_core.package_identification:_identify(LCD_web/portamail_ui/venv/lib/python3.12/site-packages/greenlet-3.3.2.dist-info/licenses) by extension 'colcon_meta'
[0.939s] Level 1:colcon.colcon_core.package_identification:_identify(LCD_web/portamail_ui/venv/lib/python3.12/site-packages/greenlet-3.3.2.dist-info/licenses) by extensions ['ros']
[0.939s] Level 1:colcon.colcon_core.package_identification:_identify(LCD_web/portamail_ui/venv/lib/python3.12/site-packages/greenlet-3.3.2.dist-info/licenses) by extension 'ros'
[0.939s] Level 1:colcon.colcon_core.package_identification:_identify(LCD_web/portamail_ui/venv/lib/python3.12/site-packages/greenlet-3.3.2.dist-info/licenses) by extensions ['cmake', 'python']
[0.939s] Level 1:colcon.colcon_core.package_identification:_identify(LCD_web/portamail_ui/venv/lib/python3.12/site-packages/greenlet-3.3.2.dist-info/licenses) by extension 'cmake'
[0.939s] Level 1:colcon.colcon_core.package_identification:_identify(LCD_web/portamail_ui/venv/lib/python3.12/site-packages/greenlet-3.3.2.dist-info/licenses) by extension 'python'
[0.939s] Level 1:colcon.colcon_core.package_identification:_identify(LCD_web/portamail_ui/venv/lib/python3.12/site-packages/greenlet-3.3.2.dist-info/licenses) by extensions ['python_setup_py']
[0.939s] Level 1:colcon.colcon_core.package_identification:_identify(LCD_web/portamail_ui/venv/lib/python3.12/site-packages/greenlet-3.3.2.dist-info/licenses) by extension 'python_setup_py'
[0.940s] Level 1:colcon.colcon_core.package_identification:_identify(LCD_web/portamail_ui/venv/lib/python3.12/site-packages/h11) by extensions ['ignore', 'ignore_ament_install']
[0.940s] Level 1:colcon.colcon_core.package_identification:_identify(LCD_web/portamail_ui/venv/lib/python3.12/site-packages/h11) by extension 'ignore'
[0.940s] Level 1:colcon.colcon_core.package_identification:_identify(LCD_web/portamail_ui/venv/lib/python3.12/site-packages/h11) by extension 'ignore_ament_install'
[0.940s] Level 1:colcon.colcon_core.package_identification:_identify(LCD_web/portamail_ui/venv/lib/python3.12/site-packages/h11) by extensions ['colcon_pkg']
[0.940s] Level 1:colcon.colcon_core.package_identification:_identify(LCD_web/portamail_ui/venv/lib/python3.12/site-packages/h11) by extension 'colcon_pkg'
[0.940s] Level 1:colcon.colcon_core.package_identification:_identify(LCD_web/portamail_ui/venv/lib/python3.12/site-packages/h11) by extensions ['colcon_meta']
[0.940s] Level 1:colcon.colcon_core.package_identification:_identify(LCD_web/portamail_ui/venv/lib/python3.12/site-packages/h11) by extension 'colcon_meta'
[0.940s] Level 1:colcon.colcon_core.package_identification:_identify(LCD_web/portamail_ui/venv/lib/python3.12/site-packages/h11) by extensions ['ros']
[0.940s] Level 1:colcon.colcon_core.package_identification:_identify(LCD_web/portamail_ui/venv/lib/python3.12/site-packages/h11) by extension 'ros'
[0.941s] Level 1:colcon.colcon_core.package_identification:_identify(LCD_web/portamail_ui/venv/lib/python3.12/site-packages/h11) by extensions ['cmake', 'python']
[0.941s] Level 1:colcon.colcon_core.package_identification:_identify(LCD_web/portamail_ui/venv/lib/python3.12/site-packages/h11) by extension 'cmake'
[0.941s] Level 1:colcon.colcon_core.package_identification:_identify(LCD_web/portamail_ui/venv/lib/python3.12/site-packages/h11) by extension 'python'
[0.941s] Level 1:colcon.colcon_core.package_identification:_identify(LCD_web/portamail_ui/venv/lib/python3.12/site-packages/h11) by extensions ['python_setup_py']
[0.941s] Level 1:colcon.colcon_core.package_identification:_identify(LCD_web/portamail_ui/venv/lib/python3.12/site-packages/h11) by extension 'python_setup_py'
[0.941s] Level 1:colcon.colcon_core.package_identification:_identify(LCD_web/portamail_ui/venv/lib/python3.12/site-packages/h11/__pycache__) by extensions ['ignore', 'ignore_ament_install']
[0.941s] Level 1:colcon.colcon_core.package_identification:_identify(LCD_web/portamail_ui/venv/lib/python3.12/site-packages/h11/__pycache__) by extension 'ignore'
[0.941s] Level 1:colcon.colcon_core.package_identification:_identify(LCD_web/portamail_ui/venv/lib/python3.12/site-packages/h11/__pycache__) by extension 'ignore_ament_install'
[0.941s] Level 1:colcon.colcon_core.package_identification:_identify(LCD_web/portamail_ui/venv/lib/python3.12/site-packages/h11/__pycache__) by extensions ['colcon_pkg']
[0.942s] Level 1:colcon.colcon_core.package_identification:_identify(LCD_web/portamail_ui/venv/lib/python3.12/site-packages/h11/__pycache__) by extension 'colcon_pkg'
[0.942s] Level 1:colcon.colcon_core.package_identification:_identify(LCD_web/portamail_ui/venv/lib/python3.12/site-packages/h11/__pycache__) by extensions ['colcon_meta']
[0.942s] Level 1:colcon.colcon_core.package_identification:_identify(LCD_web/portamail_ui/venv/lib/python3.12/site-packages/h11/__pycache__) by extension 'colcon_meta'
[0.942s] Level 1:colcon.colcon_core.package_identification:_identify(LCD_web/portamail_ui/venv/lib/python3.12/site-packages/h11/__pycache__) by extensions ['ros']
[0.942s] Level 1:colcon.colcon_core.package_identification:_identify(LCD_web/portamail_ui/venv/lib/python3.12/site-packages/h11/__pycache__) by extension 'ros'
[0.942s] Level 1:colcon.colcon_core.package_identification:_identify(LCD_web/portamail_ui/venv/lib/python3.12/site-packages/h11/__pycache__) by extensions ['cmake', 'python']
[0.942s] Level 1:colcon.colcon_core.package_identification:_identify(LCD_web/portamail_ui/venv/lib/python3.12/site-packages/h11/__pycache__) by extension 'cmake'
[0.942s] Level 1:colcon.colcon_core.package_identification:_identify(LCD_web/portamail_ui/venv/lib/python3.12/site-packages/h11/__pycache__) by extension 'python'
[0.942s] Level 1:colcon.colcon_core.package_identification:_identify(LCD_web/portamail_ui/venv/lib/python3.12/site-packages/h11/__pycache__) by extensions ['python_setup_py']
[0.942s] Level 1:colcon.colcon_core.package_identification:_identify(LCD_web/portamail_ui/venv/lib/python3.12/site-packages/h11/__pycache__) by extension 'python_setup_py'
[0.942s] Level 1:colcon.colcon_core.package_identification:_identify(LCD_web/portamail_ui/venv/lib/python3.12/site-packages/h11-0.16.0.dist-info) by extensions ['ignore', 'ignore_ament_install']
[0.942s] Level 1:colcon.colcon_core.package_identification:_identify(LCD_web/portamail_ui/venv/lib/python3.12/site-packages/h11-0.16.0.dist-info) by extension 'ignore'
[0.942s] Level 1:colcon.colcon_core.package_identification:_identify(LCD_web/portamail_ui/venv/lib/python3.12/site-packages/h11-0.16.0.dist-info) by extension 'ignore_ament_install'
[0.942s] Level 1:colcon.colcon_core.package_identification:_identify(LCD_web/portamail_ui/venv/lib/python3.12/site-packages/h11-0.16.0.dist-info) by extensions ['colcon_pkg']
[0.942s] Level 1:colcon.colcon_core.package_identification:_identify(LCD_web/portamail_ui/venv/lib/python3.12/site-packages/h11-0.16.0.dist-info) by extension 'colcon_pkg'
[0.943s] Level 1:colcon.colcon_core.package_identification:_identify(LCD_web/portamail_ui/venv/lib/python3.12/site-packages/h11-0.16.0.dist-info) by extensions ['colcon_meta']
[0.943s] Level 1:colcon.colcon_core.package_identification:_identify(LCD_web/portamail_ui/venv/lib/python3.12/site-packages/h11-0.16.0.dist-info) by extension 'colcon_meta'
[0.943s] Level 1:colcon.colcon_core.package_identification:_identify(LCD_web/portamail_ui/venv/lib/python3.12/site-packages/h11-0.16.0.dist-info) by extensions ['ros']
[0.943s] Level 1:colcon.colcon_core.package_identification:_identify(LCD_web/portamail_ui/venv/lib/python3.12/site-packages/h11-0.16.0.dist-info) by extension 'ros'
[0.943s] Level 1:colcon.colcon_core.package_identification:_identify(LCD_web/portamail_ui/venv/lib/python3.12/site-packages/h11-0.16.0.dist-info) by extensions ['cmake', 'python']
[0.943s] Level 1:colcon.colcon_core.package_identification:_identify(LCD_web/portamail_ui/venv/lib/python3.12/site-packages/h11-0.16.0.dist-info) by extension 'cmake'
[0.943s] Level 1:colcon.colcon_core.package_identification:_identify(LCD_web/portamail_ui/venv/lib/python3.12/site-packages/h11-0.16.0.dist-info) by extension 'python'
[0.943s] Level 1:colcon.colcon_core.package_identification:_identify(LCD_web/portamail_ui/venv/lib/python3.12/site-packages/h11-0.16.0.dist-info) by extensions ['python_setup_py']
[0.943s] Level 1:colcon.colcon_core.package_identification:_identify(LCD_web/portamail_ui/venv/lib/python3.12/site-packages/h11-0.16.0.dist-info) by extension 'python_setup_py'
[0.943s] Level 1:colcon.colcon_core.package_identification:_identify(LCD_web/portamail_ui/venv/lib/python3.12/site-packages/h11-0.16.0.dist-info/licenses) by extensions ['ignore', 'ignore_ament_install']
[0.944s] Level 1:colcon.colcon_core.package_identification:_identify(LCD_web/portamail_ui/venv/lib/python3.12/site-packages/h11-0.16.0.dist-info/licenses) by extension 'ignore'
[0.944s] Level 1:colcon.colcon_core.package_identification:_identify(LCD_web/portamail_ui/venv/lib/python3.12/site-packages/h11-0.16.0.dist-info/licenses) by extension 'ignore_ament_install'
[0.944s] Level 1:colcon.colcon_core.package_identification:_identify(LCD_web/portamail_ui/venv/lib/python3.12/site-packages/h11-0.16.0.dist-info/licenses) by extensions ['colcon_pkg']
[0.944s] Level 1:colcon.colcon_core.package_identification:_identify(LCD_web/portamail_ui/venv/lib/python3.12/site-packages/h11-0.16.0.dist-info/licenses) by extension 'colcon_pkg'
[0.944s] Level 1:colcon.colcon_core.package_identification:_identify(LCD_web/portamail_ui/venv/lib/python3.12/site-packages/h11-0.16.0.dist-info/licenses) by extensions ['colcon_meta']
[0.944s] Level 1:colcon.colcon_core.package_identification:_identify(LCD_web/portamail_ui/venv/lib/python3.12/site-packages/h11-0.16.0.dist-info/licenses) by extension 'colcon_meta'
[0.944s] Level 1:colcon.colcon_core.package_identification:_identify(LCD_web/portamail_ui/venv/lib/python3.12/site-packages/h11-0.16.0.dist-info/licenses) by extensions ['ros']
[0.944s] Level 1:colcon.colcon_core.package_identification:_identify(LCD_web/portamail_ui/venv/lib/python3.12/site-packages/h11-0.16.0.dist-info/licenses) by extension 'ros'
[0.944s] Level 1:colcon.colcon_core.package_identification:_identify(LCD_web/portamail_ui/venv/lib/python3.12/site-packages/h11-0.16.0.dist-info/licenses) by extensions ['cmake', 'python']
[0.944s] Level 1:colcon.colcon_core.package_identification:_identify(LCD_web/portamail_ui/venv/lib/python3.12/site-packages/h11-0.16.0.dist-info/licenses) by extension 'cmake'
[0.944s] Level 1:colcon.colcon_core.package_identification:_identify(LCD_web/portamail_ui/venv/lib/python3.12/site-packages/h11-0.16.0.dist-info/licenses) by extension 'python'
[0.944s] Level 1:colcon.colcon_core.package_identification:_identify(LCD_web/portamail_ui/venv/lib/python3.12/site-packages/h11-0.16.0.dist-info/licenses) by extensions ['python_setup_py']
[0.944s] Level 1:colcon.colcon_core.package_identification:_identify(LCD_web/portamail_ui/venv/lib/python3.12/site-packages/h11-0.16.0.dist-info/licenses) by extension 'python_setup_py'
[0.944s] Level 1:colcon.colcon_core.package_identification:_identify(LCD_web/portamail_ui/venv/lib/python3.12/site-packages/itsdangerous) by extensions ['ignore', 'ignore_ament_install']
[0.945s] Level 1:colcon.colcon_core.package_identification:_identify(LCD_web/portamail_ui/venv/lib/python3.12/site-packages/itsdangerous) by extension 'ignore'
[0.945s] Level 1:colcon.colcon_core.package_identification:_identify(LCD_web/portamail_ui/venv/lib/python3.12/site-packages/itsdangerous) by extension 'ignore_ament_install'
[0.945s] Level 1:colcon.colcon_core.package_identification:_identify(LCD_web/portamail_ui/venv/lib/python3.12/site-packages/itsdangerous) by extensions ['colcon_pkg']
[0.945s] Level 1:colcon.colcon_core.package_identification:_identify(LCD_web/portamail_ui/venv/lib/python3.12/site-packages/itsdangerous) by extension 'colcon_pkg'
[0.945s] Level 1:colcon.colcon_core.package_identification:_identify(LCD_web/portamail_ui/venv/lib/python3.12/site-packages/itsdangerous) by extensions ['colcon_meta']
[0.945s] Level 1:colcon.colcon_core.package_identification:_identify(LCD_web/portamail_ui/venv/lib/python3.12/site-packages/itsdangerous) by extension 'colcon_meta'
[0.945s] Level 1:colcon.colcon_core.package_identification:_identify(LCD_web/portamail_ui/venv/lib/python3.12/site-packages/itsdangerous) by extensions ['ros']
[0.945s] Level 1:colcon.colcon_core.package_identification:_identify(LCD_web/portamail_ui/venv/lib/python3.12/site-packages/itsdangerous) by extension 'ros'
[0.945s] Level 1:colcon.colcon_core.package_identification:_identify(LCD_web/portamail_ui/venv/lib/python3.12/site-packages/itsdangerous) by extensions ['cmake', 'python']
[0.945s] Level 1:colcon.colcon_core.package_identification:_identify(LCD_web/portamail_ui/venv/lib/python3.12/site-packages/itsdangerous) by extension 'cmake'
[0.945s] Level 1:colcon.colcon_core.package_identification:_identify(LCD_web/portamail_ui/venv/lib/python3.12/site-packages/itsdangerous) by extension 'python'
[0.945s] Level 1:colcon.colcon_core.package_identification:_identify(LCD_web/portamail_ui/venv/lib/python3.12/site-packages/itsdangerous) by extensions ['python_setup_py']
[0.945s] Level 1:colcon.colcon_core.package_identification:_identify(LCD_web/portamail_ui/venv/lib/python3.12/site-packages/itsdangerous) by extension 'python_setup_py'
[0.945s] Level 1:colcon.colcon_core.package_identification:_identify(LCD_web/portamail_ui/venv/lib/python3.12/site-packages/itsdangerous/__pycache__) by extensions ['ignore', 'ignore_ament_install']
[0.946s] Level 1:colcon.colcon_core.package_identification:_identify(LCD_web/portamail_ui/venv/lib/python3.12/site-packages/itsdangerous/__pycache__) by extension 'ignore'
[0.946s] Level 1:colcon.colcon_core.package_identification:_identify(LCD_web/portamail_ui/venv/lib/python3.12/site-packages/itsdangerous/__pycache__) by extension 'ignore_ament_install'
[0.946s] Level 1:colcon.colcon_core.package_identification:_identify(LCD_web/portamail_ui/venv/lib/python3.12/site-packages/itsdangerous/__pycache__) by extensions ['colcon_pkg']
[0.946s] Level 1:colcon.colcon_core.package_identification:_identify(LCD_web/portamail_ui/venv/lib/python3.12/site-packages/itsdangerous/__pycache__) by extension 'colcon_pkg'
[0.946s] Level 1:colcon.colcon_core.package_identification:_identify(LCD_web/portamail_ui/venv/lib/python3.12/site-packages/itsdangerous/__pycache__) by extensions ['colcon_meta']
[0.946s] Level 1:colcon.colcon_core.package_identification:_identify(LCD_web/portamail_ui/venv/lib/python3.12/site-packages/itsdangerous/__pycache__) by extension 'colcon_meta'
[0.946s] Level 1:colcon.colcon_core.package_identification:_identify(LCD_web/portamail_ui/venv/lib/python3.12/site-packages/itsdangerous/__pycache__) by extensions ['ros']
[0.946s] Level 1:colcon.colcon_core.package_identification:_identify(LCD_web/portamail_ui/venv/lib/python3.12/site-packages/itsdangerous/__pycache__) by extension 'ros'
[0.946s] Level 1:colcon.colcon_core.package_identification:_identify(LCD_web/portamail_ui/venv/lib/python3.12/site-packages/itsdangerous/__pycache__) by extensions ['cmake', 'python']
[0.946s] Level 1:colcon.colcon_core.package_identification:_identify(LCD_web/portamail_ui/venv/lib/python3.12/site-packages/itsdangerous/__pycache__) by extension 'cmake'
[0.946s] Level 1:colcon.colcon_core.package_identification:_identify(LCD_web/portamail_ui/venv/lib/python3.12/site-packages/itsdangerous/__pycache__) by extension 'python'
[0.946s] Level 1:colcon.colcon_core.package_identification:_identify(LCD_web/portamail_ui/venv/lib/python3.12/site-packages/itsdangerous/__pycache__) by extensions ['python_setup_py']
[0.946s] Level 1:colcon.colcon_core.package_identification:_identify(LCD_web/portamail_ui/venv/lib/python3.12/site-packages/itsdangerous/__pycache__) by extension 'python_setup_py'
[0.946s] Level 1:colcon.colcon_core.package_identification:_identify(LCD_web/portamail_ui/venv/lib/python3.12/site-packages/itsdangerous-2.2.0.dist-info) by extensions ['ignore', 'ignore_ament_install']
[0.946s] Level 1:colcon.colcon_core.package_identification:_identify(LCD_web/portamail_ui/venv/lib/python3.12/site-packages/itsdangerous-2.2.0.dist-info) by extension 'ignore'
[0.947s] Level 1:colcon.colcon_core.package_identification:_identify(LCD_web/portamail_ui/venv/lib/python3.12/site-packages/itsdangerous-2.2.0.dist-info) by extension 'ignore_ament_install'
[0.947s] Level 1:colcon.colcon_core.package_identification:_identify(LCD_web/portamail_ui/venv/lib/python3.12/site-packages/itsdangerous-2.2.0.dist-info) by extensions ['colcon_pkg']
[0.947s] Level 1:colcon.colcon_core.package_identification:_identify(LCD_web/portamail_ui/venv/lib/python3.12/site-packages/itsdangerous-2.2.0.dist-info) by extension 'colcon_pkg'
[0.947s] Level 1:colcon.colcon_core.package_identification:_identify(LCD_web/portamail_ui/venv/lib/python3.12/site-packages/itsdangerous-2.2.0.dist-info) by extensions ['colcon_meta']
[0.947s] Level 1:colcon.colcon_core.package_identification:_identify(LCD_web/portamail_ui/venv/lib/python3.12/site-packages/itsdangerous-2.2.0.dist-info) by extension 'colcon_meta'
[0.947s] Level 1:colcon.colcon_core.package_identification:_identify(LCD_web/portamail_ui/venv/lib/python3.12/site-packages/itsdangerous-2.2.0.dist-info) by extensions ['ros']
[0.947s] Level 1:colcon.colcon_core.package_identification:_identify(LCD_web/portamail_ui/venv/lib/python3.12/site-packages/itsdangerous-2.2.0.dist-info) by extension 'ros'
[0.947s] Level 1:colcon.colcon_core.package_identification:_identify(LCD_web/portamail_ui/venv/lib/python3.12/site-packages/itsdangerous-2.2.0.dist-info) by extensions ['cmake', 'python']
[0.947s] Level 1:colcon.colcon_core.package_identification:_identify(LCD_web/portamail_ui/venv/lib/python3.12/site-packages/itsdangerous-2.2.0.dist-info) by extension 'cmake'
[0.947s] Level 1:colcon.colcon_core.package_identification:_identify(LCD_web/portamail_ui/venv/lib/python3.12/site-packages/itsdangerous-2.2.0.dist-info) by extension 'python'
[0.947s] Level 1:colcon.colcon_core.package_identification:_identify(LCD_web/portamail_ui/venv/lib/python3.12/site-packages/itsdangerous-2.2.0.dist-info) by extensions ['python_setup_py']
[0.947s] Level 1:colcon.colcon_core.package_identification:_identify(LCD_web/portamail_ui/venv/lib/python3.12/site-packages/itsdangerous-2.2.0.dist-info) by extension 'python_setup_py'
[0.947s] Level 1:colcon.colcon_core.package_identification:_identify(LCD_web/portamail_ui/venv/lib/python3.12/site-packages/jinja2) by extensions ['ignore', 'ignore_ament_install']
[0.947s] Level 1:colcon.colcon_core.package_identification:_identify(LCD_web/portamail_ui/venv/lib/python3.12/site-packages/jinja2) by extension 'ignore'
[0.948s] Level 1:colcon.colcon_core.package_identification:_identify(LCD_web/portamail_ui/venv/lib/python3.12/site-packages/jinja2) by extension 'ignore_ament_install'
[0.948s] Level 1:colcon.colcon_core.package_identification:_identify(LCD_web/portamail_ui/venv/lib/python3.12/site-packages/jinja2) by extensions ['colcon_pkg']
[0.948s] Level 1:colcon.colcon_core.package_identification:_identify(LCD_web/portamail_ui/venv/lib/python3.12/site-packages/jinja2) by extension 'colcon_pkg'
[0.948s] Level 1:colcon.colcon_core.package_identification:_identify(LCD_web/portamail_ui/venv/lib/python3.12/site-packages/jinja2) by extensions ['colcon_meta']
[0.948s] Level 1:colcon.colcon_core.package_identification:_identify(LCD_web/portamail_ui/venv/lib/python3.12/site-packages/jinja2) by extension 'colcon_meta'
[0.948s] Level 1:colcon.colcon_core.package_identification:_identify(LCD_web/portamail_ui/venv/lib/python3.12/site-packages/jinja2) by extensions ['ros']
[0.948s] Level 1:colcon.colcon_core.package_identification:_identify(LCD_web/portamail_ui/venv/lib/python3.12/site-packages/jinja2) by extension 'ros'
[0.948s] Level 1:colcon.colcon_core.package_identification:_identify(LCD_web/portamail_ui/venv/lib/python3.12/site-packages/jinja2) by extensions ['cmake', 'python']
[0.948s] Level 1:colcon.colcon_core.package_identification:_identify(LCD_web/portamail_ui/venv/lib/python3.12/site-packages/jinja2) by extension 'cmake'
[0.948s] Level 1:colcon.colcon_core.package_identification:_identify(LCD_web/portamail_ui/venv/lib/python3.12/site-packages/jinja2) by extension 'python'
[0.948s] Level 1:colcon.colcon_core.package_identification:_identify(LCD_web/portamail_ui/venv/lib/python3.12/site-packages/jinja2) by extensions ['python_setup_py']
[0.948s] Level 1:colcon.colcon_core.package_identification:_identify(LCD_web/portamail_ui/venv/lib/python3.12/site-packages/jinja2) by extension 'python_setup_py'
[0.948s] Level 1:colcon.colcon_core.package_identification:_identify(LCD_web/portamail_ui/venv/lib/python3.12/site-packages/jinja2/__pycache__) by extensions ['ignore', 'ignore_ament_install']
[0.948s] Level 1:colcon.colcon_core.package_identification:_identify(LCD_web/portamail_ui/venv/lib/python3.12/site-packages/jinja2/__pycache__) by extension 'ignore'
[0.949s] Level 1:colcon.colcon_core.package_identification:_identify(LCD_web/portamail_ui/venv/lib/python3.12/site-packages/jinja2/__pycache__) by extension 'ignore_ament_install'
[0.949s] Level 1:colcon.colcon_core.package_identification:_identify(LCD_web/portamail_ui/venv/lib/python3.12/site-packages/jinja2/__pycache__) by extensions ['colcon_pkg']
[0.949s] Level 1:colcon.colcon_core.package_identification:_identify(LCD_web/portamail_ui/venv/lib/python3.12/site-packages/jinja2/__pycache__) by extension 'colcon_pkg'
[0.949s] Level 1:colcon.colcon_core.package_identification:_identify(LCD_web/portamail_ui/venv/lib/python3.12/site-packages/jinja2/__pycache__) by extensions ['colcon_meta']
[0.949s] Level 1:colcon.colcon_core.package_identification:_identify(LCD_web/portamail_ui/venv/lib/python3.12/site-packages/jinja2/__pycache__) by extension 'colcon_meta'
[0.949s] Level 1:colcon.colcon_core.package_identification:_identify(LCD_web/portamail_ui/venv/lib/python3.12/site-packages/jinja2/__pycache__) by extensions ['ros']
[0.949s] Level 1:colcon.colcon_core.package_identification:_identify(LCD_web/portamail_ui/venv/lib/python3.12/site-packages/jinja2/__pycache__) by extension 'ros'
[0.949s] Level 1:colcon.colcon_core.package_identification:_identify(LCD_web/portamail_ui/venv/lib/python3.12/site-packages/jinja2/__pycache__) by extensions ['cmake', 'python']
[0.949s] Level 1:colcon.colcon_core.package_identification:_identify(LCD_web/portamail_ui/venv/lib/python3.12/site-packages/jinja2/__pycache__) by extension 'cmake'
[0.949s] Level 1:colcon.colcon_core.package_identification:_identify(LCD_web/portamail_ui/venv/lib/python3.12/site-packages/jinja2/__pycache__) by extension 'python'
[0.949s] Level 1:colcon.colcon_core.package_identification:_identify(LCD_web/portamail_ui/venv/lib/python3.12/site-packages/jinja2/__pycache__) by extensions ['python_setup_py']
[0.949s] Level 1:colcon.colcon_core.package_identification:_identify(LCD_web/portamail_ui/venv/lib/python3.12/site-packages/jinja2/__pycache__) by extension 'python_setup_py'
[0.949s] Level 1:colcon.colcon_core.package_identification:_identify(LCD_web/portamail_ui/venv/lib/python3.12/site-packages/jinja2-3.1.6.dist-info) by extensions ['ignore', 'ignore_ament_install']
[0.949s] Level 1:colcon.colcon_core.package_identification:_identify(LCD_web/portamail_ui/venv/lib/python3.12/site-packages/jinja2-3.1.6.dist-info) by extension 'ignore'
[0.950s] Level 1:colcon.colcon_core.package_identification:_identify(LCD_web/portamail_ui/venv/lib/python3.12/site-packages/jinja2-3.1.6.dist-info) by extension 'ignore_ament_install'
[0.950s] Level 1:colcon.colcon_core.package_identification:_identify(LCD_web/portamail_ui/venv/lib/python3.12/site-packages/jinja2-3.1.6.dist-info) by extensions ['colcon_pkg']
[0.950s] Level 1:colcon.colcon_core.package_identification:_identify(LCD_web/portamail_ui/venv/lib/python3.12/site-packages/jinja2-3.1.6.dist-info) by extension 'colcon_pkg'
[0.950s] Level 1:colcon.colcon_core.package_identification:_identify(LCD_web/portamail_ui/venv/lib/python3.12/site-packages/jinja2-3.1.6.dist-info) by extensions ['colcon_meta']
[0.950s] Level 1:colcon.colcon_core.package_identification:_identify(LCD_web/portamail_ui/venv/lib/python3.12/site-packages/jinja2-3.1.6.dist-info) by extension 'colcon_meta'
[0.950s] Level 1:colcon.colcon_core.package_identification:_identify(LCD_web/portamail_ui/venv/lib/python3.12/site-packages/jinja2-3.1.6.dist-info) by extensions ['ros']
[0.950s] Level 1:colcon.colcon_core.package_identification:_identify(LCD_web/portamail_ui/venv/lib/python3.12/site-packages/jinja2-3.1.6.dist-info) by extension 'ros'
[0.950s] Level 1:colcon.colcon_core.package_identification:_identify(LCD_web/portamail_ui/venv/lib/python3.12/site-packages/jinja2-3.1.6.dist-info) by extensions ['cmake', 'python']
[0.950s] Level 1:colcon.colcon_core.package_identification:_identify(LCD_web/portamail_ui/venv/lib/python3.12/site-packages/jinja2-3.1.6.dist-info) by extension 'cmake'
[0.950s] Level 1:colcon.colcon_core.package_identification:_identify(LCD_web/portamail_ui/venv/lib/python3.12/site-packages/jinja2-3.1.6.dist-info) by extension 'python'
[0.950s] Level 1:colcon.colcon_core.package_identification:_identify(LCD_web/portamail_ui/venv/lib/python3.12/site-packages/jinja2-3.1.6.dist-info) by extensions ['python_setup_py']
[0.950s] Level 1:colcon.colcon_core.package_identification:_identify(LCD_web/portamail_ui/venv/lib/python3.12/site-packages/jinja2-3.1.6.dist-info) by extension 'python_setup_py'
[0.952s] Level 1:colcon.colcon_core.package_identification:_identify(LCD_web/portamail_ui/venv/lib/python3.12/site-packages/jinja2-3.1.6.dist-info/licenses) by extensions ['ignore', 'ignore_ament_install']
[0.952s] Level 1:colcon.colcon_core.package_identification:_identify(LCD_web/portamail_ui/venv/lib/python3.12/site-packages/jinja2-3.1.6.dist-info/licenses) by extension 'ignore'
[0.952s] Level 1:colcon.colcon_core.package_identification:_identify(LCD_web/portamail_ui/venv/lib/python3.12/site-packages/jinja2-3.1.6.dist-info/licenses) by extension 'ignore_ament_install'
[0.952s] Level 1:colcon.colcon_core.package_identification:_identify(LCD_web/portamail_ui/venv/lib/python3.12/site-packages/jinja2-3.1.6.dist-info/licenses) by extensions ['colcon_pkg']
[0.953s] Level 1:colcon.colcon_core.package_identification:_identify(LCD_web/portamail_ui/venv/lib/python3.12/site-packages/jinja2-3.1.6.dist-info/licenses) by extension 'colcon_pkg'
[0.953s] Level 1:colcon.colcon_core.package_identification:_identify(LCD_web/portamail_ui/venv/lib/python3.12/site-packages/jinja2-3.1.6.dist-info/licenses) by extensions ['colcon_meta']
[0.953s] Level 1:colcon.colcon_core.package_identification:_identify(LCD_web/portamail_ui/venv/lib/python3.12/site-packages/jinja2-3.1.6.dist-info/licenses) by extension 'colcon_meta'
[0.953s] Level 1:colcon.colcon_core.package_identification:_identify(LCD_web/portamail_ui/venv/lib/python3.12/site-packages/jinja2-3.1.6.dist-info/licenses) by extensions ['ros']
[0.953s] Level 1:colcon.colcon_core.package_identification:_identify(LCD_web/portamail_ui/venv/lib/python3.12/site-packages/jinja2-3.1.6.dist-info/licenses) by extension 'ros'
[0.953s] Level 1:colcon.colcon_core.package_identification:_identify(LCD_web/portamail_ui/venv/lib/python3.12/site-packages/jinja2-3.1.6.dist-info/licenses) by extensions ['cmake', 'python']
[0.953s] Level 1:colcon.colcon_core.package_identification:_identify(LCD_web/portamail_ui/venv/lib/python3.12/site-packages/jinja2-3.1.6.dist-info/licenses) by extension 'cmake'
[0.953s] Level 1:colcon.colcon_core.package_identification:_identify(LCD_web/portamail_ui/venv/lib/python3.12/site-packages/jinja2-3.1.6.dist-info/licenses) by extension 'python'
[0.953s] Level 1:colcon.colcon_core.package_identification:_identify(LCD_web/portamail_ui/venv/lib/python3.12/site-packages/jinja2-3.1.6.dist-info/licenses) by extensions ['python_setup_py']
[0.953s] Level 1:colcon.colcon_core.package_identification:_identify(LCD_web/portamail_ui/venv/lib/python3.12/site-packages/jinja2-3.1.6.dist-info/licenses) by extension 'python_setup_py'
[0.953s] Level 1:colcon.colcon_core.package_identification:_identify(LCD_web/portamail_ui/venv/lib/python3.12/site-packages/markupsafe) by extensions ['ignore', 'ignore_ament_install']
[0.953s] Level 1:colcon.colcon_core.package_identification:_identify(LCD_web/portamail_ui/venv/lib/python3.12/site-packages/markupsafe) by extension 'ignore'
[0.953s] Level 1:colcon.colcon_core.package_identification:_identify(LCD_web/portamail_ui/venv/lib/python3.12/site-packages/markupsafe) by extension 'ignore_ament_install'
[0.953s] Level 1:colcon.colcon_core.package_identification:_identify(LCD_web/portamail_ui/venv/lib/python3.12/site-packages/markupsafe) by extensions ['colcon_pkg']
[0.954s] Level 1:colcon.colcon_core.package_identification:_identify(LCD_web/portamail_ui/venv/lib/python3.12/site-packages/markupsafe) by extension 'colcon_pkg'
[0.954s] Level 1:colcon.colcon_core.package_identification:_identify(LCD_web/portamail_ui/venv/lib/python3.12/site-packages/markupsafe) by extensions ['colcon_meta']
[0.954s] Level 1:colcon.colcon_core.package_identification:_identify(LCD_web/portamail_ui/venv/lib/python3.12/site-packages/markupsafe) by extension 'colcon_meta'
[0.954s] Level 1:colcon.colcon_core.package_identification:_identify(LCD_web/portamail_ui/venv/lib/python3.12/site-packages/markupsafe) by extensions ['ros']
[0.954s] Level 1:colcon.colcon_core.package_identification:_identify(LCD_web/portamail_ui/venv/lib/python3.12/site-packages/markupsafe) by extension 'ros'
[0.954s] Level 1:colcon.colcon_core.package_identification:_identify(LCD_web/portamail_ui/venv/lib/python3.12/site-packages/markupsafe) by extensions ['cmake', 'python']
[0.954s] Level 1:colcon.colcon_core.package_identification:_identify(LCD_web/portamail_ui/venv/lib/python3.12/site-packages/markupsafe) by extension 'cmake'
[0.954s] Level 1:colcon.colcon_core.package_identification:_identify(LCD_web/portamail_ui/venv/lib/python3.12/site-packages/markupsafe) by extension 'python'
[0.954s] Level 1:colcon.colcon_core.package_identification:_identify(LCD_web/portamail_ui/venv/lib/python3.12/site-packages/markupsafe) by extensions ['python_setup_py']
[0.954s] Level 1:colcon.colcon_core.package_identification:_identify(LCD_web/portamail_ui/venv/lib/python3.12/site-packages/markupsafe) by extension 'python_setup_py'
[0.954s] Level 1:colcon.colcon_core.package_identification:_identify(LCD_web/portamail_ui/venv/lib/python3.12/site-packages/markupsafe/__pycache__) by extensions ['ignore', 'ignore_ament_install']
[0.954s] Level 1:colcon.colcon_core.package_identification:_identify(LCD_web/portamail_ui/venv/lib/python3.12/site-packages/markupsafe/__pycache__) by extension 'ignore'
[0.954s] Level 1:colcon.colcon_core.package_identification:_identify(LCD_web/portamail_ui/venv/lib/python3.12/site-packages/markupsafe/__pycache__) by extension 'ignore_ament_install'
[0.954s] Level 1:colcon.colcon_core.package_identification:_identify(LCD_web/portamail_ui/venv/lib/python3.12/site-packages/markupsafe/__pycache__) by extensions ['colcon_pkg']
[0.954s] Level 1:colcon.colcon_core.package_identification:_identify(LCD_web/portamail_ui/venv/lib/python3.12/site-packages/markupsafe/__pycache__) by extension 'colcon_pkg'
[0.954s] Level 1:colcon.colcon_core.package_identification:_identify(LCD_web/portamail_ui/venv/lib/python3.12/site-packages/markupsafe/__pycache__) by extensions ['colcon_meta']
[0.954s] Level 1:colcon.colcon_core.package_identification:_identify(LCD_web/portamail_ui/venv/lib/python3.12/site-packages/markupsafe/__pycache__) by extension 'colcon_meta'
[0.955s] Level 1:colcon.colcon_core.package_identification:_identify(LCD_web/portamail_ui/venv/lib/python3.12/site-packages/markupsafe/__pycache__) by extensions ['ros']
[0.955s] Level 1:colcon.colcon_core.package_identification:_identify(LCD_web/portamail_ui/venv/lib/python3.12/site-packages/markupsafe/__pycache__) by extension 'ros'
[0.955s] Level 1:colcon.colcon_core.package_identification:_identify(LCD_web/portamail_ui/venv/lib/python3.12/site-packages/markupsafe/__pycache__) by extensions ['cmake', 'python']
[0.955s] Level 1:colcon.colcon_core.package_identification:_identify(LCD_web/portamail_ui/venv/lib/python3.12/site-packages/markupsafe/__pycache__) by extension 'cmake'
[0.955s] Level 1:colcon.colcon_core.package_identification:_identify(LCD_web/portamail_ui/venv/lib/python3.12/site-packages/markupsafe/__pycache__) by extension 'python'
[0.955s] Level 1:colcon.colcon_core.package_identification:_identify(LCD_web/portamail_ui/venv/lib/python3.12/site-packages/markupsafe/__pycache__) by extensions ['python_setup_py']
[0.955s] Level 1:colcon.colcon_core.package_identification:_identify(LCD_web/portamail_ui/venv/lib/python3.12/site-packages/markupsafe/__pycache__) by extension 'python_setup_py'
[0.955s] Level 1:colcon.colcon_core.package_identification:_identify(LCD_web/portamail_ui/venv/lib/python3.12/site-packages/markupsafe-3.0.3.dist-info) by extensions ['ignore', 'ignore_ament_install']
[0.955s] Level 1:colcon.colcon_core.package_identification:_identify(LCD_web/portamail_ui/venv/lib/python3.12/site-packages/markupsafe-3.0.3.dist-info) by extension 'ignore'
[0.955s] Level 1:colcon.colcon_core.package_identification:_identify(LCD_web/portamail_ui/venv/lib/python3.12/site-packages/markupsafe-3.0.3.dist-info) by extension 'ignore_ament_install'
[0.955s] Level 1:colcon.colcon_core.package_identification:_identify(LCD_web/portamail_ui/venv/lib/python3.12/site-packages/markupsafe-3.0.3.dist-info) by extensions ['colcon_pkg']
[0.955s] Level 1:colcon.colcon_core.package_identification:_identify(LCD_web/portamail_ui/venv/lib/python3.12/site-packages/markupsafe-3.0.3.dist-info) by extension 'colcon_pkg'
[0.955s] Level 1:colcon.colcon_core.package_identification:_identify(LCD_web/portamail_ui/venv/lib/python3.12/site-packages/markupsafe-3.0.3.dist-info) by extensions ['colcon_meta']
[0.955s] Level 1:colcon.colcon_core.package_identification:_identify(LCD_web/portamail_ui/venv/lib/python3.12/site-packages/markupsafe-3.0.3.dist-info) by extension 'colcon_meta'
[0.956s] Level 1:colcon.colcon_core.package_identification:_identify(LCD_web/portamail_ui/venv/lib/python3.12/site-packages/markupsafe-3.0.3.dist-info) by extensions ['ros']
[0.956s] Level 1:colcon.colcon_core.package_identification:_identify(LCD_web/portamail_ui/venv/lib/python3.12/site-packages/markupsafe-3.0.3.dist-info) by extension 'ros'
[0.956s] Level 1:colcon.colcon_core.package_identification:_identify(LCD_web/portamail_ui/venv/lib/python3.12/site-packages/markupsafe-3.0.3.dist-info) by extensions ['cmake', 'python']
[0.956s] Level 1:colcon.colcon_core.package_identification:_identify(LCD_web/portamail_ui/venv/lib/python3.12/site-packages/markupsafe-3.0.3.dist-info) by extension 'cmake'
[0.956s] Level 1:colcon.colcon_core.package_identification:_identify(LCD_web/portamail_ui/venv/lib/python3.12/site-packages/markupsafe-3.0.3.dist-info) by extension 'python'
[0.956s] Level 1:colcon.colcon_core.package_identification:_identify(LCD_web/portamail_ui/venv/lib/python3.12/site-packages/markupsafe-3.0.3.dist-info) by extensions ['python_setup_py']
[0.956s] Level 1:colcon.colcon_core.package_identification:_identify(LCD_web/portamail_ui/venv/lib/python3.12/site-packages/markupsafe-3.0.3.dist-info) by extension 'python_setup_py'
[0.956s] Level 1:colcon.colcon_core.package_identification:_identify(LCD_web/portamail_ui/venv/lib/python3.12/site-packages/markupsafe-3.0.3.dist-info/licenses) by extensions ['ignore', 'ignore_ament_install']
[0.956s] Level 1:colcon.colcon_core.package_identification:_identify(LCD_web/portamail_ui/venv/lib/python3.12/site-packages/markupsafe-3.0.3.dist-info/licenses) by extension 'ignore'
[0.957s] Level 1:colcon.colcon_core.package_identification:_identify(LCD_web/portamail_ui/venv/lib/python3.12/site-packages/markupsafe-3.0.3.dist-info/licenses) by extension 'ignore_ament_install'
[0.957s] Level 1:colcon.colcon_core.package_identification:_identify(LCD_web/portamail_ui/venv/lib/python3.12/site-packages/markupsafe-3.0.3.dist-info/licenses) by extensions ['colcon_pkg']
[0.957s] Level 1:colcon.colcon_core.package_identification:_identify(LCD_web/portamail_ui/venv/lib/python3.12/site-packages/markupsafe-3.0.3.dist-info/licenses) by extension 'colcon_pkg'
[0.957s] Level 1:colcon.colcon_core.package_identification:_identify(LCD_web/portamail_ui/venv/lib/python3.12/site-packages/markupsafe-3.0.3.dist-info/licenses) by extensions ['colcon_meta']
[0.957s] Level 1:colcon.colcon_core.package_identification:_identify(LCD_web/portamail_ui/venv/lib/python3.12/site-packages/markupsafe-3.0.3.dist-info/licenses) by extension 'colcon_meta'
[0.957s] Level 1:colcon.colcon_core.package_identification:_identify(LCD_web/portamail_ui/venv/lib/python3.12/site-packages/markupsafe-3.0.3.dist-info/licenses) by extensions ['ros']
[0.957s] Level 1:colcon.colcon_core.package_identification:_identify(LCD_web/portamail_ui/venv/lib/python3.12/site-packages/markupsafe-3.0.3.dist-info/licenses) by extension 'ros'
[0.957s] Level 1:colcon.colcon_core.package_identification:_identify(LCD_web/portamail_ui/venv/lib/python3.12/site-packages/markupsafe-3.0.3.dist-info/licenses) by extensions ['cmake', 'python']
[0.957s] Level 1:colcon.colcon_core.package_identification:_identify(LCD_web/portamail_ui/venv/lib/python3.12/site-packages/markupsafe-3.0.3.dist-info/licenses) by extension 'cmake'
[0.957s] Level 1:colcon.colcon_core.package_identification:_identify(LCD_web/portamail_ui/venv/lib/python3.12/site-packages/markupsafe-3.0.3.dist-info/licenses) by extension 'python'
[0.957s] Level 1:colcon.colcon_core.package_identification:_identify(LCD_web/portamail_ui/venv/lib/python3.12/site-packages/markupsafe-3.0.3.dist-info/licenses) by extensions ['python_setup_py']
[0.957s] Level 1:colcon.colcon_core.package_identification:_identify(LCD_web/portamail_ui/venv/lib/python3.12/site-packages/markupsafe-3.0.3.dist-info/licenses) by extension 'python_setup_py'
[0.957s] Level 1:colcon.colcon_core.package_identification:_identify(LCD_web/portamail_ui/venv/lib/python3.12/site-packages/pip) by extensions ['ignore', 'ignore_ament_install']
[0.957s] Level 1:colcon.colcon_core.package_identification:_identify(LCD_web/portamail_ui/venv/lib/python3.12/site-packages/pip) by extension 'ignore'
[0.957s] Level 1:colcon.colcon_core.package_identification:_identify(LCD_web/portamail_ui/venv/lib/python3.12/site-packages/pip) by extension 'ignore_ament_install'
[0.958s] Level 1:colcon.colcon_core.package_identification:_identify(LCD_web/portamail_ui/venv/lib/python3.12/site-packages/pip) by extensions ['colcon_pkg']
[0.958s] Level 1:colcon.colcon_core.package_identification:_identify(LCD_web/portamail_ui/venv/lib/python3.12/site-packages/pip) by extension 'colcon_pkg'
[0.958s] Level 1:colcon.colcon_core.package_identification:_identify(LCD_web/portamail_ui/venv/lib/python3.12/site-packages/pip) by extensions ['colcon_meta']
[0.958s] Level 1:colcon.colcon_core.package_identification:_identify(LCD_web/portamail_ui/venv/lib/python3.12/site-packages/pip) by extension 'colcon_meta'
[0.958s] Level 1:colcon.colcon_core.package_identification:_identify(LCD_web/portamail_ui/venv/lib/python3.12/site-packages/pip) by extensions ['ros']
[0.958s] Level 1:colcon.colcon_core.package_identification:_identify(LCD_web/portamail_ui/venv/lib/python3.12/site-packages/pip) by extension 'ros'
[0.958s] Level 1:colcon.colcon_core.package_identification:_identify(LCD_web/portamail_ui/venv/lib/python3.12/site-packages/pip) by extensions ['cmake', 'python']
[0.958s] Level 1:colcon.colcon_core.package_identification:_identify(LCD_web/portamail_ui/venv/lib/python3.12/site-packages/pip) by extension 'cmake'
[0.958s] Level 1:colcon.colcon_core.package_identification:_identify(LCD_web/portamail_ui/venv/lib/python3.12/site-packages/pip) by extension 'python'
[0.958s] Level 1:colcon.colcon_core.package_identification:_identify(LCD_web/portamail_ui/venv/lib/python3.12/site-packages/pip) by extensions ['python_setup_py']
[0.958s] Level 1:colcon.colcon_core.package_identification:_identify(LCD_web/portamail_ui/venv/lib/python3.12/site-packages/pip) by extension 'python_setup_py'
[0.958s] Level 1:colcon.colcon_core.package_identification:_identify(LCD_web/portamail_ui/venv/lib/python3.12/site-packages/pip/__pycache__) by extensions ['ignore', 'ignore_ament_install']
[0.958s] Level 1:colcon.colcon_core.package_identification:_identify(LCD_web/portamail_ui/venv/lib/python3.12/site-packages/pip/__pycache__) by extension 'ignore'
[0.958s] Level 1:colcon.colcon_core.package_identification:_identify(LCD_web/portamail_ui/venv/lib/python3.12/site-packages/pip/__pycache__) by extension 'ignore_ament_install'
[0.958s] Level 1:colcon.colcon_core.package_identification:_identify(LCD_web/portamail_ui/venv/lib/python3.12/site-packages/pip/__pycache__) by extensions ['colcon_pkg']
[0.958s] Level 1:colcon.colcon_core.package_identification:_identify(LCD_web/portamail_ui/venv/lib/python3.12/site-packages/pip/__pycache__) by extension 'colcon_pkg'
[0.959s] Level 1:colcon.colcon_core.package_identification:_identify(LCD_web/portamail_ui/venv/lib/python3.12/site-packages/pip/__pycache__) by extensions ['colcon_meta']
[0.959s] Level 1:colcon.colcon_core.package_identification:_identify(LCD_web/portamail_ui/venv/lib/python3.12/site-packages/pip/__pycache__) by extension 'colcon_meta'
[0.959s] Level 1:colcon.colcon_core.package_identification:_identify(LCD_web/portamail_ui/venv/lib/python3.12/site-packages/pip/__pycache__) by extensions ['ros']
[0.959s] Level 1:colcon.colcon_core.package_identification:_identify(LCD_web/portamail_ui/venv/lib/python3.12/site-packages/pip/__pycache__) by extension 'ros'
[0.959s] Level 1:colcon.colcon_core.package_identification:_identify(LCD_web/portamail_ui/venv/lib/python3.12/site-packages/pip/__pycache__) by extensions ['cmake', 'python']
[0.959s] Level 1:colcon.colcon_core.package_identification:_identify(LCD_web/portamail_ui/venv/lib/python3.12/site-packages/pip/__pycache__) by extension 'cmake'
[0.959s] Level 1:colcon.colcon_core.package_identification:_identify(LCD_web/portamail_ui/venv/lib/python3.12/site-packages/pip/__pycache__) by extension 'python'
[0.959s] Level 1:colcon.colcon_core.package_identification:_identify(LCD_web/portamail_ui/venv/lib/python3.12/site-packages/pip/__pycache__) by extensions ['python_setup_py']
[0.959s] Level 1:colcon.colcon_core.package_identification:_identify(LCD_web/portamail_ui/venv/lib/python3.12/site-packages/pip/__pycache__) by extension 'python_setup_py'
[0.959s] Level 1:colcon.colcon_core.package_identification:_identify(LCD_web/portamail_ui/venv/lib/python3.12/site-packages/pip/_internal) by extensions ['ignore', 'ignore_ament_install']
[0.959s] Level 1:colcon.colcon_core.package_identification:_identify(LCD_web/portamail_ui/venv/lib/python3.12/site-packages/pip/_internal) by extension 'ignore'
[0.959s] Level 1:colcon.colcon_core.package_identification:_identify(LCD_web/portamail_ui/venv/lib/python3.12/site-packages/pip/_internal) by extension 'ignore_ament_install'
[0.959s] Level 1:colcon.colcon_core.package_identification:_identify(LCD_web/portamail_ui/venv/lib/python3.12/site-packages/pip/_internal) by extensions ['colcon_pkg']
[0.959s] Level 1:colcon.colcon_core.package_identification:_identify(LCD_web/portamail_ui/venv/lib/python3.12/site-packages/pip/_internal) by extension 'colcon_pkg'
[0.960s] Level 1:colcon.colcon_core.package_identification:_identify(LCD_web/portamail_ui/venv/lib/python3.12/site-packages/pip/_internal) by extensions ['colcon_meta']
[0.960s] Level 1:colcon.colcon_core.package_identification:_identify(LCD_web/portamail_ui/venv/lib/python3.12/site-packages/pip/_internal) by extension 'colcon_meta'
[0.960s] Level 1:colcon.colcon_core.package_identification:_identify(LCD_web/portamail_ui/venv/lib/python3.12/site-packages/pip/_internal) by extensions ['ros']
[0.960s] Level 1:colcon.colcon_core.package_identification:_identify(LCD_web/portamail_ui/venv/lib/python3.12/site-packages/pip/_internal) by extension 'ros'
[0.960s] Level 1:colcon.colcon_core.package_identification:_identify(LCD_web/portamail_ui/venv/lib/python3.12/site-packages/pip/_internal) by extensions ['cmake', 'python']
[0.960s] Level 1:colcon.colcon_core.package_identification:_identify(LCD_web/portamail_ui/venv/lib/python3.12/site-packages/pip/_internal) by extension 'cmake'
[0.960s] Level 1:colcon.colcon_core.package_identification:_identify(LCD_web/portamail_ui/venv/lib/python3.12/site-packages/pip/_internal) by extension 'python'
[0.960s] Level 1:colcon.colcon_core.package_identification:_identify(LCD_web/portamail_ui/venv/lib/python3.12/site-packages/pip/_internal) by extensions ['python_setup_py']
[0.960s] Level 1:colcon.colcon_core.package_identification:_identify(LCD_web/portamail_ui/venv/lib/python3.12/site-packages/pip/_internal) by extension 'python_setup_py'
[0.960s] Level 1:colcon.colcon_core.package_identification:_identify(LCD_web/portamail_ui/venv/lib/python3.12/site-packages/pip/_internal/__pycache__) by extensions ['ignore', 'ignore_ament_install']
[0.960s] Level 1:colcon.colcon_core.package_identification:_identify(LCD_web/portamail_ui/venv/lib/python3.12/site-packages/pip/_internal/__pycache__) by extension 'ignore'
[0.960s] Level 1:colcon.colcon_core.package_identification:_identify(LCD_web/portamail_ui/venv/lib/python3.12/site-packages/pip/_internal/__pycache__) by extension 'ignore_ament_install'
[0.960s] Level 1:colcon.colcon_core.package_identification:_identify(LCD_web/portamail_ui/venv/lib/python3.12/site-packages/pip/_internal/__pycache__) by extensions ['colcon_pkg']
[0.960s] Level 1:colcon.colcon_core.package_identification:_identify(LCD_web/portamail_ui/venv/lib/python3.12/site-packages/pip/_internal/__pycache__) by extension 'colcon_pkg'
[0.960s] Level 1:colcon.colcon_core.package_identification:_identify(LCD_web/portamail_ui/venv/lib/python3.12/site-packages/pip/_internal/__pycache__) by extensions ['colcon_meta']
[0.961s] Level 1:colcon.colcon_core.package_identification:_identify(LCD_web/portamail_ui/venv/lib/python3.12/site-packages/pip/_internal/__pycache__) by extension 'colcon_meta'
[0.961s] Level 1:colcon.colcon_core.package_identification:_identify(LCD_web/portamail_ui/venv/lib/python3.12/site-packages/pip/_internal/__pycache__) by extensions ['ros']
[0.961s] Level 1:colcon.colcon_core.package_identification:_identify(LCD_web/portamail_ui/venv/lib/python3.12/site-packages/pip/_internal/__pycache__) by extension 'ros'
[0.961s] Level 1:colcon.colcon_core.package_identification:_identify(LCD_web/portamail_ui/venv/lib/python3.12/site-packages/pip/_internal/__pycache__) by extensions ['cmake', 'python']
[0.961s] Level 1:colcon.colcon_core.package_identification:_identify(LCD_web/portamail_ui/venv/lib/python3.12/site-packages/pip/_internal/__pycache__) by extension 'cmake'
[0.961s] Level 1:colcon.colcon_core.package_identification:_identify(LCD_web/portamail_ui/venv/lib/python3.12/site-packages/pip/_internal/__pycache__) by extension 'python'
[0.961s] Level 1:colcon.colcon_core.package_identification:_identify(LCD_web/portamail_ui/venv/lib/python3.12/site-packages/pip/_internal/__pycache__) by extensions ['python_setup_py']
[0.961s] Level 1:colcon.colcon_core.package_identification:_identify(LCD_web/portamail_ui/venv/lib/python3.12/site-packages/pip/_internal/__pycache__) by extension 'python_setup_py'
[0.961s] Level 1:colcon.colcon_core.package_identification:_identify(LCD_web/portamail_ui/venv/lib/python3.12/site-packages/pip/_internal/cli) by extensions ['ignore', 'ignore_ament_install']
[0.961s] Level 1:colcon.colcon_core.package_identification:_identify(LCD_web/portamail_ui/venv/lib/python3.12/site-packages/pip/_internal/cli) by extension 'ignore'
[0.961s] Level 1:colcon.colcon_core.package_identification:_identify(LCD_web/portamail_ui/venv/lib/python3.12/site-packages/pip/_internal/cli) by extension 'ignore_ament_install'
[0.961s] Level 1:colcon.colcon_core.package_identification:_identify(LCD_web/portamail_ui/venv/lib/python3.12/site-packages/pip/_internal/cli) by extensions ['colcon_pkg']
[0.961s] Level 1:colcon.colcon_core.package_identification:_identify(LCD_web/portamail_ui/venv/lib/python3.12/site-packages/pip/_internal/cli) by extension 'colcon_pkg'
[0.961s] Level 1:colcon.colcon_core.package_identification:_identify(LCD_web/portamail_ui/venv/lib/python3.12/site-packages/pip/_internal/cli) by extensions ['colcon_meta']
[0.961s] Level 1:colcon.colcon_core.package_identification:_identify(LCD_web/portamail_ui/venv/lib/python3.12/site-packages/pip/_internal/cli) by extension 'colcon_meta'
[0.962s] Level 1:colcon.colcon_core.package_identification:_identify(LCD_web/portamail_ui/venv/lib/python3.12/site-packages/pip/_internal/cli) by extensions ['ros']
[0.962s] Level 1:colcon.colcon_core.package_identification:_identify(LCD_web/portamail_ui/venv/lib/python3.12/site-packages/pip/_internal/cli) by extension 'ros'
[0.962s] Level 1:colcon.colcon_core.package_identification:_identify(LCD_web/portamail_ui/venv/lib/python3.12/site-packages/pip/_internal/cli) by extensions ['cmake', 'python']
[0.962s] Level 1:colcon.colcon_core.package_identification:_identify(LCD_web/portamail_ui/venv/lib/python3.12/site-packages/pip/_internal/cli) by extension 'cmake'
[0.962s] Level 1:colcon.colcon_core.package_identification:_identify(LCD_web/portamail_ui/venv/lib/python3.12/site-packages/pip/_internal/cli) by extension 'python'
[0.962s] Level 1:colcon.colcon_core.package_identification:_identify(LCD_web/portamail_ui/venv/lib/python3.12/site-packages/pip/_internal/cli) by extensions ['python_setup_py']
[0.962s] Level 1:colcon.colcon_core.package_identification:_identify(LCD_web/portamail_ui/venv/lib/python3.12/site-packages/pip/_internal/cli) by extension 'python_setup_py'
[0.962s] Level 1:colcon.colcon_core.package_identification:_identify(LCD_web/portamail_ui/venv/lib/python3.12/site-packages/pip/_internal/cli/__pycache__) by extensions ['ignore', 'ignore_ament_install']
[0.962s] Level 1:colcon.colcon_core.package_identification:_identify(LCD_web/portamail_ui/venv/lib/python3.12/site-packages/pip/_internal/cli/__pycache__) by extension 'ignore'
[0.962s] Level 1:colcon.colcon_core.package_identification:_identify(LCD_web/portamail_ui/venv/lib/python3.12/site-packages/pip/_internal/cli/__pycache__) by extension 'ignore_ament_install'
[0.962s] Level 1:colcon.colcon_core.package_identification:_identify(LCD_web/portamail_ui/venv/lib/python3.12/site-packages/pip/_internal/cli/__pycache__) by extensions ['colcon_pkg']
[0.962s] Level 1:colcon.colcon_core.package_identification:_identify(LCD_web/portamail_ui/venv/lib/python3.12/site-packages/pip/_internal/cli/__pycache__) by extension 'colcon_pkg'
[0.962s] Level 1:colcon.colcon_core.package_identification:_identify(LCD_web/portamail_ui/venv/lib/python3.12/site-packages/pip/_internal/cli/__pycache__) by extensions ['colcon_meta']
[0.962s] Level 1:colcon.colcon_core.package_identification:_identify(LCD_web/portamail_ui/venv/lib/python3.12/site-packages/pip/_internal/cli/__pycache__) by extension 'colcon_meta'
[0.963s] Level 1:colcon.colcon_core.package_identification:_identify(LCD_web/portamail_ui/venv/lib/python3.12/site-packages/pip/_internal/cli/__pycache__) by extensions ['ros']
[0.963s] Level 1:colcon.colcon_core.package_identification:_identify(LCD_web/portamail_ui/venv/lib/python3.12/site-packages/pip/_internal/cli/__pycache__) by extension 'ros'
[0.963s] Level 1:colcon.colcon_core.package_identification:_identify(LCD_web/portamail_ui/venv/lib/python3.12/site-packages/pip/_internal/cli/__pycache__) by extensions ['cmake', 'python']
[0.963s] Level 1:colcon.colcon_core.package_identification:_identify(LCD_web/portamail_ui/venv/lib/python3.12/site-packages/pip/_internal/cli/__pycache__) by extension 'cmake'
[0.963s] Level 1:colcon.colcon_core.package_identification:_identify(LCD_web/portamail_ui/venv/lib/python3.12/site-packages/pip/_internal/cli/__pycache__) by extension 'python'
[0.963s] Level 1:colcon.colcon_core.package_identification:_identify(LCD_web/portamail_ui/venv/lib/python3.12/site-packages/pip/_internal/cli/__pycache__) by extensions ['python_setup_py']
[0.963s] Level 1:colcon.colcon_core.package_identification:_identify(LCD_web/portamail_ui/venv/lib/python3.12/site-packages/pip/_internal/cli/__pycache__) by extension 'python_setup_py'
[0.963s] Level 1:colcon.colcon_core.package_identification:_identify(LCD_web/portamail_ui/venv/lib/python3.12/site-packages/pip/_internal/commands) by extensions ['ignore', 'ignore_ament_install']
[0.963s] Level 1:colcon.colcon_core.package_identification:_identify(LCD_web/portamail_ui/venv/lib/python3.12/site-packages/pip/_internal/commands) by extension 'ignore'
[0.963s] Level 1:colcon.colcon_core.package_identification:_identify(LCD_web/portamail_ui/venv/lib/python3.12/site-packages/pip/_internal/commands) by extension 'ignore_ament_install'
[0.963s] Level 1:colcon.colcon_core.package_identification:_identify(LCD_web/portamail_ui/venv/lib/python3.12/site-packages/pip/_internal/commands) by extensions ['colcon_pkg']
[0.963s] Level 1:colcon.colcon_core.package_identification:_identify(LCD_web/portamail_ui/venv/lib/python3.12/site-packages/pip/_internal/commands) by extension 'colcon_pkg'
[0.964s] Level 1:colcon.colcon_core.package_identification:_identify(LCD_web/portamail_ui/venv/lib/python3.12/site-packages/pip/_internal/commands) by extensions ['colcon_meta']
[0.964s] Level 1:colcon.colcon_core.package_identification:_identify(LCD_web/portamail_ui/venv/lib/python3.12/site-packages/pip/_internal/commands) by extension 'colcon_meta'
[0.964s] Level 1:colcon.colcon_core.package_identification:_identify(LCD_web/portamail_ui/venv/lib/python3.12/site-packages/pip/_internal/commands) by extensions ['ros']
[0.964s] Level 1:colcon.colcon_core.package_identification:_identify(LCD_web/portamail_ui/venv/lib/python3.12/site-packages/pip/_internal/commands) by extension 'ros'
[0.964s] Level 1:colcon.colcon_core.package_identification:_identify(LCD_web/portamail_ui/venv/lib/python3.12/site-packages/pip/_internal/commands) by extensions ['cmake', 'python']
[0.964s] Level 1:colcon.colcon_core.package_identification:_identify(LCD_web/portamail_ui/venv/lib/python3.12/site-packages/pip/_internal/commands) by extension 'cmake'
[0.964s] Level 1:colcon.colcon_core.package_identification:_identify(LCD_web/portamail_ui/venv/lib/python3.12/site-packages/pip/_internal/commands) by extension 'python'
[0.964s] Level 1:colcon.colcon_core.package_identification:_identify(LCD_web/portamail_ui/venv/lib/python3.12/site-packages/pip/_internal/commands) by extensions ['python_setup_py']
[0.964s] Level 1:colcon.colcon_core.package_identification:_identify(LCD_web/portamail_ui/venv/lib/python3.12/site-packages/pip/_internal/commands) by extension 'python_setup_py'
[0.964s] Level 1:colcon.colcon_core.package_identification:_identify(LCD_web/portamail_ui/venv/lib/python3.12/site-packages/pip/_internal/commands/__pycache__) by extensions ['ignore', 'ignore_ament_install']
[0.964s] Level 1:colcon.colcon_core.package_identification:_identify(LCD_web/portamail_ui/venv/lib/python3.12/site-packages/pip/_internal/commands/__pycache__) by extension 'ignore'
[0.964s] Level 1:colcon.colcon_core.package_identification:_identify(LCD_web/portamail_ui/venv/lib/python3.12/site-packages/pip/_internal/commands/__pycache__) by extension 'ignore_ament_install'
[0.964s] Level 1:colcon.colcon_core.package_identification:_identify(LCD_web/portamail_ui/venv/lib/python3.12/site-packages/pip/_internal/commands/__pycache__) by extensions ['colcon_pkg']
[0.964s] Level 1:colcon.colcon_core.package_identification:_identify(LCD_web/portamail_ui/venv/lib/python3.12/site-packages/pip/_internal/commands/__pycache__) by extension 'colcon_pkg'
[0.965s] Level 1:colcon.colcon_core.package_identification:_identify(LCD_web/portamail_ui/venv/lib/python3.12/site-packages/pip/_internal/commands/__pycache__) by extensions ['colcon_meta']
[0.965s] Level 1:colcon.colcon_core.package_identification:_identify(LCD_web/portamail_ui/venv/lib/python3.12/site-packages/pip/_internal/commands/__pycache__) by extension 'colcon_meta'
[0.965s] Level 1:colcon.colcon_core.package_identification:_identify(LCD_web/portamail_ui/venv/lib/python3.12/site-packages/pip/_internal/commands/__pycache__) by extensions ['ros']
[0.965s] Level 1:colcon.colcon_core.package_identification:_identify(LCD_web/portamail_ui/venv/lib/python3.12/site-packages/pip/_internal/commands/__pycache__) by extension 'ros'
[0.965s] Level 1:colcon.colcon_core.package_identification:_identify(LCD_web/portamail_ui/venv/lib/python3.12/site-packages/pip/_internal/commands/__pycache__) by extensions ['cmake', 'python']
[0.965s] Level 1:colcon.colcon_core.package_identification:_identify(LCD_web/portamail_ui/venv/lib/python3.12/site-packages/pip/_internal/commands/__pycache__) by extension 'cmake'
[0.965s] Level 1:colcon.colcon_core.package_identification:_identify(LCD_web/portamail_ui/venv/lib/python3.12/site-packages/pip/_internal/commands/__pycache__) by extension 'python'
[0.965s] Level 1:colcon.colcon_core.package_identification:_identify(LCD_web/portamail_ui/venv/lib/python3.12/site-packages/pip/_internal/commands/__pycache__) by extensions ['python_setup_py']
[0.965s] Level 1:colcon.colcon_core.package_identification:_identify(LCD_web/portamail_ui/venv/lib/python3.12/site-packages/pip/_internal/commands/__pycache__) by extension 'python_setup_py'
[0.965s] Level 1:colcon.colcon_core.package_identification:_identify(LCD_web/portamail_ui/venv/lib/python3.12/site-packages/pip/_internal/distributions) by extensions ['ignore', 'ignore_ament_install']
[0.965s] Level 1:colcon.colcon_core.package_identification:_identify(LCD_web/portamail_ui/venv/lib/python3.12/site-packages/pip/_internal/distributions) by extension 'ignore'
[0.965s] Level 1:colcon.colcon_core.package_identification:_identify(LCD_web/portamail_ui/venv/lib/python3.12/site-packages/pip/_internal/distributions) by extension 'ignore_ament_install'
[0.965s] Level 1:colcon.colcon_core.package_identification:_identify(LCD_web/portamail_ui/venv/lib/python3.12/site-packages/pip/_internal/distributions) by extensions ['colcon_pkg']
[0.965s] Level 1:colcon.colcon_core.package_identification:_identify(LCD_web/portamail_ui/venv/lib/python3.12/site-packages/pip/_internal/distributions) by extension 'colcon_pkg'
[0.966s] Level 1:colcon.colcon_core.package_identification:_identify(LCD_web/portamail_ui/venv/lib/python3.12/site-packages/pip/_internal/distributions) by extensions ['colcon_meta']
[0.966s] Level 1:colcon.colcon_core.package_identification:_identify(LCD_web/portamail_ui/venv/lib/python3.12/site-packages/pip/_internal/distributions) by extension 'colcon_meta'
[0.966s] Level 1:colcon.colcon_core.package_identification:_identify(LCD_web/portamail_ui/venv/lib/python3.12/site-packages/pip/_internal/distributions) by extensions ['ros']
[0.966s] Level 1:colcon.colcon_core.package_identification:_identify(LCD_web/portamail_ui/venv/lib/python3.12/site-packages/pip/_internal/distributions) by extension 'ros'
[0.966s] Level 1:colcon.colcon_core.package_identification:_identify(LCD_web/portamail_ui/venv/lib/python3.12/site-packages/pip/_internal/distributions) by extensions ['cmake', 'python']
[0.966s] Level 1:colcon.colcon_core.package_identification:_identify(LCD_web/portamail_ui/venv/lib/python3.12/site-packages/pip/_internal/distributions) by extension 'cmake'
[0.966s] Level 1:colcon.colcon_core.package_identification:_identify(LCD_web/portamail_ui/venv/lib/python3.12/site-packages/pip/_internal/distributions) by extension 'python'
[0.966s] Level 1:colcon.colcon_core.package_identification:_identify(LCD_web/portamail_ui/venv/lib/python3.12/site-packages/pip/_internal/distributions) by extensions ['python_setup_py']
[0.966s] Level 1:colcon.colcon_core.package_identification:_identify(LCD_web/portamail_ui/venv/lib/python3.12/site-packages/pip/_internal/distributions) by extension 'python_setup_py'
[0.966s] Level 1:colcon.colcon_core.package_identification:_identify(LCD_web/portamail_ui/venv/lib/python3.12/site-packages/pip/_internal/distributions/__pycache__) by extensions ['ignore', 'ignore_ament_install']
[0.966s] Level 1:colcon.colcon_core.package_identification:_identify(LCD_web/portamail_ui/venv/lib/python3.12/site-packages/pip/_internal/distributions/__pycache__) by extension 'ignore'
[0.966s] Level 1:colcon.colcon_core.package_identification:_identify(LCD_web/portamail_ui/venv/lib/python3.12/site-packages/pip/_internal/distributions/__pycache__) by extension 'ignore_ament_install'
[0.966s] Level 1:colcon.colcon_core.package_identification:_identify(LCD_web/portamail_ui/venv/lib/python3.12/site-packages/pip/_internal/distributions/__pycache__) by extensions ['colcon_pkg']
[0.966s] Level 1:colcon.colcon_core.package_identification:_identify(LCD_web/portamail_ui/venv/lib/python3.12/site-packages/pip/_internal/distributions/__pycache__) by extension 'colcon_pkg'
[0.967s] Level 1:colcon.colcon_core.package_identification:_identify(LCD_web/portamail_ui/venv/lib/python3.12/site-packages/pip/_internal/distributions/__pycache__) by extensions ['colcon_meta']
[0.967s] Level 1:colcon.colcon_core.package_identification:_identify(LCD_web/portamail_ui/venv/lib/python3.12/site-packages/pip/_internal/distributions/__pycache__) by extension 'colcon_meta'
[0.967s] Level 1:colcon.colcon_core.package_identification:_identify(LCD_web/portamail_ui/venv/lib/python3.12/site-packages/pip/_internal/distributions/__pycache__) by extensions ['ros']
[0.967s] Level 1:colcon.colcon_core.package_identification:_identify(LCD_web/portamail_ui/venv/lib/python3.12/site-packages/pip/_internal/distributions/__pycache__) by extension 'ros'
[0.967s] Level 1:colcon.colcon_core.package_identification:_identify(LCD_web/portamail_ui/venv/lib/python3.12/site-packages/pip/_internal/distributions/__pycache__) by extensions ['cmake', 'python']
[0.967s] Level 1:colcon.colcon_core.package_identification:_identify(LCD_web/portamail_ui/venv/lib/python3.12/site-packages/pip/_internal/distributions/__pycache__) by extension 'cmake'
[0.967s] Level 1:colcon.colcon_core.package_identification:_identify(LCD_web/portamail_ui/venv/lib/python3.12/site-packages/pip/_internal/distributions/__pycache__) by extension 'python'
[0.967s] Level 1:colcon.colcon_core.package_identification:_identify(LCD_web/portamail_ui/venv/lib/python3.12/site-packages/pip/_internal/distributions/__pycache__) by extensions ['python_setup_py']
[0.967s] Level 1:colcon.colcon_core.package_identification:_identify(LCD_web/portamail_ui/venv/lib/python3.12/site-packages/pip/_internal/distributions/__pycache__) by extension 'python_setup_py'
[0.967s] Level 1:colcon.colcon_core.package_identification:_identify(LCD_web/portamail_ui/venv/lib/python3.12/site-packages/pip/_internal/index) by extensions ['ignore', 'ignore_ament_install']
[0.967s] Level 1:colcon.colcon_core.package_identification:_identify(LCD_web/portamail_ui/venv/lib/python3.12/site-packages/pip/_internal/index) by extension 'ignore'
[0.967s] Level 1:colcon.colcon_core.package_identification:_identify(LCD_web/portamail_ui/venv/lib/python3.12/site-packages/pip/_internal/index) by extension 'ignore_ament_install'
[0.967s] Level 1:colcon.colcon_core.package_identification:_identify(LCD_web/portamail_ui/venv/lib/python3.12/site-packages/pip/_internal/index) by extensions ['colcon_pkg']
[0.968s] Level 1:colcon.colcon_core.package_identification:_identify(LCD_web/portamail_ui/venv/lib/python3.12/site-packages/pip/_internal/index) by extension 'colcon_pkg'
[0.968s] Level 1:colcon.colcon_core.package_identification:_identify(LCD_web/portamail_ui/venv/lib/python3.12/site-packages/pip/_internal/index) by extensions ['colcon_meta']
[0.968s] Level 1:colcon.colcon_core.package_identification:_identify(LCD_web/portamail_ui/venv/lib/python3.12/site-packages/pip/_internal/index) by extension 'colcon_meta'
[0.968s] Level 1:colcon.colcon_core.package_identification:_identify(LCD_web/portamail_ui/venv/lib/python3.12/site-packages/pip/_internal/index) by extensions ['ros']
[0.968s] Level 1:colcon.colcon_core.package_identification:_identify(LCD_web/portamail_ui/venv/lib/python3.12/site-packages/pip/_internal/index) by extension 'ros'
[0.968s] Level 1:colcon.colcon_core.package_identification:_identify(LCD_web/portamail_ui/venv/lib/python3.12/site-packages/pip/_internal/index) by extensions ['cmake', 'python']
[0.968s] Level 1:colcon.colcon_core.package_identification:_identify(LCD_web/portamail_ui/venv/lib/python3.12/site-packages/pip/_internal/index) by extension 'cmake'
[0.968s] Level 1:colcon.colcon_core.package_identification:_identify(LCD_web/portamail_ui/venv/lib/python3.12/site-packages/pip/_internal/index) by extension 'python'
[0.968s] Level 1:colcon.colcon_core.package_identification:_identify(LCD_web/portamail_ui/venv/lib/python3.12/site-packages/pip/_internal/index) by extensions ['python_setup_py']
[0.968s] Level 1:colcon.colcon_core.package_identification:_identify(LCD_web/portamail_ui/venv/lib/python3.12/site-packages/pip/_internal/index) by extension 'python_setup_py'
[0.968s] Level 1:colcon.colcon_core.package_identification:_identify(LCD_web/portamail_ui/venv/lib/python3.12/site-packages/pip/_internal/index/__pycache__) by extensions ['ignore', 'ignore_ament_install']
[0.968s] Level 1:colcon.colcon_core.package_identification:_identify(LCD_web/portamail_ui/venv/lib/python3.12/site-packages/pip/_internal/index/__pycache__) by extension 'ignore'
[0.968s] Level 1:colcon.colcon_core.package_identification:_identify(LCD_web/portamail_ui/venv/lib/python3.12/site-packages/pip/_internal/index/__pycache__) by extension 'ignore_ament_install'
[0.969s] Level 1:colcon.colcon_core.package_identification:_identify(LCD_web/portamail_ui/venv/lib/python3.12/site-packages/pip/_internal/index/__pycache__) by extensions ['colcon_pkg']
[0.969s] Level 1:colcon.colcon_core.package_identification:_identify(LCD_web/portamail_ui/venv/lib/python3.12/site-packages/pip/_internal/index/__pycache__) by extension 'colcon_pkg'
[0.969s] Level 1:colcon.colcon_core.package_identification:_identify(LCD_web/portamail_ui/venv/lib/python3.12/site-packages/pip/_internal/index/__pycache__) by extensions ['colcon_meta']
[0.969s] Level 1:colcon.colcon_core.package_identification:_identify(LCD_web/portamail_ui/venv/lib/python3.12/site-packages/pip/_internal/index/__pycache__) by extension 'colcon_meta'
[0.969s] Level 1:colcon.colcon_core.package_identification:_identify(LCD_web/portamail_ui/venv/lib/python3.12/site-packages/pip/_internal/index/__pycache__) by extensions ['ros']
[0.969s] Level 1:colcon.colcon_core.package_identification:_identify(LCD_web/portamail_ui/venv/lib/python3.12/site-packages/pip/_internal/index/__pycache__) by extension 'ros'
[0.969s] Level 1:colcon.colcon_core.package_identification:_identify(LCD_web/portamail_ui/venv/lib/python3.12/site-packages/pip/_internal/index/__pycache__) by extensions ['cmake', 'python']
[0.969s] Level 1:colcon.colcon_core.package_identification:_identify(LCD_web/portamail_ui/venv/lib/python3.12/site-packages/pip/_internal/index/__pycache__) by extension 'cmake'
[0.969s] Level 1:colcon.colcon_core.package_identification:_identify(LCD_web/portamail_ui/venv/lib/python3.12/site-packages/pip/_internal/index/__pycache__) by extension 'python'
[0.969s] Level 1:colcon.colcon_core.package_identification:_identify(LCD_web/portamail_ui/venv/lib/python3.12/site-packages/pip/_internal/index/__pycache__) by extensions ['python_setup_py']
[0.969s] Level 1:colcon.colcon_core.package_identification:_identify(LCD_web/portamail_ui/venv/lib/python3.12/site-packages/pip/_internal/index/__pycache__) by extension 'python_setup_py'
[0.969s] Level 1:colcon.colcon_core.package_identification:_identify(LCD_web/portamail_ui/venv/lib/python3.12/site-packages/pip/_internal/locations) by extensions ['ignore', 'ignore_ament_install']
[0.969s] Level 1:colcon.colcon_core.package_identification:_identify(LCD_web/portamail_ui/venv/lib/python3.12/site-packages/pip/_internal/locations) by extension 'ignore'
[0.969s] Level 1:colcon.colcon_core.package_identification:_identify(LCD_web/portamail_ui/venv/lib/python3.12/site-packages/pip/_internal/locations) by extension 'ignore_ament_install'
[0.970s] Level 1:colcon.colcon_core.package_identification:_identify(LCD_web/portamail_ui/venv/lib/python3.12/site-packages/pip/_internal/locations) by extensions ['colcon_pkg']
[0.970s] Level 1:colcon.colcon_core.package_identification:_identify(LCD_web/portamail_ui/venv/lib/python3.12/site-packages/pip/_internal/locations) by extension 'colcon_pkg'
[0.970s] Level 1:colcon.colcon_core.package_identification:_identify(LCD_web/portamail_ui/venv/lib/python3.12/site-packages/pip/_internal/locations) by extensions ['colcon_meta']
[0.970s] Level 1:colcon.colcon_core.package_identification:_identify(LCD_web/portamail_ui/venv/lib/python3.12/site-packages/pip/_internal/locations) by extension 'colcon_meta'
[0.970s] Level 1:colcon.colcon_core.package_identification:_identify(LCD_web/portamail_ui/venv/lib/python3.12/site-packages/pip/_internal/locations) by extensions ['ros']
[0.970s] Level 1:colcon.colcon_core.package_identification:_identify(LCD_web/portamail_ui/venv/lib/python3.12/site-packages/pip/_internal/locations) by extension 'ros'
[0.970s] Level 1:colcon.colcon_core.package_identification:_identify(LCD_web/portamail_ui/venv/lib/python3.12/site-packages/pip/_internal/locations) by extensions ['cmake', 'python']
[0.970s] Level 1:colcon.colcon_core.package_identification:_identify(LCD_web/portamail_ui/venv/lib/python3.12/site-packages/pip/_internal/locations) by extension 'cmake'
[0.970s] Level 1:colcon.colcon_core.package_identification:_identify(LCD_web/portamail_ui/venv/lib/python3.12/site-packages/pip/_internal/locations) by extension 'python'
[0.970s] Level 1:colcon.colcon_core.package_identification:_identify(LCD_web/portamail_ui/venv/lib/python3.12/site-packages/pip/_internal/locations) by extensions ['python_setup_py']
[0.970s] Level 1:colcon.colcon_core.package_identification:_identify(LCD_web/portamail_ui/venv/lib/python3.12/site-packages/pip/_internal/locations) by extension 'python_setup_py'
[0.970s] Level 1:colcon.colcon_core.package_identification:_identify(LCD_web/portamail_ui/venv/lib/python3.12/site-packages/pip/_internal/locations/__pycache__) by extensions ['ignore', 'ignore_ament_install']
[0.970s] Level 1:colcon.colcon_core.package_identification:_identify(LCD_web/portamail_ui/venv/lib/python3.12/site-packages/pip/_internal/locations/__pycache__) by extension 'ignore'
[0.970s] Level 1:colcon.colcon_core.package_identification:_identify(LCD_web/portamail_ui/venv/lib/python3.12/site-packages/pip/_internal/locations/__pycache__) by extension 'ignore_ament_install'
[0.971s] Level 1:colcon.colcon_core.package_identification:_identify(LCD_web/portamail_ui/venv/lib/python3.12/site-packages/pip/_internal/locations/__pycache__) by extensions ['colcon_pkg']
[0.971s] Level 1:colcon.colcon_core.package_identification:_identify(LCD_web/portamail_ui/venv/lib/python3.12/site-packages/pip/_internal/locations/__pycache__) by extension 'colcon_pkg'
[0.971s] Level 1:colcon.colcon_core.package_identification:_identify(LCD_web/portamail_ui/venv/lib/python3.12/site-packages/pip/_internal/locations/__pycache__) by extensions ['colcon_meta']
[0.971s] Level 1:colcon.colcon_core.package_identification:_identify(LCD_web/portamail_ui/venv/lib/python3.12/site-packages/pip/_internal/locations/__pycache__) by extension 'colcon_meta'
[0.971s] Level 1:colcon.colcon_core.package_identification:_identify(LCD_web/portamail_ui/venv/lib/python3.12/site-packages/pip/_internal/locations/__pycache__) by extensions ['ros']
[0.971s] Level 1:colcon.colcon_core.package_identification:_identify(LCD_web/portamail_ui/venv/lib/python3.12/site-packages/pip/_internal/locations/__pycache__) by extension 'ros'
[0.971s] Level 1:colcon.colcon_core.package_identification:_identify(LCD_web/portamail_ui/venv/lib/python3.12/site-packages/pip/_internal/locations/__pycache__) by extensions ['cmake', 'python']
[0.971s] Level 1:colcon.colcon_core.package_identification:_identify(LCD_web/portamail_ui/venv/lib/python3.12/site-packages/pip/_internal/locations/__pycache__) by extension 'cmake'
[0.971s] Level 1:colcon.colcon_core.package_identification:_identify(LCD_web/portamail_ui/venv/lib/python3.12/site-packages/pip/_internal/locations/__pycache__) by extension 'python'
[0.971s] Level 1:colcon.colcon_core.package_identification:_identify(LCD_web/portamail_ui/venv/lib/python3.12/site-packages/pip/_internal/locations/__pycache__) by extensions ['python_setup_py']
[0.971s] Level 1:colcon.colcon_core.package_identification:_identify(LCD_web/portamail_ui/venv/lib/python3.12/site-packages/pip/_internal/locations/__pycache__) by extension 'python_setup_py'
[0.971s] Level 1:colcon.colcon_core.package_identification:_identify(LCD_web/portamail_ui/venv/lib/python3.12/site-packages/pip/_internal/metadata) by extensions ['ignore', 'ignore_ament_install']
[0.971s] Level 1:colcon.colcon_core.package_identification:_identify(LCD_web/portamail_ui/venv/lib/python3.12/site-packages/pip/_internal/metadata) by extension 'ignore'
[0.971s] Level 1:colcon.colcon_core.package_identification:_identify(LCD_web/portamail_ui/venv/lib/python3.12/site-packages/pip/_internal/metadata) by extension 'ignore_ament_install'
[0.972s] Level 1:colcon.colcon_core.package_identification:_identify(LCD_web/portamail_ui/venv/lib/python3.12/site-packages/pip/_internal/metadata) by extensions ['colcon_pkg']
[0.972s] Level 1:colcon.colcon_core.package_identification:_identify(LCD_web/portamail_ui/venv/lib/python3.12/site-packages/pip/_internal/metadata) by extension 'colcon_pkg'
[0.972s] Level 1:colcon.colcon_core.package_identification:_identify(LCD_web/portamail_ui/venv/lib/python3.12/site-packages/pip/_internal/metadata) by extensions ['colcon_meta']
[0.972s] Level 1:colcon.colcon_core.package_identification:_identify(LCD_web/portamail_ui/venv/lib/python3.12/site-packages/pip/_internal/metadata) by extension 'colcon_meta'
[0.972s] Level 1:colcon.colcon_core.package_identification:_identify(LCD_web/portamail_ui/venv/lib/python3.12/site-packages/pip/_internal/metadata) by extensions ['ros']
[0.972s] Level 1:colcon.colcon_core.package_identification:_identify(LCD_web/portamail_ui/venv/lib/python3.12/site-packages/pip/_internal/metadata) by extension 'ros'
[0.972s] Level 1:colcon.colcon_core.package_identification:_identify(LCD_web/portamail_ui/venv/lib/python3.12/site-packages/pip/_internal/metadata) by extensions ['cmake', 'python']
[0.972s] Level 1:colcon.colcon_core.package_identification:_identify(LCD_web/portamail_ui/venv/lib/python3.12/site-packages/pip/_internal/metadata) by extension 'cmake'
[0.972s] Level 1:colcon.colcon_core.package_identification:_identify(LCD_web/portamail_ui/venv/lib/python3.12/site-packages/pip/_internal/metadata) by extension 'python'
[0.972s] Level 1:colcon.colcon_core.package_identification:_identify(LCD_web/portamail_ui/venv/lib/python3.12/site-packages/pip/_internal/metadata) by extensions ['python_setup_py']
[0.972s] Level 1:colcon.colcon_core.package_identification:_identify(LCD_web/portamail_ui/venv/lib/python3.12/site-packages/pip/_internal/metadata) by extension 'python_setup_py'
[0.972s] Level 1:colcon.colcon_core.package_identification:_identify(LCD_web/portamail_ui/venv/lib/python3.12/site-packages/pip/_internal/metadata/__pycache__) by extensions ['ignore', 'ignore_ament_install']
[0.972s] Level 1:colcon.colcon_core.package_identification:_identify(LCD_web/portamail_ui/venv/lib/python3.12/site-packages/pip/_internal/metadata/__pycache__) by extension 'ignore'
[0.972s] Level 1:colcon.colcon_core.package_identification:_identify(LCD_web/portamail_ui/venv/lib/python3.12/site-packages/pip/_internal/metadata/__pycache__) by extension 'ignore_ament_install'
[0.973s] Level 1:colcon.colcon_core.package_identification:_identify(LCD_web/portamail_ui/venv/lib/python3.12/site-packages/pip/_internal/metadata/__pycache__) by extensions ['colcon_pkg']
[0.973s] Level 1:colcon.colcon_core.package_identification:_identify(LCD_web/portamail_ui/venv/lib/python3.12/site-packages/pip/_internal/metadata/__pycache__) by extension 'colcon_pkg'
[0.973s] Level 1:colcon.colcon_core.package_identification:_identify(LCD_web/portamail_ui/venv/lib/python3.12/site-packages/pip/_internal/metadata/__pycache__) by extensions ['colcon_meta']
[0.973s] Level 1:colcon.colcon_core.package_identification:_identify(LCD_web/portamail_ui/venv/lib/python3.12/site-packages/pip/_internal/metadata/__pycache__) by extension 'colcon_meta'
[0.973s] Level 1:colcon.colcon_core.package_identification:_identify(LCD_web/portamail_ui/venv/lib/python3.12/site-packages/pip/_internal/metadata/__pycache__) by extensions ['ros']
[0.973s] Level 1:colcon.colcon_core.package_identification:_identify(LCD_web/portamail_ui/venv/lib/python3.12/site-packages/pip/_internal/metadata/__pycache__) by extension 'ros'
[0.973s] Level 1:colcon.colcon_core.package_identification:_identify(LCD_web/portamail_ui/venv/lib/python3.12/site-packages/pip/_internal/metadata/__pycache__) by extensions ['cmake', 'python']
[0.973s] Level 1:colcon.colcon_core.package_identification:_identify(LCD_web/portamail_ui/venv/lib/python3.12/site-packages/pip/_internal/metadata/__pycache__) by extension 'cmake'
[0.973s] Level 1:colcon.colcon_core.package_identification:_identify(LCD_web/portamail_ui/venv/lib/python3.12/site-packages/pip/_internal/metadata/__pycache__) by extension 'python'
[0.973s] Level 1:colcon.colcon_core.package_identification:_identify(LCD_web/portamail_ui/venv/lib/python3.12/site-packages/pip/_internal/metadata/__pycache__) by extensions ['python_setup_py']
[0.973s] Level 1:colcon.colcon_core.package_identification:_identify(LCD_web/portamail_ui/venv/lib/python3.12/site-packages/pip/_internal/metadata/__pycache__) by extension 'python_setup_py'
[0.973s] Level 1:colcon.colcon_core.package_identification:_identify(LCD_web/portamail_ui/venv/lib/python3.12/site-packages/pip/_internal/metadata/importlib) by extensions ['ignore', 'ignore_ament_install']
[0.973s] Level 1:colcon.colcon_core.package_identification:_identify(LCD_web/portamail_ui/venv/lib/python3.12/site-packages/pip/_internal/metadata/importlib) by extension 'ignore'
[0.973s] Level 1:colcon.colcon_core.package_identification:_identify(LCD_web/portamail_ui/venv/lib/python3.12/site-packages/pip/_internal/metadata/importlib) by extension 'ignore_ament_install'
[0.973s] Level 1:colcon.colcon_core.package_identification:_identify(LCD_web/portamail_ui/venv/lib/python3.12/site-packages/pip/_internal/metadata/importlib) by extensions ['colcon_pkg']
[0.973s] Level 1:colcon.colcon_core.package_identification:_identify(LCD_web/portamail_ui/venv/lib/python3.12/site-packages/pip/_internal/metadata/importlib) by extension 'colcon_pkg'
[0.973s] Level 1:colcon.colcon_core.package_identification:_identify(LCD_web/portamail_ui/venv/lib/python3.12/site-packages/pip/_internal/metadata/importlib) by extensions ['colcon_meta']
[0.974s] Level 1:colcon.colcon_core.package_identification:_identify(LCD_web/portamail_ui/venv/lib/python3.12/site-packages/pip/_internal/metadata/importlib) by extension 'colcon_meta'
[0.974s] Level 1:colcon.colcon_core.package_identification:_identify(LCD_web/portamail_ui/venv/lib/python3.12/site-packages/pip/_internal/metadata/importlib) by extensions ['ros']
[0.974s] Level 1:colcon.colcon_core.package_identification:_identify(LCD_web/portamail_ui/venv/lib/python3.12/site-packages/pip/_internal/metadata/importlib) by extension 'ros'
[0.974s] Level 1:colcon.colcon_core.package_identification:_identify(LCD_web/portamail_ui/venv/lib/python3.12/site-packages/pip/_internal/metadata/importlib) by extensions ['cmake', 'python']
[0.974s] Level 1:colcon.colcon_core.package_identification:_identify(LCD_web/portamail_ui/venv/lib/python3.12/site-packages/pip/_internal/metadata/importlib) by extension 'cmake'
[0.974s] Level 1:colcon.colcon_core.package_identification:_identify(LCD_web/portamail_ui/venv/lib/python3.12/site-packages/pip/_internal/metadata/importlib) by extension 'python'
[0.974s] Level 1:colcon.colcon_core.package_identification:_identify(LCD_web/portamail_ui/venv/lib/python3.12/site-packages/pip/_internal/metadata/importlib) by extensions ['python_setup_py']
[0.974s] Level 1:colcon.colcon_core.package_identification:_identify(LCD_web/portamail_ui/venv/lib/python3.12/site-packages/pip/_internal/metadata/importlib) by extension 'python_setup_py'
[0.974s] Level 1:colcon.colcon_core.package_identification:_identify(LCD_web/portamail_ui/venv/lib/python3.12/site-packages/pip/_internal/metadata/importlib/__pycache__) by extensions ['ignore', 'ignore_ament_install']
[0.974s] Level 1:colcon.colcon_core.package_identification:_identify(LCD_web/portamail_ui/venv/lib/python3.12/site-packages/pip/_internal/metadata/importlib/__pycache__) by extension 'ignore'
[0.974s] Level 1:colcon.colcon_core.package_identification:_identify(LCD_web/portamail_ui/venv/lib/python3.12/site-packages/pip/_internal/metadata/importlib/__pycache__) by extension 'ignore_ament_install'
[0.974s] Level 1:colcon.colcon_core.package_identification:_identify(LCD_web/portamail_ui/venv/lib/python3.12/site-packages/pip/_internal/metadata/importlib/__pycache__) by extensions ['colcon_pkg']
[0.974s] Level 1:colcon.colcon_core.package_identification:_identify(LCD_web/portamail_ui/venv/lib/python3.12/site-packages/pip/_internal/metadata/importlib/__pycache__) by extension 'colcon_pkg'
[0.974s] Level 1:colcon.colcon_core.package_identification:_identify(LCD_web/portamail_ui/venv/lib/python3.12/site-packages/pip/_internal/metadata/importlib/__pycache__) by extensions ['colcon_meta']
[0.974s] Level 1:colcon.colcon_core.package_identification:_identify(LCD_web/portamail_ui/venv/lib/python3.12/site-packages/pip/_internal/metadata/importlib/__pycache__) by extension 'colcon_meta'
[0.975s] Level 1:colcon.colcon_core.package_identification:_identify(LCD_web/portamail_ui/venv/lib/python3.12/site-packages/pip/_internal/metadata/importlib/__pycache__) by extensions ['ros']
[0.975s] Level 1:colcon.colcon_core.package_identification:_identify(LCD_web/portamail_ui/venv/lib/python3.12/site-packages/pip/_internal/metadata/importlib/__pycache__) by extension 'ros'
[0.975s] Level 1:colcon.colcon_core.package_identification:_identify(LCD_web/portamail_ui/venv/lib/python3.12/site-packages/pip/_internal/metadata/importlib/__pycache__) by extensions ['cmake', 'python']
[0.975s] Level 1:colcon.colcon_core.package_identification:_identify(LCD_web/portamail_ui/venv/lib/python3.12/site-packages/pip/_internal/metadata/importlib/__pycache__) by extension 'cmake'
[0.975s] Level 1:colcon.colcon_core.package_identification:_identify(LCD_web/portamail_ui/venv/lib/python3.12/site-packages/pip/_internal/metadata/importlib/__pycache__) by extension 'python'
[0.975s] Level 1:colcon.colcon_core.package_identification:_identify(LCD_web/portamail_ui/venv/lib/python3.12/site-packages/pip/_internal/metadata/importlib/__pycache__) by extensions ['python_setup_py']
[0.975s] Level 1:colcon.colcon_core.package_identification:_identify(LCD_web/portamail_ui/venv/lib/python3.12/site-packages/pip/_internal/metadata/importlib/__pycache__) by extension 'python_setup_py'
[0.975s] Level 1:colcon.colcon_core.package_identification:_identify(LCD_web/portamail_ui/venv/lib/python3.12/site-packages/pip/_internal/models) by extensions ['ignore', 'ignore_ament_install']
[0.975s] Level 1:colcon.colcon_core.package_identification:_identify(LCD_web/portamail_ui/venv/lib/python3.12/site-packages/pip/_internal/models) by extension 'ignore'
[0.975s] Level 1:colcon.colcon_core.package_identification:_identify(LCD_web/portamail_ui/venv/lib/python3.12/site-packages/pip/_internal/models) by extension 'ignore_ament_install'
[0.975s] Level 1:colcon.colcon_core.package_identification:_identify(LCD_web/portamail_ui/venv/lib/python3.12/site-packages/pip/_internal/models) by extensions ['colcon_pkg']
[0.975s] Level 1:colcon.colcon_core.package_identification:_identify(LCD_web/portamail_ui/venv/lib/python3.12/site-packages/pip/_internal/models) by extension 'colcon_pkg'
[0.975s] Level 1:colcon.colcon_core.package_identification:_identify(LCD_web/portamail_ui/venv/lib/python3.12/site-packages/pip/_internal/models) by extensions ['colcon_meta']
[0.975s] Level 1:colcon.colcon_core.package_identification:_identify(LCD_web/portamail_ui/venv/lib/python3.12/site-packages/pip/_internal/models) by extension 'colcon_meta'
[0.975s] Level 1:colcon.colcon_core.package_identification:_identify(LCD_web/portamail_ui/venv/lib/python3.12/site-packages/pip/_internal/models) by extensions ['ros']
[0.975s] Level 1:colcon.colcon_core.package_identification:_identify(LCD_web/portamail_ui/venv/lib/python3.12/site-packages/pip/_internal/models) by extension 'ros'
[0.976s] Level 1:colcon.colcon_core.package_identification:_identify(LCD_web/portamail_ui/venv/lib/python3.12/site-packages/pip/_internal/models) by extensions ['cmake', 'python']
[0.976s] Level 1:colcon.colcon_core.package_identification:_identify(LCD_web/portamail_ui/venv/lib/python3.12/site-packages/pip/_internal/models) by extension 'cmake'
[0.976s] Level 1:colcon.colcon_core.package_identification:_identify(LCD_web/portamail_ui/venv/lib/python3.12/site-packages/pip/_internal/models) by extension 'python'
[0.976s] Level 1:colcon.colcon_core.package_identification:_identify(LCD_web/portamail_ui/venv/lib/python3.12/site-packages/pip/_internal/models) by extensions ['python_setup_py']
[0.976s] Level 1:colcon.colcon_core.package_identification:_identify(LCD_web/portamail_ui/venv/lib/python3.12/site-packages/pip/_internal/models) by extension 'python_setup_py'
[0.976s] Level 1:colcon.colcon_core.package_identification:_identify(LCD_web/portamail_ui/venv/lib/python3.12/site-packages/pip/_internal/models/__pycache__) by extensions ['ignore', 'ignore_ament_install']
[0.976s] Level 1:colcon.colcon_core.package_identification:_identify(LCD_web/portamail_ui/venv/lib/python3.12/site-packages/pip/_internal/models/__pycache__) by extension 'ignore'
[0.976s] Level 1:colcon.colcon_core.package_identification:_identify(LCD_web/portamail_ui/venv/lib/python3.12/site-packages/pip/_internal/models/__pycache__) by extension 'ignore_ament_install'
[0.976s] Level 1:colcon.colcon_core.package_identification:_identify(LCD_web/portamail_ui/venv/lib/python3.12/site-packages/pip/_internal/models/__pycache__) by extensions ['colcon_pkg']
[0.976s] Level 1:colcon.colcon_core.package_identification:_identify(LCD_web/portamail_ui/venv/lib/python3.12/site-packages/pip/_internal/models/__pycache__) by extension 'colcon_pkg'
[0.976s] Level 1:colcon.colcon_core.package_identification:_identify(LCD_web/portamail_ui/venv/lib/python3.12/site-packages/pip/_internal/models/__pycache__) by extensions ['colcon_meta']
[0.976s] Level 1:colcon.colcon_core.package_identification:_identify(LCD_web/portamail_ui/venv/lib/python3.12/site-packages/pip/_internal/models/__pycache__) by extension 'colcon_meta'
[0.976s] Level 1:colcon.colcon_core.package_identification:_identify(LCD_web/portamail_ui/venv/lib/python3.12/site-packages/pip/_internal/models/__pycache__) by extensions ['ros']
[0.976s] Level 1:colcon.colcon_core.package_identification:_identify(LCD_web/portamail_ui/venv/lib/python3.12/site-packages/pip/_internal/models/__pycache__) by extension 'ros'
[0.977s] Level 1:colcon.colcon_core.package_identification:_identify(LCD_web/portamail_ui/venv/lib/python3.12/site-packages/pip/_internal/models/__pycache__) by extensions ['cmake', 'python']
[0.977s] Level 1:colcon.colcon_core.package_identification:_identify(LCD_web/portamail_ui/venv/lib/python3.12/site-packages/pip/_internal/models/__pycache__) by extension 'cmake'
[0.977s] Level 1:colcon.colcon_core.package_identification:_identify(LCD_web/portamail_ui/venv/lib/python3.12/site-packages/pip/_internal/models/__pycache__) by extension 'python'
[0.977s] Level 1:colcon.colcon_core.package_identification:_identify(LCD_web/portamail_ui/venv/lib/python3.12/site-packages/pip/_internal/models/__pycache__) by extensions ['python_setup_py']
[0.977s] Level 1:colcon.colcon_core.package_identification:_identify(LCD_web/portamail_ui/venv/lib/python3.12/site-packages/pip/_internal/models/__pycache__) by extension 'python_setup_py'
[0.977s] Level 1:colcon.colcon_core.package_identification:_identify(LCD_web/portamail_ui/venv/lib/python3.12/site-packages/pip/_internal/network) by extensions ['ignore', 'ignore_ament_install']
[0.977s] Level 1:colcon.colcon_core.package_identification:_identify(LCD_web/portamail_ui/venv/lib/python3.12/site-packages/pip/_internal/network) by extension 'ignore'
[0.977s] Level 1:colcon.colcon_core.package_identification:_identify(LCD_web/portamail_ui/venv/lib/python3.12/site-packages/pip/_internal/network) by extension 'ignore_ament_install'
[0.977s] Level 1:colcon.colcon_core.package_identification:_identify(LCD_web/portamail_ui/venv/lib/python3.12/site-packages/pip/_internal/network) by extensions ['colcon_pkg']
[0.977s] Level 1:colcon.colcon_core.package_identification:_identify(LCD_web/portamail_ui/venv/lib/python3.12/site-packages/pip/_internal/network) by extension 'colcon_pkg'
[0.977s] Level 1:colcon.colcon_core.package_identification:_identify(LCD_web/portamail_ui/venv/lib/python3.12/site-packages/pip/_internal/network) by extensions ['colcon_meta']
[0.977s] Level 1:colcon.colcon_core.package_identification:_identify(LCD_web/portamail_ui/venv/lib/python3.12/site-packages/pip/_internal/network) by extension 'colcon_meta'
[0.977s] Level 1:colcon.colcon_core.package_identification:_identify(LCD_web/portamail_ui/venv/lib/python3.12/site-packages/pip/_internal/network) by extensions ['ros']
[0.977s] Level 1:colcon.colcon_core.package_identification:_identify(LCD_web/portamail_ui/venv/lib/python3.12/site-packages/pip/_internal/network) by extension 'ros'
[0.977s] Level 1:colcon.colcon_core.package_identification:_identify(LCD_web/portamail_ui/venv/lib/python3.12/site-packages/pip/_internal/network) by extensions ['cmake', 'python']
[0.977s] Level 1:colcon.colcon_core.package_identification:_identify(LCD_web/portamail_ui/venv/lib/python3.12/site-packages/pip/_internal/network) by extension 'cmake'
[0.977s] Level 1:colcon.colcon_core.package_identification:_identify(LCD_web/portamail_ui/venv/lib/python3.12/site-packages/pip/_internal/network) by extension 'python'
[0.978s] Level 1:colcon.colcon_core.package_identification:_identify(LCD_web/portamail_ui/venv/lib/python3.12/site-packages/pip/_internal/network) by extensions ['python_setup_py']
[0.978s] Level 1:colcon.colcon_core.package_identification:_identify(LCD_web/portamail_ui/venv/lib/python3.12/site-packages/pip/_internal/network) by extension 'python_setup_py'
[0.978s] Level 1:colcon.colcon_core.package_identification:_identify(LCD_web/portamail_ui/venv/lib/python3.12/site-packages/pip/_internal/network/__pycache__) by extensions ['ignore', 'ignore_ament_install']
[0.978s] Level 1:colcon.colcon_core.package_identification:_identify(LCD_web/portamail_ui/venv/lib/python3.12/site-packages/pip/_internal/network/__pycache__) by extension 'ignore'
[0.978s] Level 1:colcon.colcon_core.package_identification:_identify(LCD_web/portamail_ui/venv/lib/python3.12/site-packages/pip/_internal/network/__pycache__) by extension 'ignore_ament_install'
[0.978s] Level 1:colcon.colcon_core.package_identification:_identify(LCD_web/portamail_ui/venv/lib/python3.12/site-packages/pip/_internal/network/__pycache__) by extensions ['colcon_pkg']
[0.978s] Level 1:colcon.colcon_core.package_identification:_identify(LCD_web/portamail_ui/venv/lib/python3.12/site-packages/pip/_internal/network/__pycache__) by extension 'colcon_pkg'
[0.978s] Level 1:colcon.colcon_core.package_identification:_identify(LCD_web/portamail_ui/venv/lib/python3.12/site-packages/pip/_internal/network/__pycache__) by extensions ['colcon_meta']
[0.978s] Level 1:colcon.colcon_core.package_identification:_identify(LCD_web/portamail_ui/venv/lib/python3.12/site-packages/pip/_internal/network/__pycache__) by extension 'colcon_meta'
[0.978s] Level 1:colcon.colcon_core.package_identification:_identify(LCD_web/portamail_ui/venv/lib/python3.12/site-packages/pip/_internal/network/__pycache__) by extensions ['ros']
[0.978s] Level 1:colcon.colcon_core.package_identification:_identify(LCD_web/portamail_ui/venv/lib/python3.12/site-packages/pip/_internal/network/__pycache__) by extension 'ros'
[0.978s] Level 1:colcon.colcon_core.package_identification:_identify(LCD_web/portamail_ui/venv/lib/python3.12/site-packages/pip/_internal/network/__pycache__) by extensions ['cmake', 'python']
[0.978s] Level 1:colcon.colcon_core.package_identification:_identify(LCD_web/portamail_ui/venv/lib/python3.12/site-packages/pip/_internal/network/__pycache__) by extension 'cmake'
[0.978s] Level 1:colcon.colcon_core.package_identification:_identify(LCD_web/portamail_ui/venv/lib/python3.12/site-packages/pip/_internal/network/__pycache__) by extension 'python'
[0.978s] Level 1:colcon.colcon_core.package_identification:_identify(LCD_web/portamail_ui/venv/lib/python3.12/site-packages/pip/_internal/network/__pycache__) by extensions ['python_setup_py']
[0.978s] Level 1:colcon.colcon_core.package_identification:_identify(LCD_web/portamail_ui/venv/lib/python3.12/site-packages/pip/_internal/network/__pycache__) by extension 'python_setup_py'
[0.979s] Level 1:colcon.colcon_core.package_identification:_identify(LCD_web/portamail_ui/venv/lib/python3.12/site-packages/pip/_internal/operations) by extensions ['ignore', 'ignore_ament_install']
[0.979s] Level 1:colcon.colcon_core.package_identification:_identify(LCD_web/portamail_ui/venv/lib/python3.12/site-packages/pip/_internal/operations) by extension 'ignore'
[0.979s] Level 1:colcon.colcon_core.package_identification:_identify(LCD_web/portamail_ui/venv/lib/python3.12/site-packages/pip/_internal/operations) by extension 'ignore_ament_install'
[0.979s] Level 1:colcon.colcon_core.package_identification:_identify(LCD_web/portamail_ui/venv/lib/python3.12/site-packages/pip/_internal/operations) by extensions ['colcon_pkg']
[0.979s] Level 1:colcon.colcon_core.package_identification:_identify(LCD_web/portamail_ui/venv/lib/python3.12/site-packages/pip/_internal/operations) by extension 'colcon_pkg'
[0.979s] Level 1:colcon.colcon_core.package_identification:_identify(LCD_web/portamail_ui/venv/lib/python3.12/site-packages/pip/_internal/operations) by extensions ['colcon_meta']
[0.979s] Level 1:colcon.colcon_core.package_identification:_identify(LCD_web/portamail_ui/venv/lib/python3.12/site-packages/pip/_internal/operations) by extension 'colcon_meta'
[0.979s] Level 1:colcon.colcon_core.package_identification:_identify(LCD_web/portamail_ui/venv/lib/python3.12/site-packages/pip/_internal/operations) by extensions ['ros']
[0.979s] Level 1:colcon.colcon_core.package_identification:_identify(LCD_web/portamail_ui/venv/lib/python3.12/site-packages/pip/_internal/operations) by extension 'ros'
[0.979s] Level 1:colcon.colcon_core.package_identification:_identify(LCD_web/portamail_ui/venv/lib/python3.12/site-packages/pip/_internal/operations) by extensions ['cmake', 'python']
[0.979s] Level 1:colcon.colcon_core.package_identification:_identify(LCD_web/portamail_ui/venv/lib/python3.12/site-packages/pip/_internal/operations) by extension 'cmake'
[0.979s] Level 1:colcon.colcon_core.package_identification:_identify(LCD_web/portamail_ui/venv/lib/python3.12/site-packages/pip/_internal/operations) by extension 'python'
[0.979s] Level 1:colcon.colcon_core.package_identification:_identify(LCD_web/portamail_ui/venv/lib/python3.12/site-packages/pip/_internal/operations) by extensions ['python_setup_py']
[0.979s] Level 1:colcon.colcon_core.package_identification:_identify(LCD_web/portamail_ui/venv/lib/python3.12/site-packages/pip/_internal/operations) by extension 'python_setup_py'
[0.980s] Level 1:colcon.colcon_core.package_identification:_identify(LCD_web/portamail_ui/venv/lib/python3.12/site-packages/pip/_internal/operations/__pycache__) by extensions ['ignore', 'ignore_ament_install']
[0.980s] Level 1:colcon.colcon_core.package_identification:_identify(LCD_web/portamail_ui/venv/lib/python3.12/site-packages/pip/_internal/operations/__pycache__) by extension 'ignore'
[0.980s] Level 1:colcon.colcon_core.package_identification:_identify(LCD_web/portamail_ui/venv/lib/python3.12/site-packages/pip/_internal/operations/__pycache__) by extension 'ignore_ament_install'
[0.980s] Level 1:colcon.colcon_core.package_identification:_identify(LCD_web/portamail_ui/venv/lib/python3.12/site-packages/pip/_internal/operations/__pycache__) by extensions ['colcon_pkg']
[0.980s] Level 1:colcon.colcon_core.package_identification:_identify(LCD_web/portamail_ui/venv/lib/python3.12/site-packages/pip/_internal/operations/__pycache__) by extension 'colcon_pkg'
[0.980s] Level 1:colcon.colcon_core.package_identification:_identify(LCD_web/portamail_ui/venv/lib/python3.12/site-packages/pip/_internal/operations/__pycache__) by extensions ['colcon_meta']
[0.980s] Level 1:colcon.colcon_core.package_identification:_identify(LCD_web/portamail_ui/venv/lib/python3.12/site-packages/pip/_internal/operations/__pycache__) by extension 'colcon_meta'
[0.980s] Level 1:colcon.colcon_core.package_identification:_identify(LCD_web/portamail_ui/venv/lib/python3.12/site-packages/pip/_internal/operations/__pycache__) by extensions ['ros']
[0.980s] Level 1:colcon.colcon_core.package_identification:_identify(LCD_web/portamail_ui/venv/lib/python3.12/site-packages/pip/_internal/operations/__pycache__) by extension 'ros'
[0.980s] Level 1:colcon.colcon_core.package_identification:_identify(LCD_web/portamail_ui/venv/lib/python3.12/site-packages/pip/_internal/operations/__pycache__) by extensions ['cmake', 'python']
[0.980s] Level 1:colcon.colcon_core.package_identification:_identify(LCD_web/portamail_ui/venv/lib/python3.12/site-packages/pip/_internal/operations/__pycache__) by extension 'cmake'
[0.980s] Level 1:colcon.colcon_core.package_identification:_identify(LCD_web/portamail_ui/venv/lib/python3.12/site-packages/pip/_internal/operations/__pycache__) by extension 'python'
[0.980s] Level 1:colcon.colcon_core.package_identification:_identify(LCD_web/portamail_ui/venv/lib/python3.12/site-packages/pip/_internal/operations/__pycache__) by extensions ['python_setup_py']
[0.980s] Level 1:colcon.colcon_core.package_identification:_identify(LCD_web/portamail_ui/venv/lib/python3.12/site-packages/pip/_internal/operations/__pycache__) by extension 'python_setup_py'
[0.980s] Level 1:colcon.colcon_core.package_identification:_identify(LCD_web/portamail_ui/venv/lib/python3.12/site-packages/pip/_internal/operations/build) by extensions ['ignore', 'ignore_ament_install']
[0.980s] Level 1:colcon.colcon_core.package_identification:_identify(LCD_web/portamail_ui/venv/lib/python3.12/site-packages/pip/_internal/operations/build) by extension 'ignore'
[0.981s] Level 1:colcon.colcon_core.package_identification:_identify(LCD_web/portamail_ui/venv/lib/python3.12/site-packages/pip/_internal/operations/build) by extension 'ignore_ament_install'
[0.981s] Level 1:colcon.colcon_core.package_identification:_identify(LCD_web/portamail_ui/venv/lib/python3.12/site-packages/pip/_internal/operations/build) by extensions ['colcon_pkg']
[0.981s] Level 1:colcon.colcon_core.package_identification:_identify(LCD_web/portamail_ui/venv/lib/python3.12/site-packages/pip/_internal/operations/build) by extension 'colcon_pkg'
[0.981s] Level 1:colcon.colcon_core.package_identification:_identify(LCD_web/portamail_ui/venv/lib/python3.12/site-packages/pip/_internal/operations/build) by extensions ['colcon_meta']
[0.981s] Level 1:colcon.colcon_core.package_identification:_identify(LCD_web/portamail_ui/venv/lib/python3.12/site-packages/pip/_internal/operations/build) by extension 'colcon_meta'
[0.981s] Level 1:colcon.colcon_core.package_identification:_identify(LCD_web/portamail_ui/venv/lib/python3.12/site-packages/pip/_internal/operations/build) by extensions ['ros']
[0.981s] Level 1:colcon.colcon_core.package_identification:_identify(LCD_web/portamail_ui/venv/lib/python3.12/site-packages/pip/_internal/operations/build) by extension 'ros'
[0.981s] Level 1:colcon.colcon_core.package_identification:_identify(LCD_web/portamail_ui/venv/lib/python3.12/site-packages/pip/_internal/operations/build) by extensions ['cmake', 'python']
[0.981s] Level 1:colcon.colcon_core.package_identification:_identify(LCD_web/portamail_ui/venv/lib/python3.12/site-packages/pip/_internal/operations/build) by extension 'cmake'
[0.981s] Level 1:colcon.colcon_core.package_identification:_identify(LCD_web/portamail_ui/venv/lib/python3.12/site-packages/pip/_internal/operations/build) by extension 'python'
[0.981s] Level 1:colcon.colcon_core.package_identification:_identify(LCD_web/portamail_ui/venv/lib/python3.12/site-packages/pip/_internal/operations/build) by extensions ['python_setup_py']
[0.981s] Level 1:colcon.colcon_core.package_identification:_identify(LCD_web/portamail_ui/venv/lib/python3.12/site-packages/pip/_internal/operations/build) by extension 'python_setup_py'
[0.981s] Level 1:colcon.colcon_core.package_identification:_identify(LCD_web/portamail_ui/venv/lib/python3.12/site-packages/pip/_internal/operations/build/__pycache__) by extensions ['ignore', 'ignore_ament_install']
[0.981s] Level 1:colcon.colcon_core.package_identification:_identify(LCD_web/portamail_ui/venv/lib/python3.12/site-packages/pip/_internal/operations/build/__pycache__) by extension 'ignore'
[0.982s] Level 1:colcon.colcon_core.package_identification:_identify(LCD_web/portamail_ui/venv/lib/python3.12/site-packages/pip/_internal/operations/build/__pycache__) by extension 'ignore_ament_install'
[0.982s] Level 1:colcon.colcon_core.package_identification:_identify(LCD_web/portamail_ui/venv/lib/python3.12/site-packages/pip/_internal/operations/build/__pycache__) by extensions ['colcon_pkg']
[0.982s] Level 1:colcon.colcon_core.package_identification:_identify(LCD_web/portamail_ui/venv/lib/python3.12/site-packages/pip/_internal/operations/build/__pycache__) by extension 'colcon_pkg'
[0.982s] Level 1:colcon.colcon_core.package_identification:_identify(LCD_web/portamail_ui/venv/lib/python3.12/site-packages/pip/_internal/operations/build/__pycache__) by extensions ['colcon_meta']
[0.982s] Level 1:colcon.colcon_core.package_identification:_identify(LCD_web/portamail_ui/venv/lib/python3.12/site-packages/pip/_internal/operations/build/__pycache__) by extension 'colcon_meta'
[0.982s] Level 1:colcon.colcon_core.package_identification:_identify(LCD_web/portamail_ui/venv/lib/python3.12/site-packages/pip/_internal/operations/build/__pycache__) by extensions ['ros']
[0.982s] Level 1:colcon.colcon_core.package_identification:_identify(LCD_web/portamail_ui/venv/lib/python3.12/site-packages/pip/_internal/operations/build/__pycache__) by extension 'ros'
[0.982s] Level 1:colcon.colcon_core.package_identification:_identify(LCD_web/portamail_ui/venv/lib/python3.12/site-packages/pip/_internal/operations/build/__pycache__) by extensions ['cmake', 'python']
[0.982s] Level 1:colcon.colcon_core.package_identification:_identify(LCD_web/portamail_ui/venv/lib/python3.12/site-packages/pip/_internal/operations/build/__pycache__) by extension 'cmake'
[0.982s] Level 1:colcon.colcon_core.package_identification:_identify(LCD_web/portamail_ui/venv/lib/python3.12/site-packages/pip/_internal/operations/build/__pycache__) by extension 'python'
[0.982s] Level 1:colcon.colcon_core.package_identification:_identify(LCD_web/portamail_ui/venv/lib/python3.12/site-packages/pip/_internal/operations/build/__pycache__) by extensions ['python_setup_py']
[0.982s] Level 1:colcon.colcon_core.package_identification:_identify(LCD_web/portamail_ui/venv/lib/python3.12/site-packages/pip/_internal/operations/build/__pycache__) by extension 'python_setup_py'
[0.982s] Level 1:colcon.colcon_core.package_identification:_identify(LCD_web/portamail_ui/venv/lib/python3.12/site-packages/pip/_internal/operations/install) by extensions ['ignore', 'ignore_ament_install']
[0.982s] Level 1:colcon.colcon_core.package_identification:_identify(LCD_web/portamail_ui/venv/lib/python3.12/site-packages/pip/_internal/operations/install) by extension 'ignore'
[0.982s] Level 1:colcon.colcon_core.package_identification:_identify(LCD_web/portamail_ui/venv/lib/python3.12/site-packages/pip/_internal/operations/install) by extension 'ignore_ament_install'
[0.983s] Level 1:colcon.colcon_core.package_identification:_identify(LCD_web/portamail_ui/venv/lib/python3.12/site-packages/pip/_internal/operations/install) by extensions ['colcon_pkg']
[0.983s] Level 1:colcon.colcon_core.package_identification:_identify(LCD_web/portamail_ui/venv/lib/python3.12/site-packages/pip/_internal/operations/install) by extension 'colcon_pkg'
[0.983s] Level 1:colcon.colcon_core.package_identification:_identify(LCD_web/portamail_ui/venv/lib/python3.12/site-packages/pip/_internal/operations/install) by extensions ['colcon_meta']
[0.983s] Level 1:colcon.colcon_core.package_identification:_identify(LCD_web/portamail_ui/venv/lib/python3.12/site-packages/pip/_internal/operations/install) by extension 'colcon_meta'
[0.983s] Level 1:colcon.colcon_core.package_identification:_identify(LCD_web/portamail_ui/venv/lib/python3.12/site-packages/pip/_internal/operations/install) by extensions ['ros']
[0.983s] Level 1:colcon.colcon_core.package_identification:_identify(LCD_web/portamail_ui/venv/lib/python3.12/site-packages/pip/_internal/operations/install) by extension 'ros'
[0.983s] Level 1:colcon.colcon_core.package_identification:_identify(LCD_web/portamail_ui/venv/lib/python3.12/site-packages/pip/_internal/operations/install) by extensions ['cmake', 'python']
[0.983s] Level 1:colcon.colcon_core.package_identification:_identify(LCD_web/portamail_ui/venv/lib/python3.12/site-packages/pip/_internal/operations/install) by extension 'cmake'
[0.983s] Level 1:colcon.colcon_core.package_identification:_identify(LCD_web/portamail_ui/venv/lib/python3.12/site-packages/pip/_internal/operations/install) by extension 'python'
[0.983s] Level 1:colcon.colcon_core.package_identification:_identify(LCD_web/portamail_ui/venv/lib/python3.12/site-packages/pip/_internal/operations/install) by extensions ['python_setup_py']
[0.983s] Level 1:colcon.colcon_core.package_identification:_identify(LCD_web/portamail_ui/venv/lib/python3.12/site-packages/pip/_internal/operations/install) by extension 'python_setup_py'
[0.983s] Level 1:colcon.colcon_core.package_identification:_identify(LCD_web/portamail_ui/venv/lib/python3.12/site-packages/pip/_internal/operations/install/__pycache__) by extensions ['ignore', 'ignore_ament_install']
[0.983s] Level 1:colcon.colcon_core.package_identification:_identify(LCD_web/portamail_ui/venv/lib/python3.12/site-packages/pip/_internal/operations/install/__pycache__) by extension 'ignore'
[0.983s] Level 1:colcon.colcon_core.package_identification:_identify(LCD_web/portamail_ui/venv/lib/python3.12/site-packages/pip/_internal/operations/install/__pycache__) by extension 'ignore_ament_install'
[0.983s] Level 1:colcon.colcon_core.package_identification:_identify(LCD_web/portamail_ui/venv/lib/python3.12/site-packages/pip/_internal/operations/install/__pycache__) by extensions ['colcon_pkg']
[0.983s] Level 1:colcon.colcon_core.package_identification:_identify(LCD_web/portamail_ui/venv/lib/python3.12/site-packages/pip/_internal/operations/install/__pycache__) by extension 'colcon_pkg'
[0.984s] Level 1:colcon.colcon_core.package_identification:_identify(LCD_web/portamail_ui/venv/lib/python3.12/site-packages/pip/_internal/operations/install/__pycache__) by extensions ['colcon_meta']
[0.984s] Level 1:colcon.colcon_core.package_identification:_identify(LCD_web/portamail_ui/venv/lib/python3.12/site-packages/pip/_internal/operations/install/__pycache__) by extension 'colcon_meta'
[0.984s] Level 1:colcon.colcon_core.package_identification:_identify(LCD_web/portamail_ui/venv/lib/python3.12/site-packages/pip/_internal/operations/install/__pycache__) by extensions ['ros']
[0.984s] Level 1:colcon.colcon_core.package_identification:_identify(LCD_web/portamail_ui/venv/lib/python3.12/site-packages/pip/_internal/operations/install/__pycache__) by extension 'ros'
[0.984s] Level 1:colcon.colcon_core.package_identification:_identify(LCD_web/portamail_ui/venv/lib/python3.12/site-packages/pip/_internal/operations/install/__pycache__) by extensions ['cmake', 'python']
[0.984s] Level 1:colcon.colcon_core.package_identification:_identify(LCD_web/portamail_ui/venv/lib/python3.12/site-packages/pip/_internal/operations/install/__pycache__) by extension 'cmake'
[0.984s] Level 1:colcon.colcon_core.package_identification:_identify(LCD_web/portamail_ui/venv/lib/python3.12/site-packages/pip/_internal/operations/install/__pycache__) by extension 'python'
[0.984s] Level 1:colcon.colcon_core.package_identification:_identify(LCD_web/portamail_ui/venv/lib/python3.12/site-packages/pip/_internal/operations/install/__pycache__) by extensions ['python_setup_py']
[0.984s] Level 1:colcon.colcon_core.package_identification:_identify(LCD_web/portamail_ui/venv/lib/python3.12/site-packages/pip/_internal/operations/install/__pycache__) by extension 'python_setup_py'
[0.984s] Level 1:colcon.colcon_core.package_identification:_identify(LCD_web/portamail_ui/venv/lib/python3.12/site-packages/pip/_internal/req) by extensions ['ignore', 'ignore_ament_install']
[0.984s] Level 1:colcon.colcon_core.package_identification:_identify(LCD_web/portamail_ui/venv/lib/python3.12/site-packages/pip/_internal/req) by extension 'ignore'
[0.984s] Level 1:colcon.colcon_core.package_identification:_identify(LCD_web/portamail_ui/venv/lib/python3.12/site-packages/pip/_internal/req) by extension 'ignore_ament_install'
[0.984s] Level 1:colcon.colcon_core.package_identification:_identify(LCD_web/portamail_ui/venv/lib/python3.12/site-packages/pip/_internal/req) by extensions ['colcon_pkg']
[0.984s] Level 1:colcon.colcon_core.package_identification:_identify(LCD_web/portamail_ui/venv/lib/python3.12/site-packages/pip/_internal/req) by extension 'colcon_pkg'
[0.985s] Level 1:colcon.colcon_core.package_identification:_identify(LCD_web/portamail_ui/venv/lib/python3.12/site-packages/pip/_internal/req) by extensions ['colcon_meta']
[0.985s] Level 1:colcon.colcon_core.package_identification:_identify(LCD_web/portamail_ui/venv/lib/python3.12/site-packages/pip/_internal/req) by extension 'colcon_meta'
[0.985s] Level 1:colcon.colcon_core.package_identification:_identify(LCD_web/portamail_ui/venv/lib/python3.12/site-packages/pip/_internal/req) by extensions ['ros']
[0.985s] Level 1:colcon.colcon_core.package_identification:_identify(LCD_web/portamail_ui/venv/lib/python3.12/site-packages/pip/_internal/req) by extension 'ros'
[0.985s] Level 1:colcon.colcon_core.package_identification:_identify(LCD_web/portamail_ui/venv/lib/python3.12/site-packages/pip/_internal/req) by extensions ['cmake', 'python']
[0.985s] Level 1:colcon.colcon_core.package_identification:_identify(LCD_web/portamail_ui/venv/lib/python3.12/site-packages/pip/_internal/req) by extension 'cmake'
[0.985s] Level 1:colcon.colcon_core.package_identification:_identify(LCD_web/portamail_ui/venv/lib/python3.12/site-packages/pip/_internal/req) by extension 'python'
[0.985s] Level 1:colcon.colcon_core.package_identification:_identify(LCD_web/portamail_ui/venv/lib/python3.12/site-packages/pip/_internal/req) by extensions ['python_setup_py']
[0.985s] Level 1:colcon.colcon_core.package_identification:_identify(LCD_web/portamail_ui/venv/lib/python3.12/site-packages/pip/_internal/req) by extension 'python_setup_py'
[0.985s] Level 1:colcon.colcon_core.package_identification:_identify(LCD_web/portamail_ui/venv/lib/python3.12/site-packages/pip/_internal/req/__pycache__) by extensions ['ignore', 'ignore_ament_install']
[0.986s] Level 1:colcon.colcon_core.package_identification:_identify(LCD_web/portamail_ui/venv/lib/python3.12/site-packages/pip/_internal/req/__pycache__) by extension 'ignore'
[0.986s] Level 1:colcon.colcon_core.package_identification:_identify(LCD_web/portamail_ui/venv/lib/python3.12/site-packages/pip/_internal/req/__pycache__) by extension 'ignore_ament_install'
[0.986s] Level 1:colcon.colcon_core.package_identification:_identify(LCD_web/portamail_ui/venv/lib/python3.12/site-packages/pip/_internal/req/__pycache__) by extensions ['colcon_pkg']
[0.986s] Level 1:colcon.colcon_core.package_identification:_identify(LCD_web/portamail_ui/venv/lib/python3.12/site-packages/pip/_internal/req/__pycache__) by extension 'colcon_pkg'
[0.986s] Level 1:colcon.colcon_core.package_identification:_identify(LCD_web/portamail_ui/venv/lib/python3.12/site-packages/pip/_internal/req/__pycache__) by extensions ['colcon_meta']
[0.986s] Level 1:colcon.colcon_core.package_identification:_identify(LCD_web/portamail_ui/venv/lib/python3.12/site-packages/pip/_internal/req/__pycache__) by extension 'colcon_meta'
[0.986s] Level 1:colcon.colcon_core.package_identification:_identify(LCD_web/portamail_ui/venv/lib/python3.12/site-packages/pip/_internal/req/__pycache__) by extensions ['ros']
[0.986s] Level 1:colcon.colcon_core.package_identification:_identify(LCD_web/portamail_ui/venv/lib/python3.12/site-packages/pip/_internal/req/__pycache__) by extension 'ros'
[0.986s] Level 1:colcon.colcon_core.package_identification:_identify(LCD_web/portamail_ui/venv/lib/python3.12/site-packages/pip/_internal/req/__pycache__) by extensions ['cmake', 'python']
[0.986s] Level 1:colcon.colcon_core.package_identification:_identify(LCD_web/portamail_ui/venv/lib/python3.12/site-packages/pip/_internal/req/__pycache__) by extension 'cmake'
[0.986s] Level 1:colcon.colcon_core.package_identification:_identify(LCD_web/portamail_ui/venv/lib/python3.12/site-packages/pip/_internal/req/__pycache__) by extension 'python'
[0.986s] Level 1:colcon.colcon_core.package_identification:_identify(LCD_web/portamail_ui/venv/lib/python3.12/site-packages/pip/_internal/req/__pycache__) by extensions ['python_setup_py']
[0.986s] Level 1:colcon.colcon_core.package_identification:_identify(LCD_web/portamail_ui/venv/lib/python3.12/site-packages/pip/_internal/req/__pycache__) by extension 'python_setup_py'
[0.987s] Level 1:colcon.colcon_core.package_identification:_identify(LCD_web/portamail_ui/venv/lib/python3.12/site-packages/pip/_internal/resolution) by extensions ['ignore', 'ignore_ament_install']
[0.987s] Level 1:colcon.colcon_core.package_identification:_identify(LCD_web/portamail_ui/venv/lib/python3.12/site-packages/pip/_internal/resolution) by extension 'ignore'
[0.987s] Level 1:colcon.colcon_core.package_identification:_identify(LCD_web/portamail_ui/venv/lib/python3.12/site-packages/pip/_internal/resolution) by extension 'ignore_ament_install'
[0.987s] Level 1:colcon.colcon_core.package_identification:_identify(LCD_web/portamail_ui/venv/lib/python3.12/site-packages/pip/_internal/resolution) by extensions ['colcon_pkg']
[0.987s] Level 1:colcon.colcon_core.package_identification:_identify(LCD_web/portamail_ui/venv/lib/python3.12/site-packages/pip/_internal/resolution) by extension 'colcon_pkg'
[0.987s] Level 1:colcon.colcon_core.package_identification:_identify(LCD_web/portamail_ui/venv/lib/python3.12/site-packages/pip/_internal/resolution) by extensions ['colcon_meta']
[0.987s] Level 1:colcon.colcon_core.package_identification:_identify(LCD_web/portamail_ui/venv/lib/python3.12/site-packages/pip/_internal/resolution) by extension 'colcon_meta'
[0.987s] Level 1:colcon.colcon_core.package_identification:_identify(LCD_web/portamail_ui/venv/lib/python3.12/site-packages/pip/_internal/resolution) by extensions ['ros']
[0.987s] Level 1:colcon.colcon_core.package_identification:_identify(LCD_web/portamail_ui/venv/lib/python3.12/site-packages/pip/_internal/resolution) by extension 'ros'
[0.988s] Level 1:colcon.colcon_core.package_identification:_identify(LCD_web/portamail_ui/venv/lib/python3.12/site-packages/pip/_internal/resolution) by extensions ['cmake', 'python']
[0.988s] Level 1:colcon.colcon_core.package_identification:_identify(LCD_web/portamail_ui/venv/lib/python3.12/site-packages/pip/_internal/resolution) by extension 'cmake'
[0.988s] Level 1:colcon.colcon_core.package_identification:_identify(LCD_web/portamail_ui/venv/lib/python3.12/site-packages/pip/_internal/resolution) by extension 'python'
[0.988s] Level 1:colcon.colcon_core.package_identification:_identify(LCD_web/portamail_ui/venv/lib/python3.12/site-packages/pip/_internal/resolution) by extensions ['python_setup_py']
[0.988s] Level 1:colcon.colcon_core.package_identification:_identify(LCD_web/portamail_ui/venv/lib/python3.12/site-packages/pip/_internal/resolution) by extension 'python_setup_py'
[0.988s] Level 1:colcon.colcon_core.package_identification:_identify(LCD_web/portamail_ui/venv/lib/python3.12/site-packages/pip/_internal/resolution/__pycache__) by extensions ['ignore', 'ignore_ament_install']
[0.988s] Level 1:colcon.colcon_core.package_identification:_identify(LCD_web/portamail_ui/venv/lib/python3.12/site-packages/pip/_internal/resolution/__pycache__) by extension 'ignore'
[0.988s] Level 1:colcon.colcon_core.package_identification:_identify(LCD_web/portamail_ui/venv/lib/python3.12/site-packages/pip/_internal/resolution/__pycache__) by extension 'ignore_ament_install'
[0.988s] Level 1:colcon.colcon_core.package_identification:_identify(LCD_web/portamail_ui/venv/lib/python3.12/site-packages/pip/_internal/resolution/__pycache__) by extensions ['colcon_pkg']
[0.988s] Level 1:colcon.colcon_core.package_identification:_identify(LCD_web/portamail_ui/venv/lib/python3.12/site-packages/pip/_internal/resolution/__pycache__) by extension 'colcon_pkg'
[0.988s] Level 1:colcon.colcon_core.package_identification:_identify(LCD_web/portamail_ui/venv/lib/python3.12/site-packages/pip/_internal/resolution/__pycache__) by extensions ['colcon_meta']
[0.989s] Level 1:colcon.colcon_core.package_identification:_identify(LCD_web/portamail_ui/venv/lib/python3.12/site-packages/pip/_internal/resolution/__pycache__) by extension 'colcon_meta'
[0.989s] Level 1:colcon.colcon_core.package_identification:_identify(LCD_web/portamail_ui/venv/lib/python3.12/site-packages/pip/_internal/resolution/__pycache__) by extensions ['ros']
[0.989s] Level 1:colcon.colcon_core.package_identification:_identify(LCD_web/portamail_ui/venv/lib/python3.12/site-packages/pip/_internal/resolution/__pycache__) by extension 'ros'
[0.989s] Level 1:colcon.colcon_core.package_identification:_identify(LCD_web/portamail_ui/venv/lib/python3.12/site-packages/pip/_internal/resolution/__pycache__) by extensions ['cmake', 'python']
[0.989s] Level 1:colcon.colcon_core.package_identification:_identify(LCD_web/portamail_ui/venv/lib/python3.12/site-packages/pip/_internal/resolution/__pycache__) by extension 'cmake'
[0.989s] Level 1:colcon.colcon_core.package_identification:_identify(LCD_web/portamail_ui/venv/lib/python3.12/site-packages/pip/_internal/resolution/__pycache__) by extension 'python'
[0.989s] Level 1:colcon.colcon_core.package_identification:_identify(LCD_web/portamail_ui/venv/lib/python3.12/site-packages/pip/_internal/resolution/__pycache__) by extensions ['python_setup_py']
[0.989s] Level 1:colcon.colcon_core.package_identification:_identify(LCD_web/portamail_ui/venv/lib/python3.12/site-packages/pip/_internal/resolution/__pycache__) by extension 'python_setup_py'
[0.990s] Level 1:colcon.colcon_core.package_identification:_identify(LCD_web/portamail_ui/venv/lib/python3.12/site-packages/pip/_internal/resolution/legacy) by extensions ['ignore', 'ignore_ament_install']
[0.990s] Level 1:colcon.colcon_core.package_identification:_identify(LCD_web/portamail_ui/venv/lib/python3.12/site-packages/pip/_internal/resolution/legacy) by extension 'ignore'
[0.990s] Level 1:colcon.colcon_core.package_identification:_identify(LCD_web/portamail_ui/venv/lib/python3.12/site-packages/pip/_internal/resolution/legacy) by extension 'ignore_ament_install'
[0.990s] Level 1:colcon.colcon_core.package_identification:_identify(LCD_web/portamail_ui/venv/lib/python3.12/site-packages/pip/_internal/resolution/legacy) by extensions ['colcon_pkg']
[0.990s] Level 1:colcon.colcon_core.package_identification:_identify(LCD_web/portamail_ui/venv/lib/python3.12/site-packages/pip/_internal/resolution/legacy) by extension 'colcon_pkg'
[0.990s] Level 1:colcon.colcon_core.package_identification:_identify(LCD_web/portamail_ui/venv/lib/python3.12/site-packages/pip/_internal/resolution/legacy) by extensions ['colcon_meta']
[0.990s] Level 1:colcon.colcon_core.package_identification:_identify(LCD_web/portamail_ui/venv/lib/python3.12/site-packages/pip/_internal/resolution/legacy) by extension 'colcon_meta'
[0.990s] Level 1:colcon.colcon_core.package_identification:_identify(LCD_web/portamail_ui/venv/lib/python3.12/site-packages/pip/_internal/resolution/legacy) by extensions ['ros']
[0.990s] Level 1:colcon.colcon_core.package_identification:_identify(LCD_web/portamail_ui/venv/lib/python3.12/site-packages/pip/_internal/resolution/legacy) by extension 'ros'
[0.991s] Level 1:colcon.colcon_core.package_identification:_identify(LCD_web/portamail_ui/venv/lib/python3.12/site-packages/pip/_internal/resolution/legacy) by extensions ['cmake', 'python']
[0.991s] Level 1:colcon.colcon_core.package_identification:_identify(LCD_web/portamail_ui/venv/lib/python3.12/site-packages/pip/_internal/resolution/legacy) by extension 'cmake'
[0.991s] Level 1:colcon.colcon_core.package_identification:_identify(LCD_web/portamail_ui/venv/lib/python3.12/site-packages/pip/_internal/resolution/legacy) by extension 'python'
[0.991s] Level 1:colcon.colcon_core.package_identification:_identify(LCD_web/portamail_ui/venv/lib/python3.12/site-packages/pip/_internal/resolution/legacy) by extensions ['python_setup_py']
[0.991s] Level 1:colcon.colcon_core.package_identification:_identify(LCD_web/portamail_ui/venv/lib/python3.12/site-packages/pip/_internal/resolution/legacy) by extension 'python_setup_py'
[0.993s] Level 1:colcon.colcon_core.package_identification:_identify(LCD_web/portamail_ui/venv/lib/python3.12/site-packages/pip/_internal/resolution/legacy/__pycache__) by extensions ['ignore', 'ignore_ament_install']
[0.993s] Level 1:colcon.colcon_core.package_identification:_identify(LCD_web/portamail_ui/venv/lib/python3.12/site-packages/pip/_internal/resolution/legacy/__pycache__) by extension 'ignore'
[0.993s] Level 1:colcon.colcon_core.package_identification:_identify(LCD_web/portamail_ui/venv/lib/python3.12/site-packages/pip/_internal/resolution/legacy/__pycache__) by extension 'ignore_ament_install'
[0.993s] Level 1:colcon.colcon_core.package_identification:_identify(LCD_web/portamail_ui/venv/lib/python3.12/site-packages/pip/_internal/resolution/legacy/__pycache__) by extensions ['colcon_pkg']
[0.993s] Level 1:colcon.colcon_core.package_identification:_identify(LCD_web/portamail_ui/venv/lib/python3.12/site-packages/pip/_internal/resolution/legacy/__pycache__) by extension 'colcon_pkg'
[0.993s] Level 1:colcon.colcon_core.package_identification:_identify(LCD_web/portamail_ui/venv/lib/python3.12/site-packages/pip/_internal/resolution/legacy/__pycache__) by extensions ['colcon_meta']
[0.993s] Level 1:colcon.colcon_core.package_identification:_identify(LCD_web/portamail_ui/venv/lib/python3.12/site-packages/pip/_internal/resolution/legacy/__pycache__) by extension 'colcon_meta'
[0.993s] Level 1:colcon.colcon_core.package_identification:_identify(LCD_web/portamail_ui/venv/lib/python3.12/site-packages/pip/_internal/resolution/legacy/__pycache__) by extensions ['ros']
[0.993s] Level 1:colcon.colcon_core.package_identification:_identify(LCD_web/portamail_ui/venv/lib/python3.12/site-packages/pip/_internal/resolution/legacy/__pycache__) by extension 'ros'
[0.993s] Level 1:colcon.colcon_core.package_identification:_identify(LCD_web/portamail_ui/venv/lib/python3.12/site-packages/pip/_internal/resolution/legacy/__pycache__) by extensions ['cmake', 'python']
[0.993s] Level 1:colcon.colcon_core.package_identification:_identify(LCD_web/portamail_ui/venv/lib/python3.12/site-packages/pip/_internal/resolution/legacy/__pycache__) by extension 'cmake'
[0.993s] Level 1:colcon.colcon_core.package_identification:_identify(LCD_web/portamail_ui/venv/lib/python3.12/site-packages/pip/_internal/resolution/legacy/__pycache__) by extension 'python'
[0.993s] Level 1:colcon.colcon_core.package_identification:_identify(LCD_web/portamail_ui/venv/lib/python3.12/site-packages/pip/_internal/resolution/legacy/__pycache__) by extensions ['python_setup_py']
[0.994s] Level 1:colcon.colcon_core.package_identification:_identify(LCD_web/portamail_ui/venv/lib/python3.12/site-packages/pip/_internal/resolution/legacy/__pycache__) by extension 'python_setup_py'
[0.994s] Level 1:colcon.colcon_core.package_identification:_identify(LCD_web/portamail_ui/venv/lib/python3.12/site-packages/pip/_internal/resolution/resolvelib) by extensions ['ignore', 'ignore_ament_install']
[0.994s] Level 1:colcon.colcon_core.package_identification:_identify(LCD_web/portamail_ui/venv/lib/python3.12/site-packages/pip/_internal/resolution/resolvelib) by extension 'ignore'
[0.994s] Level 1:colcon.colcon_core.package_identification:_identify(LCD_web/portamail_ui/venv/lib/python3.12/site-packages/pip/_internal/resolution/resolvelib) by extension 'ignore_ament_install'
[0.994s] Level 1:colcon.colcon_core.package_identification:_identify(LCD_web/portamail_ui/venv/lib/python3.12/site-packages/pip/_internal/resolution/resolvelib) by extensions ['colcon_pkg']
[0.994s] Level 1:colcon.colcon_core.package_identification:_identify(LCD_web/portamail_ui/venv/lib/python3.12/site-packages/pip/_internal/resolution/resolvelib) by extension 'colcon_pkg'
[0.994s] Level 1:colcon.colcon_core.package_identification:_identify(LCD_web/portamail_ui/venv/lib/python3.12/site-packages/pip/_internal/resolution/resolvelib) by extensions ['colcon_meta']
[0.994s] Level 1:colcon.colcon_core.package_identification:_identify(LCD_web/portamail_ui/venv/lib/python3.12/site-packages/pip/_internal/resolution/resolvelib) by extension 'colcon_meta'
[0.994s] Level 1:colcon.colcon_core.package_identification:_identify(LCD_web/portamail_ui/venv/lib/python3.12/site-packages/pip/_internal/resolution/resolvelib) by extensions ['ros']
[0.994s] Level 1:colcon.colcon_core.package_identification:_identify(LCD_web/portamail_ui/venv/lib/python3.12/site-packages/pip/_internal/resolution/resolvelib) by extension 'ros'
[0.994s] Level 1:colcon.colcon_core.package_identification:_identify(LCD_web/portamail_ui/venv/lib/python3.12/site-packages/pip/_internal/resolution/resolvelib) by extensions ['cmake', 'python']
[0.994s] Level 1:colcon.colcon_core.package_identification:_identify(LCD_web/portamail_ui/venv/lib/python3.12/site-packages/pip/_internal/resolution/resolvelib) by extension 'cmake'
[0.994s] Level 1:colcon.colcon_core.package_identification:_identify(LCD_web/portamail_ui/venv/lib/python3.12/site-packages/pip/_internal/resolution/resolvelib) by extension 'python'
[0.995s] Level 1:colcon.colcon_core.package_identification:_identify(LCD_web/portamail_ui/venv/lib/python3.12/site-packages/pip/_internal/resolution/resolvelib) by extensions ['python_setup_py']
[0.995s] Level 1:colcon.colcon_core.package_identification:_identify(LCD_web/portamail_ui/venv/lib/python3.12/site-packages/pip/_internal/resolution/resolvelib) by extension 'python_setup_py'
[0.995s] Level 1:colcon.colcon_core.package_identification:_identify(LCD_web/portamail_ui/venv/lib/python3.12/site-packages/pip/_internal/resolution/resolvelib/__pycache__) by extensions ['ignore', 'ignore_ament_install']
[0.995s] Level 1:colcon.colcon_core.package_identification:_identify(LCD_web/portamail_ui/venv/lib/python3.12/site-packages/pip/_internal/resolution/resolvelib/__pycache__) by extension 'ignore'
[0.995s] Level 1:colcon.colcon_core.package_identification:_identify(LCD_web/portamail_ui/venv/lib/python3.12/site-packages/pip/_internal/resolution/resolvelib/__pycache__) by extension 'ignore_ament_install'
[0.995s] Level 1:colcon.colcon_core.package_identification:_identify(LCD_web/portamail_ui/venv/lib/python3.12/site-packages/pip/_internal/resolution/resolvelib/__pycache__) by extensions ['colcon_pkg']
[0.995s] Level 1:colcon.colcon_core.package_identification:_identify(LCD_web/portamail_ui/venv/lib/python3.12/site-packages/pip/_internal/resolution/resolvelib/__pycache__) by extension 'colcon_pkg'
[0.995s] Level 1:colcon.colcon_core.package_identification:_identify(LCD_web/portamail_ui/venv/lib/python3.12/site-packages/pip/_internal/resolution/resolvelib/__pycache__) by extensions ['colcon_meta']
[0.995s] Level 1:colcon.colcon_core.package_identification:_identify(LCD_web/portamail_ui/venv/lib/python3.12/site-packages/pip/_internal/resolution/resolvelib/__pycache__) by extension 'colcon_meta'
[0.995s] Level 1:colcon.colcon_core.package_identification:_identify(LCD_web/portamail_ui/venv/lib/python3.12/site-packages/pip/_internal/resolution/resolvelib/__pycache__) by extensions ['ros']
[0.995s] Level 1:colcon.colcon_core.package_identification:_identify(LCD_web/portamail_ui/venv/lib/python3.12/site-packages/pip/_internal/resolution/resolvelib/__pycache__) by extension 'ros'
[0.995s] Level 1:colcon.colcon_core.package_identification:_identify(LCD_web/portamail_ui/venv/lib/python3.12/site-packages/pip/_internal/resolution/resolvelib/__pycache__) by extensions ['cmake', 'python']
[0.995s] Level 1:colcon.colcon_core.package_identification:_identify(LCD_web/portamail_ui/venv/lib/python3.12/site-packages/pip/_internal/resolution/resolvelib/__pycache__) by extension 'cmake'
[0.995s] Level 1:colcon.colcon_core.package_identification:_identify(LCD_web/portamail_ui/venv/lib/python3.12/site-packages/pip/_internal/resolution/resolvelib/__pycache__) by extension 'python'
[0.996s] Level 1:colcon.colcon_core.package_identification:_identify(LCD_web/portamail_ui/venv/lib/python3.12/site-packages/pip/_internal/resolution/resolvelib/__pycache__) by extensions ['python_setup_py']
[0.996s] Level 1:colcon.colcon_core.package_identification:_identify(LCD_web/portamail_ui/venv/lib/python3.12/site-packages/pip/_internal/resolution/resolvelib/__pycache__) by extension 'python_setup_py'
[0.996s] Level 1:colcon.colcon_core.package_identification:_identify(LCD_web/portamail_ui/venv/lib/python3.12/site-packages/pip/_internal/utils) by extensions ['ignore', 'ignore_ament_install']
[0.996s] Level 1:colcon.colcon_core.package_identification:_identify(LCD_web/portamail_ui/venv/lib/python3.12/site-packages/pip/_internal/utils) by extension 'ignore'
[0.996s] Level 1:colcon.colcon_core.package_identification:_identify(LCD_web/portamail_ui/venv/lib/python3.12/site-packages/pip/_internal/utils) by extension 'ignore_ament_install'
[0.996s] Level 1:colcon.colcon_core.package_identification:_identify(LCD_web/portamail_ui/venv/lib/python3.12/site-packages/pip/_internal/utils) by extensions ['colcon_pkg']
[0.996s] Level 1:colcon.colcon_core.package_identification:_identify(LCD_web/portamail_ui/venv/lib/python3.12/site-packages/pip/_internal/utils) by extension 'colcon_pkg'
[0.996s] Level 1:colcon.colcon_core.package_identification:_identify(LCD_web/portamail_ui/venv/lib/python3.12/site-packages/pip/_internal/utils) by extensions ['colcon_meta']
[0.996s] Level 1:colcon.colcon_core.package_identification:_identify(LCD_web/portamail_ui/venv/lib/python3.12/site-packages/pip/_internal/utils) by extension 'colcon_meta'
[0.996s] Level 1:colcon.colcon_core.package_identification:_identify(LCD_web/portamail_ui/venv/lib/python3.12/site-packages/pip/_internal/utils) by extensions ['ros']
[0.996s] Level 1:colcon.colcon_core.package_identification:_identify(LCD_web/portamail_ui/venv/lib/python3.12/site-packages/pip/_internal/utils) by extension 'ros'
[0.996s] Level 1:colcon.colcon_core.package_identification:_identify(LCD_web/portamail_ui/venv/lib/python3.12/site-packages/pip/_internal/utils) by extensions ['cmake', 'python']
[0.996s] Level 1:colcon.colcon_core.package_identification:_identify(LCD_web/portamail_ui/venv/lib/python3.12/site-packages/pip/_internal/utils) by extension 'cmake'
[0.996s] Level 1:colcon.colcon_core.package_identification:_identify(LCD_web/portamail_ui/venv/lib/python3.12/site-packages/pip/_internal/utils) by extension 'python'
[0.997s] Level 1:colcon.colcon_core.package_identification:_identify(LCD_web/portamail_ui/venv/lib/python3.12/site-packages/pip/_internal/utils) by extensions ['python_setup_py']
[0.997s] Level 1:colcon.colcon_core.package_identification:_identify(LCD_web/portamail_ui/venv/lib/python3.12/site-packages/pip/_internal/utils) by extension 'python_setup_py'
[0.997s] Level 1:colcon.colcon_core.package_identification:_identify(LCD_web/portamail_ui/venv/lib/python3.12/site-packages/pip/_internal/utils/__pycache__) by extensions ['ignore', 'ignore_ament_install']
[0.997s] Level 1:colcon.colcon_core.package_identification:_identify(LCD_web/portamail_ui/venv/lib/python3.12/site-packages/pip/_internal/utils/__pycache__) by extension 'ignore'
[0.997s] Level 1:colcon.colcon_core.package_identification:_identify(LCD_web/portamail_ui/venv/lib/python3.12/site-packages/pip/_internal/utils/__pycache__) by extension 'ignore_ament_install'
[0.997s] Level 1:colcon.colcon_core.package_identification:_identify(LCD_web/portamail_ui/venv/lib/python3.12/site-packages/pip/_internal/utils/__pycache__) by extensions ['colcon_pkg']
[0.997s] Level 1:colcon.colcon_core.package_identification:_identify(LCD_web/portamail_ui/venv/lib/python3.12/site-packages/pip/_internal/utils/__pycache__) by extension 'colcon_pkg'
[0.997s] Level 1:colcon.colcon_core.package_identification:_identify(LCD_web/portamail_ui/venv/lib/python3.12/site-packages/pip/_internal/utils/__pycache__) by extensions ['colcon_meta']
[0.997s] Level 1:colcon.colcon_core.package_identification:_identify(LCD_web/portamail_ui/venv/lib/python3.12/site-packages/pip/_internal/utils/__pycache__) by extension 'colcon_meta'
[0.997s] Level 1:colcon.colcon_core.package_identification:_identify(LCD_web/portamail_ui/venv/lib/python3.12/site-packages/pip/_internal/utils/__pycache__) by extensions ['ros']
[0.997s] Level 1:colcon.colcon_core.package_identification:_identify(LCD_web/portamail_ui/venv/lib/python3.12/site-packages/pip/_internal/utils/__pycache__) by extension 'ros'
[0.997s] Level 1:colcon.colcon_core.package_identification:_identify(LCD_web/portamail_ui/venv/lib/python3.12/site-packages/pip/_internal/utils/__pycache__) by extensions ['cmake', 'python']
[0.997s] Level 1:colcon.colcon_core.package_identification:_identify(LCD_web/portamail_ui/venv/lib/python3.12/site-packages/pip/_internal/utils/__pycache__) by extension 'cmake'
[0.997s] Level 1:colcon.colcon_core.package_identification:_identify(LCD_web/portamail_ui/venv/lib/python3.12/site-packages/pip/_internal/utils/__pycache__) by extension 'python'
[0.998s] Level 1:colcon.colcon_core.package_identification:_identify(LCD_web/portamail_ui/venv/lib/python3.12/site-packages/pip/_internal/utils/__pycache__) by extensions ['python_setup_py']
[0.998s] Level 1:colcon.colcon_core.package_identification:_identify(LCD_web/portamail_ui/venv/lib/python3.12/site-packages/pip/_internal/utils/__pycache__) by extension 'python_setup_py'
[0.998s] Level 1:colcon.colcon_core.package_identification:_identify(LCD_web/portamail_ui/venv/lib/python3.12/site-packages/pip/_internal/vcs) by extensions ['ignore', 'ignore_ament_install']
[0.998s] Level 1:colcon.colcon_core.package_identification:_identify(LCD_web/portamail_ui/venv/lib/python3.12/site-packages/pip/_internal/vcs) by extension 'ignore'
[0.998s] Level 1:colcon.colcon_core.package_identification:_identify(LCD_web/portamail_ui/venv/lib/python3.12/site-packages/pip/_internal/vcs) by extension 'ignore_ament_install'
[0.998s] Level 1:colcon.colcon_core.package_identification:_identify(LCD_web/portamail_ui/venv/lib/python3.12/site-packages/pip/_internal/vcs) by extensions ['colcon_pkg']
[0.998s] Level 1:colcon.colcon_core.package_identification:_identify(LCD_web/portamail_ui/venv/lib/python3.12/site-packages/pip/_internal/vcs) by extension 'colcon_pkg'
[0.998s] Level 1:colcon.colcon_core.package_identification:_identify(LCD_web/portamail_ui/venv/lib/python3.12/site-packages/pip/_internal/vcs) by extensions ['colcon_meta']
[0.998s] Level 1:colcon.colcon_core.package_identification:_identify(LCD_web/portamail_ui/venv/lib/python3.12/site-packages/pip/_internal/vcs) by extension 'colcon_meta'
[0.998s] Level 1:colcon.colcon_core.package_identification:_identify(LCD_web/portamail_ui/venv/lib/python3.12/site-packages/pip/_internal/vcs) by extensions ['ros']
[0.998s] Level 1:colcon.colcon_core.package_identification:_identify(LCD_web/portamail_ui/venv/lib/python3.12/site-packages/pip/_internal/vcs) by extension 'ros'
[0.998s] Level 1:colcon.colcon_core.package_identification:_identify(LCD_web/portamail_ui/venv/lib/python3.12/site-packages/pip/_internal/vcs) by extensions ['cmake', 'python']
[0.998s] Level 1:colcon.colcon_core.package_identification:_identify(LCD_web/portamail_ui/venv/lib/python3.12/site-packages/pip/_internal/vcs) by extension 'cmake'
[0.998s] Level 1:colcon.colcon_core.package_identification:_identify(LCD_web/portamail_ui/venv/lib/python3.12/site-packages/pip/_internal/vcs) by extension 'python'
[0.998s] Level 1:colcon.colcon_core.package_identification:_identify(LCD_web/portamail_ui/venv/lib/python3.12/site-packages/pip/_internal/vcs) by extensions ['python_setup_py']
[0.998s] Level 1:colcon.colcon_core.package_identification:_identify(LCD_web/portamail_ui/venv/lib/python3.12/site-packages/pip/_internal/vcs) by extension 'python_setup_py'
[0.999s] Level 1:colcon.colcon_core.package_identification:_identify(LCD_web/portamail_ui/venv/lib/python3.12/site-packages/pip/_internal/vcs/__pycache__) by extensions ['ignore', 'ignore_ament_install']
[0.999s] Level 1:colcon.colcon_core.package_identification:_identify(LCD_web/portamail_ui/venv/lib/python3.12/site-packages/pip/_internal/vcs/__pycache__) by extension 'ignore'
[0.999s] Level 1:colcon.colcon_core.package_identification:_identify(LCD_web/portamail_ui/venv/lib/python3.12/site-packages/pip/_internal/vcs/__pycache__) by extension 'ignore_ament_install'
[0.999s] Level 1:colcon.colcon_core.package_identification:_identify(LCD_web/portamail_ui/venv/lib/python3.12/site-packages/pip/_internal/vcs/__pycache__) by extensions ['colcon_pkg']
[0.999s] Level 1:colcon.colcon_core.package_identification:_identify(LCD_web/portamail_ui/venv/lib/python3.12/site-packages/pip/_internal/vcs/__pycache__) by extension 'colcon_pkg'
[0.999s] Level 1:colcon.colcon_core.package_identification:_identify(LCD_web/portamail_ui/venv/lib/python3.12/site-packages/pip/_internal/vcs/__pycache__) by extensions ['colcon_meta']
[0.999s] Level 1:colcon.colcon_core.package_identification:_identify(LCD_web/portamail_ui/venv/lib/python3.12/site-packages/pip/_internal/vcs/__pycache__) by extension 'colcon_meta'
[0.999s] Level 1:colcon.colcon_core.package_identification:_identify(LCD_web/portamail_ui/venv/lib/python3.12/site-packages/pip/_internal/vcs/__pycache__) by extensions ['ros']
[0.999s] Level 1:colcon.colcon_core.package_identification:_identify(LCD_web/portamail_ui/venv/lib/python3.12/site-packages/pip/_internal/vcs/__pycache__) by extension 'ros'
[0.999s] Level 1:colcon.colcon_core.package_identification:_identify(LCD_web/portamail_ui/venv/lib/python3.12/site-packages/pip/_internal/vcs/__pycache__) by extensions ['cmake', 'python']
[0.999s] Level 1:colcon.colcon_core.package_identification:_identify(LCD_web/portamail_ui/venv/lib/python3.12/site-packages/pip/_internal/vcs/__pycache__) by extension 'cmake'
[0.999s] Level 1:colcon.colcon_core.package_identification:_identify(LCD_web/portamail_ui/venv/lib/python3.12/site-packages/pip/_internal/vcs/__pycache__) by extension 'python'
[0.999s] Level 1:colcon.colcon_core.package_identification:_identify(LCD_web/portamail_ui/venv/lib/python3.12/site-packages/pip/_internal/vcs/__pycache__) by extensions ['python_setup_py']
[0.999s] Level 1:colcon.colcon_core.package_identification:_identify(LCD_web/portamail_ui/venv/lib/python3.12/site-packages/pip/_internal/vcs/__pycache__) by extension 'python_setup_py'
[1.000s] Level 1:colcon.colcon_core.package_identification:_identify(LCD_web/portamail_ui/venv/lib/python3.12/site-packages/pip/_vendor) by extensions ['ignore', 'ignore_ament_install']
[1.000s] Level 1:colcon.colcon_core.package_identification:_identify(LCD_web/portamail_ui/venv/lib/python3.12/site-packages/pip/_vendor) by extension 'ignore'
[1.000s] Level 1:colcon.colcon_core.package_identification:_identify(LCD_web/portamail_ui/venv/lib/python3.12/site-packages/pip/_vendor) by extension 'ignore_ament_install'
[1.000s] Level 1:colcon.colcon_core.package_identification:_identify(LCD_web/portamail_ui/venv/lib/python3.12/site-packages/pip/_vendor) by extensions ['colcon_pkg']
[1.000s] Level 1:colcon.colcon_core.package_identification:_identify(LCD_web/portamail_ui/venv/lib/python3.12/site-packages/pip/_vendor) by extension 'colcon_pkg'
[1.000s] Level 1:colcon.colcon_core.package_identification:_identify(LCD_web/portamail_ui/venv/lib/python3.12/site-packages/pip/_vendor) by extensions ['colcon_meta']
[1.000s] Level 1:colcon.colcon_core.package_identification:_identify(LCD_web/portamail_ui/venv/lib/python3.12/site-packages/pip/_vendor) by extension 'colcon_meta'
[1.000s] Level 1:colcon.colcon_core.package_identification:_identify(LCD_web/portamail_ui/venv/lib/python3.12/site-packages/pip/_vendor) by extensions ['ros']
[1.000s] Level 1:colcon.colcon_core.package_identification:_identify(LCD_web/portamail_ui/venv/lib/python3.12/site-packages/pip/_vendor) by extension 'ros'
[1.000s] Level 1:colcon.colcon_core.package_identification:_identify(LCD_web/portamail_ui/venv/lib/python3.12/site-packages/pip/_vendor) by extensions ['cmake', 'python']
[1.000s] Level 1:colcon.colcon_core.package_identification:_identify(LCD_web/portamail_ui/venv/lib/python3.12/site-packages/pip/_vendor) by extension 'cmake'
[1.000s] Level 1:colcon.colcon_core.package_identification:_identify(LCD_web/portamail_ui/venv/lib/python3.12/site-packages/pip/_vendor) by extension 'python'
[1.000s] Level 1:colcon.colcon_core.package_identification:_identify(LCD_web/portamail_ui/venv/lib/python3.12/site-packages/pip/_vendor) by extensions ['python_setup_py']
[1.000s] Level 1:colcon.colcon_core.package_identification:_identify(LCD_web/portamail_ui/venv/lib/python3.12/site-packages/pip/_vendor) by extension 'python_setup_py'
[1.000s] Level 1:colcon.colcon_core.package_identification:_identify(LCD_web/portamail_ui/venv/lib/python3.12/site-packages/pip/_vendor/__pycache__) by extensions ['ignore', 'ignore_ament_install']
[1.001s] Level 1:colcon.colcon_core.package_identification:_identify(LCD_web/portamail_ui/venv/lib/python3.12/site-packages/pip/_vendor/__pycache__) by extension 'ignore'
[1.001s] Level 1:colcon.colcon_core.package_identification:_identify(LCD_web/portamail_ui/venv/lib/python3.12/site-packages/pip/_vendor/__pycache__) by extension 'ignore_ament_install'
[1.001s] Level 1:colcon.colcon_core.package_identification:_identify(LCD_web/portamail_ui/venv/lib/python3.12/site-packages/pip/_vendor/__pycache__) by extensions ['colcon_pkg']
[1.001s] Level 1:colcon.colcon_core.package_identification:_identify(LCD_web/portamail_ui/venv/lib/python3.12/site-packages/pip/_vendor/__pycache__) by extension 'colcon_pkg'
[1.001s] Level 1:colcon.colcon_core.package_identification:_identify(LCD_web/portamail_ui/venv/lib/python3.12/site-packages/pip/_vendor/__pycache__) by extensions ['colcon_meta']
[1.001s] Level 1:colcon.colcon_core.package_identification:_identify(LCD_web/portamail_ui/venv/lib/python3.12/site-packages/pip/_vendor/__pycache__) by extension 'colcon_meta'
[1.001s] Level 1:colcon.colcon_core.package_identification:_identify(LCD_web/portamail_ui/venv/lib/python3.12/site-packages/pip/_vendor/__pycache__) by extensions ['ros']
[1.001s] Level 1:colcon.colcon_core.package_identification:_identify(LCD_web/portamail_ui/venv/lib/python3.12/site-packages/pip/_vendor/__pycache__) by extension 'ros'
[1.001s] Level 1:colcon.colcon_core.package_identification:_identify(LCD_web/portamail_ui/venv/lib/python3.12/site-packages/pip/_vendor/__pycache__) by extensions ['cmake', 'python']
[1.001s] Level 1:colcon.colcon_core.package_identification:_identify(LCD_web/portamail_ui/venv/lib/python3.12/site-packages/pip/_vendor/__pycache__) by extension 'cmake'
[1.001s] Level 1:colcon.colcon_core.package_identification:_identify(LCD_web/portamail_ui/venv/lib/python3.12/site-packages/pip/_vendor/__pycache__) by extension 'python'
[1.001s] Level 1:colcon.colcon_core.package_identification:_identify(LCD_web/portamail_ui/venv/lib/python3.12/site-packages/pip/_vendor/__pycache__) by extensions ['python_setup_py']
[1.001s] Level 1:colcon.colcon_core.package_identification:_identify(LCD_web/portamail_ui/venv/lib/python3.12/site-packages/pip/_vendor/__pycache__) by extension 'python_setup_py'
[1.001s] Level 1:colcon.colcon_core.package_identification:_identify(LCD_web/portamail_ui/venv/lib/python3.12/site-packages/pip/_vendor/cachecontrol) by extensions ['ignore', 'ignore_ament_install']
[1.001s] Level 1:colcon.colcon_core.package_identification:_identify(LCD_web/portamail_ui/venv/lib/python3.12/site-packages/pip/_vendor/cachecontrol) by extension 'ignore'
[1.002s] Level 1:colcon.colcon_core.package_identification:_identify(LCD_web/portamail_ui/venv/lib/python3.12/site-packages/pip/_vendor/cachecontrol) by extension 'ignore_ament_install'
[1.002s] Level 1:colcon.colcon_core.package_identification:_identify(LCD_web/portamail_ui/venv/lib/python3.12/site-packages/pip/_vendor/cachecontrol) by extensions ['colcon_pkg']
[1.002s] Level 1:colcon.colcon_core.package_identification:_identify(LCD_web/portamail_ui/venv/lib/python3.12/site-packages/pip/_vendor/cachecontrol) by extension 'colcon_pkg'
[1.002s] Level 1:colcon.colcon_core.package_identification:_identify(LCD_web/portamail_ui/venv/lib/python3.12/site-packages/pip/_vendor/cachecontrol) by extensions ['colcon_meta']
[1.002s] Level 1:colcon.colcon_core.package_identification:_identify(LCD_web/portamail_ui/venv/lib/python3.12/site-packages/pip/_vendor/cachecontrol) by extension 'colcon_meta'
[1.002s] Level 1:colcon.colcon_core.package_identification:_identify(LCD_web/portamail_ui/venv/lib/python3.12/site-packages/pip/_vendor/cachecontrol) by extensions ['ros']
[1.002s] Level 1:colcon.colcon_core.package_identification:_identify(LCD_web/portamail_ui/venv/lib/python3.12/site-packages/pip/_vendor/cachecontrol) by extension 'ros'
[1.002s] Level 1:colcon.colcon_core.package_identification:_identify(LCD_web/portamail_ui/venv/lib/python3.12/site-packages/pip/_vendor/cachecontrol) by extensions ['cmake', 'python']
[1.002s] Level 1:colcon.colcon_core.package_identification:_identify(LCD_web/portamail_ui/venv/lib/python3.12/site-packages/pip/_vendor/cachecontrol) by extension 'cmake'
[1.002s] Level 1:colcon.colcon_core.package_identification:_identify(LCD_web/portamail_ui/venv/lib/python3.12/site-packages/pip/_vendor/cachecontrol) by extension 'python'
[1.002s] Level 1:colcon.colcon_core.package_identification:_identify(LCD_web/portamail_ui/venv/lib/python3.12/site-packages/pip/_vendor/cachecontrol) by extensions ['python_setup_py']
[1.002s] Level 1:colcon.colcon_core.package_identification:_identify(LCD_web/portamail_ui/venv/lib/python3.12/site-packages/pip/_vendor/cachecontrol) by extension 'python_setup_py'
[1.002s] Level 1:colcon.colcon_core.package_identification:_identify(LCD_web/portamail_ui/venv/lib/python3.12/site-packages/pip/_vendor/cachecontrol/__pycache__) by extensions ['ignore', 'ignore_ament_install']
[1.002s] Level 1:colcon.colcon_core.package_identification:_identify(LCD_web/portamail_ui/venv/lib/python3.12/site-packages/pip/_vendor/cachecontrol/__pycache__) by extension 'ignore'
[1.002s] Level 1:colcon.colcon_core.package_identification:_identify(LCD_web/portamail_ui/venv/lib/python3.12/site-packages/pip/_vendor/cachecontrol/__pycache__) by extension 'ignore_ament_install'
[1.003s] Level 1:colcon.colcon_core.package_identification:_identify(LCD_web/portamail_ui/venv/lib/python3.12/site-packages/pip/_vendor/cachecontrol/__pycache__) by extensions ['colcon_pkg']
[1.003s] Level 1:colcon.colcon_core.package_identification:_identify(LCD_web/portamail_ui/venv/lib/python3.12/site-packages/pip/_vendor/cachecontrol/__pycache__) by extension 'colcon_pkg'
[1.003s] Level 1:colcon.colcon_core.package_identification:_identify(LCD_web/portamail_ui/venv/lib/python3.12/site-packages/pip/_vendor/cachecontrol/__pycache__) by extensions ['colcon_meta']
[1.003s] Level 1:colcon.colcon_core.package_identification:_identify(LCD_web/portamail_ui/venv/lib/python3.12/site-packages/pip/_vendor/cachecontrol/__pycache__) by extension 'colcon_meta'
[1.003s] Level 1:colcon.colcon_core.package_identification:_identify(LCD_web/portamail_ui/venv/lib/python3.12/site-packages/pip/_vendor/cachecontrol/__pycache__) by extensions ['ros']
[1.003s] Level 1:colcon.colcon_core.package_identification:_identify(LCD_web/portamail_ui/venv/lib/python3.12/site-packages/pip/_vendor/cachecontrol/__pycache__) by extension 'ros'
[1.003s] Level 1:colcon.colcon_core.package_identification:_identify(LCD_web/portamail_ui/venv/lib/python3.12/site-packages/pip/_vendor/cachecontrol/__pycache__) by extensions ['cmake', 'python']
[1.003s] Level 1:colcon.colcon_core.package_identification:_identify(LCD_web/portamail_ui/venv/lib/python3.12/site-packages/pip/_vendor/cachecontrol/__pycache__) by extension 'cmake'
[1.003s] Level 1:colcon.colcon_core.package_identification:_identify(LCD_web/portamail_ui/venv/lib/python3.12/site-packages/pip/_vendor/cachecontrol/__pycache__) by extension 'python'
[1.003s] Level 1:colcon.colcon_core.package_identification:_identify(LCD_web/portamail_ui/venv/lib/python3.12/site-packages/pip/_vendor/cachecontrol/__pycache__) by extensions ['python_setup_py']
[1.003s] Level 1:colcon.colcon_core.package_identification:_identify(LCD_web/portamail_ui/venv/lib/python3.12/site-packages/pip/_vendor/cachecontrol/__pycache__) by extension 'python_setup_py'
[1.003s] Level 1:colcon.colcon_core.package_identification:_identify(LCD_web/portamail_ui/venv/lib/python3.12/site-packages/pip/_vendor/cachecontrol/caches) by extensions ['ignore', 'ignore_ament_install']
[1.003s] Level 1:colcon.colcon_core.package_identification:_identify(LCD_web/portamail_ui/venv/lib/python3.12/site-packages/pip/_vendor/cachecontrol/caches) by extension 'ignore'
[1.004s] Level 1:colcon.colcon_core.package_identification:_identify(LCD_web/portamail_ui/venv/lib/python3.12/site-packages/pip/_vendor/cachecontrol/caches) by extension 'ignore_ament_install'
[1.004s] Level 1:colcon.colcon_core.package_identification:_identify(LCD_web/portamail_ui/venv/lib/python3.12/site-packages/pip/_vendor/cachecontrol/caches) by extensions ['colcon_pkg']
[1.004s] Level 1:colcon.colcon_core.package_identification:_identify(LCD_web/portamail_ui/venv/lib/python3.12/site-packages/pip/_vendor/cachecontrol/caches) by extension 'colcon_pkg'
[1.004s] Level 1:colcon.colcon_core.package_identification:_identify(LCD_web/portamail_ui/venv/lib/python3.12/site-packages/pip/_vendor/cachecontrol/caches) by extensions ['colcon_meta']
[1.004s] Level 1:colcon.colcon_core.package_identification:_identify(LCD_web/portamail_ui/venv/lib/python3.12/site-packages/pip/_vendor/cachecontrol/caches) by extension 'colcon_meta'
[1.004s] Level 1:colcon.colcon_core.package_identification:_identify(LCD_web/portamail_ui/venv/lib/python3.12/site-packages/pip/_vendor/cachecontrol/caches) by extensions ['ros']
[1.004s] Level 1:colcon.colcon_core.package_identification:_identify(LCD_web/portamail_ui/venv/lib/python3.12/site-packages/pip/_vendor/cachecontrol/caches) by extension 'ros'
[1.004s] Level 1:colcon.colcon_core.package_identification:_identify(LCD_web/portamail_ui/venv/lib/python3.12/site-packages/pip/_vendor/cachecontrol/caches) by extensions ['cmake', 'python']
[1.004s] Level 1:colcon.colcon_core.package_identification:_identify(LCD_web/portamail_ui/venv/lib/python3.12/site-packages/pip/_vendor/cachecontrol/caches) by extension 'cmake'
[1.004s] Level 1:colcon.colcon_core.package_identification:_identify(LCD_web/portamail_ui/venv/lib/python3.12/site-packages/pip/_vendor/cachecontrol/caches) by extension 'python'
[1.004s] Level 1:colcon.colcon_core.package_identification:_identify(LCD_web/portamail_ui/venv/lib/python3.12/site-packages/pip/_vendor/cachecontrol/caches) by extensions ['python_setup_py']
[1.004s] Level 1:colcon.colcon_core.package_identification:_identify(LCD_web/portamail_ui/venv/lib/python3.12/site-packages/pip/_vendor/cachecontrol/caches) by extension 'python_setup_py'
[1.004s] Level 1:colcon.colcon_core.package_identification:_identify(LCD_web/portamail_ui/venv/lib/python3.12/site-packages/pip/_vendor/cachecontrol/caches/__pycache__) by extensions ['ignore', 'ignore_ament_install']
[1.004s] Level 1:colcon.colcon_core.package_identification:_identify(LCD_web/portamail_ui/venv/lib/python3.12/site-packages/pip/_vendor/cachecontrol/caches/__pycache__) by extension 'ignore'
[1.005s] Level 1:colcon.colcon_core.package_identification:_identify(LCD_web/portamail_ui/venv/lib/python3.12/site-packages/pip/_vendor/cachecontrol/caches/__pycache__) by extension 'ignore_ament_install'
[1.005s] Level 1:colcon.colcon_core.package_identification:_identify(LCD_web/portamail_ui/venv/lib/python3.12/site-packages/pip/_vendor/cachecontrol/caches/__pycache__) by extensions ['colcon_pkg']
[1.005s] Level 1:colcon.colcon_core.package_identification:_identify(LCD_web/portamail_ui/venv/lib/python3.12/site-packages/pip/_vendor/cachecontrol/caches/__pycache__) by extension 'colcon_pkg'
[1.005s] Level 1:colcon.colcon_core.package_identification:_identify(LCD_web/portamail_ui/venv/lib/python3.12/site-packages/pip/_vendor/cachecontrol/caches/__pycache__) by extensions ['colcon_meta']
[1.005s] Level 1:colcon.colcon_core.package_identification:_identify(LCD_web/portamail_ui/venv/lib/python3.12/site-packages/pip/_vendor/cachecontrol/caches/__pycache__) by extension 'colcon_meta'
[1.005s] Level 1:colcon.colcon_core.package_identification:_identify(LCD_web/portamail_ui/venv/lib/python3.12/site-packages/pip/_vendor/cachecontrol/caches/__pycache__) by extensions ['ros']
[1.005s] Level 1:colcon.colcon_core.package_identification:_identify(LCD_web/portamail_ui/venv/lib/python3.12/site-packages/pip/_vendor/cachecontrol/caches/__pycache__) by extension 'ros'
[1.005s] Level 1:colcon.colcon_core.package_identification:_identify(LCD_web/portamail_ui/venv/lib/python3.12/site-packages/pip/_vendor/cachecontrol/caches/__pycache__) by extensions ['cmake', 'python']
[1.005s] Level 1:colcon.colcon_core.package_identification:_identify(LCD_web/portamail_ui/venv/lib/python3.12/site-packages/pip/_vendor/cachecontrol/caches/__pycache__) by extension 'cmake'
[1.005s] Level 1:colcon.colcon_core.package_identification:_identify(LCD_web/portamail_ui/venv/lib/python3.12/site-packages/pip/_vendor/cachecontrol/caches/__pycache__) by extension 'python'
[1.005s] Level 1:colcon.colcon_core.package_identification:_identify(LCD_web/portamail_ui/venv/lib/python3.12/site-packages/pip/_vendor/cachecontrol/caches/__pycache__) by extensions ['python_setup_py']
[1.005s] Level 1:colcon.colcon_core.package_identification:_identify(LCD_web/portamail_ui/venv/lib/python3.12/site-packages/pip/_vendor/cachecontrol/caches/__pycache__) by extension 'python_setup_py'
[1.005s] Level 1:colcon.colcon_core.package_identification:_identify(LCD_web/portamail_ui/venv/lib/python3.12/site-packages/pip/_vendor/certifi) by extensions ['ignore', 'ignore_ament_install']
[1.005s] Level 1:colcon.colcon_core.package_identification:_identify(LCD_web/portamail_ui/venv/lib/python3.12/site-packages/pip/_vendor/certifi) by extension 'ignore'
[1.006s] Level 1:colcon.colcon_core.package_identification:_identify(LCD_web/portamail_ui/venv/lib/python3.12/site-packages/pip/_vendor/certifi) by extension 'ignore_ament_install'
[1.006s] Level 1:colcon.colcon_core.package_identification:_identify(LCD_web/portamail_ui/venv/lib/python3.12/site-packages/pip/_vendor/certifi) by extensions ['colcon_pkg']
[1.006s] Level 1:colcon.colcon_core.package_identification:_identify(LCD_web/portamail_ui/venv/lib/python3.12/site-packages/pip/_vendor/certifi) by extension 'colcon_pkg'
[1.006s] Level 1:colcon.colcon_core.package_identification:_identify(LCD_web/portamail_ui/venv/lib/python3.12/site-packages/pip/_vendor/certifi) by extensions ['colcon_meta']
[1.006s] Level 1:colcon.colcon_core.package_identification:_identify(LCD_web/portamail_ui/venv/lib/python3.12/site-packages/pip/_vendor/certifi) by extension 'colcon_meta'
[1.006s] Level 1:colcon.colcon_core.package_identification:_identify(LCD_web/portamail_ui/venv/lib/python3.12/site-packages/pip/_vendor/certifi) by extensions ['ros']
[1.006s] Level 1:colcon.colcon_core.package_identification:_identify(LCD_web/portamail_ui/venv/lib/python3.12/site-packages/pip/_vendor/certifi) by extension 'ros'
[1.006s] Level 1:colcon.colcon_core.package_identification:_identify(LCD_web/portamail_ui/venv/lib/python3.12/site-packages/pip/_vendor/certifi) by extensions ['cmake', 'python']
[1.006s] Level 1:colcon.colcon_core.package_identification:_identify(LCD_web/portamail_ui/venv/lib/python3.12/site-packages/pip/_vendor/certifi) by extension 'cmake'
[1.006s] Level 1:colcon.colcon_core.package_identification:_identify(LCD_web/portamail_ui/venv/lib/python3.12/site-packages/pip/_vendor/certifi) by extension 'python'
[1.006s] Level 1:colcon.colcon_core.package_identification:_identify(LCD_web/portamail_ui/venv/lib/python3.12/site-packages/pip/_vendor/certifi) by extensions ['python_setup_py']
[1.006s] Level 1:colcon.colcon_core.package_identification:_identify(LCD_web/portamail_ui/venv/lib/python3.12/site-packages/pip/_vendor/certifi) by extension 'python_setup_py'
[1.006s] Level 1:colcon.colcon_core.package_identification:_identify(LCD_web/portamail_ui/venv/lib/python3.12/site-packages/pip/_vendor/certifi/__pycache__) by extensions ['ignore', 'ignore_ament_install']
[1.006s] Level 1:colcon.colcon_core.package_identification:_identify(LCD_web/portamail_ui/venv/lib/python3.12/site-packages/pip/_vendor/certifi/__pycache__) by extension 'ignore'
[1.006s] Level 1:colcon.colcon_core.package_identification:_identify(LCD_web/portamail_ui/venv/lib/python3.12/site-packages/pip/_vendor/certifi/__pycache__) by extension 'ignore_ament_install'
[1.007s] Level 1:colcon.colcon_core.package_identification:_identify(LCD_web/portamail_ui/venv/lib/python3.12/site-packages/pip/_vendor/certifi/__pycache__) by extensions ['colcon_pkg']
[1.007s] Level 1:colcon.colcon_core.package_identification:_identify(LCD_web/portamail_ui/venv/lib/python3.12/site-packages/pip/_vendor/certifi/__pycache__) by extension 'colcon_pkg'
[1.007s] Level 1:colcon.colcon_core.package_identification:_identify(LCD_web/portamail_ui/venv/lib/python3.12/site-packages/pip/_vendor/certifi/__pycache__) by extensions ['colcon_meta']
[1.007s] Level 1:colcon.colcon_core.package_identification:_identify(LCD_web/portamail_ui/venv/lib/python3.12/site-packages/pip/_vendor/certifi/__pycache__) by extension 'colcon_meta'
[1.007s] Level 1:colcon.colcon_core.package_identification:_identify(LCD_web/portamail_ui/venv/lib/python3.12/site-packages/pip/_vendor/certifi/__pycache__) by extensions ['ros']
[1.007s] Level 1:colcon.colcon_core.package_identification:_identify(LCD_web/portamail_ui/venv/lib/python3.12/site-packages/pip/_vendor/certifi/__pycache__) by extension 'ros'
[1.007s] Level 1:colcon.colcon_core.package_identification:_identify(LCD_web/portamail_ui/venv/lib/python3.12/site-packages/pip/_vendor/certifi/__pycache__) by extensions ['cmake', 'python']
[1.007s] Level 1:colcon.colcon_core.package_identification:_identify(LCD_web/portamail_ui/venv/lib/python3.12/site-packages/pip/_vendor/certifi/__pycache__) by extension 'cmake'
[1.007s] Level 1:colcon.colcon_core.package_identification:_identify(LCD_web/portamail_ui/venv/lib/python3.12/site-packages/pip/_vendor/certifi/__pycache__) by extension 'python'
[1.007s] Level 1:colcon.colcon_core.package_identification:_identify(LCD_web/portamail_ui/venv/lib/python3.12/site-packages/pip/_vendor/certifi/__pycache__) by extensions ['python_setup_py']
[1.007s] Level 1:colcon.colcon_core.package_identification:_identify(LCD_web/portamail_ui/venv/lib/python3.12/site-packages/pip/_vendor/certifi/__pycache__) by extension 'python_setup_py'
[1.007s] Level 1:colcon.colcon_core.package_identification:_identify(LCD_web/portamail_ui/venv/lib/python3.12/site-packages/pip/_vendor/chardet) by extensions ['ignore', 'ignore_ament_install']
[1.007s] Level 1:colcon.colcon_core.package_identification:_identify(LCD_web/portamail_ui/venv/lib/python3.12/site-packages/pip/_vendor/chardet) by extension 'ignore'
[1.007s] Level 1:colcon.colcon_core.package_identification:_identify(LCD_web/portamail_ui/venv/lib/python3.12/site-packages/pip/_vendor/chardet) by extension 'ignore_ament_install'
[1.008s] Level 1:colcon.colcon_core.package_identification:_identify(LCD_web/portamail_ui/venv/lib/python3.12/site-packages/pip/_vendor/chardet) by extensions ['colcon_pkg']
[1.008s] Level 1:colcon.colcon_core.package_identification:_identify(LCD_web/portamail_ui/venv/lib/python3.12/site-packages/pip/_vendor/chardet) by extension 'colcon_pkg'
[1.008s] Level 1:colcon.colcon_core.package_identification:_identify(LCD_web/portamail_ui/venv/lib/python3.12/site-packages/pip/_vendor/chardet) by extensions ['colcon_meta']
[1.008s] Level 1:colcon.colcon_core.package_identification:_identify(LCD_web/portamail_ui/venv/lib/python3.12/site-packages/pip/_vendor/chardet) by extension 'colcon_meta'
[1.008s] Level 1:colcon.colcon_core.package_identification:_identify(LCD_web/portamail_ui/venv/lib/python3.12/site-packages/pip/_vendor/chardet) by extensions ['ros']
[1.008s] Level 1:colcon.colcon_core.package_identification:_identify(LCD_web/portamail_ui/venv/lib/python3.12/site-packages/pip/_vendor/chardet) by extension 'ros'
[1.008s] Level 1:colcon.colcon_core.package_identification:_identify(LCD_web/portamail_ui/venv/lib/python3.12/site-packages/pip/_vendor/chardet) by extensions ['cmake', 'python']
[1.008s] Level 1:colcon.colcon_core.package_identification:_identify(LCD_web/portamail_ui/venv/lib/python3.12/site-packages/pip/_vendor/chardet) by extension 'cmake'
[1.008s] Level 1:colcon.colcon_core.package_identification:_identify(LCD_web/portamail_ui/venv/lib/python3.12/site-packages/pip/_vendor/chardet) by extension 'python'
[1.008s] Level 1:colcon.colcon_core.package_identification:_identify(LCD_web/portamail_ui/venv/lib/python3.12/site-packages/pip/_vendor/chardet) by extensions ['python_setup_py']
[1.008s] Level 1:colcon.colcon_core.package_identification:_identify(LCD_web/portamail_ui/venv/lib/python3.12/site-packages/pip/_vendor/chardet) by extension 'python_setup_py'
[1.008s] Level 1:colcon.colcon_core.package_identification:_identify(LCD_web/portamail_ui/venv/lib/python3.12/site-packages/pip/_vendor/chardet/__pycache__) by extensions ['ignore', 'ignore_ament_install']
[1.008s] Level 1:colcon.colcon_core.package_identification:_identify(LCD_web/portamail_ui/venv/lib/python3.12/site-packages/pip/_vendor/chardet/__pycache__) by extension 'ignore'
[1.009s] Level 1:colcon.colcon_core.package_identification:_identify(LCD_web/portamail_ui/venv/lib/python3.12/site-packages/pip/_vendor/chardet/__pycache__) by extension 'ignore_ament_install'
[1.009s] Level 1:colcon.colcon_core.package_identification:_identify(LCD_web/portamail_ui/venv/lib/python3.12/site-packages/pip/_vendor/chardet/__pycache__) by extensions ['colcon_pkg']
[1.009s] Level 1:colcon.colcon_core.package_identification:_identify(LCD_web/portamail_ui/venv/lib/python3.12/site-packages/pip/_vendor/chardet/__pycache__) by extension 'colcon_pkg'
[1.009s] Level 1:colcon.colcon_core.package_identification:_identify(LCD_web/portamail_ui/venv/lib/python3.12/site-packages/pip/_vendor/chardet/__pycache__) by extensions ['colcon_meta']
[1.009s] Level 1:colcon.colcon_core.package_identification:_identify(LCD_web/portamail_ui/venv/lib/python3.12/site-packages/pip/_vendor/chardet/__pycache__) by extension 'colcon_meta'
[1.009s] Level 1:colcon.colcon_core.package_identification:_identify(LCD_web/portamail_ui/venv/lib/python3.12/site-packages/pip/_vendor/chardet/__pycache__) by extensions ['ros']
[1.009s] Level 1:colcon.colcon_core.package_identification:_identify(LCD_web/portamail_ui/venv/lib/python3.12/site-packages/pip/_vendor/chardet/__pycache__) by extension 'ros'
[1.009s] Level 1:colcon.colcon_core.package_identification:_identify(LCD_web/portamail_ui/venv/lib/python3.12/site-packages/pip/_vendor/chardet/__pycache__) by extensions ['cmake', 'python']
[1.009s] Level 1:colcon.colcon_core.package_identification:_identify(LCD_web/portamail_ui/venv/lib/python3.12/site-packages/pip/_vendor/chardet/__pycache__) by extension 'cmake'
[1.009s] Level 1:colcon.colcon_core.package_identification:_identify(LCD_web/portamail_ui/venv/lib/python3.12/site-packages/pip/_vendor/chardet/__pycache__) by extension 'python'
[1.009s] Level 1:colcon.colcon_core.package_identification:_identify(LCD_web/portamail_ui/venv/lib/python3.12/site-packages/pip/_vendor/chardet/__pycache__) by extensions ['python_setup_py']
[1.009s] Level 1:colcon.colcon_core.package_identification:_identify(LCD_web/portamail_ui/venv/lib/python3.12/site-packages/pip/_vendor/chardet/__pycache__) by extension 'python_setup_py'
[1.010s] Level 1:colcon.colcon_core.package_identification:_identify(LCD_web/portamail_ui/venv/lib/python3.12/site-packages/pip/_vendor/chardet/cli) by extensions ['ignore', 'ignore_ament_install']
[1.010s] Level 1:colcon.colcon_core.package_identification:_identify(LCD_web/portamail_ui/venv/lib/python3.12/site-packages/pip/_vendor/chardet/cli) by extension 'ignore'
[1.010s] Level 1:colcon.colcon_core.package_identification:_identify(LCD_web/portamail_ui/venv/lib/python3.12/site-packages/pip/_vendor/chardet/cli) by extension 'ignore_ament_install'
[1.010s] Level 1:colcon.colcon_core.package_identification:_identify(LCD_web/portamail_ui/venv/lib/python3.12/site-packages/pip/_vendor/chardet/cli) by extensions ['colcon_pkg']
[1.010s] Level 1:colcon.colcon_core.package_identification:_identify(LCD_web/portamail_ui/venv/lib/python3.12/site-packages/pip/_vendor/chardet/cli) by extension 'colcon_pkg'
[1.010s] Level 1:colcon.colcon_core.package_identification:_identify(LCD_web/portamail_ui/venv/lib/python3.12/site-packages/pip/_vendor/chardet/cli) by extensions ['colcon_meta']
[1.010s] Level 1:colcon.colcon_core.package_identification:_identify(LCD_web/portamail_ui/venv/lib/python3.12/site-packages/pip/_vendor/chardet/cli) by extension 'colcon_meta'
[1.010s] Level 1:colcon.colcon_core.package_identification:_identify(LCD_web/portamail_ui/venv/lib/python3.12/site-packages/pip/_vendor/chardet/cli) by extensions ['ros']
[1.010s] Level 1:colcon.colcon_core.package_identification:_identify(LCD_web/portamail_ui/venv/lib/python3.12/site-packages/pip/_vendor/chardet/cli) by extension 'ros'
[1.010s] Level 1:colcon.colcon_core.package_identification:_identify(LCD_web/portamail_ui/venv/lib/python3.12/site-packages/pip/_vendor/chardet/cli) by extensions ['cmake', 'python']
[1.010s] Level 1:colcon.colcon_core.package_identification:_identify(LCD_web/portamail_ui/venv/lib/python3.12/site-packages/pip/_vendor/chardet/cli) by extension 'cmake'
[1.010s] Level 1:colcon.colcon_core.package_identification:_identify(LCD_web/portamail_ui/venv/lib/python3.12/site-packages/pip/_vendor/chardet/cli) by extension 'python'
[1.011s] Level 1:colcon.colcon_core.package_identification:_identify(LCD_web/portamail_ui/venv/lib/python3.12/site-packages/pip/_vendor/chardet/cli) by extensions ['python_setup_py']
[1.011s] Level 1:colcon.colcon_core.package_identification:_identify(LCD_web/portamail_ui/venv/lib/python3.12/site-packages/pip/_vendor/chardet/cli) by extension 'python_setup_py'
[1.011s] Level 1:colcon.colcon_core.package_identification:_identify(LCD_web/portamail_ui/venv/lib/python3.12/site-packages/pip/_vendor/chardet/cli/__pycache__) by extensions ['ignore', 'ignore_ament_install']
[1.011s] Level 1:colcon.colcon_core.package_identification:_identify(LCD_web/portamail_ui/venv/lib/python3.12/site-packages/pip/_vendor/chardet/cli/__pycache__) by extension 'ignore'
[1.011s] Level 1:colcon.colcon_core.package_identification:_identify(LCD_web/portamail_ui/venv/lib/python3.12/site-packages/pip/_vendor/chardet/cli/__pycache__) by extension 'ignore_ament_install'
[1.011s] Level 1:colcon.colcon_core.package_identification:_identify(LCD_web/portamail_ui/venv/lib/python3.12/site-packages/pip/_vendor/chardet/cli/__pycache__) by extensions ['colcon_pkg']
[1.011s] Level 1:colcon.colcon_core.package_identification:_identify(LCD_web/portamail_ui/venv/lib/python3.12/site-packages/pip/_vendor/chardet/cli/__pycache__) by extension 'colcon_pkg'
[1.011s] Level 1:colcon.colcon_core.package_identification:_identify(LCD_web/portamail_ui/venv/lib/python3.12/site-packages/pip/_vendor/chardet/cli/__pycache__) by extensions ['colcon_meta']
[1.011s] Level 1:colcon.colcon_core.package_identification:_identify(LCD_web/portamail_ui/venv/lib/python3.12/site-packages/pip/_vendor/chardet/cli/__pycache__) by extension 'colcon_meta'
[1.012s] Level 1:colcon.colcon_core.package_identification:_identify(LCD_web/portamail_ui/venv/lib/python3.12/site-packages/pip/_vendor/chardet/cli/__pycache__) by extensions ['ros']
[1.012s] Level 1:colcon.colcon_core.package_identification:_identify(LCD_web/portamail_ui/venv/lib/python3.12/site-packages/pip/_vendor/chardet/cli/__pycache__) by extension 'ros'
[1.012s] Level 1:colcon.colcon_core.package_identification:_identify(LCD_web/portamail_ui/venv/lib/python3.12/site-packages/pip/_vendor/chardet/cli/__pycache__) by extensions ['cmake', 'python']
[1.012s] Level 1:colcon.colcon_core.package_identification:_identify(LCD_web/portamail_ui/venv/lib/python3.12/site-packages/pip/_vendor/chardet/cli/__pycache__) by extension 'cmake'
[1.012s] Level 1:colcon.colcon_core.package_identification:_identify(LCD_web/portamail_ui/venv/lib/python3.12/site-packages/pip/_vendor/chardet/cli/__pycache__) by extension 'python'
[1.012s] Level 1:colcon.colcon_core.package_identification:_identify(LCD_web/portamail_ui/venv/lib/python3.12/site-packages/pip/_vendor/chardet/cli/__pycache__) by extensions ['python_setup_py']
[1.012s] Level 1:colcon.colcon_core.package_identification:_identify(LCD_web/portamail_ui/venv/lib/python3.12/site-packages/pip/_vendor/chardet/cli/__pycache__) by extension 'python_setup_py'
[1.012s] Level 1:colcon.colcon_core.package_identification:_identify(LCD_web/portamail_ui/venv/lib/python3.12/site-packages/pip/_vendor/chardet/metadata) by extensions ['ignore', 'ignore_ament_install']
[1.013s] Level 1:colcon.colcon_core.package_identification:_identify(LCD_web/portamail_ui/venv/lib/python3.12/site-packages/pip/_vendor/chardet/metadata) by extension 'ignore'
[1.013s] Level 1:colcon.colcon_core.package_identification:_identify(LCD_web/portamail_ui/venv/lib/python3.12/site-packages/pip/_vendor/chardet/metadata) by extension 'ignore_ament_install'
[1.013s] Level 1:colcon.colcon_core.package_identification:_identify(LCD_web/portamail_ui/venv/lib/python3.12/site-packages/pip/_vendor/chardet/metadata) by extensions ['colcon_pkg']
[1.013s] Level 1:colcon.colcon_core.package_identification:_identify(LCD_web/portamail_ui/venv/lib/python3.12/site-packages/pip/_vendor/chardet/metadata) by extension 'colcon_pkg'
[1.013s] Level 1:colcon.colcon_core.package_identification:_identify(LCD_web/portamail_ui/venv/lib/python3.12/site-packages/pip/_vendor/chardet/metadata) by extensions ['colcon_meta']
[1.013s] Level 1:colcon.colcon_core.package_identification:_identify(LCD_web/portamail_ui/venv/lib/python3.12/site-packages/pip/_vendor/chardet/metadata) by extension 'colcon_meta'
[1.013s] Level 1:colcon.colcon_core.package_identification:_identify(LCD_web/portamail_ui/venv/lib/python3.12/site-packages/pip/_vendor/chardet/metadata) by extensions ['ros']
[1.013s] Level 1:colcon.colcon_core.package_identification:_identify(LCD_web/portamail_ui/venv/lib/python3.12/site-packages/pip/_vendor/chardet/metadata) by extension 'ros'
[1.013s] Level 1:colcon.colcon_core.package_identification:_identify(LCD_web/portamail_ui/venv/lib/python3.12/site-packages/pip/_vendor/chardet/metadata) by extensions ['cmake', 'python']
[1.013s] Level 1:colcon.colcon_core.package_identification:_identify(LCD_web/portamail_ui/venv/lib/python3.12/site-packages/pip/_vendor/chardet/metadata) by extension 'cmake'
[1.013s] Level 1:colcon.colcon_core.package_identification:_identify(LCD_web/portamail_ui/venv/lib/python3.12/site-packages/pip/_vendor/chardet/metadata) by extension 'python'
[1.013s] Level 1:colcon.colcon_core.package_identification:_identify(LCD_web/portamail_ui/venv/lib/python3.12/site-packages/pip/_vendor/chardet/metadata) by extensions ['python_setup_py']
[1.013s] Level 1:colcon.colcon_core.package_identification:_identify(LCD_web/portamail_ui/venv/lib/python3.12/site-packages/pip/_vendor/chardet/metadata) by extension 'python_setup_py'
[1.014s] Level 1:colcon.colcon_core.package_identification:_identify(LCD_web/portamail_ui/venv/lib/python3.12/site-packages/pip/_vendor/chardet/metadata/__pycache__) by extensions ['ignore', 'ignore_ament_install']
[1.014s] Level 1:colcon.colcon_core.package_identification:_identify(LCD_web/portamail_ui/venv/lib/python3.12/site-packages/pip/_vendor/chardet/metadata/__pycache__) by extension 'ignore'
[1.014s] Level 1:colcon.colcon_core.package_identification:_identify(LCD_web/portamail_ui/venv/lib/python3.12/site-packages/pip/_vendor/chardet/metadata/__pycache__) by extension 'ignore_ament_install'
[1.014s] Level 1:colcon.colcon_core.package_identification:_identify(LCD_web/portamail_ui/venv/lib/python3.12/site-packages/pip/_vendor/chardet/metadata/__pycache__) by extensions ['colcon_pkg']
[1.014s] Level 1:colcon.colcon_core.package_identification:_identify(LCD_web/portamail_ui/venv/lib/python3.12/site-packages/pip/_vendor/chardet/metadata/__pycache__) by extension 'colcon_pkg'
[1.014s] Level 1:colcon.colcon_core.package_identification:_identify(LCD_web/portamail_ui/venv/lib/python3.12/site-packages/pip/_vendor/chardet/metadata/__pycache__) by extensions ['colcon_meta']
[1.014s] Level 1:colcon.colcon_core.package_identification:_identify(LCD_web/portamail_ui/venv/lib/python3.12/site-packages/pip/_vendor/chardet/metadata/__pycache__) by extension 'colcon_meta'
[1.014s] Level 1:colcon.colcon_core.package_identification:_identify(LCD_web/portamail_ui/venv/lib/python3.12/site-packages/pip/_vendor/chardet/metadata/__pycache__) by extensions ['ros']
[1.014s] Level 1:colcon.colcon_core.package_identification:_identify(LCD_web/portamail_ui/venv/lib/python3.12/site-packages/pip/_vendor/chardet/metadata/__pycache__) by extension 'ros'
[1.014s] Level 1:colcon.colcon_core.package_identification:_identify(LCD_web/portamail_ui/venv/lib/python3.12/site-packages/pip/_vendor/chardet/metadata/__pycache__) by extensions ['cmake', 'python']
[1.014s] Level 1:colcon.colcon_core.package_identification:_identify(LCD_web/portamail_ui/venv/lib/python3.12/site-packages/pip/_vendor/chardet/metadata/__pycache__) by extension 'cmake'
[1.015s] Level 1:colcon.colcon_core.package_identification:_identify(LCD_web/portamail_ui/venv/lib/python3.12/site-packages/pip/_vendor/chardet/metadata/__pycache__) by extension 'python'
[1.015s] Level 1:colcon.colcon_core.package_identification:_identify(LCD_web/portamail_ui/venv/lib/python3.12/site-packages/pip/_vendor/chardet/metadata/__pycache__) by extensions ['python_setup_py']
[1.015s] Level 1:colcon.colcon_core.package_identification:_identify(LCD_web/portamail_ui/venv/lib/python3.12/site-packages/pip/_vendor/chardet/metadata/__pycache__) by extension 'python_setup_py'
[1.015s] Level 1:colcon.colcon_core.package_identification:_identify(LCD_web/portamail_ui/venv/lib/python3.12/site-packages/pip/_vendor/colorama) by extensions ['ignore', 'ignore_ament_install']
[1.015s] Level 1:colcon.colcon_core.package_identification:_identify(LCD_web/portamail_ui/venv/lib/python3.12/site-packages/pip/_vendor/colorama) by extension 'ignore'
[1.015s] Level 1:colcon.colcon_core.package_identification:_identify(LCD_web/portamail_ui/venv/lib/python3.12/site-packages/pip/_vendor/colorama) by extension 'ignore_ament_install'
[1.015s] Level 1:colcon.colcon_core.package_identification:_identify(LCD_web/portamail_ui/venv/lib/python3.12/site-packages/pip/_vendor/colorama) by extensions ['colcon_pkg']
[1.015s] Level 1:colcon.colcon_core.package_identification:_identify(LCD_web/portamail_ui/venv/lib/python3.12/site-packages/pip/_vendor/colorama) by extension 'colcon_pkg'
[1.016s] Level 1:colcon.colcon_core.package_identification:_identify(LCD_web/portamail_ui/venv/lib/python3.12/site-packages/pip/_vendor/colorama) by extensions ['colcon_meta']
[1.016s] Level 1:colcon.colcon_core.package_identification:_identify(LCD_web/portamail_ui/venv/lib/python3.12/site-packages/pip/_vendor/colorama) by extension 'colcon_meta'
[1.016s] Level 1:colcon.colcon_core.package_identification:_identify(LCD_web/portamail_ui/venv/lib/python3.12/site-packages/pip/_vendor/colorama) by extensions ['ros']
[1.016s] Level 1:colcon.colcon_core.package_identification:_identify(LCD_web/portamail_ui/venv/lib/python3.12/site-packages/pip/_vendor/colorama) by extension 'ros'
[1.016s] Level 1:colcon.colcon_core.package_identification:_identify(LCD_web/portamail_ui/venv/lib/python3.12/site-packages/pip/_vendor/colorama) by extensions ['cmake', 'python']
[1.016s] Level 1:colcon.colcon_core.package_identification:_identify(LCD_web/portamail_ui/venv/lib/python3.12/site-packages/pip/_vendor/colorama) by extension 'cmake'
[1.016s] Level 1:colcon.colcon_core.package_identification:_identify(LCD_web/portamail_ui/venv/lib/python3.12/site-packages/pip/_vendor/colorama) by extension 'python'
[1.016s] Level 1:colcon.colcon_core.package_identification:_identify(LCD_web/portamail_ui/venv/lib/python3.12/site-packages/pip/_vendor/colorama) by extensions ['python_setup_py']
[1.016s] Level 1:colcon.colcon_core.package_identification:_identify(LCD_web/portamail_ui/venv/lib/python3.12/site-packages/pip/_vendor/colorama) by extension 'python_setup_py'
[1.017s] Level 1:colcon.colcon_core.package_identification:_identify(LCD_web/portamail_ui/venv/lib/python3.12/site-packages/pip/_vendor/colorama/__pycache__) by extensions ['ignore', 'ignore_ament_install']
[1.017s] Level 1:colcon.colcon_core.package_identification:_identify(LCD_web/portamail_ui/venv/lib/python3.12/site-packages/pip/_vendor/colorama/__pycache__) by extension 'ignore'
[1.017s] Level 1:colcon.colcon_core.package_identification:_identify(LCD_web/portamail_ui/venv/lib/python3.12/site-packages/pip/_vendor/colorama/__pycache__) by extension 'ignore_ament_install'
[1.017s] Level 1:colcon.colcon_core.package_identification:_identify(LCD_web/portamail_ui/venv/lib/python3.12/site-packages/pip/_vendor/colorama/__pycache__) by extensions ['colcon_pkg']
[1.017s] Level 1:colcon.colcon_core.package_identification:_identify(LCD_web/portamail_ui/venv/lib/python3.12/site-packages/pip/_vendor/colorama/__pycache__) by extension 'colcon_pkg'
[1.017s] Level 1:colcon.colcon_core.package_identification:_identify(LCD_web/portamail_ui/venv/lib/python3.12/site-packages/pip/_vendor/colorama/__pycache__) by extensions ['colcon_meta']
[1.017s] Level 1:colcon.colcon_core.package_identification:_identify(LCD_web/portamail_ui/venv/lib/python3.12/site-packages/pip/_vendor/colorama/__pycache__) by extension 'colcon_meta'
[1.017s] Level 1:colcon.colcon_core.package_identification:_identify(LCD_web/portamail_ui/venv/lib/python3.12/site-packages/pip/_vendor/colorama/__pycache__) by extensions ['ros']
[1.017s] Level 1:colcon.colcon_core.package_identification:_identify(LCD_web/portamail_ui/venv/lib/python3.12/site-packages/pip/_vendor/colorama/__pycache__) by extension 'ros'
[1.017s] Level 1:colcon.colcon_core.package_identification:_identify(LCD_web/portamail_ui/venv/lib/python3.12/site-packages/pip/_vendor/colorama/__pycache__) by extensions ['cmake', 'python']
[1.017s] Level 1:colcon.colcon_core.package_identification:_identify(LCD_web/portamail_ui/venv/lib/python3.12/site-packages/pip/_vendor/colorama/__pycache__) by extension 'cmake'
[1.017s] Level 1:colcon.colcon_core.package_identification:_identify(LCD_web/portamail_ui/venv/lib/python3.12/site-packages/pip/_vendor/colorama/__pycache__) by extension 'python'
[1.017s] Level 1:colcon.colcon_core.package_identification:_identify(LCD_web/portamail_ui/venv/lib/python3.12/site-packages/pip/_vendor/colorama/__pycache__) by extensions ['python_setup_py']
[1.017s] Level 1:colcon.colcon_core.package_identification:_identify(LCD_web/portamail_ui/venv/lib/python3.12/site-packages/pip/_vendor/colorama/__pycache__) by extension 'python_setup_py'
[1.018s] Level 1:colcon.colcon_core.package_identification:_identify(LCD_web/portamail_ui/venv/lib/python3.12/site-packages/pip/_vendor/colorama/tests) by extensions ['ignore', 'ignore_ament_install']
[1.018s] Level 1:colcon.colcon_core.package_identification:_identify(LCD_web/portamail_ui/venv/lib/python3.12/site-packages/pip/_vendor/colorama/tests) by extension 'ignore'
[1.018s] Level 1:colcon.colcon_core.package_identification:_identify(LCD_web/portamail_ui/venv/lib/python3.12/site-packages/pip/_vendor/colorama/tests) by extension 'ignore_ament_install'
[1.018s] Level 1:colcon.colcon_core.package_identification:_identify(LCD_web/portamail_ui/venv/lib/python3.12/site-packages/pip/_vendor/colorama/tests) by extensions ['colcon_pkg']
[1.018s] Level 1:colcon.colcon_core.package_identification:_identify(LCD_web/portamail_ui/venv/lib/python3.12/site-packages/pip/_vendor/colorama/tests) by extension 'colcon_pkg'
[1.018s] Level 1:colcon.colcon_core.package_identification:_identify(LCD_web/portamail_ui/venv/lib/python3.12/site-packages/pip/_vendor/colorama/tests) by extensions ['colcon_meta']
[1.018s] Level 1:colcon.colcon_core.package_identification:_identify(LCD_web/portamail_ui/venv/lib/python3.12/site-packages/pip/_vendor/colorama/tests) by extension 'colcon_meta'
[1.018s] Level 1:colcon.colcon_core.package_identification:_identify(LCD_web/portamail_ui/venv/lib/python3.12/site-packages/pip/_vendor/colorama/tests) by extensions ['ros']
[1.018s] Level 1:colcon.colcon_core.package_identification:_identify(LCD_web/portamail_ui/venv/lib/python3.12/site-packages/pip/_vendor/colorama/tests) by extension 'ros'
[1.019s] Level 1:colcon.colcon_core.package_identification:_identify(LCD_web/portamail_ui/venv/lib/python3.12/site-packages/pip/_vendor/colorama/tests) by extensions ['cmake', 'python']
[1.019s] Level 1:colcon.colcon_core.package_identification:_identify(LCD_web/portamail_ui/venv/lib/python3.12/site-packages/pip/_vendor/colorama/tests) by extension 'cmake'
[1.019s] Level 1:colcon.colcon_core.package_identification:_identify(LCD_web/portamail_ui/venv/lib/python3.12/site-packages/pip/_vendor/colorama/tests) by extension 'python'
[1.019s] Level 1:colcon.colcon_core.package_identification:_identify(LCD_web/portamail_ui/venv/lib/python3.12/site-packages/pip/_vendor/colorama/tests) by extensions ['python_setup_py']
[1.019s] Level 1:colcon.colcon_core.package_identification:_identify(LCD_web/portamail_ui/venv/lib/python3.12/site-packages/pip/_vendor/colorama/tests) by extension 'python_setup_py'
[1.019s] Level 1:colcon.colcon_core.package_identification:_identify(LCD_web/portamail_ui/venv/lib/python3.12/site-packages/pip/_vendor/colorama/tests/__pycache__) by extensions ['ignore', 'ignore_ament_install']
[1.019s] Level 1:colcon.colcon_core.package_identification:_identify(LCD_web/portamail_ui/venv/lib/python3.12/site-packages/pip/_vendor/colorama/tests/__pycache__) by extension 'ignore'
[1.019s] Level 1:colcon.colcon_core.package_identification:_identify(LCD_web/portamail_ui/venv/lib/python3.12/site-packages/pip/_vendor/colorama/tests/__pycache__) by extension 'ignore_ament_install'
[1.020s] Level 1:colcon.colcon_core.package_identification:_identify(LCD_web/portamail_ui/venv/lib/python3.12/site-packages/pip/_vendor/colorama/tests/__pycache__) by extensions ['colcon_pkg']
[1.020s] Level 1:colcon.colcon_core.package_identification:_identify(LCD_web/portamail_ui/venv/lib/python3.12/site-packages/pip/_vendor/colorama/tests/__pycache__) by extension 'colcon_pkg'
[1.020s] Level 1:colcon.colcon_core.package_identification:_identify(LCD_web/portamail_ui/venv/lib/python3.12/site-packages/pip/_vendor/colorama/tests/__pycache__) by extensions ['colcon_meta']
[1.020s] Level 1:colcon.colcon_core.package_identification:_identify(LCD_web/portamail_ui/venv/lib/python3.12/site-packages/pip/_vendor/colorama/tests/__pycache__) by extension 'colcon_meta'
[1.020s] Level 1:colcon.colcon_core.package_identification:_identify(LCD_web/portamail_ui/venv/lib/python3.12/site-packages/pip/_vendor/colorama/tests/__pycache__) by extensions ['ros']
[1.020s] Level 1:colcon.colcon_core.package_identification:_identify(LCD_web/portamail_ui/venv/lib/python3.12/site-packages/pip/_vendor/colorama/tests/__pycache__) by extension 'ros'
[1.020s] Level 1:colcon.colcon_core.package_identification:_identify(LCD_web/portamail_ui/venv/lib/python3.12/site-packages/pip/_vendor/colorama/tests/__pycache__) by extensions ['cmake', 'python']
[1.020s] Level 1:colcon.colcon_core.package_identification:_identify(LCD_web/portamail_ui/venv/lib/python3.12/site-packages/pip/_vendor/colorama/tests/__pycache__) by extension 'cmake'
[1.020s] Level 1:colcon.colcon_core.package_identification:_identify(LCD_web/portamail_ui/venv/lib/python3.12/site-packages/pip/_vendor/colorama/tests/__pycache__) by extension 'python'
[1.020s] Level 1:colcon.colcon_core.package_identification:_identify(LCD_web/portamail_ui/venv/lib/python3.12/site-packages/pip/_vendor/colorama/tests/__pycache__) by extensions ['python_setup_py']
[1.020s] Level 1:colcon.colcon_core.package_identification:_identify(LCD_web/portamail_ui/venv/lib/python3.12/site-packages/pip/_vendor/colorama/tests/__pycache__) by extension 'python_setup_py'
[1.020s] Level 1:colcon.colcon_core.package_identification:_identify(LCD_web/portamail_ui/venv/lib/python3.12/site-packages/pip/_vendor/distlib) by extensions ['ignore', 'ignore_ament_install']
[1.020s] Level 1:colcon.colcon_core.package_identification:_identify(LCD_web/portamail_ui/venv/lib/python3.12/site-packages/pip/_vendor/distlib) by extension 'ignore'
[1.020s] Level 1:colcon.colcon_core.package_identification:_identify(LCD_web/portamail_ui/venv/lib/python3.12/site-packages/pip/_vendor/distlib) by extension 'ignore_ament_install'
[1.021s] Level 1:colcon.colcon_core.package_identification:_identify(LCD_web/portamail_ui/venv/lib/python3.12/site-packages/pip/_vendor/distlib) by extensions ['colcon_pkg']
[1.021s] Level 1:colcon.colcon_core.package_identification:_identify(LCD_web/portamail_ui/venv/lib/python3.12/site-packages/pip/_vendor/distlib) by extension 'colcon_pkg'
[1.021s] Level 1:colcon.colcon_core.package_identification:_identify(LCD_web/portamail_ui/venv/lib/python3.12/site-packages/pip/_vendor/distlib) by extensions ['colcon_meta']
[1.021s] Level 1:colcon.colcon_core.package_identification:_identify(LCD_web/portamail_ui/venv/lib/python3.12/site-packages/pip/_vendor/distlib) by extension 'colcon_meta'
[1.021s] Level 1:colcon.colcon_core.package_identification:_identify(LCD_web/portamail_ui/venv/lib/python3.12/site-packages/pip/_vendor/distlib) by extensions ['ros']
[1.021s] Level 1:colcon.colcon_core.package_identification:_identify(LCD_web/portamail_ui/venv/lib/python3.12/site-packages/pip/_vendor/distlib) by extension 'ros'
[1.021s] Level 1:colcon.colcon_core.package_identification:_identify(LCD_web/portamail_ui/venv/lib/python3.12/site-packages/pip/_vendor/distlib) by extensions ['cmake', 'python']
[1.021s] Level 1:colcon.colcon_core.package_identification:_identify(LCD_web/portamail_ui/venv/lib/python3.12/site-packages/pip/_vendor/distlib) by extension 'cmake'
[1.021s] Level 1:colcon.colcon_core.package_identification:_identify(LCD_web/portamail_ui/venv/lib/python3.12/site-packages/pip/_vendor/distlib) by extension 'python'
[1.021s] Level 1:colcon.colcon_core.package_identification:_identify(LCD_web/portamail_ui/venv/lib/python3.12/site-packages/pip/_vendor/distlib) by extensions ['python_setup_py']
[1.021s] Level 1:colcon.colcon_core.package_identification:_identify(LCD_web/portamail_ui/venv/lib/python3.12/site-packages/pip/_vendor/distlib) by extension 'python_setup_py'
[1.021s] Level 1:colcon.colcon_core.package_identification:_identify(LCD_web/portamail_ui/venv/lib/python3.12/site-packages/pip/_vendor/distlib/__pycache__) by extensions ['ignore', 'ignore_ament_install']
[1.021s] Level 1:colcon.colcon_core.package_identification:_identify(LCD_web/portamail_ui/venv/lib/python3.12/site-packages/pip/_vendor/distlib/__pycache__) by extension 'ignore'
[1.021s] Level 1:colcon.colcon_core.package_identification:_identify(LCD_web/portamail_ui/venv/lib/python3.12/site-packages/pip/_vendor/distlib/__pycache__) by extension 'ignore_ament_install'
[1.021s] Level 1:colcon.colcon_core.package_identification:_identify(LCD_web/portamail_ui/venv/lib/python3.12/site-packages/pip/_vendor/distlib/__pycache__) by extensions ['colcon_pkg']
[1.022s] Level 1:colcon.colcon_core.package_identification:_identify(LCD_web/portamail_ui/venv/lib/python3.12/site-packages/pip/_vendor/distlib/__pycache__) by extension 'colcon_pkg'
[1.022s] Level 1:colcon.colcon_core.package_identification:_identify(LCD_web/portamail_ui/venv/lib/python3.12/site-packages/pip/_vendor/distlib/__pycache__) by extensions ['colcon_meta']
[1.022s] Level 1:colcon.colcon_core.package_identification:_identify(LCD_web/portamail_ui/venv/lib/python3.12/site-packages/pip/_vendor/distlib/__pycache__) by extension 'colcon_meta'
[1.022s] Level 1:colcon.colcon_core.package_identification:_identify(LCD_web/portamail_ui/venv/lib/python3.12/site-packages/pip/_vendor/distlib/__pycache__) by extensions ['ros']
[1.022s] Level 1:colcon.colcon_core.package_identification:_identify(LCD_web/portamail_ui/venv/lib/python3.12/site-packages/pip/_vendor/distlib/__pycache__) by extension 'ros'
[1.022s] Level 1:colcon.colcon_core.package_identification:_identify(LCD_web/portamail_ui/venv/lib/python3.12/site-packages/pip/_vendor/distlib/__pycache__) by extensions ['cmake', 'python']
[1.022s] Level 1:colcon.colcon_core.package_identification:_identify(LCD_web/portamail_ui/venv/lib/python3.12/site-packages/pip/_vendor/distlib/__pycache__) by extension 'cmake'
[1.022s] Level 1:colcon.colcon_core.package_identification:_identify(LCD_web/portamail_ui/venv/lib/python3.12/site-packages/pip/_vendor/distlib/__pycache__) by extension 'python'
[1.022s] Level 1:colcon.colcon_core.package_identification:_identify(LCD_web/portamail_ui/venv/lib/python3.12/site-packages/pip/_vendor/distlib/__pycache__) by extensions ['python_setup_py']
[1.022s] Level 1:colcon.colcon_core.package_identification:_identify(LCD_web/portamail_ui/venv/lib/python3.12/site-packages/pip/_vendor/distlib/__pycache__) by extension 'python_setup_py'
[1.022s] Level 1:colcon.colcon_core.package_identification:_identify(LCD_web/portamail_ui/venv/lib/python3.12/site-packages/pip/_vendor/distro) by extensions ['ignore', 'ignore_ament_install']
[1.022s] Level 1:colcon.colcon_core.package_identification:_identify(LCD_web/portamail_ui/venv/lib/python3.12/site-packages/pip/_vendor/distro) by extension 'ignore'
[1.022s] Level 1:colcon.colcon_core.package_identification:_identify(LCD_web/portamail_ui/venv/lib/python3.12/site-packages/pip/_vendor/distro) by extension 'ignore_ament_install'
[1.022s] Level 1:colcon.colcon_core.package_identification:_identify(LCD_web/portamail_ui/venv/lib/python3.12/site-packages/pip/_vendor/distro) by extensions ['colcon_pkg']
[1.022s] Level 1:colcon.colcon_core.package_identification:_identify(LCD_web/portamail_ui/venv/lib/python3.12/site-packages/pip/_vendor/distro) by extension 'colcon_pkg'
[1.023s] Level 1:colcon.colcon_core.package_identification:_identify(LCD_web/portamail_ui/venv/lib/python3.12/site-packages/pip/_vendor/distro) by extensions ['colcon_meta']
[1.023s] Level 1:colcon.colcon_core.package_identification:_identify(LCD_web/portamail_ui/venv/lib/python3.12/site-packages/pip/_vendor/distro) by extension 'colcon_meta'
[1.023s] Level 1:colcon.colcon_core.package_identification:_identify(LCD_web/portamail_ui/venv/lib/python3.12/site-packages/pip/_vendor/distro) by extensions ['ros']
[1.023s] Level 1:colcon.colcon_core.package_identification:_identify(LCD_web/portamail_ui/venv/lib/python3.12/site-packages/pip/_vendor/distro) by extension 'ros'
[1.023s] Level 1:colcon.colcon_core.package_identification:_identify(LCD_web/portamail_ui/venv/lib/python3.12/site-packages/pip/_vendor/distro) by extensions ['cmake', 'python']
[1.023s] Level 1:colcon.colcon_core.package_identification:_identify(LCD_web/portamail_ui/venv/lib/python3.12/site-packages/pip/_vendor/distro) by extension 'cmake'
[1.023s] Level 1:colcon.colcon_core.package_identification:_identify(LCD_web/portamail_ui/venv/lib/python3.12/site-packages/pip/_vendor/distro) by extension 'python'
[1.023s] Level 1:colcon.colcon_core.package_identification:_identify(LCD_web/portamail_ui/venv/lib/python3.12/site-packages/pip/_vendor/distro) by extensions ['python_setup_py']
[1.023s] Level 1:colcon.colcon_core.package_identification:_identify(LCD_web/portamail_ui/venv/lib/python3.12/site-packages/pip/_vendor/distro) by extension 'python_setup_py'
[1.023s] Level 1:colcon.colcon_core.package_identification:_identify(LCD_web/portamail_ui/venv/lib/python3.12/site-packages/pip/_vendor/distro/__pycache__) by extensions ['ignore', 'ignore_ament_install']
[1.023s] Level 1:colcon.colcon_core.package_identification:_identify(LCD_web/portamail_ui/venv/lib/python3.12/site-packages/pip/_vendor/distro/__pycache__) by extension 'ignore'
[1.023s] Level 1:colcon.colcon_core.package_identification:_identify(LCD_web/portamail_ui/venv/lib/python3.12/site-packages/pip/_vendor/distro/__pycache__) by extension 'ignore_ament_install'
[1.023s] Level 1:colcon.colcon_core.package_identification:_identify(LCD_web/portamail_ui/venv/lib/python3.12/site-packages/pip/_vendor/distro/__pycache__) by extensions ['colcon_pkg']
[1.023s] Level 1:colcon.colcon_core.package_identification:_identify(LCD_web/portamail_ui/venv/lib/python3.12/site-packages/pip/_vendor/distro/__pycache__) by extension 'colcon_pkg'
[1.023s] Level 1:colcon.colcon_core.package_identification:_identify(LCD_web/portamail_ui/venv/lib/python3.12/site-packages/pip/_vendor/distro/__pycache__) by extensions ['colcon_meta']
[1.024s] Level 1:colcon.colcon_core.package_identification:_identify(LCD_web/portamail_ui/venv/lib/python3.12/site-packages/pip/_vendor/distro/__pycache__) by extension 'colcon_meta'
[1.024s] Level 1:colcon.colcon_core.package_identification:_identify(LCD_web/portamail_ui/venv/lib/python3.12/site-packages/pip/_vendor/distro/__pycache__) by extensions ['ros']
[1.024s] Level 1:colcon.colcon_core.package_identification:_identify(LCD_web/portamail_ui/venv/lib/python3.12/site-packages/pip/_vendor/distro/__pycache__) by extension 'ros'
[1.024s] Level 1:colcon.colcon_core.package_identification:_identify(LCD_web/portamail_ui/venv/lib/python3.12/site-packages/pip/_vendor/distro/__pycache__) by extensions ['cmake', 'python']
[1.024s] Level 1:colcon.colcon_core.package_identification:_identify(LCD_web/portamail_ui/venv/lib/python3.12/site-packages/pip/_vendor/distro/__pycache__) by extension 'cmake'
[1.024s] Level 1:colcon.colcon_core.package_identification:_identify(LCD_web/portamail_ui/venv/lib/python3.12/site-packages/pip/_vendor/distro/__pycache__) by extension 'python'
[1.024s] Level 1:colcon.colcon_core.package_identification:_identify(LCD_web/portamail_ui/venv/lib/python3.12/site-packages/pip/_vendor/distro/__pycache__) by extensions ['python_setup_py']
[1.024s] Level 1:colcon.colcon_core.package_identification:_identify(LCD_web/portamail_ui/venv/lib/python3.12/site-packages/pip/_vendor/distro/__pycache__) by extension 'python_setup_py'
[1.024s] Level 1:colcon.colcon_core.package_identification:_identify(LCD_web/portamail_ui/venv/lib/python3.12/site-packages/pip/_vendor/idna) by extensions ['ignore', 'ignore_ament_install']
[1.024s] Level 1:colcon.colcon_core.package_identification:_identify(LCD_web/portamail_ui/venv/lib/python3.12/site-packages/pip/_vendor/idna) by extension 'ignore'
[1.024s] Level 1:colcon.colcon_core.package_identification:_identify(LCD_web/portamail_ui/venv/lib/python3.12/site-packages/pip/_vendor/idna) by extension 'ignore_ament_install'
[1.024s] Level 1:colcon.colcon_core.package_identification:_identify(LCD_web/portamail_ui/venv/lib/python3.12/site-packages/pip/_vendor/idna) by extensions ['colcon_pkg']
[1.024s] Level 1:colcon.colcon_core.package_identification:_identify(LCD_web/portamail_ui/venv/lib/python3.12/site-packages/pip/_vendor/idna) by extension 'colcon_pkg'
[1.024s] Level 1:colcon.colcon_core.package_identification:_identify(LCD_web/portamail_ui/venv/lib/python3.12/site-packages/pip/_vendor/idna) by extensions ['colcon_meta']
[1.024s] Level 1:colcon.colcon_core.package_identification:_identify(LCD_web/portamail_ui/venv/lib/python3.12/site-packages/pip/_vendor/idna) by extension 'colcon_meta'
[1.025s] Level 1:colcon.colcon_core.package_identification:_identify(LCD_web/portamail_ui/venv/lib/python3.12/site-packages/pip/_vendor/idna) by extensions ['ros']
[1.025s] Level 1:colcon.colcon_core.package_identification:_identify(LCD_web/portamail_ui/venv/lib/python3.12/site-packages/pip/_vendor/idna) by extension 'ros'
[1.025s] Level 1:colcon.colcon_core.package_identification:_identify(LCD_web/portamail_ui/venv/lib/python3.12/site-packages/pip/_vendor/idna) by extensions ['cmake', 'python']
[1.025s] Level 1:colcon.colcon_core.package_identification:_identify(LCD_web/portamail_ui/venv/lib/python3.12/site-packages/pip/_vendor/idna) by extension 'cmake'
[1.025s] Level 1:colcon.colcon_core.package_identification:_identify(LCD_web/portamail_ui/venv/lib/python3.12/site-packages/pip/_vendor/idna) by extension 'python'
[1.025s] Level 1:colcon.colcon_core.package_identification:_identify(LCD_web/portamail_ui/venv/lib/python3.12/site-packages/pip/_vendor/idna) by extensions ['python_setup_py']
[1.025s] Level 1:colcon.colcon_core.package_identification:_identify(LCD_web/portamail_ui/venv/lib/python3.12/site-packages/pip/_vendor/idna) by extension 'python_setup_py'
[1.025s] Level 1:colcon.colcon_core.package_identification:_identify(LCD_web/portamail_ui/venv/lib/python3.12/site-packages/pip/_vendor/idna/__pycache__) by extensions ['ignore', 'ignore_ament_install']
[1.025s] Level 1:colcon.colcon_core.package_identification:_identify(LCD_web/portamail_ui/venv/lib/python3.12/site-packages/pip/_vendor/idna/__pycache__) by extension 'ignore'
[1.025s] Level 1:colcon.colcon_core.package_identification:_identify(LCD_web/portamail_ui/venv/lib/python3.12/site-packages/pip/_vendor/idna/__pycache__) by extension 'ignore_ament_install'
[1.025s] Level 1:colcon.colcon_core.package_identification:_identify(LCD_web/portamail_ui/venv/lib/python3.12/site-packages/pip/_vendor/idna/__pycache__) by extensions ['colcon_pkg']
[1.025s] Level 1:colcon.colcon_core.package_identification:_identify(LCD_web/portamail_ui/venv/lib/python3.12/site-packages/pip/_vendor/idna/__pycache__) by extension 'colcon_pkg'
[1.025s] Level 1:colcon.colcon_core.package_identification:_identify(LCD_web/portamail_ui/venv/lib/python3.12/site-packages/pip/_vendor/idna/__pycache__) by extensions ['colcon_meta']
[1.025s] Level 1:colcon.colcon_core.package_identification:_identify(LCD_web/portamail_ui/venv/lib/python3.12/site-packages/pip/_vendor/idna/__pycache__) by extension 'colcon_meta'
[1.025s] Level 1:colcon.colcon_core.package_identification:_identify(LCD_web/portamail_ui/venv/lib/python3.12/site-packages/pip/_vendor/idna/__pycache__) by extensions ['ros']
[1.025s] Level 1:colcon.colcon_core.package_identification:_identify(LCD_web/portamail_ui/venv/lib/python3.12/site-packages/pip/_vendor/idna/__pycache__) by extension 'ros'
[1.026s] Level 1:colcon.colcon_core.package_identification:_identify(LCD_web/portamail_ui/venv/lib/python3.12/site-packages/pip/_vendor/idna/__pycache__) by extensions ['cmake', 'python']
[1.026s] Level 1:colcon.colcon_core.package_identification:_identify(LCD_web/portamail_ui/venv/lib/python3.12/site-packages/pip/_vendor/idna/__pycache__) by extension 'cmake'
[1.026s] Level 1:colcon.colcon_core.package_identification:_identify(LCD_web/portamail_ui/venv/lib/python3.12/site-packages/pip/_vendor/idna/__pycache__) by extension 'python'
[1.026s] Level 1:colcon.colcon_core.package_identification:_identify(LCD_web/portamail_ui/venv/lib/python3.12/site-packages/pip/_vendor/idna/__pycache__) by extensions ['python_setup_py']
[1.026s] Level 1:colcon.colcon_core.package_identification:_identify(LCD_web/portamail_ui/venv/lib/python3.12/site-packages/pip/_vendor/idna/__pycache__) by extension 'python_setup_py'
[1.026s] Level 1:colcon.colcon_core.package_identification:_identify(LCD_web/portamail_ui/venv/lib/python3.12/site-packages/pip/_vendor/msgpack) by extensions ['ignore', 'ignore_ament_install']
[1.026s] Level 1:colcon.colcon_core.package_identification:_identify(LCD_web/portamail_ui/venv/lib/python3.12/site-packages/pip/_vendor/msgpack) by extension 'ignore'
[1.026s] Level 1:colcon.colcon_core.package_identification:_identify(LCD_web/portamail_ui/venv/lib/python3.12/site-packages/pip/_vendor/msgpack) by extension 'ignore_ament_install'
[1.026s] Level 1:colcon.colcon_core.package_identification:_identify(LCD_web/portamail_ui/venv/lib/python3.12/site-packages/pip/_vendor/msgpack) by extensions ['colcon_pkg']
[1.026s] Level 1:colcon.colcon_core.package_identification:_identify(LCD_web/portamail_ui/venv/lib/python3.12/site-packages/pip/_vendor/msgpack) by extension 'colcon_pkg'
[1.026s] Level 1:colcon.colcon_core.package_identification:_identify(LCD_web/portamail_ui/venv/lib/python3.12/site-packages/pip/_vendor/msgpack) by extensions ['colcon_meta']
[1.026s] Level 1:colcon.colcon_core.package_identification:_identify(LCD_web/portamail_ui/venv/lib/python3.12/site-packages/pip/_vendor/msgpack) by extension 'colcon_meta'
[1.026s] Level 1:colcon.colcon_core.package_identification:_identify(LCD_web/portamail_ui/venv/lib/python3.12/site-packages/pip/_vendor/msgpack) by extensions ['ros']
[1.026s] Level 1:colcon.colcon_core.package_identification:_identify(LCD_web/portamail_ui/venv/lib/python3.12/site-packages/pip/_vendor/msgpack) by extension 'ros'
[1.027s] Level 1:colcon.colcon_core.package_identification:_identify(LCD_web/portamail_ui/venv/lib/python3.12/site-packages/pip/_vendor/msgpack) by extensions ['cmake', 'python']
[1.027s] Level 1:colcon.colcon_core.package_identification:_identify(LCD_web/portamail_ui/venv/lib/python3.12/site-packages/pip/_vendor/msgpack) by extension 'cmake'
[1.027s] Level 1:colcon.colcon_core.package_identification:_identify(LCD_web/portamail_ui/venv/lib/python3.12/site-packages/pip/_vendor/msgpack) by extension 'python'
[1.027s] Level 1:colcon.colcon_core.package_identification:_identify(LCD_web/portamail_ui/venv/lib/python3.12/site-packages/pip/_vendor/msgpack) by extensions ['python_setup_py']
[1.027s] Level 1:colcon.colcon_core.package_identification:_identify(LCD_web/portamail_ui/venv/lib/python3.12/site-packages/pip/_vendor/msgpack) by extension 'python_setup_py'
[1.027s] Level 1:colcon.colcon_core.package_identification:_identify(LCD_web/portamail_ui/venv/lib/python3.12/site-packages/pip/_vendor/msgpack/__pycache__) by extensions ['ignore', 'ignore_ament_install']
[1.027s] Level 1:colcon.colcon_core.package_identification:_identify(LCD_web/portamail_ui/venv/lib/python3.12/site-packages/pip/_vendor/msgpack/__pycache__) by extension 'ignore'
[1.027s] Level 1:colcon.colcon_core.package_identification:_identify(LCD_web/portamail_ui/venv/lib/python3.12/site-packages/pip/_vendor/msgpack/__pycache__) by extension 'ignore_ament_install'
[1.027s] Level 1:colcon.colcon_core.package_identification:_identify(LCD_web/portamail_ui/venv/lib/python3.12/site-packages/pip/_vendor/msgpack/__pycache__) by extensions ['colcon_pkg']
[1.027s] Level 1:colcon.colcon_core.package_identification:_identify(LCD_web/portamail_ui/venv/lib/python3.12/site-packages/pip/_vendor/msgpack/__pycache__) by extension 'colcon_pkg'
[1.027s] Level 1:colcon.colcon_core.package_identification:_identify(LCD_web/portamail_ui/venv/lib/python3.12/site-packages/pip/_vendor/msgpack/__pycache__) by extensions ['colcon_meta']
[1.027s] Level 1:colcon.colcon_core.package_identification:_identify(LCD_web/portamail_ui/venv/lib/python3.12/site-packages/pip/_vendor/msgpack/__pycache__) by extension 'colcon_meta'
[1.027s] Level 1:colcon.colcon_core.package_identification:_identify(LCD_web/portamail_ui/venv/lib/python3.12/site-packages/pip/_vendor/msgpack/__pycache__) by extensions ['ros']
[1.027s] Level 1:colcon.colcon_core.package_identification:_identify(LCD_web/portamail_ui/venv/lib/python3.12/site-packages/pip/_vendor/msgpack/__pycache__) by extension 'ros'
[1.027s] Level 1:colcon.colcon_core.package_identification:_identify(LCD_web/portamail_ui/venv/lib/python3.12/site-packages/pip/_vendor/msgpack/__pycache__) by extensions ['cmake', 'python']
[1.028s] Level 1:colcon.colcon_core.package_identification:_identify(LCD_web/portamail_ui/venv/lib/python3.12/site-packages/pip/_vendor/msgpack/__pycache__) by extension 'cmake'
[1.028s] Level 1:colcon.colcon_core.package_identification:_identify(LCD_web/portamail_ui/venv/lib/python3.12/site-packages/pip/_vendor/msgpack/__pycache__) by extension 'python'
[1.028s] Level 1:colcon.colcon_core.package_identification:_identify(LCD_web/portamail_ui/venv/lib/python3.12/site-packages/pip/_vendor/msgpack/__pycache__) by extensions ['python_setup_py']
[1.028s] Level 1:colcon.colcon_core.package_identification:_identify(LCD_web/portamail_ui/venv/lib/python3.12/site-packages/pip/_vendor/msgpack/__pycache__) by extension 'python_setup_py'
[1.028s] Level 1:colcon.colcon_core.package_identification:_identify(LCD_web/portamail_ui/venv/lib/python3.12/site-packages/pip/_vendor/packaging) by extensions ['ignore', 'ignore_ament_install']
[1.028s] Level 1:colcon.colcon_core.package_identification:_identify(LCD_web/portamail_ui/venv/lib/python3.12/site-packages/pip/_vendor/packaging) by extension 'ignore'
[1.028s] Level 1:colcon.colcon_core.package_identification:_identify(LCD_web/portamail_ui/venv/lib/python3.12/site-packages/pip/_vendor/packaging) by extension 'ignore_ament_install'
[1.028s] Level 1:colcon.colcon_core.package_identification:_identify(LCD_web/portamail_ui/venv/lib/python3.12/site-packages/pip/_vendor/packaging) by extensions ['colcon_pkg']
[1.028s] Level 1:colcon.colcon_core.package_identification:_identify(LCD_web/portamail_ui/venv/lib/python3.12/site-packages/pip/_vendor/packaging) by extension 'colcon_pkg'
[1.028s] Level 1:colcon.colcon_core.package_identification:_identify(LCD_web/portamail_ui/venv/lib/python3.12/site-packages/pip/_vendor/packaging) by extensions ['colcon_meta']
[1.028s] Level 1:colcon.colcon_core.package_identification:_identify(LCD_web/portamail_ui/venv/lib/python3.12/site-packages/pip/_vendor/packaging) by extension 'colcon_meta'
[1.028s] Level 1:colcon.colcon_core.package_identification:_identify(LCD_web/portamail_ui/venv/lib/python3.12/site-packages/pip/_vendor/packaging) by extensions ['ros']
[1.028s] Level 1:colcon.colcon_core.package_identification:_identify(LCD_web/portamail_ui/venv/lib/python3.12/site-packages/pip/_vendor/packaging) by extension 'ros'
[1.028s] Level 1:colcon.colcon_core.package_identification:_identify(LCD_web/portamail_ui/venv/lib/python3.12/site-packages/pip/_vendor/packaging) by extensions ['cmake', 'python']
[1.028s] Level 1:colcon.colcon_core.package_identification:_identify(LCD_web/portamail_ui/venv/lib/python3.12/site-packages/pip/_vendor/packaging) by extension 'cmake'
[1.028s] Level 1:colcon.colcon_core.package_identification:_identify(LCD_web/portamail_ui/venv/lib/python3.12/site-packages/pip/_vendor/packaging) by extension 'python'
[1.029s] Level 1:colcon.colcon_core.package_identification:_identify(LCD_web/portamail_ui/venv/lib/python3.12/site-packages/pip/_vendor/packaging) by extensions ['python_setup_py']
[1.029s] Level 1:colcon.colcon_core.package_identification:_identify(LCD_web/portamail_ui/venv/lib/python3.12/site-packages/pip/_vendor/packaging) by extension 'python_setup_py'
[1.029s] Level 1:colcon.colcon_core.package_identification:_identify(LCD_web/portamail_ui/venv/lib/python3.12/site-packages/pip/_vendor/packaging/__pycache__) by extensions ['ignore', 'ignore_ament_install']
[1.029s] Level 1:colcon.colcon_core.package_identification:_identify(LCD_web/portamail_ui/venv/lib/python3.12/site-packages/pip/_vendor/packaging/__pycache__) by extension 'ignore'
[1.029s] Level 1:colcon.colcon_core.package_identification:_identify(LCD_web/portamail_ui/venv/lib/python3.12/site-packages/pip/_vendor/packaging/__pycache__) by extension 'ignore_ament_install'
[1.029s] Level 1:colcon.colcon_core.package_identification:_identify(LCD_web/portamail_ui/venv/lib/python3.12/site-packages/pip/_vendor/packaging/__pycache__) by extensions ['colcon_pkg']
[1.029s] Level 1:colcon.colcon_core.package_identification:_identify(LCD_web/portamail_ui/venv/lib/python3.12/site-packages/pip/_vendor/packaging/__pycache__) by extension 'colcon_pkg'
[1.029s] Level 1:colcon.colcon_core.package_identification:_identify(LCD_web/portamail_ui/venv/lib/python3.12/site-packages/pip/_vendor/packaging/__pycache__) by extensions ['colcon_meta']
[1.029s] Level 1:colcon.colcon_core.package_identification:_identify(LCD_web/portamail_ui/venv/lib/python3.12/site-packages/pip/_vendor/packaging/__pycache__) by extension 'colcon_meta'
[1.029s] Level 1:colcon.colcon_core.package_identification:_identify(LCD_web/portamail_ui/venv/lib/python3.12/site-packages/pip/_vendor/packaging/__pycache__) by extensions ['ros']
[1.029s] Level 1:colcon.colcon_core.package_identification:_identify(LCD_web/portamail_ui/venv/lib/python3.12/site-packages/pip/_vendor/packaging/__pycache__) by extension 'ros'
[1.029s] Level 1:colcon.colcon_core.package_identification:_identify(LCD_web/portamail_ui/venv/lib/python3.12/site-packages/pip/_vendor/packaging/__pycache__) by extensions ['cmake', 'python']
[1.029s] Level 1:colcon.colcon_core.package_identification:_identify(LCD_web/portamail_ui/venv/lib/python3.12/site-packages/pip/_vendor/packaging/__pycache__) by extension 'cmake'
[1.029s] Level 1:colcon.colcon_core.package_identification:_identify(LCD_web/portamail_ui/venv/lib/python3.12/site-packages/pip/_vendor/packaging/__pycache__) by extension 'python'
[1.029s] Level 1:colcon.colcon_core.package_identification:_identify(LCD_web/portamail_ui/venv/lib/python3.12/site-packages/pip/_vendor/packaging/__pycache__) by extensions ['python_setup_py']
[1.029s] Level 1:colcon.colcon_core.package_identification:_identify(LCD_web/portamail_ui/venv/lib/python3.12/site-packages/pip/_vendor/packaging/__pycache__) by extension 'python_setup_py'
[1.030s] Level 1:colcon.colcon_core.package_identification:_identify(LCD_web/portamail_ui/venv/lib/python3.12/site-packages/pip/_vendor/pkg_resources) by extensions ['ignore', 'ignore_ament_install']
[1.030s] Level 1:colcon.colcon_core.package_identification:_identify(LCD_web/portamail_ui/venv/lib/python3.12/site-packages/pip/_vendor/pkg_resources) by extension 'ignore'
[1.030s] Level 1:colcon.colcon_core.package_identification:_identify(LCD_web/portamail_ui/venv/lib/python3.12/site-packages/pip/_vendor/pkg_resources) by extension 'ignore_ament_install'
[1.030s] Level 1:colcon.colcon_core.package_identification:_identify(LCD_web/portamail_ui/venv/lib/python3.12/site-packages/pip/_vendor/pkg_resources) by extensions ['colcon_pkg']
[1.030s] Level 1:colcon.colcon_core.package_identification:_identify(LCD_web/portamail_ui/venv/lib/python3.12/site-packages/pip/_vendor/pkg_resources) by extension 'colcon_pkg'
[1.030s] Level 1:colcon.colcon_core.package_identification:_identify(LCD_web/portamail_ui/venv/lib/python3.12/site-packages/pip/_vendor/pkg_resources) by extensions ['colcon_meta']
[1.030s] Level 1:colcon.colcon_core.package_identification:_identify(LCD_web/portamail_ui/venv/lib/python3.12/site-packages/pip/_vendor/pkg_resources) by extension 'colcon_meta'
[1.030s] Level 1:colcon.colcon_core.package_identification:_identify(LCD_web/portamail_ui/venv/lib/python3.12/site-packages/pip/_vendor/pkg_resources) by extensions ['ros']
[1.030s] Level 1:colcon.colcon_core.package_identification:_identify(LCD_web/portamail_ui/venv/lib/python3.12/site-packages/pip/_vendor/pkg_resources) by extension 'ros'
[1.030s] Level 1:colcon.colcon_core.package_identification:_identify(LCD_web/portamail_ui/venv/lib/python3.12/site-packages/pip/_vendor/pkg_resources) by extensions ['cmake', 'python']
[1.030s] Level 1:colcon.colcon_core.package_identification:_identify(LCD_web/portamail_ui/venv/lib/python3.12/site-packages/pip/_vendor/pkg_resources) by extension 'cmake'
[1.030s] Level 1:colcon.colcon_core.package_identification:_identify(LCD_web/portamail_ui/venv/lib/python3.12/site-packages/pip/_vendor/pkg_resources) by extension 'python'
[1.030s] Level 1:colcon.colcon_core.package_identification:_identify(LCD_web/portamail_ui/venv/lib/python3.12/site-packages/pip/_vendor/pkg_resources) by extensions ['python_setup_py']
[1.030s] Level 1:colcon.colcon_core.package_identification:_identify(LCD_web/portamail_ui/venv/lib/python3.12/site-packages/pip/_vendor/pkg_resources) by extension 'python_setup_py'
[1.031s] Level 1:colcon.colcon_core.package_identification:_identify(LCD_web/portamail_ui/venv/lib/python3.12/site-packages/pip/_vendor/pkg_resources/__pycache__) by extensions ['ignore', 'ignore_ament_install']
[1.031s] Level 1:colcon.colcon_core.package_identification:_identify(LCD_web/portamail_ui/venv/lib/python3.12/site-packages/pip/_vendor/pkg_resources/__pycache__) by extension 'ignore'
[1.031s] Level 1:colcon.colcon_core.package_identification:_identify(LCD_web/portamail_ui/venv/lib/python3.12/site-packages/pip/_vendor/pkg_resources/__pycache__) by extension 'ignore_ament_install'
[1.031s] Level 1:colcon.colcon_core.package_identification:_identify(LCD_web/portamail_ui/venv/lib/python3.12/site-packages/pip/_vendor/pkg_resources/__pycache__) by extensions ['colcon_pkg']
[1.031s] Level 1:colcon.colcon_core.package_identification:_identify(LCD_web/portamail_ui/venv/lib/python3.12/site-packages/pip/_vendor/pkg_resources/__pycache__) by extension 'colcon_pkg'
[1.031s] Level 1:colcon.colcon_core.package_identification:_identify(LCD_web/portamail_ui/venv/lib/python3.12/site-packages/pip/_vendor/pkg_resources/__pycache__) by extensions ['colcon_meta']
[1.031s] Level 1:colcon.colcon_core.package_identification:_identify(LCD_web/portamail_ui/venv/lib/python3.12/site-packages/pip/_vendor/pkg_resources/__pycache__) by extension 'colcon_meta'
[1.031s] Level 1:colcon.colcon_core.package_identification:_identify(LCD_web/portamail_ui/venv/lib/python3.12/site-packages/pip/_vendor/pkg_resources/__pycache__) by extensions ['ros']
[1.031s] Level 1:colcon.colcon_core.package_identification:_identify(LCD_web/portamail_ui/venv/lib/python3.12/site-packages/pip/_vendor/pkg_resources/__pycache__) by extension 'ros'
[1.031s] Level 1:colcon.colcon_core.package_identification:_identify(LCD_web/portamail_ui/venv/lib/python3.12/site-packages/pip/_vendor/pkg_resources/__pycache__) by extensions ['cmake', 'python']
[1.031s] Level 1:colcon.colcon_core.package_identification:_identify(LCD_web/portamail_ui/venv/lib/python3.12/site-packages/pip/_vendor/pkg_resources/__pycache__) by extension 'cmake'
[1.031s] Level 1:colcon.colcon_core.package_identification:_identify(LCD_web/portamail_ui/venv/lib/python3.12/site-packages/pip/_vendor/pkg_resources/__pycache__) by extension 'python'
[1.031s] Level 1:colcon.colcon_core.package_identification:_identify(LCD_web/portamail_ui/venv/lib/python3.12/site-packages/pip/_vendor/pkg_resources/__pycache__) by extensions ['python_setup_py']
[1.031s] Level 1:colcon.colcon_core.package_identification:_identify(LCD_web/portamail_ui/venv/lib/python3.12/site-packages/pip/_vendor/pkg_resources/__pycache__) by extension 'python_setup_py'
[1.032s] Level 1:colcon.colcon_core.package_identification:_identify(LCD_web/portamail_ui/venv/lib/python3.12/site-packages/pip/_vendor/platformdirs) by extensions ['ignore', 'ignore_ament_install']
[1.032s] Level 1:colcon.colcon_core.package_identification:_identify(LCD_web/portamail_ui/venv/lib/python3.12/site-packages/pip/_vendor/platformdirs) by extension 'ignore'
[1.032s] Level 1:colcon.colcon_core.package_identification:_identify(LCD_web/portamail_ui/venv/lib/python3.12/site-packages/pip/_vendor/platformdirs) by extension 'ignore_ament_install'
[1.032s] Level 1:colcon.colcon_core.package_identification:_identify(LCD_web/portamail_ui/venv/lib/python3.12/site-packages/pip/_vendor/platformdirs) by extensions ['colcon_pkg']
[1.032s] Level 1:colcon.colcon_core.package_identification:_identify(LCD_web/portamail_ui/venv/lib/python3.12/site-packages/pip/_vendor/platformdirs) by extension 'colcon_pkg'
[1.032s] Level 1:colcon.colcon_core.package_identification:_identify(LCD_web/portamail_ui/venv/lib/python3.12/site-packages/pip/_vendor/platformdirs) by extensions ['colcon_meta']
[1.032s] Level 1:colcon.colcon_core.package_identification:_identify(LCD_web/portamail_ui/venv/lib/python3.12/site-packages/pip/_vendor/platformdirs) by extension 'colcon_meta'
[1.032s] Level 1:colcon.colcon_core.package_identification:_identify(LCD_web/portamail_ui/venv/lib/python3.12/site-packages/pip/_vendor/platformdirs) by extensions ['ros']
[1.032s] Level 1:colcon.colcon_core.package_identification:_identify(LCD_web/portamail_ui/venv/lib/python3.12/site-packages/pip/_vendor/platformdirs) by extension 'ros'
[1.032s] Level 1:colcon.colcon_core.package_identification:_identify(LCD_web/portamail_ui/venv/lib/python3.12/site-packages/pip/_vendor/platformdirs) by extensions ['cmake', 'python']
[1.032s] Level 1:colcon.colcon_core.package_identification:_identify(LCD_web/portamail_ui/venv/lib/python3.12/site-packages/pip/_vendor/platformdirs) by extension 'cmake'
[1.032s] Level 1:colcon.colcon_core.package_identification:_identify(LCD_web/portamail_ui/venv/lib/python3.12/site-packages/pip/_vendor/platformdirs) by extension 'python'
[1.032s] Level 1:colcon.colcon_core.package_identification:_identify(LCD_web/portamail_ui/venv/lib/python3.12/site-packages/pip/_vendor/platformdirs) by extensions ['python_setup_py']
[1.032s] Level 1:colcon.colcon_core.package_identification:_identify(LCD_web/portamail_ui/venv/lib/python3.12/site-packages/pip/_vendor/platformdirs) by extension 'python_setup_py'
[1.033s] Level 1:colcon.colcon_core.package_identification:_identify(LCD_web/portamail_ui/venv/lib/python3.12/site-packages/pip/_vendor/platformdirs/__pycache__) by extensions ['ignore', 'ignore_ament_install']
[1.033s] Level 1:colcon.colcon_core.package_identification:_identify(LCD_web/portamail_ui/venv/lib/python3.12/site-packages/pip/_vendor/platformdirs/__pycache__) by extension 'ignore'
[1.033s] Level 1:colcon.colcon_core.package_identification:_identify(LCD_web/portamail_ui/venv/lib/python3.12/site-packages/pip/_vendor/platformdirs/__pycache__) by extension 'ignore_ament_install'
[1.033s] Level 1:colcon.colcon_core.package_identification:_identify(LCD_web/portamail_ui/venv/lib/python3.12/site-packages/pip/_vendor/platformdirs/__pycache__) by extensions ['colcon_pkg']
[1.033s] Level 1:colcon.colcon_core.package_identification:_identify(LCD_web/portamail_ui/venv/lib/python3.12/site-packages/pip/_vendor/platformdirs/__pycache__) by extension 'colcon_pkg'
[1.033s] Level 1:colcon.colcon_core.package_identification:_identify(LCD_web/portamail_ui/venv/lib/python3.12/site-packages/pip/_vendor/platformdirs/__pycache__) by extensions ['colcon_meta']
[1.033s] Level 1:colcon.colcon_core.package_identification:_identify(LCD_web/portamail_ui/venv/lib/python3.12/site-packages/pip/_vendor/platformdirs/__pycache__) by extension 'colcon_meta'
[1.033s] Level 1:colcon.colcon_core.package_identification:_identify(LCD_web/portamail_ui/venv/lib/python3.12/site-packages/pip/_vendor/platformdirs/__pycache__) by extensions ['ros']
[1.033s] Level 1:colcon.colcon_core.package_identification:_identify(LCD_web/portamail_ui/venv/lib/python3.12/site-packages/pip/_vendor/platformdirs/__pycache__) by extension 'ros'
[1.033s] Level 1:colcon.colcon_core.package_identification:_identify(LCD_web/portamail_ui/venv/lib/python3.12/site-packages/pip/_vendor/platformdirs/__pycache__) by extensions ['cmake', 'python']
[1.033s] Level 1:colcon.colcon_core.package_identification:_identify(LCD_web/portamail_ui/venv/lib/python3.12/site-packages/pip/_vendor/platformdirs/__pycache__) by extension 'cmake'
[1.033s] Level 1:colcon.colcon_core.package_identification:_identify(LCD_web/portamail_ui/venv/lib/python3.12/site-packages/pip/_vendor/platformdirs/__pycache__) by extension 'python'
[1.033s] Level 1:colcon.colcon_core.package_identification:_identify(LCD_web/portamail_ui/venv/lib/python3.12/site-packages/pip/_vendor/platformdirs/__pycache__) by extensions ['python_setup_py']
[1.033s] Level 1:colcon.colcon_core.package_identification:_identify(LCD_web/portamail_ui/venv/lib/python3.12/site-packages/pip/_vendor/platformdirs/__pycache__) by extension 'python_setup_py'
[1.033s] Level 1:colcon.colcon_core.package_identification:_identify(LCD_web/portamail_ui/venv/lib/python3.12/site-packages/pip/_vendor/pygments) by extensions ['ignore', 'ignore_ament_install']
[1.034s] Level 1:colcon.colcon_core.package_identification:_identify(LCD_web/portamail_ui/venv/lib/python3.12/site-packages/pip/_vendor/pygments) by extension 'ignore'
[1.034s] Level 1:colcon.colcon_core.package_identification:_identify(LCD_web/portamail_ui/venv/lib/python3.12/site-packages/pip/_vendor/pygments) by extension 'ignore_ament_install'
[1.034s] Level 1:colcon.colcon_core.package_identification:_identify(LCD_web/portamail_ui/venv/lib/python3.12/site-packages/pip/_vendor/pygments) by extensions ['colcon_pkg']
[1.034s] Level 1:colcon.colcon_core.package_identification:_identify(LCD_web/portamail_ui/venv/lib/python3.12/site-packages/pip/_vendor/pygments) by extension 'colcon_pkg'
[1.034s] Level 1:colcon.colcon_core.package_identification:_identify(LCD_web/portamail_ui/venv/lib/python3.12/site-packages/pip/_vendor/pygments) by extensions ['colcon_meta']
[1.034s] Level 1:colcon.colcon_core.package_identification:_identify(LCD_web/portamail_ui/venv/lib/python3.12/site-packages/pip/_vendor/pygments) by extension 'colcon_meta'
[1.034s] Level 1:colcon.colcon_core.package_identification:_identify(LCD_web/portamail_ui/venv/lib/python3.12/site-packages/pip/_vendor/pygments) by extensions ['ros']
[1.034s] Level 1:colcon.colcon_core.package_identification:_identify(LCD_web/portamail_ui/venv/lib/python3.12/site-packages/pip/_vendor/pygments) by extension 'ros'
[1.034s] Level 1:colcon.colcon_core.package_identification:_identify(LCD_web/portamail_ui/venv/lib/python3.12/site-packages/pip/_vendor/pygments) by extensions ['cmake', 'python']
[1.034s] Level 1:colcon.colcon_core.package_identification:_identify(LCD_web/portamail_ui/venv/lib/python3.12/site-packages/pip/_vendor/pygments) by extension 'cmake'
[1.034s] Level 1:colcon.colcon_core.package_identification:_identify(LCD_web/portamail_ui/venv/lib/python3.12/site-packages/pip/_vendor/pygments) by extension 'python'
[1.034s] Level 1:colcon.colcon_core.package_identification:_identify(LCD_web/portamail_ui/venv/lib/python3.12/site-packages/pip/_vendor/pygments) by extensions ['python_setup_py']
[1.034s] Level 1:colcon.colcon_core.package_identification:_identify(LCD_web/portamail_ui/venv/lib/python3.12/site-packages/pip/_vendor/pygments) by extension 'python_setup_py'
[1.034s] Level 1:colcon.colcon_core.package_identification:_identify(LCD_web/portamail_ui/venv/lib/python3.12/site-packages/pip/_vendor/pygments/__pycache__) by extensions ['ignore', 'ignore_ament_install']
[1.034s] Level 1:colcon.colcon_core.package_identification:_identify(LCD_web/portamail_ui/venv/lib/python3.12/site-packages/pip/_vendor/pygments/__pycache__) by extension 'ignore'
[1.035s] Level 1:colcon.colcon_core.package_identification:_identify(LCD_web/portamail_ui/venv/lib/python3.12/site-packages/pip/_vendor/pygments/__pycache__) by extension 'ignore_ament_install'
[1.035s] Level 1:colcon.colcon_core.package_identification:_identify(LCD_web/portamail_ui/venv/lib/python3.12/site-packages/pip/_vendor/pygments/__pycache__) by extensions ['colcon_pkg']
[1.035s] Level 1:colcon.colcon_core.package_identification:_identify(LCD_web/portamail_ui/venv/lib/python3.12/site-packages/pip/_vendor/pygments/__pycache__) by extension 'colcon_pkg'
[1.035s] Level 1:colcon.colcon_core.package_identification:_identify(LCD_web/portamail_ui/venv/lib/python3.12/site-packages/pip/_vendor/pygments/__pycache__) by extensions ['colcon_meta']
[1.035s] Level 1:colcon.colcon_core.package_identification:_identify(LCD_web/portamail_ui/venv/lib/python3.12/site-packages/pip/_vendor/pygments/__pycache__) by extension 'colcon_meta'
[1.035s] Level 1:colcon.colcon_core.package_identification:_identify(LCD_web/portamail_ui/venv/lib/python3.12/site-packages/pip/_vendor/pygments/__pycache__) by extensions ['ros']
[1.035s] Level 1:colcon.colcon_core.package_identification:_identify(LCD_web/portamail_ui/venv/lib/python3.12/site-packages/pip/_vendor/pygments/__pycache__) by extension 'ros'
[1.035s] Level 1:colcon.colcon_core.package_identification:_identify(LCD_web/portamail_ui/venv/lib/python3.12/site-packages/pip/_vendor/pygments/__pycache__) by extensions ['cmake', 'python']
[1.035s] Level 1:colcon.colcon_core.package_identification:_identify(LCD_web/portamail_ui/venv/lib/python3.12/site-packages/pip/_vendor/pygments/__pycache__) by extension 'cmake'
[1.035s] Level 1:colcon.colcon_core.package_identification:_identify(LCD_web/portamail_ui/venv/lib/python3.12/site-packages/pip/_vendor/pygments/__pycache__) by extension 'python'
[1.035s] Level 1:colcon.colcon_core.package_identification:_identify(LCD_web/portamail_ui/venv/lib/python3.12/site-packages/pip/_vendor/pygments/__pycache__) by extensions ['python_setup_py']
[1.035s] Level 1:colcon.colcon_core.package_identification:_identify(LCD_web/portamail_ui/venv/lib/python3.12/site-packages/pip/_vendor/pygments/__pycache__) by extension 'python_setup_py'
[1.035s] Level 1:colcon.colcon_core.package_identification:_identify(LCD_web/portamail_ui/venv/lib/python3.12/site-packages/pip/_vendor/pygments/filters) by extensions ['ignore', 'ignore_ament_install']
[1.035s] Level 1:colcon.colcon_core.package_identification:_identify(LCD_web/portamail_ui/venv/lib/python3.12/site-packages/pip/_vendor/pygments/filters) by extension 'ignore'
[1.036s] Level 1:colcon.colcon_core.package_identification:_identify(LCD_web/portamail_ui/venv/lib/python3.12/site-packages/pip/_vendor/pygments/filters) by extension 'ignore_ament_install'
[1.036s] Level 1:colcon.colcon_core.package_identification:_identify(LCD_web/portamail_ui/venv/lib/python3.12/site-packages/pip/_vendor/pygments/filters) by extensions ['colcon_pkg']
[1.036s] Level 1:colcon.colcon_core.package_identification:_identify(LCD_web/portamail_ui/venv/lib/python3.12/site-packages/pip/_vendor/pygments/filters) by extension 'colcon_pkg'
[1.036s] Level 1:colcon.colcon_core.package_identification:_identify(LCD_web/portamail_ui/venv/lib/python3.12/site-packages/pip/_vendor/pygments/filters) by extensions ['colcon_meta']
[1.036s] Level 1:colcon.colcon_core.package_identification:_identify(LCD_web/portamail_ui/venv/lib/python3.12/site-packages/pip/_vendor/pygments/filters) by extension 'colcon_meta'
[1.036s] Level 1:colcon.colcon_core.package_identification:_identify(LCD_web/portamail_ui/venv/lib/python3.12/site-packages/pip/_vendor/pygments/filters) by extensions ['ros']
[1.036s] Level 1:colcon.colcon_core.package_identification:_identify(LCD_web/portamail_ui/venv/lib/python3.12/site-packages/pip/_vendor/pygments/filters) by extension 'ros'
[1.036s] Level 1:colcon.colcon_core.package_identification:_identify(LCD_web/portamail_ui/venv/lib/python3.12/site-packages/pip/_vendor/pygments/filters) by extensions ['cmake', 'python']
[1.036s] Level 1:colcon.colcon_core.package_identification:_identify(LCD_web/portamail_ui/venv/lib/python3.12/site-packages/pip/_vendor/pygments/filters) by extension 'cmake'
[1.036s] Level 1:colcon.colcon_core.package_identification:_identify(LCD_web/portamail_ui/venv/lib/python3.12/site-packages/pip/_vendor/pygments/filters) by extension 'python'
[1.036s] Level 1:colcon.colcon_core.package_identification:_identify(LCD_web/portamail_ui/venv/lib/python3.12/site-packages/pip/_vendor/pygments/filters) by extensions ['python_setup_py']
[1.036s] Level 1:colcon.colcon_core.package_identification:_identify(LCD_web/portamail_ui/venv/lib/python3.12/site-packages/pip/_vendor/pygments/filters) by extension 'python_setup_py'
[1.036s] Level 1:colcon.colcon_core.package_identification:_identify(LCD_web/portamail_ui/venv/lib/python3.12/site-packages/pip/_vendor/pygments/filters/__pycache__) by extensions ['ignore', 'ignore_ament_install']
[1.036s] Level 1:colcon.colcon_core.package_identification:_identify(LCD_web/portamail_ui/venv/lib/python3.12/site-packages/pip/_vendor/pygments/filters/__pycache__) by extension 'ignore'
[1.036s] Level 1:colcon.colcon_core.package_identification:_identify(LCD_web/portamail_ui/venv/lib/python3.12/site-packages/pip/_vendor/pygments/filters/__pycache__) by extension 'ignore_ament_install'
[1.037s] Level 1:colcon.colcon_core.package_identification:_identify(LCD_web/portamail_ui/venv/lib/python3.12/site-packages/pip/_vendor/pygments/filters/__pycache__) by extensions ['colcon_pkg']
[1.037s] Level 1:colcon.colcon_core.package_identification:_identify(LCD_web/portamail_ui/venv/lib/python3.12/site-packages/pip/_vendor/pygments/filters/__pycache__) by extension 'colcon_pkg'
[1.037s] Level 1:colcon.colcon_core.package_identification:_identify(LCD_web/portamail_ui/venv/lib/python3.12/site-packages/pip/_vendor/pygments/filters/__pycache__) by extensions ['colcon_meta']
[1.037s] Level 1:colcon.colcon_core.package_identification:_identify(LCD_web/portamail_ui/venv/lib/python3.12/site-packages/pip/_vendor/pygments/filters/__pycache__) by extension 'colcon_meta'
[1.037s] Level 1:colcon.colcon_core.package_identification:_identify(LCD_web/portamail_ui/venv/lib/python3.12/site-packages/pip/_vendor/pygments/filters/__pycache__) by extensions ['ros']
[1.037s] Level 1:colcon.colcon_core.package_identification:_identify(LCD_web/portamail_ui/venv/lib/python3.12/site-packages/pip/_vendor/pygments/filters/__pycache__) by extension 'ros'
[1.037s] Level 1:colcon.colcon_core.package_identification:_identify(LCD_web/portamail_ui/venv/lib/python3.12/site-packages/pip/_vendor/pygments/filters/__pycache__) by extensions ['cmake', 'python']
[1.037s] Level 1:colcon.colcon_core.package_identification:_identify(LCD_web/portamail_ui/venv/lib/python3.12/site-packages/pip/_vendor/pygments/filters/__pycache__) by extension 'cmake'
[1.037s] Level 1:colcon.colcon_core.package_identification:_identify(LCD_web/portamail_ui/venv/lib/python3.12/site-packages/pip/_vendor/pygments/filters/__pycache__) by extension 'python'
[1.037s] Level 1:colcon.colcon_core.package_identification:_identify(LCD_web/portamail_ui/venv/lib/python3.12/site-packages/pip/_vendor/pygments/filters/__pycache__) by extensions ['python_setup_py']
[1.037s] Level 1:colcon.colcon_core.package_identification:_identify(LCD_web/portamail_ui/venv/lib/python3.12/site-packages/pip/_vendor/pygments/filters/__pycache__) by extension 'python_setup_py'
[1.038s] Level 1:colcon.colcon_core.package_identification:_identify(LCD_web/portamail_ui/venv/lib/python3.12/site-packages/pip/_vendor/pygments/formatters) by extensions ['ignore', 'ignore_ament_install']
[1.038s] Level 1:colcon.colcon_core.package_identification:_identify(LCD_web/portamail_ui/venv/lib/python3.12/site-packages/pip/_vendor/pygments/formatters) by extension 'ignore'
[1.038s] Level 1:colcon.colcon_core.package_identification:_identify(LCD_web/portamail_ui/venv/lib/python3.12/site-packages/pip/_vendor/pygments/formatters) by extension 'ignore_ament_install'
[1.038s] Level 1:colcon.colcon_core.package_identification:_identify(LCD_web/portamail_ui/venv/lib/python3.12/site-packages/pip/_vendor/pygments/formatters) by extensions ['colcon_pkg']
[1.038s] Level 1:colcon.colcon_core.package_identification:_identify(LCD_web/portamail_ui/venv/lib/python3.12/site-packages/pip/_vendor/pygments/formatters) by extension 'colcon_pkg'
[1.038s] Level 1:colcon.colcon_core.package_identification:_identify(LCD_web/portamail_ui/venv/lib/python3.12/site-packages/pip/_vendor/pygments/formatters) by extensions ['colcon_meta']
[1.038s] Level 1:colcon.colcon_core.package_identification:_identify(LCD_web/portamail_ui/venv/lib/python3.12/site-packages/pip/_vendor/pygments/formatters) by extension 'colcon_meta'
[1.038s] Level 1:colcon.colcon_core.package_identification:_identify(LCD_web/portamail_ui/venv/lib/python3.12/site-packages/pip/_vendor/pygments/formatters) by extensions ['ros']
[1.038s] Level 1:colcon.colcon_core.package_identification:_identify(LCD_web/portamail_ui/venv/lib/python3.12/site-packages/pip/_vendor/pygments/formatters) by extension 'ros'
[1.038s] Level 1:colcon.colcon_core.package_identification:_identify(LCD_web/portamail_ui/venv/lib/python3.12/site-packages/pip/_vendor/pygments/formatters) by extensions ['cmake', 'python']
[1.038s] Level 1:colcon.colcon_core.package_identification:_identify(LCD_web/portamail_ui/venv/lib/python3.12/site-packages/pip/_vendor/pygments/formatters) by extension 'cmake'
[1.039s] Level 1:colcon.colcon_core.package_identification:_identify(LCD_web/portamail_ui/venv/lib/python3.12/site-packages/pip/_vendor/pygments/formatters) by extension 'python'
[1.039s] Level 1:colcon.colcon_core.package_identification:_identify(LCD_web/portamail_ui/venv/lib/python3.12/site-packages/pip/_vendor/pygments/formatters) by extensions ['python_setup_py']
[1.039s] Level 1:colcon.colcon_core.package_identification:_identify(LCD_web/portamail_ui/venv/lib/python3.12/site-packages/pip/_vendor/pygments/formatters) by extension 'python_setup_py'
[1.040s] Level 1:colcon.colcon_core.package_identification:_identify(LCD_web/portamail_ui/venv/lib/python3.12/site-packages/pip/_vendor/pygments/formatters/__pycache__) by extensions ['ignore', 'ignore_ament_install']
[1.040s] Level 1:colcon.colcon_core.package_identification:_identify(LCD_web/portamail_ui/venv/lib/python3.12/site-packages/pip/_vendor/pygments/formatters/__pycache__) by extension 'ignore'
[1.040s] Level 1:colcon.colcon_core.package_identification:_identify(LCD_web/portamail_ui/venv/lib/python3.12/site-packages/pip/_vendor/pygments/formatters/__pycache__) by extension 'ignore_ament_install'
[1.040s] Level 1:colcon.colcon_core.package_identification:_identify(LCD_web/portamail_ui/venv/lib/python3.12/site-packages/pip/_vendor/pygments/formatters/__pycache__) by extensions ['colcon_pkg']
[1.040s] Level 1:colcon.colcon_core.package_identification:_identify(LCD_web/portamail_ui/venv/lib/python3.12/site-packages/pip/_vendor/pygments/formatters/__pycache__) by extension 'colcon_pkg'
[1.040s] Level 1:colcon.colcon_core.package_identification:_identify(LCD_web/portamail_ui/venv/lib/python3.12/site-packages/pip/_vendor/pygments/formatters/__pycache__) by extensions ['colcon_meta']
[1.040s] Level 1:colcon.colcon_core.package_identification:_identify(LCD_web/portamail_ui/venv/lib/python3.12/site-packages/pip/_vendor/pygments/formatters/__pycache__) by extension 'colcon_meta'
[1.040s] Level 1:colcon.colcon_core.package_identification:_identify(LCD_web/portamail_ui/venv/lib/python3.12/site-packages/pip/_vendor/pygments/formatters/__pycache__) by extensions ['ros']
[1.040s] Level 1:colcon.colcon_core.package_identification:_identify(LCD_web/portamail_ui/venv/lib/python3.12/site-packages/pip/_vendor/pygments/formatters/__pycache__) by extension 'ros'
[1.040s] Level 1:colcon.colcon_core.package_identification:_identify(LCD_web/portamail_ui/venv/lib/python3.12/site-packages/pip/_vendor/pygments/formatters/__pycache__) by extensions ['cmake', 'python']
[1.040s] Level 1:colcon.colcon_core.package_identification:_identify(LCD_web/portamail_ui/venv/lib/python3.12/site-packages/pip/_vendor/pygments/formatters/__pycache__) by extension 'cmake'
[1.040s] Level 1:colcon.colcon_core.package_identification:_identify(LCD_web/portamail_ui/venv/lib/python3.12/site-packages/pip/_vendor/pygments/formatters/__pycache__) by extension 'python'
[1.040s] Level 1:colcon.colcon_core.package_identification:_identify(LCD_web/portamail_ui/venv/lib/python3.12/site-packages/pip/_vendor/pygments/formatters/__pycache__) by extensions ['python_setup_py']
[1.040s] Level 1:colcon.colcon_core.package_identification:_identify(LCD_web/portamail_ui/venv/lib/python3.12/site-packages/pip/_vendor/pygments/formatters/__pycache__) by extension 'python_setup_py'
[1.041s] Level 1:colcon.colcon_core.package_identification:_identify(LCD_web/portamail_ui/venv/lib/python3.12/site-packages/pip/_vendor/pygments/lexers) by extensions ['ignore', 'ignore_ament_install']
[1.041s] Level 1:colcon.colcon_core.package_identification:_identify(LCD_web/portamail_ui/venv/lib/python3.12/site-packages/pip/_vendor/pygments/lexers) by extension 'ignore'
[1.041s] Level 1:colcon.colcon_core.package_identification:_identify(LCD_web/portamail_ui/venv/lib/python3.12/site-packages/pip/_vendor/pygments/lexers) by extension 'ignore_ament_install'
[1.041s] Level 1:colcon.colcon_core.package_identification:_identify(LCD_web/portamail_ui/venv/lib/python3.12/site-packages/pip/_vendor/pygments/lexers) by extensions ['colcon_pkg']
[1.041s] Level 1:colcon.colcon_core.package_identification:_identify(LCD_web/portamail_ui/venv/lib/python3.12/site-packages/pip/_vendor/pygments/lexers) by extension 'colcon_pkg'
[1.041s] Level 1:colcon.colcon_core.package_identification:_identify(LCD_web/portamail_ui/venv/lib/python3.12/site-packages/pip/_vendor/pygments/lexers) by extensions ['colcon_meta']
[1.041s] Level 1:colcon.colcon_core.package_identification:_identify(LCD_web/portamail_ui/venv/lib/python3.12/site-packages/pip/_vendor/pygments/lexers) by extension 'colcon_meta'
[1.041s] Level 1:colcon.colcon_core.package_identification:_identify(LCD_web/portamail_ui/venv/lib/python3.12/site-packages/pip/_vendor/pygments/lexers) by extensions ['ros']
[1.041s] Level 1:colcon.colcon_core.package_identification:_identify(LCD_web/portamail_ui/venv/lib/python3.12/site-packages/pip/_vendor/pygments/lexers) by extension 'ros'
[1.041s] Level 1:colcon.colcon_core.package_identification:_identify(LCD_web/portamail_ui/venv/lib/python3.12/site-packages/pip/_vendor/pygments/lexers) by extensions ['cmake', 'python']
[1.041s] Level 1:colcon.colcon_core.package_identification:_identify(LCD_web/portamail_ui/venv/lib/python3.12/site-packages/pip/_vendor/pygments/lexers) by extension 'cmake'
[1.041s] Level 1:colcon.colcon_core.package_identification:_identify(LCD_web/portamail_ui/venv/lib/python3.12/site-packages/pip/_vendor/pygments/lexers) by extension 'python'
[1.041s] Level 1:colcon.colcon_core.package_identification:_identify(LCD_web/portamail_ui/venv/lib/python3.12/site-packages/pip/_vendor/pygments/lexers) by extensions ['python_setup_py']
[1.041s] Level 1:colcon.colcon_core.package_identification:_identify(LCD_web/portamail_ui/venv/lib/python3.12/site-packages/pip/_vendor/pygments/lexers) by extension 'python_setup_py'
[1.041s] Level 1:colcon.colcon_core.package_identification:_identify(LCD_web/portamail_ui/venv/lib/python3.12/site-packages/pip/_vendor/pygments/lexers/__pycache__) by extensions ['ignore', 'ignore_ament_install']
[1.042s] Level 1:colcon.colcon_core.package_identification:_identify(LCD_web/portamail_ui/venv/lib/python3.12/site-packages/pip/_vendor/pygments/lexers/__pycache__) by extension 'ignore'
[1.042s] Level 1:colcon.colcon_core.package_identification:_identify(LCD_web/portamail_ui/venv/lib/python3.12/site-packages/pip/_vendor/pygments/lexers/__pycache__) by extension 'ignore_ament_install'
[1.042s] Level 1:colcon.colcon_core.package_identification:_identify(LCD_web/portamail_ui/venv/lib/python3.12/site-packages/pip/_vendor/pygments/lexers/__pycache__) by extensions ['colcon_pkg']
[1.042s] Level 1:colcon.colcon_core.package_identification:_identify(LCD_web/portamail_ui/venv/lib/python3.12/site-packages/pip/_vendor/pygments/lexers/__pycache__) by extension 'colcon_pkg'
[1.042s] Level 1:colcon.colcon_core.package_identification:_identify(LCD_web/portamail_ui/venv/lib/python3.12/site-packages/pip/_vendor/pygments/lexers/__pycache__) by extensions ['colcon_meta']
[1.042s] Level 1:colcon.colcon_core.package_identification:_identify(LCD_web/portamail_ui/venv/lib/python3.12/site-packages/pip/_vendor/pygments/lexers/__pycache__) by extension 'colcon_meta'
[1.042s] Level 1:colcon.colcon_core.package_identification:_identify(LCD_web/portamail_ui/venv/lib/python3.12/site-packages/pip/_vendor/pygments/lexers/__pycache__) by extensions ['ros']
[1.042s] Level 1:colcon.colcon_core.package_identification:_identify(LCD_web/portamail_ui/venv/lib/python3.12/site-packages/pip/_vendor/pygments/lexers/__pycache__) by extension 'ros'
[1.042s] Level 1:colcon.colcon_core.package_identification:_identify(LCD_web/portamail_ui/venv/lib/python3.12/site-packages/pip/_vendor/pygments/lexers/__pycache__) by extensions ['cmake', 'python']
[1.042s] Level 1:colcon.colcon_core.package_identification:_identify(LCD_web/portamail_ui/venv/lib/python3.12/site-packages/pip/_vendor/pygments/lexers/__pycache__) by extension 'cmake'
[1.042s] Level 1:colcon.colcon_core.package_identification:_identify(LCD_web/portamail_ui/venv/lib/python3.12/site-packages/pip/_vendor/pygments/lexers/__pycache__) by extension 'python'
[1.042s] Level 1:colcon.colcon_core.package_identification:_identify(LCD_web/portamail_ui/venv/lib/python3.12/site-packages/pip/_vendor/pygments/lexers/__pycache__) by extensions ['python_setup_py']
[1.042s] Level 1:colcon.colcon_core.package_identification:_identify(LCD_web/portamail_ui/venv/lib/python3.12/site-packages/pip/_vendor/pygments/lexers/__pycache__) by extension 'python_setup_py'
[1.042s] Level 1:colcon.colcon_core.package_identification:_identify(LCD_web/portamail_ui/venv/lib/python3.12/site-packages/pip/_vendor/pygments/styles) by extensions ['ignore', 'ignore_ament_install']
[1.042s] Level 1:colcon.colcon_core.package_identification:_identify(LCD_web/portamail_ui/venv/lib/python3.12/site-packages/pip/_vendor/pygments/styles) by extension 'ignore'
[1.043s] Level 1:colcon.colcon_core.package_identification:_identify(LCD_web/portamail_ui/venv/lib/python3.12/site-packages/pip/_vendor/pygments/styles) by extension 'ignore_ament_install'
[1.043s] Level 1:colcon.colcon_core.package_identification:_identify(LCD_web/portamail_ui/venv/lib/python3.12/site-packages/pip/_vendor/pygments/styles) by extensions ['colcon_pkg']
[1.043s] Level 1:colcon.colcon_core.package_identification:_identify(LCD_web/portamail_ui/venv/lib/python3.12/site-packages/pip/_vendor/pygments/styles) by extension 'colcon_pkg'
[1.043s] Level 1:colcon.colcon_core.package_identification:_identify(LCD_web/portamail_ui/venv/lib/python3.12/site-packages/pip/_vendor/pygments/styles) by extensions ['colcon_meta']
[1.043s] Level 1:colcon.colcon_core.package_identification:_identify(LCD_web/portamail_ui/venv/lib/python3.12/site-packages/pip/_vendor/pygments/styles) by extension 'colcon_meta'
[1.043s] Level 1:colcon.colcon_core.package_identification:_identify(LCD_web/portamail_ui/venv/lib/python3.12/site-packages/pip/_vendor/pygments/styles) by extensions ['ros']
[1.043s] Level 1:colcon.colcon_core.package_identification:_identify(LCD_web/portamail_ui/venv/lib/python3.12/site-packages/pip/_vendor/pygments/styles) by extension 'ros'
[1.043s] Level 1:colcon.colcon_core.package_identification:_identify(LCD_web/portamail_ui/venv/lib/python3.12/site-packages/pip/_vendor/pygments/styles) by extensions ['cmake', 'python']
[1.043s] Level 1:colcon.colcon_core.package_identification:_identify(LCD_web/portamail_ui/venv/lib/python3.12/site-packages/pip/_vendor/pygments/styles) by extension 'cmake'
[1.043s] Level 1:colcon.colcon_core.package_identification:_identify(LCD_web/portamail_ui/venv/lib/python3.12/site-packages/pip/_vendor/pygments/styles) by extension 'python'
[1.043s] Level 1:colcon.colcon_core.package_identification:_identify(LCD_web/portamail_ui/venv/lib/python3.12/site-packages/pip/_vendor/pygments/styles) by extensions ['python_setup_py']
[1.043s] Level 1:colcon.colcon_core.package_identification:_identify(LCD_web/portamail_ui/venv/lib/python3.12/site-packages/pip/_vendor/pygments/styles) by extension 'python_setup_py'
[1.043s] Level 1:colcon.colcon_core.package_identification:_identify(LCD_web/portamail_ui/venv/lib/python3.12/site-packages/pip/_vendor/pygments/styles/__pycache__) by extensions ['ignore', 'ignore_ament_install']
[1.043s] Level 1:colcon.colcon_core.package_identification:_identify(LCD_web/portamail_ui/venv/lib/python3.12/site-packages/pip/_vendor/pygments/styles/__pycache__) by extension 'ignore'
[1.044s] Level 1:colcon.colcon_core.package_identification:_identify(LCD_web/portamail_ui/venv/lib/python3.12/site-packages/pip/_vendor/pygments/styles/__pycache__) by extension 'ignore_ament_install'
[1.044s] Level 1:colcon.colcon_core.package_identification:_identify(LCD_web/portamail_ui/venv/lib/python3.12/site-packages/pip/_vendor/pygments/styles/__pycache__) by extensions ['colcon_pkg']
[1.044s] Level 1:colcon.colcon_core.package_identification:_identify(LCD_web/portamail_ui/venv/lib/python3.12/site-packages/pip/_vendor/pygments/styles/__pycache__) by extension 'colcon_pkg'
[1.044s] Level 1:colcon.colcon_core.package_identification:_identify(LCD_web/portamail_ui/venv/lib/python3.12/site-packages/pip/_vendor/pygments/styles/__pycache__) by extensions ['colcon_meta']
[1.044s] Level 1:colcon.colcon_core.package_identification:_identify(LCD_web/portamail_ui/venv/lib/python3.12/site-packages/pip/_vendor/pygments/styles/__pycache__) by extension 'colcon_meta'
[1.044s] Level 1:colcon.colcon_core.package_identification:_identify(LCD_web/portamail_ui/venv/lib/python3.12/site-packages/pip/_vendor/pygments/styles/__pycache__) by extensions ['ros']
[1.044s] Level 1:colcon.colcon_core.package_identification:_identify(LCD_web/portamail_ui/venv/lib/python3.12/site-packages/pip/_vendor/pygments/styles/__pycache__) by extension 'ros'
[1.044s] Level 1:colcon.colcon_core.package_identification:_identify(LCD_web/portamail_ui/venv/lib/python3.12/site-packages/pip/_vendor/pygments/styles/__pycache__) by extensions ['cmake', 'python']
[1.044s] Level 1:colcon.colcon_core.package_identification:_identify(LCD_web/portamail_ui/venv/lib/python3.12/site-packages/pip/_vendor/pygments/styles/__pycache__) by extension 'cmake'
[1.044s] Level 1:colcon.colcon_core.package_identification:_identify(LCD_web/portamail_ui/venv/lib/python3.12/site-packages/pip/_vendor/pygments/styles/__pycache__) by extension 'python'
[1.044s] Level 1:colcon.colcon_core.package_identification:_identify(LCD_web/portamail_ui/venv/lib/python3.12/site-packages/pip/_vendor/pygments/styles/__pycache__) by extensions ['python_setup_py']
[1.044s] Level 1:colcon.colcon_core.package_identification:_identify(LCD_web/portamail_ui/venv/lib/python3.12/site-packages/pip/_vendor/pygments/styles/__pycache__) by extension 'python_setup_py'
[1.044s] Level 1:colcon.colcon_core.package_identification:_identify(LCD_web/portamail_ui/venv/lib/python3.12/site-packages/pip/_vendor/pyparsing) by extensions ['ignore', 'ignore_ament_install']
[1.045s] Level 1:colcon.colcon_core.package_identification:_identify(LCD_web/portamail_ui/venv/lib/python3.12/site-packages/pip/_vendor/pyparsing) by extension 'ignore'
[1.045s] Level 1:colcon.colcon_core.package_identification:_identify(LCD_web/portamail_ui/venv/lib/python3.12/site-packages/pip/_vendor/pyparsing) by extension 'ignore_ament_install'
[1.045s] Level 1:colcon.colcon_core.package_identification:_identify(LCD_web/portamail_ui/venv/lib/python3.12/site-packages/pip/_vendor/pyparsing) by extensions ['colcon_pkg']
[1.045s] Level 1:colcon.colcon_core.package_identification:_identify(LCD_web/portamail_ui/venv/lib/python3.12/site-packages/pip/_vendor/pyparsing) by extension 'colcon_pkg'
[1.045s] Level 1:colcon.colcon_core.package_identification:_identify(LCD_web/portamail_ui/venv/lib/python3.12/site-packages/pip/_vendor/pyparsing) by extensions ['colcon_meta']
[1.045s] Level 1:colcon.colcon_core.package_identification:_identify(LCD_web/portamail_ui/venv/lib/python3.12/site-packages/pip/_vendor/pyparsing) by extension 'colcon_meta'
[1.045s] Level 1:colcon.colcon_core.package_identification:_identify(LCD_web/portamail_ui/venv/lib/python3.12/site-packages/pip/_vendor/pyparsing) by extensions ['ros']
[1.045s] Level 1:colcon.colcon_core.package_identification:_identify(LCD_web/portamail_ui/venv/lib/python3.12/site-packages/pip/_vendor/pyparsing) by extension 'ros'
[1.045s] Level 1:colcon.colcon_core.package_identification:_identify(LCD_web/portamail_ui/venv/lib/python3.12/site-packages/pip/_vendor/pyparsing) by extensions ['cmake', 'python']
[1.045s] Level 1:colcon.colcon_core.package_identification:_identify(LCD_web/portamail_ui/venv/lib/python3.12/site-packages/pip/_vendor/pyparsing) by extension 'cmake'
[1.045s] Level 1:colcon.colcon_core.package_identification:_identify(LCD_web/portamail_ui/venv/lib/python3.12/site-packages/pip/_vendor/pyparsing) by extension 'python'
[1.045s] Level 1:colcon.colcon_core.package_identification:_identify(LCD_web/portamail_ui/venv/lib/python3.12/site-packages/pip/_vendor/pyparsing) by extensions ['python_setup_py']
[1.045s] Level 1:colcon.colcon_core.package_identification:_identify(LCD_web/portamail_ui/venv/lib/python3.12/site-packages/pip/_vendor/pyparsing) by extension 'python_setup_py'
[1.045s] Level 1:colcon.colcon_core.package_identification:_identify(LCD_web/portamail_ui/venv/lib/python3.12/site-packages/pip/_vendor/pyparsing/__pycache__) by extensions ['ignore', 'ignore_ament_install']
[1.046s] Level 1:colcon.colcon_core.package_identification:_identify(LCD_web/portamail_ui/venv/lib/python3.12/site-packages/pip/_vendor/pyparsing/__pycache__) by extension 'ignore'
[1.046s] Level 1:colcon.colcon_core.package_identification:_identify(LCD_web/portamail_ui/venv/lib/python3.12/site-packages/pip/_vendor/pyparsing/__pycache__) by extension 'ignore_ament_install'
[1.046s] Level 1:colcon.colcon_core.package_identification:_identify(LCD_web/portamail_ui/venv/lib/python3.12/site-packages/pip/_vendor/pyparsing/__pycache__) by extensions ['colcon_pkg']
[1.046s] Level 1:colcon.colcon_core.package_identification:_identify(LCD_web/portamail_ui/venv/lib/python3.12/site-packages/pip/_vendor/pyparsing/__pycache__) by extension 'colcon_pkg'
[1.046s] Level 1:colcon.colcon_core.package_identification:_identify(LCD_web/portamail_ui/venv/lib/python3.12/site-packages/pip/_vendor/pyparsing/__pycache__) by extensions ['colcon_meta']
[1.046s] Level 1:colcon.colcon_core.package_identification:_identify(LCD_web/portamail_ui/venv/lib/python3.12/site-packages/pip/_vendor/pyparsing/__pycache__) by extension 'colcon_meta'
[1.046s] Level 1:colcon.colcon_core.package_identification:_identify(LCD_web/portamail_ui/venv/lib/python3.12/site-packages/pip/_vendor/pyparsing/__pycache__) by extensions ['ros']
[1.046s] Level 1:colcon.colcon_core.package_identification:_identify(LCD_web/portamail_ui/venv/lib/python3.12/site-packages/pip/_vendor/pyparsing/__pycache__) by extension 'ros'
[1.046s] Level 1:colcon.colcon_core.package_identification:_identify(LCD_web/portamail_ui/venv/lib/python3.12/site-packages/pip/_vendor/pyparsing/__pycache__) by extensions ['cmake', 'python']
[1.046s] Level 1:colcon.colcon_core.package_identification:_identify(LCD_web/portamail_ui/venv/lib/python3.12/site-packages/pip/_vendor/pyparsing/__pycache__) by extension 'cmake'
[1.046s] Level 1:colcon.colcon_core.package_identification:_identify(LCD_web/portamail_ui/venv/lib/python3.12/site-packages/pip/_vendor/pyparsing/__pycache__) by extension 'python'
[1.046s] Level 1:colcon.colcon_core.package_identification:_identify(LCD_web/portamail_ui/venv/lib/python3.12/site-packages/pip/_vendor/pyparsing/__pycache__) by extensions ['python_setup_py']
[1.046s] Level 1:colcon.colcon_core.package_identification:_identify(LCD_web/portamail_ui/venv/lib/python3.12/site-packages/pip/_vendor/pyparsing/__pycache__) by extension 'python_setup_py'
[1.047s] Level 1:colcon.colcon_core.package_identification:_identify(LCD_web/portamail_ui/venv/lib/python3.12/site-packages/pip/_vendor/pyparsing/diagram) by extensions ['ignore', 'ignore_ament_install']
[1.047s] Level 1:colcon.colcon_core.package_identification:_identify(LCD_web/portamail_ui/venv/lib/python3.12/site-packages/pip/_vendor/pyparsing/diagram) by extension 'ignore'
[1.047s] Level 1:colcon.colcon_core.package_identification:_identify(LCD_web/portamail_ui/venv/lib/python3.12/site-packages/pip/_vendor/pyparsing/diagram) by extension 'ignore_ament_install'
[1.047s] Level 1:colcon.colcon_core.package_identification:_identify(LCD_web/portamail_ui/venv/lib/python3.12/site-packages/pip/_vendor/pyparsing/diagram) by extensions ['colcon_pkg']
[1.047s] Level 1:colcon.colcon_core.package_identification:_identify(LCD_web/portamail_ui/venv/lib/python3.12/site-packages/pip/_vendor/pyparsing/diagram) by extension 'colcon_pkg'
[1.047s] Level 1:colcon.colcon_core.package_identification:_identify(LCD_web/portamail_ui/venv/lib/python3.12/site-packages/pip/_vendor/pyparsing/diagram) by extensions ['colcon_meta']
[1.047s] Level 1:colcon.colcon_core.package_identification:_identify(LCD_web/portamail_ui/venv/lib/python3.12/site-packages/pip/_vendor/pyparsing/diagram) by extension 'colcon_meta'
[1.047s] Level 1:colcon.colcon_core.package_identification:_identify(LCD_web/portamail_ui/venv/lib/python3.12/site-packages/pip/_vendor/pyparsing/diagram) by extensions ['ros']
[1.047s] Level 1:colcon.colcon_core.package_identification:_identify(LCD_web/portamail_ui/venv/lib/python3.12/site-packages/pip/_vendor/pyparsing/diagram) by extension 'ros'
[1.047s] Level 1:colcon.colcon_core.package_identification:_identify(LCD_web/portamail_ui/venv/lib/python3.12/site-packages/pip/_vendor/pyparsing/diagram) by extensions ['cmake', 'python']
[1.048s] Level 1:colcon.colcon_core.package_identification:_identify(LCD_web/portamail_ui/venv/lib/python3.12/site-packages/pip/_vendor/pyparsing/diagram) by extension 'cmake'
[1.048s] Level 1:colcon.colcon_core.package_identification:_identify(LCD_web/portamail_ui/venv/lib/python3.12/site-packages/pip/_vendor/pyparsing/diagram) by extension 'python'
[1.048s] Level 1:colcon.colcon_core.package_identification:_identify(LCD_web/portamail_ui/venv/lib/python3.12/site-packages/pip/_vendor/pyparsing/diagram) by extensions ['python_setup_py']
[1.048s] Level 1:colcon.colcon_core.package_identification:_identify(LCD_web/portamail_ui/venv/lib/python3.12/site-packages/pip/_vendor/pyparsing/diagram) by extension 'python_setup_py'
[1.048s] Level 1:colcon.colcon_core.package_identification:_identify(LCD_web/portamail_ui/venv/lib/python3.12/site-packages/pip/_vendor/pyparsing/diagram/__pycache__) by extensions ['ignore', 'ignore_ament_install']
[1.048s] Level 1:colcon.colcon_core.package_identification:_identify(LCD_web/portamail_ui/venv/lib/python3.12/site-packages/pip/_vendor/pyparsing/diagram/__pycache__) by extension 'ignore'
[1.048s] Level 1:colcon.colcon_core.package_identification:_identify(LCD_web/portamail_ui/venv/lib/python3.12/site-packages/pip/_vendor/pyparsing/diagram/__pycache__) by extension 'ignore_ament_install'
[1.049s] Level 1:colcon.colcon_core.package_identification:_identify(LCD_web/portamail_ui/venv/lib/python3.12/site-packages/pip/_vendor/pyparsing/diagram/__pycache__) by extensions ['colcon_pkg']
[1.049s] Level 1:colcon.colcon_core.package_identification:_identify(LCD_web/portamail_ui/venv/lib/python3.12/site-packages/pip/_vendor/pyparsing/diagram/__pycache__) by extension 'colcon_pkg'
[1.049s] Level 1:colcon.colcon_core.package_identification:_identify(LCD_web/portamail_ui/venv/lib/python3.12/site-packages/pip/_vendor/pyparsing/diagram/__pycache__) by extensions ['colcon_meta']
[1.049s] Level 1:colcon.colcon_core.package_identification:_identify(LCD_web/portamail_ui/venv/lib/python3.12/site-packages/pip/_vendor/pyparsing/diagram/__pycache__) by extension 'colcon_meta'
[1.049s] Level 1:colcon.colcon_core.package_identification:_identify(LCD_web/portamail_ui/venv/lib/python3.12/site-packages/pip/_vendor/pyparsing/diagram/__pycache__) by extensions ['ros']
[1.049s] Level 1:colcon.colcon_core.package_identification:_identify(LCD_web/portamail_ui/venv/lib/python3.12/site-packages/pip/_vendor/pyparsing/diagram/__pycache__) by extension 'ros'
[1.049s] Level 1:colcon.colcon_core.package_identification:_identify(LCD_web/portamail_ui/venv/lib/python3.12/site-packages/pip/_vendor/pyparsing/diagram/__pycache__) by extensions ['cmake', 'python']
[1.049s] Level 1:colcon.colcon_core.package_identification:_identify(LCD_web/portamail_ui/venv/lib/python3.12/site-packages/pip/_vendor/pyparsing/diagram/__pycache__) by extension 'cmake'
[1.049s] Level 1:colcon.colcon_core.package_identification:_identify(LCD_web/portamail_ui/venv/lib/python3.12/site-packages/pip/_vendor/pyparsing/diagram/__pycache__) by extension 'python'
[1.049s] Level 1:colcon.colcon_core.package_identification:_identify(LCD_web/portamail_ui/venv/lib/python3.12/site-packages/pip/_vendor/pyparsing/diagram/__pycache__) by extensions ['python_setup_py']
[1.049s] Level 1:colcon.colcon_core.package_identification:_identify(LCD_web/portamail_ui/venv/lib/python3.12/site-packages/pip/_vendor/pyparsing/diagram/__pycache__) by extension 'python_setup_py'
[1.050s] Level 1:colcon.colcon_core.package_identification:_identify(LCD_web/portamail_ui/venv/lib/python3.12/site-packages/pip/_vendor/pyproject_hooks) by extensions ['ignore', 'ignore_ament_install']
[1.050s] Level 1:colcon.colcon_core.package_identification:_identify(LCD_web/portamail_ui/venv/lib/python3.12/site-packages/pip/_vendor/pyproject_hooks) by extension 'ignore'
[1.050s] Level 1:colcon.colcon_core.package_identification:_identify(LCD_web/portamail_ui/venv/lib/python3.12/site-packages/pip/_vendor/pyproject_hooks) by extension 'ignore_ament_install'
[1.050s] Level 1:colcon.colcon_core.package_identification:_identify(LCD_web/portamail_ui/venv/lib/python3.12/site-packages/pip/_vendor/pyproject_hooks) by extensions ['colcon_pkg']
[1.050s] Level 1:colcon.colcon_core.package_identification:_identify(LCD_web/portamail_ui/venv/lib/python3.12/site-packages/pip/_vendor/pyproject_hooks) by extension 'colcon_pkg'
[1.050s] Level 1:colcon.colcon_core.package_identification:_identify(LCD_web/portamail_ui/venv/lib/python3.12/site-packages/pip/_vendor/pyproject_hooks) by extensions ['colcon_meta']
[1.050s] Level 1:colcon.colcon_core.package_identification:_identify(LCD_web/portamail_ui/venv/lib/python3.12/site-packages/pip/_vendor/pyproject_hooks) by extension 'colcon_meta'
[1.050s] Level 1:colcon.colcon_core.package_identification:_identify(LCD_web/portamail_ui/venv/lib/python3.12/site-packages/pip/_vendor/pyproject_hooks) by extensions ['ros']
[1.050s] Level 1:colcon.colcon_core.package_identification:_identify(LCD_web/portamail_ui/venv/lib/python3.12/site-packages/pip/_vendor/pyproject_hooks) by extension 'ros'
[1.050s] Level 1:colcon.colcon_core.package_identification:_identify(LCD_web/portamail_ui/venv/lib/python3.12/site-packages/pip/_vendor/pyproject_hooks) by extensions ['cmake', 'python']
[1.050s] Level 1:colcon.colcon_core.package_identification:_identify(LCD_web/portamail_ui/venv/lib/python3.12/site-packages/pip/_vendor/pyproject_hooks) by extension 'cmake'
[1.050s] Level 1:colcon.colcon_core.package_identification:_identify(LCD_web/portamail_ui/venv/lib/python3.12/site-packages/pip/_vendor/pyproject_hooks) by extension 'python'
[1.050s] Level 1:colcon.colcon_core.package_identification:_identify(LCD_web/portamail_ui/venv/lib/python3.12/site-packages/pip/_vendor/pyproject_hooks) by extensions ['python_setup_py']
[1.051s] Level 1:colcon.colcon_core.package_identification:_identify(LCD_web/portamail_ui/venv/lib/python3.12/site-packages/pip/_vendor/pyproject_hooks) by extension 'python_setup_py'
[1.051s] Level 1:colcon.colcon_core.package_identification:_identify(LCD_web/portamail_ui/venv/lib/python3.12/site-packages/pip/_vendor/pyproject_hooks/__pycache__) by extensions ['ignore', 'ignore_ament_install']
[1.051s] Level 1:colcon.colcon_core.package_identification:_identify(LCD_web/portamail_ui/venv/lib/python3.12/site-packages/pip/_vendor/pyproject_hooks/__pycache__) by extension 'ignore'
[1.051s] Level 1:colcon.colcon_core.package_identification:_identify(LCD_web/portamail_ui/venv/lib/python3.12/site-packages/pip/_vendor/pyproject_hooks/__pycache__) by extension 'ignore_ament_install'
[1.051s] Level 1:colcon.colcon_core.package_identification:_identify(LCD_web/portamail_ui/venv/lib/python3.12/site-packages/pip/_vendor/pyproject_hooks/__pycache__) by extensions ['colcon_pkg']
[1.051s] Level 1:colcon.colcon_core.package_identification:_identify(LCD_web/portamail_ui/venv/lib/python3.12/site-packages/pip/_vendor/pyproject_hooks/__pycache__) by extension 'colcon_pkg'
[1.051s] Level 1:colcon.colcon_core.package_identification:_identify(LCD_web/portamail_ui/venv/lib/python3.12/site-packages/pip/_vendor/pyproject_hooks/__pycache__) by extensions ['colcon_meta']
[1.051s] Level 1:colcon.colcon_core.package_identification:_identify(LCD_web/portamail_ui/venv/lib/python3.12/site-packages/pip/_vendor/pyproject_hooks/__pycache__) by extension 'colcon_meta'
[1.051s] Level 1:colcon.colcon_core.package_identification:_identify(LCD_web/portamail_ui/venv/lib/python3.12/site-packages/pip/_vendor/pyproject_hooks/__pycache__) by extensions ['ros']
[1.051s] Level 1:colcon.colcon_core.package_identification:_identify(LCD_web/portamail_ui/venv/lib/python3.12/site-packages/pip/_vendor/pyproject_hooks/__pycache__) by extension 'ros'
[1.052s] Level 1:colcon.colcon_core.package_identification:_identify(LCD_web/portamail_ui/venv/lib/python3.12/site-packages/pip/_vendor/pyproject_hooks/__pycache__) by extensions ['cmake', 'python']
[1.052s] Level 1:colcon.colcon_core.package_identification:_identify(LCD_web/portamail_ui/venv/lib/python3.12/site-packages/pip/_vendor/pyproject_hooks/__pycache__) by extension 'cmake'
[1.052s] Level 1:colcon.colcon_core.package_identification:_identify(LCD_web/portamail_ui/venv/lib/python3.12/site-packages/pip/_vendor/pyproject_hooks/__pycache__) by extension 'python'
[1.052s] Level 1:colcon.colcon_core.package_identification:_identify(LCD_web/portamail_ui/venv/lib/python3.12/site-packages/pip/_vendor/pyproject_hooks/__pycache__) by extensions ['python_setup_py']
[1.052s] Level 1:colcon.colcon_core.package_identification:_identify(LCD_web/portamail_ui/venv/lib/python3.12/site-packages/pip/_vendor/pyproject_hooks/__pycache__) by extension 'python_setup_py'
[1.052s] Level 1:colcon.colcon_core.package_identification:_identify(LCD_web/portamail_ui/venv/lib/python3.12/site-packages/pip/_vendor/pyproject_hooks/_in_process) by extensions ['ignore', 'ignore_ament_install']
[1.052s] Level 1:colcon.colcon_core.package_identification:_identify(LCD_web/portamail_ui/venv/lib/python3.12/site-packages/pip/_vendor/pyproject_hooks/_in_process) by extension 'ignore'
[1.052s] Level 1:colcon.colcon_core.package_identification:_identify(LCD_web/portamail_ui/venv/lib/python3.12/site-packages/pip/_vendor/pyproject_hooks/_in_process) by extension 'ignore_ament_install'
[1.053s] Level 1:colcon.colcon_core.package_identification:_identify(LCD_web/portamail_ui/venv/lib/python3.12/site-packages/pip/_vendor/pyproject_hooks/_in_process) by extensions ['colcon_pkg']
[1.053s] Level 1:colcon.colcon_core.package_identification:_identify(LCD_web/portamail_ui/venv/lib/python3.12/site-packages/pip/_vendor/pyproject_hooks/_in_process) by extension 'colcon_pkg'
[1.053s] Level 1:colcon.colcon_core.package_identification:_identify(LCD_web/portamail_ui/venv/lib/python3.12/site-packages/pip/_vendor/pyproject_hooks/_in_process) by extensions ['colcon_meta']
[1.053s] Level 1:colcon.colcon_core.package_identification:_identify(LCD_web/portamail_ui/venv/lib/python3.12/site-packages/pip/_vendor/pyproject_hooks/_in_process) by extension 'colcon_meta'
[1.053s] Level 1:colcon.colcon_core.package_identification:_identify(LCD_web/portamail_ui/venv/lib/python3.12/site-packages/pip/_vendor/pyproject_hooks/_in_process) by extensions ['ros']
[1.053s] Level 1:colcon.colcon_core.package_identification:_identify(LCD_web/portamail_ui/venv/lib/python3.12/site-packages/pip/_vendor/pyproject_hooks/_in_process) by extension 'ros'
[1.053s] Level 1:colcon.colcon_core.package_identification:_identify(LCD_web/portamail_ui/venv/lib/python3.12/site-packages/pip/_vendor/pyproject_hooks/_in_process) by extensions ['cmake', 'python']
[1.053s] Level 1:colcon.colcon_core.package_identification:_identify(LCD_web/portamail_ui/venv/lib/python3.12/site-packages/pip/_vendor/pyproject_hooks/_in_process) by extension 'cmake'
[1.053s] Level 1:colcon.colcon_core.package_identification:_identify(LCD_web/portamail_ui/venv/lib/python3.12/site-packages/pip/_vendor/pyproject_hooks/_in_process) by extension 'python'
[1.053s] Level 1:colcon.colcon_core.package_identification:_identify(LCD_web/portamail_ui/venv/lib/python3.12/site-packages/pip/_vendor/pyproject_hooks/_in_process) by extensions ['python_setup_py']
[1.053s] Level 1:colcon.colcon_core.package_identification:_identify(LCD_web/portamail_ui/venv/lib/python3.12/site-packages/pip/_vendor/pyproject_hooks/_in_process) by extension 'python_setup_py'
[1.054s] Level 1:colcon.colcon_core.package_identification:_identify(LCD_web/portamail_ui/venv/lib/python3.12/site-packages/pip/_vendor/pyproject_hooks/_in_process/__pycache__) by extensions ['ignore', 'ignore_ament_install']
[1.054s] Level 1:colcon.colcon_core.package_identification:_identify(LCD_web/portamail_ui/venv/lib/python3.12/site-packages/pip/_vendor/pyproject_hooks/_in_process/__pycache__) by extension 'ignore'
[1.054s] Level 1:colcon.colcon_core.package_identification:_identify(LCD_web/portamail_ui/venv/lib/python3.12/site-packages/pip/_vendor/pyproject_hooks/_in_process/__pycache__) by extension 'ignore_ament_install'
[1.054s] Level 1:colcon.colcon_core.package_identification:_identify(LCD_web/portamail_ui/venv/lib/python3.12/site-packages/pip/_vendor/pyproject_hooks/_in_process/__pycache__) by extensions ['colcon_pkg']
[1.054s] Level 1:colcon.colcon_core.package_identification:_identify(LCD_web/portamail_ui/venv/lib/python3.12/site-packages/pip/_vendor/pyproject_hooks/_in_process/__pycache__) by extension 'colcon_pkg'
[1.054s] Level 1:colcon.colcon_core.package_identification:_identify(LCD_web/portamail_ui/venv/lib/python3.12/site-packages/pip/_vendor/pyproject_hooks/_in_process/__pycache__) by extensions ['colcon_meta']
[1.054s] Level 1:colcon.colcon_core.package_identification:_identify(LCD_web/portamail_ui/venv/lib/python3.12/site-packages/pip/_vendor/pyproject_hooks/_in_process/__pycache__) by extension 'colcon_meta'
[1.054s] Level 1:colcon.colcon_core.package_identification:_identify(LCD_web/portamail_ui/venv/lib/python3.12/site-packages/pip/_vendor/pyproject_hooks/_in_process/__pycache__) by extensions ['ros']
[1.054s] Level 1:colcon.colcon_core.package_identification:_identify(LCD_web/portamail_ui/venv/lib/python3.12/site-packages/pip/_vendor/pyproject_hooks/_in_process/__pycache__) by extension 'ros'
[1.054s] Level 1:colcon.colcon_core.package_identification:_identify(LCD_web/portamail_ui/venv/lib/python3.12/site-packages/pip/_vendor/pyproject_hooks/_in_process/__pycache__) by extensions ['cmake', 'python']
[1.054s] Level 1:colcon.colcon_core.package_identification:_identify(LCD_web/portamail_ui/venv/lib/python3.12/site-packages/pip/_vendor/pyproject_hooks/_in_process/__pycache__) by extension 'cmake'
[1.054s] Level 1:colcon.colcon_core.package_identification:_identify(LCD_web/portamail_ui/venv/lib/python3.12/site-packages/pip/_vendor/pyproject_hooks/_in_process/__pycache__) by extension 'python'
[1.054s] Level 1:colcon.colcon_core.package_identification:_identify(LCD_web/portamail_ui/venv/lib/python3.12/site-packages/pip/_vendor/pyproject_hooks/_in_process/__pycache__) by extensions ['python_setup_py']
[1.054s] Level 1:colcon.colcon_core.package_identification:_identify(LCD_web/portamail_ui/venv/lib/python3.12/site-packages/pip/_vendor/pyproject_hooks/_in_process/__pycache__) by extension 'python_setup_py'
[1.055s] Level 1:colcon.colcon_core.package_identification:_identify(LCD_web/portamail_ui/venv/lib/python3.12/site-packages/pip/_vendor/requests) by extensions ['ignore', 'ignore_ament_install']
[1.055s] Level 1:colcon.colcon_core.package_identification:_identify(LCD_web/portamail_ui/venv/lib/python3.12/site-packages/pip/_vendor/requests) by extension 'ignore'
[1.055s] Level 1:colcon.colcon_core.package_identification:_identify(LCD_web/portamail_ui/venv/lib/python3.12/site-packages/pip/_vendor/requests) by extension 'ignore_ament_install'
[1.055s] Level 1:colcon.colcon_core.package_identification:_identify(LCD_web/portamail_ui/venv/lib/python3.12/site-packages/pip/_vendor/requests) by extensions ['colcon_pkg']
[1.055s] Level 1:colcon.colcon_core.package_identification:_identify(LCD_web/portamail_ui/venv/lib/python3.12/site-packages/pip/_vendor/requests) by extension 'colcon_pkg'
[1.055s] Level 1:colcon.colcon_core.package_identification:_identify(LCD_web/portamail_ui/venv/lib/python3.12/site-packages/pip/_vendor/requests) by extensions ['colcon_meta']
[1.055s] Level 1:colcon.colcon_core.package_identification:_identify(LCD_web/portamail_ui/venv/lib/python3.12/site-packages/pip/_vendor/requests) by extension 'colcon_meta'
[1.055s] Level 1:colcon.colcon_core.package_identification:_identify(LCD_web/portamail_ui/venv/lib/python3.12/site-packages/pip/_vendor/requests) by extensions ['ros']
[1.055s] Level 1:colcon.colcon_core.package_identification:_identify(LCD_web/portamail_ui/venv/lib/python3.12/site-packages/pip/_vendor/requests) by extension 'ros'
[1.055s] Level 1:colcon.colcon_core.package_identification:_identify(LCD_web/portamail_ui/venv/lib/python3.12/site-packages/pip/_vendor/requests) by extensions ['cmake', 'python']
[1.055s] Level 1:colcon.colcon_core.package_identification:_identify(LCD_web/portamail_ui/venv/lib/python3.12/site-packages/pip/_vendor/requests) by extension 'cmake'
[1.055s] Level 1:colcon.colcon_core.package_identification:_identify(LCD_web/portamail_ui/venv/lib/python3.12/site-packages/pip/_vendor/requests) by extension 'python'
[1.055s] Level 1:colcon.colcon_core.package_identification:_identify(LCD_web/portamail_ui/venv/lib/python3.12/site-packages/pip/_vendor/requests) by extensions ['python_setup_py']
[1.055s] Level 1:colcon.colcon_core.package_identification:_identify(LCD_web/portamail_ui/venv/lib/python3.12/site-packages/pip/_vendor/requests) by extension 'python_setup_py'
[1.056s] Level 1:colcon.colcon_core.package_identification:_identify(LCD_web/portamail_ui/venv/lib/python3.12/site-packages/pip/_vendor/requests/__pycache__) by extensions ['ignore', 'ignore_ament_install']
[1.056s] Level 1:colcon.colcon_core.package_identification:_identify(LCD_web/portamail_ui/venv/lib/python3.12/site-packages/pip/_vendor/requests/__pycache__) by extension 'ignore'
[1.056s] Level 1:colcon.colcon_core.package_identification:_identify(LCD_web/portamail_ui/venv/lib/python3.12/site-packages/pip/_vendor/requests/__pycache__) by extension 'ignore_ament_install'
[1.056s] Level 1:colcon.colcon_core.package_identification:_identify(LCD_web/portamail_ui/venv/lib/python3.12/site-packages/pip/_vendor/requests/__pycache__) by extensions ['colcon_pkg']
[1.056s] Level 1:colcon.colcon_core.package_identification:_identify(LCD_web/portamail_ui/venv/lib/python3.12/site-packages/pip/_vendor/requests/__pycache__) by extension 'colcon_pkg'
[1.056s] Level 1:colcon.colcon_core.package_identification:_identify(LCD_web/portamail_ui/venv/lib/python3.12/site-packages/pip/_vendor/requests/__pycache__) by extensions ['colcon_meta']
[1.056s] Level 1:colcon.colcon_core.package_identification:_identify(LCD_web/portamail_ui/venv/lib/python3.12/site-packages/pip/_vendor/requests/__pycache__) by extension 'colcon_meta'
[1.056s] Level 1:colcon.colcon_core.package_identification:_identify(LCD_web/portamail_ui/venv/lib/python3.12/site-packages/pip/_vendor/requests/__pycache__) by extensions ['ros']
[1.056s] Level 1:colcon.colcon_core.package_identification:_identify(LCD_web/portamail_ui/venv/lib/python3.12/site-packages/pip/_vendor/requests/__pycache__) by extension 'ros'
[1.056s] Level 1:colcon.colcon_core.package_identification:_identify(LCD_web/portamail_ui/venv/lib/python3.12/site-packages/pip/_vendor/requests/__pycache__) by extensions ['cmake', 'python']
[1.056s] Level 1:colcon.colcon_core.package_identification:_identify(LCD_web/portamail_ui/venv/lib/python3.12/site-packages/pip/_vendor/requests/__pycache__) by extension 'cmake'
[1.056s] Level 1:colcon.colcon_core.package_identification:_identify(LCD_web/portamail_ui/venv/lib/python3.12/site-packages/pip/_vendor/requests/__pycache__) by extension 'python'
[1.056s] Level 1:colcon.colcon_core.package_identification:_identify(LCD_web/portamail_ui/venv/lib/python3.12/site-packages/pip/_vendor/requests/__pycache__) by extensions ['python_setup_py']
[1.056s] Level 1:colcon.colcon_core.package_identification:_identify(LCD_web/portamail_ui/venv/lib/python3.12/site-packages/pip/_vendor/requests/__pycache__) by extension 'python_setup_py'
[1.057s] Level 1:colcon.colcon_core.package_identification:_identify(LCD_web/portamail_ui/venv/lib/python3.12/site-packages/pip/_vendor/resolvelib) by extensions ['ignore', 'ignore_ament_install']
[1.057s] Level 1:colcon.colcon_core.package_identification:_identify(LCD_web/portamail_ui/venv/lib/python3.12/site-packages/pip/_vendor/resolvelib) by extension 'ignore'
[1.057s] Level 1:colcon.colcon_core.package_identification:_identify(LCD_web/portamail_ui/venv/lib/python3.12/site-packages/pip/_vendor/resolvelib) by extension 'ignore_ament_install'
[1.057s] Level 1:colcon.colcon_core.package_identification:_identify(LCD_web/portamail_ui/venv/lib/python3.12/site-packages/pip/_vendor/resolvelib) by extensions ['colcon_pkg']
[1.057s] Level 1:colcon.colcon_core.package_identification:_identify(LCD_web/portamail_ui/venv/lib/python3.12/site-packages/pip/_vendor/resolvelib) by extension 'colcon_pkg'
[1.057s] Level 1:colcon.colcon_core.package_identification:_identify(LCD_web/portamail_ui/venv/lib/python3.12/site-packages/pip/_vendor/resolvelib) by extensions ['colcon_meta']
[1.057s] Level 1:colcon.colcon_core.package_identification:_identify(LCD_web/portamail_ui/venv/lib/python3.12/site-packages/pip/_vendor/resolvelib) by extension 'colcon_meta'
[1.057s] Level 1:colcon.colcon_core.package_identification:_identify(LCD_web/portamail_ui/venv/lib/python3.12/site-packages/pip/_vendor/resolvelib) by extensions ['ros']
[1.057s] Level 1:colcon.colcon_core.package_identification:_identify(LCD_web/portamail_ui/venv/lib/python3.12/site-packages/pip/_vendor/resolvelib) by extension 'ros'
[1.057s] Level 1:colcon.colcon_core.package_identification:_identify(LCD_web/portamail_ui/venv/lib/python3.12/site-packages/pip/_vendor/resolvelib) by extensions ['cmake', 'python']
[1.057s] Level 1:colcon.colcon_core.package_identification:_identify(LCD_web/portamail_ui/venv/lib/python3.12/site-packages/pip/_vendor/resolvelib) by extension 'cmake'
[1.057s] Level 1:colcon.colcon_core.package_identification:_identify(LCD_web/portamail_ui/venv/lib/python3.12/site-packages/pip/_vendor/resolvelib) by extension 'python'
[1.057s] Level 1:colcon.colcon_core.package_identification:_identify(LCD_web/portamail_ui/venv/lib/python3.12/site-packages/pip/_vendor/resolvelib) by extensions ['python_setup_py']
[1.057s] Level 1:colcon.colcon_core.package_identification:_identify(LCD_web/portamail_ui/venv/lib/python3.12/site-packages/pip/_vendor/resolvelib) by extension 'python_setup_py'
[1.058s] Level 1:colcon.colcon_core.package_identification:_identify(LCD_web/portamail_ui/venv/lib/python3.12/site-packages/pip/_vendor/resolvelib/__pycache__) by extensions ['ignore', 'ignore_ament_install']
[1.058s] Level 1:colcon.colcon_core.package_identification:_identify(LCD_web/portamail_ui/venv/lib/python3.12/site-packages/pip/_vendor/resolvelib/__pycache__) by extension 'ignore'
[1.058s] Level 1:colcon.colcon_core.package_identification:_identify(LCD_web/portamail_ui/venv/lib/python3.12/site-packages/pip/_vendor/resolvelib/__pycache__) by extension 'ignore_ament_install'
[1.058s] Level 1:colcon.colcon_core.package_identification:_identify(LCD_web/portamail_ui/venv/lib/python3.12/site-packages/pip/_vendor/resolvelib/__pycache__) by extensions ['colcon_pkg']
[1.058s] Level 1:colcon.colcon_core.package_identification:_identify(LCD_web/portamail_ui/venv/lib/python3.12/site-packages/pip/_vendor/resolvelib/__pycache__) by extension 'colcon_pkg'
[1.058s] Level 1:colcon.colcon_core.package_identification:_identify(LCD_web/portamail_ui/venv/lib/python3.12/site-packages/pip/_vendor/resolvelib/__pycache__) by extensions ['colcon_meta']
[1.058s] Level 1:colcon.colcon_core.package_identification:_identify(LCD_web/portamail_ui/venv/lib/python3.12/site-packages/pip/_vendor/resolvelib/__pycache__) by extension 'colcon_meta'
[1.058s] Level 1:colcon.colcon_core.package_identification:_identify(LCD_web/portamail_ui/venv/lib/python3.12/site-packages/pip/_vendor/resolvelib/__pycache__) by extensions ['ros']
[1.058s] Level 1:colcon.colcon_core.package_identification:_identify(LCD_web/portamail_ui/venv/lib/python3.12/site-packages/pip/_vendor/resolvelib/__pycache__) by extension 'ros'
[1.058s] Level 1:colcon.colcon_core.package_identification:_identify(LCD_web/portamail_ui/venv/lib/python3.12/site-packages/pip/_vendor/resolvelib/__pycache__) by extensions ['cmake', 'python']
[1.058s] Level 1:colcon.colcon_core.package_identification:_identify(LCD_web/portamail_ui/venv/lib/python3.12/site-packages/pip/_vendor/resolvelib/__pycache__) by extension 'cmake'
[1.058s] Level 1:colcon.colcon_core.package_identification:_identify(LCD_web/portamail_ui/venv/lib/python3.12/site-packages/pip/_vendor/resolvelib/__pycache__) by extension 'python'
[1.058s] Level 1:colcon.colcon_core.package_identification:_identify(LCD_web/portamail_ui/venv/lib/python3.12/site-packages/pip/_vendor/resolvelib/__pycache__) by extensions ['python_setup_py']
[1.058s] Level 1:colcon.colcon_core.package_identification:_identify(LCD_web/portamail_ui/venv/lib/python3.12/site-packages/pip/_vendor/resolvelib/__pycache__) by extension 'python_setup_py'
[1.058s] Level 1:colcon.colcon_core.package_identification:_identify(LCD_web/portamail_ui/venv/lib/python3.12/site-packages/pip/_vendor/resolvelib/compat) by extensions ['ignore', 'ignore_ament_install']
[1.059s] Level 1:colcon.colcon_core.package_identification:_identify(LCD_web/portamail_ui/venv/lib/python3.12/site-packages/pip/_vendor/resolvelib/compat) by extension 'ignore'
[1.059s] Level 1:colcon.colcon_core.package_identification:_identify(LCD_web/portamail_ui/venv/lib/python3.12/site-packages/pip/_vendor/resolvelib/compat) by extension 'ignore_ament_install'
[1.059s] Level 1:colcon.colcon_core.package_identification:_identify(LCD_web/portamail_ui/venv/lib/python3.12/site-packages/pip/_vendor/resolvelib/compat) by extensions ['colcon_pkg']
[1.059s] Level 1:colcon.colcon_core.package_identification:_identify(LCD_web/portamail_ui/venv/lib/python3.12/site-packages/pip/_vendor/resolvelib/compat) by extension 'colcon_pkg'
[1.059s] Level 1:colcon.colcon_core.package_identification:_identify(LCD_web/portamail_ui/venv/lib/python3.12/site-packages/pip/_vendor/resolvelib/compat) by extensions ['colcon_meta']
[1.059s] Level 1:colcon.colcon_core.package_identification:_identify(LCD_web/portamail_ui/venv/lib/python3.12/site-packages/pip/_vendor/resolvelib/compat) by extension 'colcon_meta'
[1.059s] Level 1:colcon.colcon_core.package_identification:_identify(LCD_web/portamail_ui/venv/lib/python3.12/site-packages/pip/_vendor/resolvelib/compat) by extensions ['ros']
[1.059s] Level 1:colcon.colcon_core.package_identification:_identify(LCD_web/portamail_ui/venv/lib/python3.12/site-packages/pip/_vendor/resolvelib/compat) by extension 'ros'
[1.059s] Level 1:colcon.colcon_core.package_identification:_identify(LCD_web/portamail_ui/venv/lib/python3.12/site-packages/pip/_vendor/resolvelib/compat) by extensions ['cmake', 'python']
[1.059s] Level 1:colcon.colcon_core.package_identification:_identify(LCD_web/portamail_ui/venv/lib/python3.12/site-packages/pip/_vendor/resolvelib/compat) by extension 'cmake'
[1.059s] Level 1:colcon.colcon_core.package_identification:_identify(LCD_web/portamail_ui/venv/lib/python3.12/site-packages/pip/_vendor/resolvelib/compat) by extension 'python'
[1.059s] Level 1:colcon.colcon_core.package_identification:_identify(LCD_web/portamail_ui/venv/lib/python3.12/site-packages/pip/_vendor/resolvelib/compat) by extensions ['python_setup_py']
[1.059s] Level 1:colcon.colcon_core.package_identification:_identify(LCD_web/portamail_ui/venv/lib/python3.12/site-packages/pip/_vendor/resolvelib/compat) by extension 'python_setup_py'
[1.059s] Level 1:colcon.colcon_core.package_identification:_identify(LCD_web/portamail_ui/venv/lib/python3.12/site-packages/pip/_vendor/resolvelib/compat/__pycache__) by extensions ['ignore', 'ignore_ament_install']
[1.060s] Level 1:colcon.colcon_core.package_identification:_identify(LCD_web/portamail_ui/venv/lib/python3.12/site-packages/pip/_vendor/resolvelib/compat/__pycache__) by extension 'ignore'
[1.060s] Level 1:colcon.colcon_core.package_identification:_identify(LCD_web/portamail_ui/venv/lib/python3.12/site-packages/pip/_vendor/resolvelib/compat/__pycache__) by extension 'ignore_ament_install'
[1.060s] Level 1:colcon.colcon_core.package_identification:_identify(LCD_web/portamail_ui/venv/lib/python3.12/site-packages/pip/_vendor/resolvelib/compat/__pycache__) by extensions ['colcon_pkg']
[1.060s] Level 1:colcon.colcon_core.package_identification:_identify(LCD_web/portamail_ui/venv/lib/python3.12/site-packages/pip/_vendor/resolvelib/compat/__pycache__) by extension 'colcon_pkg'
[1.060s] Level 1:colcon.colcon_core.package_identification:_identify(LCD_web/portamail_ui/venv/lib/python3.12/site-packages/pip/_vendor/resolvelib/compat/__pycache__) by extensions ['colcon_meta']
[1.060s] Level 1:colcon.colcon_core.package_identification:_identify(LCD_web/portamail_ui/venv/lib/python3.12/site-packages/pip/_vendor/resolvelib/compat/__pycache__) by extension 'colcon_meta'
[1.060s] Level 1:colcon.colcon_core.package_identification:_identify(LCD_web/portamail_ui/venv/lib/python3.12/site-packages/pip/_vendor/resolvelib/compat/__pycache__) by extensions ['ros']
[1.060s] Level 1:colcon.colcon_core.package_identification:_identify(LCD_web/portamail_ui/venv/lib/python3.12/site-packages/pip/_vendor/resolvelib/compat/__pycache__) by extension 'ros'
[1.060s] Level 1:colcon.colcon_core.package_identification:_identify(LCD_web/portamail_ui/venv/lib/python3.12/site-packages/pip/_vendor/resolvelib/compat/__pycache__) by extensions ['cmake', 'python']
[1.060s] Level 1:colcon.colcon_core.package_identification:_identify(LCD_web/portamail_ui/venv/lib/python3.12/site-packages/pip/_vendor/resolvelib/compat/__pycache__) by extension 'cmake'
[1.060s] Level 1:colcon.colcon_core.package_identification:_identify(LCD_web/portamail_ui/venv/lib/python3.12/site-packages/pip/_vendor/resolvelib/compat/__pycache__) by extension 'python'
[1.060s] Level 1:colcon.colcon_core.package_identification:_identify(LCD_web/portamail_ui/venv/lib/python3.12/site-packages/pip/_vendor/resolvelib/compat/__pycache__) by extensions ['python_setup_py']
[1.060s] Level 1:colcon.colcon_core.package_identification:_identify(LCD_web/portamail_ui/venv/lib/python3.12/site-packages/pip/_vendor/resolvelib/compat/__pycache__) by extension 'python_setup_py'
[1.061s] Level 1:colcon.colcon_core.package_identification:_identify(LCD_web/portamail_ui/venv/lib/python3.12/site-packages/pip/_vendor/rich) by extensions ['ignore', 'ignore_ament_install']
[1.061s] Level 1:colcon.colcon_core.package_identification:_identify(LCD_web/portamail_ui/venv/lib/python3.12/site-packages/pip/_vendor/rich) by extension 'ignore'
[1.061s] Level 1:colcon.colcon_core.package_identification:_identify(LCD_web/portamail_ui/venv/lib/python3.12/site-packages/pip/_vendor/rich) by extension 'ignore_ament_install'
[1.061s] Level 1:colcon.colcon_core.package_identification:_identify(LCD_web/portamail_ui/venv/lib/python3.12/site-packages/pip/_vendor/rich) by extensions ['colcon_pkg']
[1.061s] Level 1:colcon.colcon_core.package_identification:_identify(LCD_web/portamail_ui/venv/lib/python3.12/site-packages/pip/_vendor/rich) by extension 'colcon_pkg'
[1.061s] Level 1:colcon.colcon_core.package_identification:_identify(LCD_web/portamail_ui/venv/lib/python3.12/site-packages/pip/_vendor/rich) by extensions ['colcon_meta']
[1.061s] Level 1:colcon.colcon_core.package_identification:_identify(LCD_web/portamail_ui/venv/lib/python3.12/site-packages/pip/_vendor/rich) by extension 'colcon_meta'
[1.061s] Level 1:colcon.colcon_core.package_identification:_identify(LCD_web/portamail_ui/venv/lib/python3.12/site-packages/pip/_vendor/rich) by extensions ['ros']
[1.061s] Level 1:colcon.colcon_core.package_identification:_identify(LCD_web/portamail_ui/venv/lib/python3.12/site-packages/pip/_vendor/rich) by extension 'ros'
[1.061s] Level 1:colcon.colcon_core.package_identification:_identify(LCD_web/portamail_ui/venv/lib/python3.12/site-packages/pip/_vendor/rich) by extensions ['cmake', 'python']
[1.061s] Level 1:colcon.colcon_core.package_identification:_identify(LCD_web/portamail_ui/venv/lib/python3.12/site-packages/pip/_vendor/rich) by extension 'cmake'
[1.061s] Level 1:colcon.colcon_core.package_identification:_identify(LCD_web/portamail_ui/venv/lib/python3.12/site-packages/pip/_vendor/rich) by extension 'python'
[1.061s] Level 1:colcon.colcon_core.package_identification:_identify(LCD_web/portamail_ui/venv/lib/python3.12/site-packages/pip/_vendor/rich) by extensions ['python_setup_py']
[1.061s] Level 1:colcon.colcon_core.package_identification:_identify(LCD_web/portamail_ui/venv/lib/python3.12/site-packages/pip/_vendor/rich) by extension 'python_setup_py'
[1.062s] Level 1:colcon.colcon_core.package_identification:_identify(LCD_web/portamail_ui/venv/lib/python3.12/site-packages/pip/_vendor/rich/__pycache__) by extensions ['ignore', 'ignore_ament_install']
[1.062s] Level 1:colcon.colcon_core.package_identification:_identify(LCD_web/portamail_ui/venv/lib/python3.12/site-packages/pip/_vendor/rich/__pycache__) by extension 'ignore'
[1.062s] Level 1:colcon.colcon_core.package_identification:_identify(LCD_web/portamail_ui/venv/lib/python3.12/site-packages/pip/_vendor/rich/__pycache__) by extension 'ignore_ament_install'
[1.062s] Level 1:colcon.colcon_core.package_identification:_identify(LCD_web/portamail_ui/venv/lib/python3.12/site-packages/pip/_vendor/rich/__pycache__) by extensions ['colcon_pkg']
[1.062s] Level 1:colcon.colcon_core.package_identification:_identify(LCD_web/portamail_ui/venv/lib/python3.12/site-packages/pip/_vendor/rich/__pycache__) by extension 'colcon_pkg'
[1.062s] Level 1:colcon.colcon_core.package_identification:_identify(LCD_web/portamail_ui/venv/lib/python3.12/site-packages/pip/_vendor/rich/__pycache__) by extensions ['colcon_meta']
[1.062s] Level 1:colcon.colcon_core.package_identification:_identify(LCD_web/portamail_ui/venv/lib/python3.12/site-packages/pip/_vendor/rich/__pycache__) by extension 'colcon_meta'
[1.062s] Level 1:colcon.colcon_core.package_identification:_identify(LCD_web/portamail_ui/venv/lib/python3.12/site-packages/pip/_vendor/rich/__pycache__) by extensions ['ros']
[1.062s] Level 1:colcon.colcon_core.package_identification:_identify(LCD_web/portamail_ui/venv/lib/python3.12/site-packages/pip/_vendor/rich/__pycache__) by extension 'ros'
[1.062s] Level 1:colcon.colcon_core.package_identification:_identify(LCD_web/portamail_ui/venv/lib/python3.12/site-packages/pip/_vendor/rich/__pycache__) by extensions ['cmake', 'python']
[1.062s] Level 1:colcon.colcon_core.package_identification:_identify(LCD_web/portamail_ui/venv/lib/python3.12/site-packages/pip/_vendor/rich/__pycache__) by extension 'cmake'
[1.062s] Level 1:colcon.colcon_core.package_identification:_identify(LCD_web/portamail_ui/venv/lib/python3.12/site-packages/pip/_vendor/rich/__pycache__) by extension 'python'
[1.062s] Level 1:colcon.colcon_core.package_identification:_identify(LCD_web/portamail_ui/venv/lib/python3.12/site-packages/pip/_vendor/rich/__pycache__) by extensions ['python_setup_py']
[1.063s] Level 1:colcon.colcon_core.package_identification:_identify(LCD_web/portamail_ui/venv/lib/python3.12/site-packages/pip/_vendor/rich/__pycache__) by extension 'python_setup_py'
[1.063s] Level 1:colcon.colcon_core.package_identification:_identify(LCD_web/portamail_ui/venv/lib/python3.12/site-packages/pip/_vendor/tenacity) by extensions ['ignore', 'ignore_ament_install']
[1.063s] Level 1:colcon.colcon_core.package_identification:_identify(LCD_web/portamail_ui/venv/lib/python3.12/site-packages/pip/_vendor/tenacity) by extension 'ignore'
[1.063s] Level 1:colcon.colcon_core.package_identification:_identify(LCD_web/portamail_ui/venv/lib/python3.12/site-packages/pip/_vendor/tenacity) by extension 'ignore_ament_install'
[1.063s] Level 1:colcon.colcon_core.package_identification:_identify(LCD_web/portamail_ui/venv/lib/python3.12/site-packages/pip/_vendor/tenacity) by extensions ['colcon_pkg']
[1.063s] Level 1:colcon.colcon_core.package_identification:_identify(LCD_web/portamail_ui/venv/lib/python3.12/site-packages/pip/_vendor/tenacity) by extension 'colcon_pkg'
[1.063s] Level 1:colcon.colcon_core.package_identification:_identify(LCD_web/portamail_ui/venv/lib/python3.12/site-packages/pip/_vendor/tenacity) by extensions ['colcon_meta']
[1.063s] Level 1:colcon.colcon_core.package_identification:_identify(LCD_web/portamail_ui/venv/lib/python3.12/site-packages/pip/_vendor/tenacity) by extension 'colcon_meta'
[1.063s] Level 1:colcon.colcon_core.package_identification:_identify(LCD_web/portamail_ui/venv/lib/python3.12/site-packages/pip/_vendor/tenacity) by extensions ['ros']
[1.063s] Level 1:colcon.colcon_core.package_identification:_identify(LCD_web/portamail_ui/venv/lib/python3.12/site-packages/pip/_vendor/tenacity) by extension 'ros'
[1.063s] Level 1:colcon.colcon_core.package_identification:_identify(LCD_web/portamail_ui/venv/lib/python3.12/site-packages/pip/_vendor/tenacity) by extensions ['cmake', 'python']
[1.063s] Level 1:colcon.colcon_core.package_identification:_identify(LCD_web/portamail_ui/venv/lib/python3.12/site-packages/pip/_vendor/tenacity) by extension 'cmake'
[1.063s] Level 1:colcon.colcon_core.package_identification:_identify(LCD_web/portamail_ui/venv/lib/python3.12/site-packages/pip/_vendor/tenacity) by extension 'python'
[1.063s] Level 1:colcon.colcon_core.package_identification:_identify(LCD_web/portamail_ui/venv/lib/python3.12/site-packages/pip/_vendor/tenacity) by extensions ['python_setup_py']
[1.063s] Level 1:colcon.colcon_core.package_identification:_identify(LCD_web/portamail_ui/venv/lib/python3.12/site-packages/pip/_vendor/tenacity) by extension 'python_setup_py'
[1.064s] Level 1:colcon.colcon_core.package_identification:_identify(LCD_web/portamail_ui/venv/lib/python3.12/site-packages/pip/_vendor/tenacity/__pycache__) by extensions ['ignore', 'ignore_ament_install']
[1.064s] Level 1:colcon.colcon_core.package_identification:_identify(LCD_web/portamail_ui/venv/lib/python3.12/site-packages/pip/_vendor/tenacity/__pycache__) by extension 'ignore'
[1.064s] Level 1:colcon.colcon_core.package_identification:_identify(LCD_web/portamail_ui/venv/lib/python3.12/site-packages/pip/_vendor/tenacity/__pycache__) by extension 'ignore_ament_install'
[1.064s] Level 1:colcon.colcon_core.package_identification:_identify(LCD_web/portamail_ui/venv/lib/python3.12/site-packages/pip/_vendor/tenacity/__pycache__) by extensions ['colcon_pkg']
[1.064s] Level 1:colcon.colcon_core.package_identification:_identify(LCD_web/portamail_ui/venv/lib/python3.12/site-packages/pip/_vendor/tenacity/__pycache__) by extension 'colcon_pkg'
[1.064s] Level 1:colcon.colcon_core.package_identification:_identify(LCD_web/portamail_ui/venv/lib/python3.12/site-packages/pip/_vendor/tenacity/__pycache__) by extensions ['colcon_meta']
[1.064s] Level 1:colcon.colcon_core.package_identification:_identify(LCD_web/portamail_ui/venv/lib/python3.12/site-packages/pip/_vendor/tenacity/__pycache__) by extension 'colcon_meta'
[1.064s] Level 1:colcon.colcon_core.package_identification:_identify(LCD_web/portamail_ui/venv/lib/python3.12/site-packages/pip/_vendor/tenacity/__pycache__) by extensions ['ros']
[1.064s] Level 1:colcon.colcon_core.package_identification:_identify(LCD_web/portamail_ui/venv/lib/python3.12/site-packages/pip/_vendor/tenacity/__pycache__) by extension 'ros'
[1.064s] Level 1:colcon.colcon_core.package_identification:_identify(LCD_web/portamail_ui/venv/lib/python3.12/site-packages/pip/_vendor/tenacity/__pycache__) by extensions ['cmake', 'python']
[1.064s] Level 1:colcon.colcon_core.package_identification:_identify(LCD_web/portamail_ui/venv/lib/python3.12/site-packages/pip/_vendor/tenacity/__pycache__) by extension 'cmake'
[1.064s] Level 1:colcon.colcon_core.package_identification:_identify(LCD_web/portamail_ui/venv/lib/python3.12/site-packages/pip/_vendor/tenacity/__pycache__) by extension 'python'
[1.064s] Level 1:colcon.colcon_core.package_identification:_identify(LCD_web/portamail_ui/venv/lib/python3.12/site-packages/pip/_vendor/tenacity/__pycache__) by extensions ['python_setup_py']
[1.064s] Level 1:colcon.colcon_core.package_identification:_identify(LCD_web/portamail_ui/venv/lib/python3.12/site-packages/pip/_vendor/tenacity/__pycache__) by extension 'python_setup_py'
[1.065s] Level 1:colcon.colcon_core.package_identification:_identify(LCD_web/portamail_ui/venv/lib/python3.12/site-packages/pip/_vendor/tomli) by extensions ['ignore', 'ignore_ament_install']
[1.065s] Level 1:colcon.colcon_core.package_identification:_identify(LCD_web/portamail_ui/venv/lib/python3.12/site-packages/pip/_vendor/tomli) by extension 'ignore'
[1.065s] Level 1:colcon.colcon_core.package_identification:_identify(LCD_web/portamail_ui/venv/lib/python3.12/site-packages/pip/_vendor/tomli) by extension 'ignore_ament_install'
[1.065s] Level 1:colcon.colcon_core.package_identification:_identify(LCD_web/portamail_ui/venv/lib/python3.12/site-packages/pip/_vendor/tomli) by extensions ['colcon_pkg']
[1.065s] Level 1:colcon.colcon_core.package_identification:_identify(LCD_web/portamail_ui/venv/lib/python3.12/site-packages/pip/_vendor/tomli) by extension 'colcon_pkg'
[1.065s] Level 1:colcon.colcon_core.package_identification:_identify(LCD_web/portamail_ui/venv/lib/python3.12/site-packages/pip/_vendor/tomli) by extensions ['colcon_meta']
[1.065s] Level 1:colcon.colcon_core.package_identification:_identify(LCD_web/portamail_ui/venv/lib/python3.12/site-packages/pip/_vendor/tomli) by extension 'colcon_meta'
[1.065s] Level 1:colcon.colcon_core.package_identification:_identify(LCD_web/portamail_ui/venv/lib/python3.12/site-packages/pip/_vendor/tomli) by extensions ['ros']
[1.065s] Level 1:colcon.colcon_core.package_identification:_identify(LCD_web/portamail_ui/venv/lib/python3.12/site-packages/pip/_vendor/tomli) by extension 'ros'
[1.065s] Level 1:colcon.colcon_core.package_identification:_identify(LCD_web/portamail_ui/venv/lib/python3.12/site-packages/pip/_vendor/tomli) by extensions ['cmake', 'python']
[1.065s] Level 1:colcon.colcon_core.package_identification:_identify(LCD_web/portamail_ui/venv/lib/python3.12/site-packages/pip/_vendor/tomli) by extension 'cmake'
[1.065s] Level 1:colcon.colcon_core.package_identification:_identify(LCD_web/portamail_ui/venv/lib/python3.12/site-packages/pip/_vendor/tomli) by extension 'python'
[1.065s] Level 1:colcon.colcon_core.package_identification:_identify(LCD_web/portamail_ui/venv/lib/python3.12/site-packages/pip/_vendor/tomli) by extensions ['python_setup_py']
[1.065s] Level 1:colcon.colcon_core.package_identification:_identify(LCD_web/portamail_ui/venv/lib/python3.12/site-packages/pip/_vendor/tomli) by extension 'python_setup_py'
[1.066s] Level 1:colcon.colcon_core.package_identification:_identify(LCD_web/portamail_ui/venv/lib/python3.12/site-packages/pip/_vendor/tomli/__pycache__) by extensions ['ignore', 'ignore_ament_install']
[1.066s] Level 1:colcon.colcon_core.package_identification:_identify(LCD_web/portamail_ui/venv/lib/python3.12/site-packages/pip/_vendor/tomli/__pycache__) by extension 'ignore'
[1.066s] Level 1:colcon.colcon_core.package_identification:_identify(LCD_web/portamail_ui/venv/lib/python3.12/site-packages/pip/_vendor/tomli/__pycache__) by extension 'ignore_ament_install'
[1.066s] Level 1:colcon.colcon_core.package_identification:_identify(LCD_web/portamail_ui/venv/lib/python3.12/site-packages/pip/_vendor/tomli/__pycache__) by extensions ['colcon_pkg']
[1.066s] Level 1:colcon.colcon_core.package_identification:_identify(LCD_web/portamail_ui/venv/lib/python3.12/site-packages/pip/_vendor/tomli/__pycache__) by extension 'colcon_pkg'
[1.066s] Level 1:colcon.colcon_core.package_identification:_identify(LCD_web/portamail_ui/venv/lib/python3.12/site-packages/pip/_vendor/tomli/__pycache__) by extensions ['colcon_meta']
[1.066s] Level 1:colcon.colcon_core.package_identification:_identify(LCD_web/portamail_ui/venv/lib/python3.12/site-packages/pip/_vendor/tomli/__pycache__) by extension 'colcon_meta'
[1.066s] Level 1:colcon.colcon_core.package_identification:_identify(LCD_web/portamail_ui/venv/lib/python3.12/site-packages/pip/_vendor/tomli/__pycache__) by extensions ['ros']
[1.066s] Level 1:colcon.colcon_core.package_identification:_identify(LCD_web/portamail_ui/venv/lib/python3.12/site-packages/pip/_vendor/tomli/__pycache__) by extension 'ros'
[1.066s] Level 1:colcon.colcon_core.package_identification:_identify(LCD_web/portamail_ui/venv/lib/python3.12/site-packages/pip/_vendor/tomli/__pycache__) by extensions ['cmake', 'python']
[1.066s] Level 1:colcon.colcon_core.package_identification:_identify(LCD_web/portamail_ui/venv/lib/python3.12/site-packages/pip/_vendor/tomli/__pycache__) by extension 'cmake'
[1.066s] Level 1:colcon.colcon_core.package_identification:_identify(LCD_web/portamail_ui/venv/lib/python3.12/site-packages/pip/_vendor/tomli/__pycache__) by extension 'python'
[1.066s] Level 1:colcon.colcon_core.package_identification:_identify(LCD_web/portamail_ui/venv/lib/python3.12/site-packages/pip/_vendor/tomli/__pycache__) by extensions ['python_setup_py']
[1.066s] Level 1:colcon.colcon_core.package_identification:_identify(LCD_web/portamail_ui/venv/lib/python3.12/site-packages/pip/_vendor/tomli/__pycache__) by extension 'python_setup_py'
[1.067s] Level 1:colcon.colcon_core.package_identification:_identify(LCD_web/portamail_ui/venv/lib/python3.12/site-packages/pip/_vendor/truststore) by extensions ['ignore', 'ignore_ament_install']
[1.067s] Level 1:colcon.colcon_core.package_identification:_identify(LCD_web/portamail_ui/venv/lib/python3.12/site-packages/pip/_vendor/truststore) by extension 'ignore'
[1.067s] Level 1:colcon.colcon_core.package_identification:_identify(LCD_web/portamail_ui/venv/lib/python3.12/site-packages/pip/_vendor/truststore) by extension 'ignore_ament_install'
[1.067s] Level 1:colcon.colcon_core.package_identification:_identify(LCD_web/portamail_ui/venv/lib/python3.12/site-packages/pip/_vendor/truststore) by extensions ['colcon_pkg']
[1.067s] Level 1:colcon.colcon_core.package_identification:_identify(LCD_web/portamail_ui/venv/lib/python3.12/site-packages/pip/_vendor/truststore) by extension 'colcon_pkg'
[1.067s] Level 1:colcon.colcon_core.package_identification:_identify(LCD_web/portamail_ui/venv/lib/python3.12/site-packages/pip/_vendor/truststore) by extensions ['colcon_meta']
[1.068s] Level 1:colcon.colcon_core.package_identification:_identify(LCD_web/portamail_ui/venv/lib/python3.12/site-packages/pip/_vendor/truststore) by extension 'colcon_meta'
[1.068s] Level 1:colcon.colcon_core.package_identification:_identify(LCD_web/portamail_ui/venv/lib/python3.12/site-packages/pip/_vendor/truststore) by extensions ['ros']
[1.068s] Level 1:colcon.colcon_core.package_identification:_identify(LCD_web/portamail_ui/venv/lib/python3.12/site-packages/pip/_vendor/truststore) by extension 'ros'
[1.068s] Level 1:colcon.colcon_core.package_identification:_identify(LCD_web/portamail_ui/venv/lib/python3.12/site-packages/pip/_vendor/truststore) by extensions ['cmake', 'python']
[1.068s] Level 1:colcon.colcon_core.package_identification:_identify(LCD_web/portamail_ui/venv/lib/python3.12/site-packages/pip/_vendor/truststore) by extension 'cmake'
[1.068s] Level 1:colcon.colcon_core.package_identification:_identify(LCD_web/portamail_ui/venv/lib/python3.12/site-packages/pip/_vendor/truststore) by extension 'python'
[1.068s] Level 1:colcon.colcon_core.package_identification:_identify(LCD_web/portamail_ui/venv/lib/python3.12/site-packages/pip/_vendor/truststore) by extensions ['python_setup_py']
[1.068s] Level 1:colcon.colcon_core.package_identification:_identify(LCD_web/portamail_ui/venv/lib/python3.12/site-packages/pip/_vendor/truststore) by extension 'python_setup_py'
[1.070s] Level 1:colcon.colcon_core.package_identification:_identify(LCD_web/portamail_ui/venv/lib/python3.12/site-packages/pip/_vendor/truststore/__pycache__) by extensions ['ignore', 'ignore_ament_install']
[1.070s] Level 1:colcon.colcon_core.package_identification:_identify(LCD_web/portamail_ui/venv/lib/python3.12/site-packages/pip/_vendor/truststore/__pycache__) by extension 'ignore'
[1.070s] Level 1:colcon.colcon_core.package_identification:_identify(LCD_web/portamail_ui/venv/lib/python3.12/site-packages/pip/_vendor/truststore/__pycache__) by extension 'ignore_ament_install'
[1.070s] Level 1:colcon.colcon_core.package_identification:_identify(LCD_web/portamail_ui/venv/lib/python3.12/site-packages/pip/_vendor/truststore/__pycache__) by extensions ['colcon_pkg']
[1.070s] Level 1:colcon.colcon_core.package_identification:_identify(LCD_web/portamail_ui/venv/lib/python3.12/site-packages/pip/_vendor/truststore/__pycache__) by extension 'colcon_pkg'
[1.070s] Level 1:colcon.colcon_core.package_identification:_identify(LCD_web/portamail_ui/venv/lib/python3.12/site-packages/pip/_vendor/truststore/__pycache__) by extensions ['colcon_meta']
[1.070s] Level 1:colcon.colcon_core.package_identification:_identify(LCD_web/portamail_ui/venv/lib/python3.12/site-packages/pip/_vendor/truststore/__pycache__) by extension 'colcon_meta'
[1.070s] Level 1:colcon.colcon_core.package_identification:_identify(LCD_web/portamail_ui/venv/lib/python3.12/site-packages/pip/_vendor/truststore/__pycache__) by extensions ['ros']
[1.070s] Level 1:colcon.colcon_core.package_identification:_identify(LCD_web/portamail_ui/venv/lib/python3.12/site-packages/pip/_vendor/truststore/__pycache__) by extension 'ros'
[1.070s] Level 1:colcon.colcon_core.package_identification:_identify(LCD_web/portamail_ui/venv/lib/python3.12/site-packages/pip/_vendor/truststore/__pycache__) by extensions ['cmake', 'python']
[1.070s] Level 1:colcon.colcon_core.package_identification:_identify(LCD_web/portamail_ui/venv/lib/python3.12/site-packages/pip/_vendor/truststore/__pycache__) by extension 'cmake'
[1.070s] Level 1:colcon.colcon_core.package_identification:_identify(LCD_web/portamail_ui/venv/lib/python3.12/site-packages/pip/_vendor/truststore/__pycache__) by extension 'python'
[1.070s] Level 1:colcon.colcon_core.package_identification:_identify(LCD_web/portamail_ui/venv/lib/python3.12/site-packages/pip/_vendor/truststore/__pycache__) by extensions ['python_setup_py']
[1.070s] Level 1:colcon.colcon_core.package_identification:_identify(LCD_web/portamail_ui/venv/lib/python3.12/site-packages/pip/_vendor/truststore/__pycache__) by extension 'python_setup_py'
[1.071s] Level 1:colcon.colcon_core.package_identification:_identify(LCD_web/portamail_ui/venv/lib/python3.12/site-packages/pip/_vendor/urllib3) by extensions ['ignore', 'ignore_ament_install']
[1.071s] Level 1:colcon.colcon_core.package_identification:_identify(LCD_web/portamail_ui/venv/lib/python3.12/site-packages/pip/_vendor/urllib3) by extension 'ignore'
[1.071s] Level 1:colcon.colcon_core.package_identification:_identify(LCD_web/portamail_ui/venv/lib/python3.12/site-packages/pip/_vendor/urllib3) by extension 'ignore_ament_install'
[1.071s] Level 1:colcon.colcon_core.package_identification:_identify(LCD_web/portamail_ui/venv/lib/python3.12/site-packages/pip/_vendor/urllib3) by extensions ['colcon_pkg']
[1.071s] Level 1:colcon.colcon_core.package_identification:_identify(LCD_web/portamail_ui/venv/lib/python3.12/site-packages/pip/_vendor/urllib3) by extension 'colcon_pkg'
[1.071s] Level 1:colcon.colcon_core.package_identification:_identify(LCD_web/portamail_ui/venv/lib/python3.12/site-packages/pip/_vendor/urllib3) by extensions ['colcon_meta']
[1.071s] Level 1:colcon.colcon_core.package_identification:_identify(LCD_web/portamail_ui/venv/lib/python3.12/site-packages/pip/_vendor/urllib3) by extension 'colcon_meta'
[1.071s] Level 1:colcon.colcon_core.package_identification:_identify(LCD_web/portamail_ui/venv/lib/python3.12/site-packages/pip/_vendor/urllib3) by extensions ['ros']
[1.071s] Level 1:colcon.colcon_core.package_identification:_identify(LCD_web/portamail_ui/venv/lib/python3.12/site-packages/pip/_vendor/urllib3) by extension 'ros'
[1.071s] Level 1:colcon.colcon_core.package_identification:_identify(LCD_web/portamail_ui/venv/lib/python3.12/site-packages/pip/_vendor/urllib3) by extensions ['cmake', 'python']
[1.071s] Level 1:colcon.colcon_core.package_identification:_identify(LCD_web/portamail_ui/venv/lib/python3.12/site-packages/pip/_vendor/urllib3) by extension 'cmake'
[1.071s] Level 1:colcon.colcon_core.package_identification:_identify(LCD_web/portamail_ui/venv/lib/python3.12/site-packages/pip/_vendor/urllib3) by extension 'python'
[1.071s] Level 1:colcon.colcon_core.package_identification:_identify(LCD_web/portamail_ui/venv/lib/python3.12/site-packages/pip/_vendor/urllib3) by extensions ['python_setup_py']
[1.071s] Level 1:colcon.colcon_core.package_identification:_identify(LCD_web/portamail_ui/venv/lib/python3.12/site-packages/pip/_vendor/urllib3) by extension 'python_setup_py'
[1.072s] Level 1:colcon.colcon_core.package_identification:_identify(LCD_web/portamail_ui/venv/lib/python3.12/site-packages/pip/_vendor/urllib3/__pycache__) by extensions ['ignore', 'ignore_ament_install']
[1.072s] Level 1:colcon.colcon_core.package_identification:_identify(LCD_web/portamail_ui/venv/lib/python3.12/site-packages/pip/_vendor/urllib3/__pycache__) by extension 'ignore'
[1.072s] Level 1:colcon.colcon_core.package_identification:_identify(LCD_web/portamail_ui/venv/lib/python3.12/site-packages/pip/_vendor/urllib3/__pycache__) by extension 'ignore_ament_install'
[1.072s] Level 1:colcon.colcon_core.package_identification:_identify(LCD_web/portamail_ui/venv/lib/python3.12/site-packages/pip/_vendor/urllib3/__pycache__) by extensions ['colcon_pkg']
[1.072s] Level 1:colcon.colcon_core.package_identification:_identify(LCD_web/portamail_ui/venv/lib/python3.12/site-packages/pip/_vendor/urllib3/__pycache__) by extension 'colcon_pkg'
[1.072s] Level 1:colcon.colcon_core.package_identification:_identify(LCD_web/portamail_ui/venv/lib/python3.12/site-packages/pip/_vendor/urllib3/__pycache__) by extensions ['colcon_meta']
[1.072s] Level 1:colcon.colcon_core.package_identification:_identify(LCD_web/portamail_ui/venv/lib/python3.12/site-packages/pip/_vendor/urllib3/__pycache__) by extension 'colcon_meta'
[1.072s] Level 1:colcon.colcon_core.package_identification:_identify(LCD_web/portamail_ui/venv/lib/python3.12/site-packages/pip/_vendor/urllib3/__pycache__) by extensions ['ros']
[1.072s] Level 1:colcon.colcon_core.package_identification:_identify(LCD_web/portamail_ui/venv/lib/python3.12/site-packages/pip/_vendor/urllib3/__pycache__) by extension 'ros'
[1.072s] Level 1:colcon.colcon_core.package_identification:_identify(LCD_web/portamail_ui/venv/lib/python3.12/site-packages/pip/_vendor/urllib3/__pycache__) by extensions ['cmake', 'python']
[1.072s] Level 1:colcon.colcon_core.package_identification:_identify(LCD_web/portamail_ui/venv/lib/python3.12/site-packages/pip/_vendor/urllib3/__pycache__) by extension 'cmake'
[1.072s] Level 1:colcon.colcon_core.package_identification:_identify(LCD_web/portamail_ui/venv/lib/python3.12/site-packages/pip/_vendor/urllib3/__pycache__) by extension 'python'
[1.072s] Level 1:colcon.colcon_core.package_identification:_identify(LCD_web/portamail_ui/venv/lib/python3.12/site-packages/pip/_vendor/urllib3/__pycache__) by extensions ['python_setup_py']
[1.072s] Level 1:colcon.colcon_core.package_identification:_identify(LCD_web/portamail_ui/venv/lib/python3.12/site-packages/pip/_vendor/urllib3/__pycache__) by extension 'python_setup_py'
[1.072s] Level 1:colcon.colcon_core.package_identification:_identify(LCD_web/portamail_ui/venv/lib/python3.12/site-packages/pip/_vendor/urllib3/contrib) by extensions ['ignore', 'ignore_ament_install']
[1.073s] Level 1:colcon.colcon_core.package_identification:_identify(LCD_web/portamail_ui/venv/lib/python3.12/site-packages/pip/_vendor/urllib3/contrib) by extension 'ignore'
[1.073s] Level 1:colcon.colcon_core.package_identification:_identify(LCD_web/portamail_ui/venv/lib/python3.12/site-packages/pip/_vendor/urllib3/contrib) by extension 'ignore_ament_install'
[1.073s] Level 1:colcon.colcon_core.package_identification:_identify(LCD_web/portamail_ui/venv/lib/python3.12/site-packages/pip/_vendor/urllib3/contrib) by extensions ['colcon_pkg']
[1.073s] Level 1:colcon.colcon_core.package_identification:_identify(LCD_web/portamail_ui/venv/lib/python3.12/site-packages/pip/_vendor/urllib3/contrib) by extension 'colcon_pkg'
[1.073s] Level 1:colcon.colcon_core.package_identification:_identify(LCD_web/portamail_ui/venv/lib/python3.12/site-packages/pip/_vendor/urllib3/contrib) by extensions ['colcon_meta']
[1.073s] Level 1:colcon.colcon_core.package_identification:_identify(LCD_web/portamail_ui/venv/lib/python3.12/site-packages/pip/_vendor/urllib3/contrib) by extension 'colcon_meta'
[1.073s] Level 1:colcon.colcon_core.package_identification:_identify(LCD_web/portamail_ui/venv/lib/python3.12/site-packages/pip/_vendor/urllib3/contrib) by extensions ['ros']
[1.073s] Level 1:colcon.colcon_core.package_identification:_identify(LCD_web/portamail_ui/venv/lib/python3.12/site-packages/pip/_vendor/urllib3/contrib) by extension 'ros'
[1.073s] Level 1:colcon.colcon_core.package_identification:_identify(LCD_web/portamail_ui/venv/lib/python3.12/site-packages/pip/_vendor/urllib3/contrib) by extensions ['cmake', 'python']
[1.073s] Level 1:colcon.colcon_core.package_identification:_identify(LCD_web/portamail_ui/venv/lib/python3.12/site-packages/pip/_vendor/urllib3/contrib) by extension 'cmake'
[1.073s] Level 1:colcon.colcon_core.package_identification:_identify(LCD_web/portamail_ui/venv/lib/python3.12/site-packages/pip/_vendor/urllib3/contrib) by extension 'python'
[1.073s] Level 1:colcon.colcon_core.package_identification:_identify(LCD_web/portamail_ui/venv/lib/python3.12/site-packages/pip/_vendor/urllib3/contrib) by extensions ['python_setup_py']
[1.073s] Level 1:colcon.colcon_core.package_identification:_identify(LCD_web/portamail_ui/venv/lib/python3.12/site-packages/pip/_vendor/urllib3/contrib) by extension 'python_setup_py'
[1.073s] Level 1:colcon.colcon_core.package_identification:_identify(LCD_web/portamail_ui/venv/lib/python3.12/site-packages/pip/_vendor/urllib3/contrib/__pycache__) by extensions ['ignore', 'ignore_ament_install']
[1.074s] Level 1:colcon.colcon_core.package_identification:_identify(LCD_web/portamail_ui/venv/lib/python3.12/site-packages/pip/_vendor/urllib3/contrib/__pycache__) by extension 'ignore'
[1.074s] Level 1:colcon.colcon_core.package_identification:_identify(LCD_web/portamail_ui/venv/lib/python3.12/site-packages/pip/_vendor/urllib3/contrib/__pycache__) by extension 'ignore_ament_install'
[1.074s] Level 1:colcon.colcon_core.package_identification:_identify(LCD_web/portamail_ui/venv/lib/python3.12/site-packages/pip/_vendor/urllib3/contrib/__pycache__) by extensions ['colcon_pkg']
[1.074s] Level 1:colcon.colcon_core.package_identification:_identify(LCD_web/portamail_ui/venv/lib/python3.12/site-packages/pip/_vendor/urllib3/contrib/__pycache__) by extension 'colcon_pkg'
[1.074s] Level 1:colcon.colcon_core.package_identification:_identify(LCD_web/portamail_ui/venv/lib/python3.12/site-packages/pip/_vendor/urllib3/contrib/__pycache__) by extensions ['colcon_meta']
[1.074s] Level 1:colcon.colcon_core.package_identification:_identify(LCD_web/portamail_ui/venv/lib/python3.12/site-packages/pip/_vendor/urllib3/contrib/__pycache__) by extension 'colcon_meta'
[1.074s] Level 1:colcon.colcon_core.package_identification:_identify(LCD_web/portamail_ui/venv/lib/python3.12/site-packages/pip/_vendor/urllib3/contrib/__pycache__) by extensions ['ros']
[1.074s] Level 1:colcon.colcon_core.package_identification:_identify(LCD_web/portamail_ui/venv/lib/python3.12/site-packages/pip/_vendor/urllib3/contrib/__pycache__) by extension 'ros'
[1.074s] Level 1:colcon.colcon_core.package_identification:_identify(LCD_web/portamail_ui/venv/lib/python3.12/site-packages/pip/_vendor/urllib3/contrib/__pycache__) by extensions ['cmake', 'python']
[1.074s] Level 1:colcon.colcon_core.package_identification:_identify(LCD_web/portamail_ui/venv/lib/python3.12/site-packages/pip/_vendor/urllib3/contrib/__pycache__) by extension 'cmake'
[1.074s] Level 1:colcon.colcon_core.package_identification:_identify(LCD_web/portamail_ui/venv/lib/python3.12/site-packages/pip/_vendor/urllib3/contrib/__pycache__) by extension 'python'
[1.074s] Level 1:colcon.colcon_core.package_identification:_identify(LCD_web/portamail_ui/venv/lib/python3.12/site-packages/pip/_vendor/urllib3/contrib/__pycache__) by extensions ['python_setup_py']
[1.074s] Level 1:colcon.colcon_core.package_identification:_identify(LCD_web/portamail_ui/venv/lib/python3.12/site-packages/pip/_vendor/urllib3/contrib/__pycache__) by extension 'python_setup_py'
[1.075s] Level 1:colcon.colcon_core.package_identification:_identify(LCD_web/portamail_ui/venv/lib/python3.12/site-packages/pip/_vendor/urllib3/contrib/_securetransport) by extensions ['ignore', 'ignore_ament_install']
[1.075s] Level 1:colcon.colcon_core.package_identification:_identify(LCD_web/portamail_ui/venv/lib/python3.12/site-packages/pip/_vendor/urllib3/contrib/_securetransport) by extension 'ignore'
[1.076s] Level 1:colcon.colcon_core.package_identification:_identify(LCD_web/portamail_ui/venv/lib/python3.12/site-packages/pip/_vendor/urllib3/contrib/_securetransport) by extension 'ignore_ament_install'
[1.076s] Level 1:colcon.colcon_core.package_identification:_identify(LCD_web/portamail_ui/venv/lib/python3.12/site-packages/pip/_vendor/urllib3/contrib/_securetransport) by extensions ['colcon_pkg']
[1.076s] Level 1:colcon.colcon_core.package_identification:_identify(LCD_web/portamail_ui/venv/lib/python3.12/site-packages/pip/_vendor/urllib3/contrib/_securetransport) by extension 'colcon_pkg'
[1.076s] Level 1:colcon.colcon_core.package_identification:_identify(LCD_web/portamail_ui/venv/lib/python3.12/site-packages/pip/_vendor/urllib3/contrib/_securetransport) by extensions ['colcon_meta']
[1.076s] Level 1:colcon.colcon_core.package_identification:_identify(LCD_web/portamail_ui/venv/lib/python3.12/site-packages/pip/_vendor/urllib3/contrib/_securetransport) by extension 'colcon_meta'
[1.076s] Level 1:colcon.colcon_core.package_identification:_identify(LCD_web/portamail_ui/venv/lib/python3.12/site-packages/pip/_vendor/urllib3/contrib/_securetransport) by extensions ['ros']
[1.076s] Level 1:colcon.colcon_core.package_identification:_identify(LCD_web/portamail_ui/venv/lib/python3.12/site-packages/pip/_vendor/urllib3/contrib/_securetransport) by extension 'ros'
[1.076s] Level 1:colcon.colcon_core.package_identification:_identify(LCD_web/portamail_ui/venv/lib/python3.12/site-packages/pip/_vendor/urllib3/contrib/_securetransport) by extensions ['cmake', 'python']
[1.076s] Level 1:colcon.colcon_core.package_identification:_identify(LCD_web/portamail_ui/venv/lib/python3.12/site-packages/pip/_vendor/urllib3/contrib/_securetransport) by extension 'cmake'
[1.076s] Level 1:colcon.colcon_core.package_identification:_identify(LCD_web/portamail_ui/venv/lib/python3.12/site-packages/pip/_vendor/urllib3/contrib/_securetransport) by extension 'python'
[1.076s] Level 1:colcon.colcon_core.package_identification:_identify(LCD_web/portamail_ui/venv/lib/python3.12/site-packages/pip/_vendor/urllib3/contrib/_securetransport) by extensions ['python_setup_py']
[1.076s] Level 1:colcon.colcon_core.package_identification:_identify(LCD_web/portamail_ui/venv/lib/python3.12/site-packages/pip/_vendor/urllib3/contrib/_securetransport) by extension 'python_setup_py'
[1.077s] Level 1:colcon.colcon_core.package_identification:_identify(LCD_web/portamail_ui/venv/lib/python3.12/site-packages/pip/_vendor/urllib3/contrib/_securetransport/__pycache__) by extensions ['ignore', 'ignore_ament_install']
[1.077s] Level 1:colcon.colcon_core.package_identification:_identify(LCD_web/portamail_ui/venv/lib/python3.12/site-packages/pip/_vendor/urllib3/contrib/_securetransport/__pycache__) by extension 'ignore'
[1.077s] Level 1:colcon.colcon_core.package_identification:_identify(LCD_web/portamail_ui/venv/lib/python3.12/site-packages/pip/_vendor/urllib3/contrib/_securetransport/__pycache__) by extension 'ignore_ament_install'
[1.077s] Level 1:colcon.colcon_core.package_identification:_identify(LCD_web/portamail_ui/venv/lib/python3.12/site-packages/pip/_vendor/urllib3/contrib/_securetransport/__pycache__) by extensions ['colcon_pkg']
[1.077s] Level 1:colcon.colcon_core.package_identification:_identify(LCD_web/portamail_ui/venv/lib/python3.12/site-packages/pip/_vendor/urllib3/contrib/_securetransport/__pycache__) by extension 'colcon_pkg'
[1.077s] Level 1:colcon.colcon_core.package_identification:_identify(LCD_web/portamail_ui/venv/lib/python3.12/site-packages/pip/_vendor/urllib3/contrib/_securetransport/__pycache__) by extensions ['colcon_meta']
[1.077s] Level 1:colcon.colcon_core.package_identification:_identify(LCD_web/portamail_ui/venv/lib/python3.12/site-packages/pip/_vendor/urllib3/contrib/_securetransport/__pycache__) by extension 'colcon_meta'
[1.077s] Level 1:colcon.colcon_core.package_identification:_identify(LCD_web/portamail_ui/venv/lib/python3.12/site-packages/pip/_vendor/urllib3/contrib/_securetransport/__pycache__) by extensions ['ros']
[1.077s] Level 1:colcon.colcon_core.package_identification:_identify(LCD_web/portamail_ui/venv/lib/python3.12/site-packages/pip/_vendor/urllib3/contrib/_securetransport/__pycache__) by extension 'ros'
[1.078s] Level 1:colcon.colcon_core.package_identification:_identify(LCD_web/portamail_ui/venv/lib/python3.12/site-packages/pip/_vendor/urllib3/contrib/_securetransport/__pycache__) by extensions ['cmake', 'python']
[1.078s] Level 1:colcon.colcon_core.package_identification:_identify(LCD_web/portamail_ui/venv/lib/python3.12/site-packages/pip/_vendor/urllib3/contrib/_securetransport/__pycache__) by extension 'cmake'
[1.078s] Level 1:colcon.colcon_core.package_identification:_identify(LCD_web/portamail_ui/venv/lib/python3.12/site-packages/pip/_vendor/urllib3/contrib/_securetransport/__pycache__) by extension 'python'
[1.078s] Level 1:colcon.colcon_core.package_identification:_identify(LCD_web/portamail_ui/venv/lib/python3.12/site-packages/pip/_vendor/urllib3/contrib/_securetransport/__pycache__) by extensions ['python_setup_py']
[1.078s] Level 1:colcon.colcon_core.package_identification:_identify(LCD_web/portamail_ui/venv/lib/python3.12/site-packages/pip/_vendor/urllib3/contrib/_securetransport/__pycache__) by extension 'python_setup_py'
[1.078s] Level 1:colcon.colcon_core.package_identification:_identify(LCD_web/portamail_ui/venv/lib/python3.12/site-packages/pip/_vendor/urllib3/packages) by extensions ['ignore', 'ignore_ament_install']
[1.078s] Level 1:colcon.colcon_core.package_identification:_identify(LCD_web/portamail_ui/venv/lib/python3.12/site-packages/pip/_vendor/urllib3/packages) by extension 'ignore'
[1.078s] Level 1:colcon.colcon_core.package_identification:_identify(LCD_web/portamail_ui/venv/lib/python3.12/site-packages/pip/_vendor/urllib3/packages) by extension 'ignore_ament_install'
[1.078s] Level 1:colcon.colcon_core.package_identification:_identify(LCD_web/portamail_ui/venv/lib/python3.12/site-packages/pip/_vendor/urllib3/packages) by extensions ['colcon_pkg']
[1.078s] Level 1:colcon.colcon_core.package_identification:_identify(LCD_web/portamail_ui/venv/lib/python3.12/site-packages/pip/_vendor/urllib3/packages) by extension 'colcon_pkg'
[1.078s] Level 1:colcon.colcon_core.package_identification:_identify(LCD_web/portamail_ui/venv/lib/python3.12/site-packages/pip/_vendor/urllib3/packages) by extensions ['colcon_meta']
[1.078s] Level 1:colcon.colcon_core.package_identification:_identify(LCD_web/portamail_ui/venv/lib/python3.12/site-packages/pip/_vendor/urllib3/packages) by extension 'colcon_meta'
[1.078s] Level 1:colcon.colcon_core.package_identification:_identify(LCD_web/portamail_ui/venv/lib/python3.12/site-packages/pip/_vendor/urllib3/packages) by extensions ['ros']
[1.078s] Level 1:colcon.colcon_core.package_identification:_identify(LCD_web/portamail_ui/venv/lib/python3.12/site-packages/pip/_vendor/urllib3/packages) by extension 'ros'
[1.079s] Level 1:colcon.colcon_core.package_identification:_identify(LCD_web/portamail_ui/venv/lib/python3.12/site-packages/pip/_vendor/urllib3/packages) by extensions ['cmake', 'python']
[1.079s] Level 1:colcon.colcon_core.package_identification:_identify(LCD_web/portamail_ui/venv/lib/python3.12/site-packages/pip/_vendor/urllib3/packages) by extension 'cmake'
[1.079s] Level 1:colcon.colcon_core.package_identification:_identify(LCD_web/portamail_ui/venv/lib/python3.12/site-packages/pip/_vendor/urllib3/packages) by extension 'python'
[1.079s] Level 1:colcon.colcon_core.package_identification:_identify(LCD_web/portamail_ui/venv/lib/python3.12/site-packages/pip/_vendor/urllib3/packages) by extensions ['python_setup_py']
[1.079s] Level 1:colcon.colcon_core.package_identification:_identify(LCD_web/portamail_ui/venv/lib/python3.12/site-packages/pip/_vendor/urllib3/packages) by extension 'python_setup_py'
[1.079s] Level 1:colcon.colcon_core.package_identification:_identify(LCD_web/portamail_ui/venv/lib/python3.12/site-packages/pip/_vendor/urllib3/packages/__pycache__) by extensions ['ignore', 'ignore_ament_install']
[1.079s] Level 1:colcon.colcon_core.package_identification:_identify(LCD_web/portamail_ui/venv/lib/python3.12/site-packages/pip/_vendor/urllib3/packages/__pycache__) by extension 'ignore'
[1.079s] Level 1:colcon.colcon_core.package_identification:_identify(LCD_web/portamail_ui/venv/lib/python3.12/site-packages/pip/_vendor/urllib3/packages/__pycache__) by extension 'ignore_ament_install'
[1.079s] Level 1:colcon.colcon_core.package_identification:_identify(LCD_web/portamail_ui/venv/lib/python3.12/site-packages/pip/_vendor/urllib3/packages/__pycache__) by extensions ['colcon_pkg']
[1.079s] Level 1:colcon.colcon_core.package_identification:_identify(LCD_web/portamail_ui/venv/lib/python3.12/site-packages/pip/_vendor/urllib3/packages/__pycache__) by extension 'colcon_pkg'
[1.079s] Level 1:colcon.colcon_core.package_identification:_identify(LCD_web/portamail_ui/venv/lib/python3.12/site-packages/pip/_vendor/urllib3/packages/__pycache__) by extensions ['colcon_meta']
[1.079s] Level 1:colcon.colcon_core.package_identification:_identify(LCD_web/portamail_ui/venv/lib/python3.12/site-packages/pip/_vendor/urllib3/packages/__pycache__) by extension 'colcon_meta'
[1.080s] Level 1:colcon.colcon_core.package_identification:_identify(LCD_web/portamail_ui/venv/lib/python3.12/site-packages/pip/_vendor/urllib3/packages/__pycache__) by extensions ['ros']
[1.080s] Level 1:colcon.colcon_core.package_identification:_identify(LCD_web/portamail_ui/venv/lib/python3.12/site-packages/pip/_vendor/urllib3/packages/__pycache__) by extension 'ros'
[1.080s] Level 1:colcon.colcon_core.package_identification:_identify(LCD_web/portamail_ui/venv/lib/python3.12/site-packages/pip/_vendor/urllib3/packages/__pycache__) by extensions ['cmake', 'python']
[1.080s] Level 1:colcon.colcon_core.package_identification:_identify(LCD_web/portamail_ui/venv/lib/python3.12/site-packages/pip/_vendor/urllib3/packages/__pycache__) by extension 'cmake'
[1.080s] Level 1:colcon.colcon_core.package_identification:_identify(LCD_web/portamail_ui/venv/lib/python3.12/site-packages/pip/_vendor/urllib3/packages/__pycache__) by extension 'python'
[1.080s] Level 1:colcon.colcon_core.package_identification:_identify(LCD_web/portamail_ui/venv/lib/python3.12/site-packages/pip/_vendor/urllib3/packages/__pycache__) by extensions ['python_setup_py']
[1.080s] Level 1:colcon.colcon_core.package_identification:_identify(LCD_web/portamail_ui/venv/lib/python3.12/site-packages/pip/_vendor/urllib3/packages/__pycache__) by extension 'python_setup_py'
[1.080s] Level 1:colcon.colcon_core.package_identification:_identify(LCD_web/portamail_ui/venv/lib/python3.12/site-packages/pip/_vendor/urllib3/packages/backports) by extensions ['ignore', 'ignore_ament_install']
[1.081s] Level 1:colcon.colcon_core.package_identification:_identify(LCD_web/portamail_ui/venv/lib/python3.12/site-packages/pip/_vendor/urllib3/packages/backports) by extension 'ignore'
[1.081s] Level 1:colcon.colcon_core.package_identification:_identify(LCD_web/portamail_ui/venv/lib/python3.12/site-packages/pip/_vendor/urllib3/packages/backports) by extension 'ignore_ament_install'
[1.081s] Level 1:colcon.colcon_core.package_identification:_identify(LCD_web/portamail_ui/venv/lib/python3.12/site-packages/pip/_vendor/urllib3/packages/backports) by extensions ['colcon_pkg']
[1.081s] Level 1:colcon.colcon_core.package_identification:_identify(LCD_web/portamail_ui/venv/lib/python3.12/site-packages/pip/_vendor/urllib3/packages/backports) by extension 'colcon_pkg'
[1.081s] Level 1:colcon.colcon_core.package_identification:_identify(LCD_web/portamail_ui/venv/lib/python3.12/site-packages/pip/_vendor/urllib3/packages/backports) by extensions ['colcon_meta']
[1.081s] Level 1:colcon.colcon_core.package_identification:_identify(LCD_web/portamail_ui/venv/lib/python3.12/site-packages/pip/_vendor/urllib3/packages/backports) by extension 'colcon_meta'
[1.081s] Level 1:colcon.colcon_core.package_identification:_identify(LCD_web/portamail_ui/venv/lib/python3.12/site-packages/pip/_vendor/urllib3/packages/backports) by extensions ['ros']
[1.081s] Level 1:colcon.colcon_core.package_identification:_identify(LCD_web/portamail_ui/venv/lib/python3.12/site-packages/pip/_vendor/urllib3/packages/backports) by extension 'ros'
[1.081s] Level 1:colcon.colcon_core.package_identification:_identify(LCD_web/portamail_ui/venv/lib/python3.12/site-packages/pip/_vendor/urllib3/packages/backports) by extensions ['cmake', 'python']
[1.081s] Level 1:colcon.colcon_core.package_identification:_identify(LCD_web/portamail_ui/venv/lib/python3.12/site-packages/pip/_vendor/urllib3/packages/backports) by extension 'cmake'
[1.081s] Level 1:colcon.colcon_core.package_identification:_identify(LCD_web/portamail_ui/venv/lib/python3.12/site-packages/pip/_vendor/urllib3/packages/backports) by extension 'python'
[1.081s] Level 1:colcon.colcon_core.package_identification:_identify(LCD_web/portamail_ui/venv/lib/python3.12/site-packages/pip/_vendor/urllib3/packages/backports) by extensions ['python_setup_py']
[1.081s] Level 1:colcon.colcon_core.package_identification:_identify(LCD_web/portamail_ui/venv/lib/python3.12/site-packages/pip/_vendor/urllib3/packages/backports) by extension 'python_setup_py'
[1.082s] Level 1:colcon.colcon_core.package_identification:_identify(LCD_web/portamail_ui/venv/lib/python3.12/site-packages/pip/_vendor/urllib3/packages/backports/__pycache__) by extensions ['ignore', 'ignore_ament_install']
[1.082s] Level 1:colcon.colcon_core.package_identification:_identify(LCD_web/portamail_ui/venv/lib/python3.12/site-packages/pip/_vendor/urllib3/packages/backports/__pycache__) by extension 'ignore'
[1.082s] Level 1:colcon.colcon_core.package_identification:_identify(LCD_web/portamail_ui/venv/lib/python3.12/site-packages/pip/_vendor/urllib3/packages/backports/__pycache__) by extension 'ignore_ament_install'
[1.082s] Level 1:colcon.colcon_core.package_identification:_identify(LCD_web/portamail_ui/venv/lib/python3.12/site-packages/pip/_vendor/urllib3/packages/backports/__pycache__) by extensions ['colcon_pkg']
[1.082s] Level 1:colcon.colcon_core.package_identification:_identify(LCD_web/portamail_ui/venv/lib/python3.12/site-packages/pip/_vendor/urllib3/packages/backports/__pycache__) by extension 'colcon_pkg'
[1.083s] Level 1:colcon.colcon_core.package_identification:_identify(LCD_web/portamail_ui/venv/lib/python3.12/site-packages/pip/_vendor/urllib3/packages/backports/__pycache__) by extensions ['colcon_meta']
[1.083s] Level 1:colcon.colcon_core.package_identification:_identify(LCD_web/portamail_ui/venv/lib/python3.12/site-packages/pip/_vendor/urllib3/packages/backports/__pycache__) by extension 'colcon_meta'
[1.083s] Level 1:colcon.colcon_core.package_identification:_identify(LCD_web/portamail_ui/venv/lib/python3.12/site-packages/pip/_vendor/urllib3/packages/backports/__pycache__) by extensions ['ros']
[1.083s] Level 1:colcon.colcon_core.package_identification:_identify(LCD_web/portamail_ui/venv/lib/python3.12/site-packages/pip/_vendor/urllib3/packages/backports/__pycache__) by extension 'ros'
[1.083s] Level 1:colcon.colcon_core.package_identification:_identify(LCD_web/portamail_ui/venv/lib/python3.12/site-packages/pip/_vendor/urllib3/packages/backports/__pycache__) by extensions ['cmake', 'python']
[1.083s] Level 1:colcon.colcon_core.package_identification:_identify(LCD_web/portamail_ui/venv/lib/python3.12/site-packages/pip/_vendor/urllib3/packages/backports/__pycache__) by extension 'cmake'
[1.083s] Level 1:colcon.colcon_core.package_identification:_identify(LCD_web/portamail_ui/venv/lib/python3.12/site-packages/pip/_vendor/urllib3/packages/backports/__pycache__) by extension 'python'
[1.083s] Level 1:colcon.colcon_core.package_identification:_identify(LCD_web/portamail_ui/venv/lib/python3.12/site-packages/pip/_vendor/urllib3/packages/backports/__pycache__) by extensions ['python_setup_py']
[1.083s] Level 1:colcon.colcon_core.package_identification:_identify(LCD_web/portamail_ui/venv/lib/python3.12/site-packages/pip/_vendor/urllib3/packages/backports/__pycache__) by extension 'python_setup_py'
[1.083s] Level 1:colcon.colcon_core.package_identification:_identify(LCD_web/portamail_ui/venv/lib/python3.12/site-packages/pip/_vendor/urllib3/util) by extensions ['ignore', 'ignore_ament_install']
[1.083s] Level 1:colcon.colcon_core.package_identification:_identify(LCD_web/portamail_ui/venv/lib/python3.12/site-packages/pip/_vendor/urllib3/util) by extension 'ignore'
[1.083s] Level 1:colcon.colcon_core.package_identification:_identify(LCD_web/portamail_ui/venv/lib/python3.12/site-packages/pip/_vendor/urllib3/util) by extension 'ignore_ament_install'
[1.084s] Level 1:colcon.colcon_core.package_identification:_identify(LCD_web/portamail_ui/venv/lib/python3.12/site-packages/pip/_vendor/urllib3/util) by extensions ['colcon_pkg']
[1.084s] Level 1:colcon.colcon_core.package_identification:_identify(LCD_web/portamail_ui/venv/lib/python3.12/site-packages/pip/_vendor/urllib3/util) by extension 'colcon_pkg'
[1.084s] Level 1:colcon.colcon_core.package_identification:_identify(LCD_web/portamail_ui/venv/lib/python3.12/site-packages/pip/_vendor/urllib3/util) by extensions ['colcon_meta']
[1.084s] Level 1:colcon.colcon_core.package_identification:_identify(LCD_web/portamail_ui/venv/lib/python3.12/site-packages/pip/_vendor/urllib3/util) by extension 'colcon_meta'
[1.084s] Level 1:colcon.colcon_core.package_identification:_identify(LCD_web/portamail_ui/venv/lib/python3.12/site-packages/pip/_vendor/urllib3/util) by extensions ['ros']
[1.084s] Level 1:colcon.colcon_core.package_identification:_identify(LCD_web/portamail_ui/venv/lib/python3.12/site-packages/pip/_vendor/urllib3/util) by extension 'ros'
[1.084s] Level 1:colcon.colcon_core.package_identification:_identify(LCD_web/portamail_ui/venv/lib/python3.12/site-packages/pip/_vendor/urllib3/util) by extensions ['cmake', 'python']
[1.084s] Level 1:colcon.colcon_core.package_identification:_identify(LCD_web/portamail_ui/venv/lib/python3.12/site-packages/pip/_vendor/urllib3/util) by extension 'cmake'
[1.084s] Level 1:colcon.colcon_core.package_identification:_identify(LCD_web/portamail_ui/venv/lib/python3.12/site-packages/pip/_vendor/urllib3/util) by extension 'python'
[1.084s] Level 1:colcon.colcon_core.package_identification:_identify(LCD_web/portamail_ui/venv/lib/python3.12/site-packages/pip/_vendor/urllib3/util) by extensions ['python_setup_py']
[1.084s] Level 1:colcon.colcon_core.package_identification:_identify(LCD_web/portamail_ui/venv/lib/python3.12/site-packages/pip/_vendor/urllib3/util) by extension 'python_setup_py'
[1.084s] Level 1:colcon.colcon_core.package_identification:_identify(LCD_web/portamail_ui/venv/lib/python3.12/site-packages/pip/_vendor/urllib3/util/__pycache__) by extensions ['ignore', 'ignore_ament_install']
[1.084s] Level 1:colcon.colcon_core.package_identification:_identify(LCD_web/portamail_ui/venv/lib/python3.12/site-packages/pip/_vendor/urllib3/util/__pycache__) by extension 'ignore'
[1.084s] Level 1:colcon.colcon_core.package_identification:_identify(LCD_web/portamail_ui/venv/lib/python3.12/site-packages/pip/_vendor/urllib3/util/__pycache__) by extension 'ignore_ament_install'
[1.085s] Level 1:colcon.colcon_core.package_identification:_identify(LCD_web/portamail_ui/venv/lib/python3.12/site-packages/pip/_vendor/urllib3/util/__pycache__) by extensions ['colcon_pkg']
[1.085s] Level 1:colcon.colcon_core.package_identification:_identify(LCD_web/portamail_ui/venv/lib/python3.12/site-packages/pip/_vendor/urllib3/util/__pycache__) by extension 'colcon_pkg'
[1.085s] Level 1:colcon.colcon_core.package_identification:_identify(LCD_web/portamail_ui/venv/lib/python3.12/site-packages/pip/_vendor/urllib3/util/__pycache__) by extensions ['colcon_meta']
[1.085s] Level 1:colcon.colcon_core.package_identification:_identify(LCD_web/portamail_ui/venv/lib/python3.12/site-packages/pip/_vendor/urllib3/util/__pycache__) by extension 'colcon_meta'
[1.085s] Level 1:colcon.colcon_core.package_identification:_identify(LCD_web/portamail_ui/venv/lib/python3.12/site-packages/pip/_vendor/urllib3/util/__pycache__) by extensions ['ros']
[1.085s] Level 1:colcon.colcon_core.package_identification:_identify(LCD_web/portamail_ui/venv/lib/python3.12/site-packages/pip/_vendor/urllib3/util/__pycache__) by extension 'ros'
[1.085s] Level 1:colcon.colcon_core.package_identification:_identify(LCD_web/portamail_ui/venv/lib/python3.12/site-packages/pip/_vendor/urllib3/util/__pycache__) by extensions ['cmake', 'python']
[1.085s] Level 1:colcon.colcon_core.package_identification:_identify(LCD_web/portamail_ui/venv/lib/python3.12/site-packages/pip/_vendor/urllib3/util/__pycache__) by extension 'cmake'
[1.085s] Level 1:colcon.colcon_core.package_identification:_identify(LCD_web/portamail_ui/venv/lib/python3.12/site-packages/pip/_vendor/urllib3/util/__pycache__) by extension 'python'
[1.085s] Level 1:colcon.colcon_core.package_identification:_identify(LCD_web/portamail_ui/venv/lib/python3.12/site-packages/pip/_vendor/urllib3/util/__pycache__) by extensions ['python_setup_py']
[1.085s] Level 1:colcon.colcon_core.package_identification:_identify(LCD_web/portamail_ui/venv/lib/python3.12/site-packages/pip/_vendor/urllib3/util/__pycache__) by extension 'python_setup_py'
[1.087s] Level 1:colcon.colcon_core.package_identification:_identify(LCD_web/portamail_ui/venv/lib/python3.12/site-packages/pip/_vendor/webencodings) by extensions ['ignore', 'ignore_ament_install']
[1.088s] Level 1:colcon.colcon_core.package_identification:_identify(LCD_web/portamail_ui/venv/lib/python3.12/site-packages/pip/_vendor/webencodings) by extension 'ignore'
[1.088s] Level 1:colcon.colcon_core.package_identification:_identify(LCD_web/portamail_ui/venv/lib/python3.12/site-packages/pip/_vendor/webencodings) by extension 'ignore_ament_install'
[1.088s] Level 1:colcon.colcon_core.package_identification:_identify(LCD_web/portamail_ui/venv/lib/python3.12/site-packages/pip/_vendor/webencodings) by extensions ['colcon_pkg']
[1.088s] Level 1:colcon.colcon_core.package_identification:_identify(LCD_web/portamail_ui/venv/lib/python3.12/site-packages/pip/_vendor/webencodings) by extension 'colcon_pkg'
[1.088s] Level 1:colcon.colcon_core.package_identification:_identify(LCD_web/portamail_ui/venv/lib/python3.12/site-packages/pip/_vendor/webencodings) by extensions ['colcon_meta']
[1.088s] Level 1:colcon.colcon_core.package_identification:_identify(LCD_web/portamail_ui/venv/lib/python3.12/site-packages/pip/_vendor/webencodings) by extension 'colcon_meta'
[1.088s] Level 1:colcon.colcon_core.package_identification:_identify(LCD_web/portamail_ui/venv/lib/python3.12/site-packages/pip/_vendor/webencodings) by extensions ['ros']
[1.088s] Level 1:colcon.colcon_core.package_identification:_identify(LCD_web/portamail_ui/venv/lib/python3.12/site-packages/pip/_vendor/webencodings) by extension 'ros'
[1.088s] Level 1:colcon.colcon_core.package_identification:_identify(LCD_web/portamail_ui/venv/lib/python3.12/site-packages/pip/_vendor/webencodings) by extensions ['cmake', 'python']
[1.088s] Level 1:colcon.colcon_core.package_identification:_identify(LCD_web/portamail_ui/venv/lib/python3.12/site-packages/pip/_vendor/webencodings) by extension 'cmake'
[1.088s] Level 1:colcon.colcon_core.package_identification:_identify(LCD_web/portamail_ui/venv/lib/python3.12/site-packages/pip/_vendor/webencodings) by extension 'python'
[1.088s] Level 1:colcon.colcon_core.package_identification:_identify(LCD_web/portamail_ui/venv/lib/python3.12/site-packages/pip/_vendor/webencodings) by extensions ['python_setup_py']
[1.088s] Level 1:colcon.colcon_core.package_identification:_identify(LCD_web/portamail_ui/venv/lib/python3.12/site-packages/pip/_vendor/webencodings) by extension 'python_setup_py'
[1.089s] Level 1:colcon.colcon_core.package_identification:_identify(LCD_web/portamail_ui/venv/lib/python3.12/site-packages/pip/_vendor/webencodings/__pycache__) by extensions ['ignore', 'ignore_ament_install']
[1.089s] Level 1:colcon.colcon_core.package_identification:_identify(LCD_web/portamail_ui/venv/lib/python3.12/site-packages/pip/_vendor/webencodings/__pycache__) by extension 'ignore'
[1.089s] Level 1:colcon.colcon_core.package_identification:_identify(LCD_web/portamail_ui/venv/lib/python3.12/site-packages/pip/_vendor/webencodings/__pycache__) by extension 'ignore_ament_install'
[1.089s] Level 1:colcon.colcon_core.package_identification:_identify(LCD_web/portamail_ui/venv/lib/python3.12/site-packages/pip/_vendor/webencodings/__pycache__) by extensions ['colcon_pkg']
[1.089s] Level 1:colcon.colcon_core.package_identification:_identify(LCD_web/portamail_ui/venv/lib/python3.12/site-packages/pip/_vendor/webencodings/__pycache__) by extension 'colcon_pkg'
[1.089s] Level 1:colcon.colcon_core.package_identification:_identify(LCD_web/portamail_ui/venv/lib/python3.12/site-packages/pip/_vendor/webencodings/__pycache__) by extensions ['colcon_meta']
[1.089s] Level 1:colcon.colcon_core.package_identification:_identify(LCD_web/portamail_ui/venv/lib/python3.12/site-packages/pip/_vendor/webencodings/__pycache__) by extension 'colcon_meta'
[1.089s] Level 1:colcon.colcon_core.package_identification:_identify(LCD_web/portamail_ui/venv/lib/python3.12/site-packages/pip/_vendor/webencodings/__pycache__) by extensions ['ros']
[1.089s] Level 1:colcon.colcon_core.package_identification:_identify(LCD_web/portamail_ui/venv/lib/python3.12/site-packages/pip/_vendor/webencodings/__pycache__) by extension 'ros'
[1.090s] Level 1:colcon.colcon_core.package_identification:_identify(LCD_web/portamail_ui/venv/lib/python3.12/site-packages/pip/_vendor/webencodings/__pycache__) by extensions ['cmake', 'python']
[1.090s] Level 1:colcon.colcon_core.package_identification:_identify(LCD_web/portamail_ui/venv/lib/python3.12/site-packages/pip/_vendor/webencodings/__pycache__) by extension 'cmake'
[1.090s] Level 1:colcon.colcon_core.package_identification:_identify(LCD_web/portamail_ui/venv/lib/python3.12/site-packages/pip/_vendor/webencodings/__pycache__) by extension 'python'
[1.090s] Level 1:colcon.colcon_core.package_identification:_identify(LCD_web/portamail_ui/venv/lib/python3.12/site-packages/pip/_vendor/webencodings/__pycache__) by extensions ['python_setup_py']
[1.090s] Level 1:colcon.colcon_core.package_identification:_identify(LCD_web/portamail_ui/venv/lib/python3.12/site-packages/pip/_vendor/webencodings/__pycache__) by extension 'python_setup_py'
[1.090s] Level 1:colcon.colcon_core.package_identification:_identify(LCD_web/portamail_ui/venv/lib/python3.12/site-packages/pip-24.0.dist-info) by extensions ['ignore', 'ignore_ament_install']
[1.090s] Level 1:colcon.colcon_core.package_identification:_identify(LCD_web/portamail_ui/venv/lib/python3.12/site-packages/pip-24.0.dist-info) by extension 'ignore'
[1.090s] Level 1:colcon.colcon_core.package_identification:_identify(LCD_web/portamail_ui/venv/lib/python3.12/site-packages/pip-24.0.dist-info) by extension 'ignore_ament_install'
[1.090s] Level 1:colcon.colcon_core.package_identification:_identify(LCD_web/portamail_ui/venv/lib/python3.12/site-packages/pip-24.0.dist-info) by extensions ['colcon_pkg']
[1.090s] Level 1:colcon.colcon_core.package_identification:_identify(LCD_web/portamail_ui/venv/lib/python3.12/site-packages/pip-24.0.dist-info) by extension 'colcon_pkg'
[1.090s] Level 1:colcon.colcon_core.package_identification:_identify(LCD_web/portamail_ui/venv/lib/python3.12/site-packages/pip-24.0.dist-info) by extensions ['colcon_meta']
[1.090s] Level 1:colcon.colcon_core.package_identification:_identify(LCD_web/portamail_ui/venv/lib/python3.12/site-packages/pip-24.0.dist-info) by extension 'colcon_meta'
[1.090s] Level 1:colcon.colcon_core.package_identification:_identify(LCD_web/portamail_ui/venv/lib/python3.12/site-packages/pip-24.0.dist-info) by extensions ['ros']
[1.090s] Level 1:colcon.colcon_core.package_identification:_identify(LCD_web/portamail_ui/venv/lib/python3.12/site-packages/pip-24.0.dist-info) by extension 'ros'
[1.091s] Level 1:colcon.colcon_core.package_identification:_identify(LCD_web/portamail_ui/venv/lib/python3.12/site-packages/pip-24.0.dist-info) by extensions ['cmake', 'python']
[1.091s] Level 1:colcon.colcon_core.package_identification:_identify(LCD_web/portamail_ui/venv/lib/python3.12/site-packages/pip-24.0.dist-info) by extension 'cmake'
[1.091s] Level 1:colcon.colcon_core.package_identification:_identify(LCD_web/portamail_ui/venv/lib/python3.12/site-packages/pip-24.0.dist-info) by extension 'python'
[1.091s] Level 1:colcon.colcon_core.package_identification:_identify(LCD_web/portamail_ui/venv/lib/python3.12/site-packages/pip-24.0.dist-info) by extensions ['python_setup_py']
[1.091s] Level 1:colcon.colcon_core.package_identification:_identify(LCD_web/portamail_ui/venv/lib/python3.12/site-packages/pip-24.0.dist-info) by extension 'python_setup_py'
[1.091s] Level 1:colcon.colcon_core.package_identification:_identify(LCD_web/portamail_ui/venv/lib/python3.12/site-packages/python_engineio-4.13.1.dist-info) by extensions ['ignore', 'ignore_ament_install']
[1.091s] Level 1:colcon.colcon_core.package_identification:_identify(LCD_web/portamail_ui/venv/lib/python3.12/site-packages/python_engineio-4.13.1.dist-info) by extension 'ignore'
[1.091s] Level 1:colcon.colcon_core.package_identification:_identify(LCD_web/portamail_ui/venv/lib/python3.12/site-packages/python_engineio-4.13.1.dist-info) by extension 'ignore_ament_install'
[1.091s] Level 1:colcon.colcon_core.package_identification:_identify(LCD_web/portamail_ui/venv/lib/python3.12/site-packages/python_engineio-4.13.1.dist-info) by extensions ['colcon_pkg']
[1.091s] Level 1:colcon.colcon_core.package_identification:_identify(LCD_web/portamail_ui/venv/lib/python3.12/site-packages/python_engineio-4.13.1.dist-info) by extension 'colcon_pkg'
[1.091s] Level 1:colcon.colcon_core.package_identification:_identify(LCD_web/portamail_ui/venv/lib/python3.12/site-packages/python_engineio-4.13.1.dist-info) by extensions ['colcon_meta']
[1.091s] Level 1:colcon.colcon_core.package_identification:_identify(LCD_web/portamail_ui/venv/lib/python3.12/site-packages/python_engineio-4.13.1.dist-info) by extension 'colcon_meta'
[1.091s] Level 1:colcon.colcon_core.package_identification:_identify(LCD_web/portamail_ui/venv/lib/python3.12/site-packages/python_engineio-4.13.1.dist-info) by extensions ['ros']
[1.091s] Level 1:colcon.colcon_core.package_identification:_identify(LCD_web/portamail_ui/venv/lib/python3.12/site-packages/python_engineio-4.13.1.dist-info) by extension 'ros'
[1.091s] Level 1:colcon.colcon_core.package_identification:_identify(LCD_web/portamail_ui/venv/lib/python3.12/site-packages/python_engineio-4.13.1.dist-info) by extensions ['cmake', 'python']
[1.092s] Level 1:colcon.colcon_core.package_identification:_identify(LCD_web/portamail_ui/venv/lib/python3.12/site-packages/python_engineio-4.13.1.dist-info) by extension 'cmake'
[1.092s] Level 1:colcon.colcon_core.package_identification:_identify(LCD_web/portamail_ui/venv/lib/python3.12/site-packages/python_engineio-4.13.1.dist-info) by extension 'python'
[1.092s] Level 1:colcon.colcon_core.package_identification:_identify(LCD_web/portamail_ui/venv/lib/python3.12/site-packages/python_engineio-4.13.1.dist-info) by extensions ['python_setup_py']
[1.092s] Level 1:colcon.colcon_core.package_identification:_identify(LCD_web/portamail_ui/venv/lib/python3.12/site-packages/python_engineio-4.13.1.dist-info) by extension 'python_setup_py'
[1.092s] Level 1:colcon.colcon_core.package_identification:_identify(LCD_web/portamail_ui/venv/lib/python3.12/site-packages/python_engineio-4.13.1.dist-info/licenses) by extensions ['ignore', 'ignore_ament_install']
[1.092s] Level 1:colcon.colcon_core.package_identification:_identify(LCD_web/portamail_ui/venv/lib/python3.12/site-packages/python_engineio-4.13.1.dist-info/licenses) by extension 'ignore'
[1.092s] Level 1:colcon.colcon_core.package_identification:_identify(LCD_web/portamail_ui/venv/lib/python3.12/site-packages/python_engineio-4.13.1.dist-info/licenses) by extension 'ignore_ament_install'
[1.092s] Level 1:colcon.colcon_core.package_identification:_identify(LCD_web/portamail_ui/venv/lib/python3.12/site-packages/python_engineio-4.13.1.dist-info/licenses) by extensions ['colcon_pkg']
[1.092s] Level 1:colcon.colcon_core.package_identification:_identify(LCD_web/portamail_ui/venv/lib/python3.12/site-packages/python_engineio-4.13.1.dist-info/licenses) by extension 'colcon_pkg'
[1.093s] Level 1:colcon.colcon_core.package_identification:_identify(LCD_web/portamail_ui/venv/lib/python3.12/site-packages/python_engineio-4.13.1.dist-info/licenses) by extensions ['colcon_meta']
[1.093s] Level 1:colcon.colcon_core.package_identification:_identify(LCD_web/portamail_ui/venv/lib/python3.12/site-packages/python_engineio-4.13.1.dist-info/licenses) by extension 'colcon_meta'
[1.093s] Level 1:colcon.colcon_core.package_identification:_identify(LCD_web/portamail_ui/venv/lib/python3.12/site-packages/python_engineio-4.13.1.dist-info/licenses) by extensions ['ros']
[1.093s] Level 1:colcon.colcon_core.package_identification:_identify(LCD_web/portamail_ui/venv/lib/python3.12/site-packages/python_engineio-4.13.1.dist-info/licenses) by extension 'ros'
[1.093s] Level 1:colcon.colcon_core.package_identification:_identify(LCD_web/portamail_ui/venv/lib/python3.12/site-packages/python_engineio-4.13.1.dist-info/licenses) by extensions ['cmake', 'python']
[1.093s] Level 1:colcon.colcon_core.package_identification:_identify(LCD_web/portamail_ui/venv/lib/python3.12/site-packages/python_engineio-4.13.1.dist-info/licenses) by extension 'cmake'
[1.093s] Level 1:colcon.colcon_core.package_identification:_identify(LCD_web/portamail_ui/venv/lib/python3.12/site-packages/python_engineio-4.13.1.dist-info/licenses) by extension 'python'
[1.093s] Level 1:colcon.colcon_core.package_identification:_identify(LCD_web/portamail_ui/venv/lib/python3.12/site-packages/python_engineio-4.13.1.dist-info/licenses) by extensions ['python_setup_py']
[1.093s] Level 1:colcon.colcon_core.package_identification:_identify(LCD_web/portamail_ui/venv/lib/python3.12/site-packages/python_engineio-4.13.1.dist-info/licenses) by extension 'python_setup_py'
[1.093s] Level 1:colcon.colcon_core.package_identification:_identify(LCD_web/portamail_ui/venv/lib/python3.12/site-packages/python_socketio-5.16.1.dist-info) by extensions ['ignore', 'ignore_ament_install']
[1.093s] Level 1:colcon.colcon_core.package_identification:_identify(LCD_web/portamail_ui/venv/lib/python3.12/site-packages/python_socketio-5.16.1.dist-info) by extension 'ignore'
[1.093s] Level 1:colcon.colcon_core.package_identification:_identify(LCD_web/portamail_ui/venv/lib/python3.12/site-packages/python_socketio-5.16.1.dist-info) by extension 'ignore_ament_install'
[1.093s] Level 1:colcon.colcon_core.package_identification:_identify(LCD_web/portamail_ui/venv/lib/python3.12/site-packages/python_socketio-5.16.1.dist-info) by extensions ['colcon_pkg']
[1.093s] Level 1:colcon.colcon_core.package_identification:_identify(LCD_web/portamail_ui/venv/lib/python3.12/site-packages/python_socketio-5.16.1.dist-info) by extension 'colcon_pkg'
[1.093s] Level 1:colcon.colcon_core.package_identification:_identify(LCD_web/portamail_ui/venv/lib/python3.12/site-packages/python_socketio-5.16.1.dist-info) by extensions ['colcon_meta']
[1.093s] Level 1:colcon.colcon_core.package_identification:_identify(LCD_web/portamail_ui/venv/lib/python3.12/site-packages/python_socketio-5.16.1.dist-info) by extension 'colcon_meta'
[1.094s] Level 1:colcon.colcon_core.package_identification:_identify(LCD_web/portamail_ui/venv/lib/python3.12/site-packages/python_socketio-5.16.1.dist-info) by extensions ['ros']
[1.094s] Level 1:colcon.colcon_core.package_identification:_identify(LCD_web/portamail_ui/venv/lib/python3.12/site-packages/python_socketio-5.16.1.dist-info) by extension 'ros'
[1.094s] Level 1:colcon.colcon_core.package_identification:_identify(LCD_web/portamail_ui/venv/lib/python3.12/site-packages/python_socketio-5.16.1.dist-info) by extensions ['cmake', 'python']
[1.094s] Level 1:colcon.colcon_core.package_identification:_identify(LCD_web/portamail_ui/venv/lib/python3.12/site-packages/python_socketio-5.16.1.dist-info) by extension 'cmake'
[1.094s] Level 1:colcon.colcon_core.package_identification:_identify(LCD_web/portamail_ui/venv/lib/python3.12/site-packages/python_socketio-5.16.1.dist-info) by extension 'python'
[1.094s] Level 1:colcon.colcon_core.package_identification:_identify(LCD_web/portamail_ui/venv/lib/python3.12/site-packages/python_socketio-5.16.1.dist-info) by extensions ['python_setup_py']
[1.094s] Level 1:colcon.colcon_core.package_identification:_identify(LCD_web/portamail_ui/venv/lib/python3.12/site-packages/python_socketio-5.16.1.dist-info) by extension 'python_setup_py'
[1.096s] Level 1:colcon.colcon_core.package_identification:_identify(LCD_web/portamail_ui/venv/lib/python3.12/site-packages/python_socketio-5.16.1.dist-info/licenses) by extensions ['ignore', 'ignore_ament_install']
[1.096s] Level 1:colcon.colcon_core.package_identification:_identify(LCD_web/portamail_ui/venv/lib/python3.12/site-packages/python_socketio-5.16.1.dist-info/licenses) by extension 'ignore'
[1.096s] Level 1:colcon.colcon_core.package_identification:_identify(LCD_web/portamail_ui/venv/lib/python3.12/site-packages/python_socketio-5.16.1.dist-info/licenses) by extension 'ignore_ament_install'
[1.097s] Level 1:colcon.colcon_core.package_identification:_identify(LCD_web/portamail_ui/venv/lib/python3.12/site-packages/python_socketio-5.16.1.dist-info/licenses) by extensions ['colcon_pkg']
[1.097s] Level 1:colcon.colcon_core.package_identification:_identify(LCD_web/portamail_ui/venv/lib/python3.12/site-packages/python_socketio-5.16.1.dist-info/licenses) by extension 'colcon_pkg'
[1.097s] Level 1:colcon.colcon_core.package_identification:_identify(LCD_web/portamail_ui/venv/lib/python3.12/site-packages/python_socketio-5.16.1.dist-info/licenses) by extensions ['colcon_meta']
[1.097s] Level 1:colcon.colcon_core.package_identification:_identify(LCD_web/portamail_ui/venv/lib/python3.12/site-packages/python_socketio-5.16.1.dist-info/licenses) by extension 'colcon_meta'
[1.097s] Level 1:colcon.colcon_core.package_identification:_identify(LCD_web/portamail_ui/venv/lib/python3.12/site-packages/python_socketio-5.16.1.dist-info/licenses) by extensions ['ros']
[1.097s] Level 1:colcon.colcon_core.package_identification:_identify(LCD_web/portamail_ui/venv/lib/python3.12/site-packages/python_socketio-5.16.1.dist-info/licenses) by extension 'ros'
[1.097s] Level 1:colcon.colcon_core.package_identification:_identify(LCD_web/portamail_ui/venv/lib/python3.12/site-packages/python_socketio-5.16.1.dist-info/licenses) by extensions ['cmake', 'python']
[1.097s] Level 1:colcon.colcon_core.package_identification:_identify(LCD_web/portamail_ui/venv/lib/python3.12/site-packages/python_socketio-5.16.1.dist-info/licenses) by extension 'cmake'
[1.097s] Level 1:colcon.colcon_core.package_identification:_identify(LCD_web/portamail_ui/venv/lib/python3.12/site-packages/python_socketio-5.16.1.dist-info/licenses) by extension 'python'
[1.097s] Level 1:colcon.colcon_core.package_identification:_identify(LCD_web/portamail_ui/venv/lib/python3.12/site-packages/python_socketio-5.16.1.dist-info/licenses) by extensions ['python_setup_py']
[1.097s] Level 1:colcon.colcon_core.package_identification:_identify(LCD_web/portamail_ui/venv/lib/python3.12/site-packages/python_socketio-5.16.1.dist-info/licenses) by extension 'python_setup_py'
[1.098s] Level 1:colcon.colcon_core.package_identification:_identify(LCD_web/portamail_ui/venv/lib/python3.12/site-packages/simple_websocket) by extensions ['ignore', 'ignore_ament_install']
[1.098s] Level 1:colcon.colcon_core.package_identification:_identify(LCD_web/portamail_ui/venv/lib/python3.12/site-packages/simple_websocket) by extension 'ignore'
[1.098s] Level 1:colcon.colcon_core.package_identification:_identify(LCD_web/portamail_ui/venv/lib/python3.12/site-packages/simple_websocket) by extension 'ignore_ament_install'
[1.098s] Level 1:colcon.colcon_core.package_identification:_identify(LCD_web/portamail_ui/venv/lib/python3.12/site-packages/simple_websocket) by extensions ['colcon_pkg']
[1.098s] Level 1:colcon.colcon_core.package_identification:_identify(LCD_web/portamail_ui/venv/lib/python3.12/site-packages/simple_websocket) by extension 'colcon_pkg'
[1.098s] Level 1:colcon.colcon_core.package_identification:_identify(LCD_web/portamail_ui/venv/lib/python3.12/site-packages/simple_websocket) by extensions ['colcon_meta']
[1.098s] Level 1:colcon.colcon_core.package_identification:_identify(LCD_web/portamail_ui/venv/lib/python3.12/site-packages/simple_websocket) by extension 'colcon_meta'
[1.098s] Level 1:colcon.colcon_core.package_identification:_identify(LCD_web/portamail_ui/venv/lib/python3.12/site-packages/simple_websocket) by extensions ['ros']
[1.098s] Level 1:colcon.colcon_core.package_identification:_identify(LCD_web/portamail_ui/venv/lib/python3.12/site-packages/simple_websocket) by extension 'ros'
[1.098s] Level 1:colcon.colcon_core.package_identification:_identify(LCD_web/portamail_ui/venv/lib/python3.12/site-packages/simple_websocket) by extensions ['cmake', 'python']
[1.098s] Level 1:colcon.colcon_core.package_identification:_identify(LCD_web/portamail_ui/venv/lib/python3.12/site-packages/simple_websocket) by extension 'cmake'
[1.098s] Level 1:colcon.colcon_core.package_identification:_identify(LCD_web/portamail_ui/venv/lib/python3.12/site-packages/simple_websocket) by extension 'python'
[1.099s] Level 1:colcon.colcon_core.package_identification:_identify(LCD_web/portamail_ui/venv/lib/python3.12/site-packages/simple_websocket) by extensions ['python_setup_py']
[1.099s] Level 1:colcon.colcon_core.package_identification:_identify(LCD_web/portamail_ui/venv/lib/python3.12/site-packages/simple_websocket) by extension 'python_setup_py'
[1.099s] Level 1:colcon.colcon_core.package_identification:_identify(LCD_web/portamail_ui/venv/lib/python3.12/site-packages/simple_websocket/__pycache__) by extensions ['ignore', 'ignore_ament_install']
[1.099s] Level 1:colcon.colcon_core.package_identification:_identify(LCD_web/portamail_ui/venv/lib/python3.12/site-packages/simple_websocket/__pycache__) by extension 'ignore'
[1.099s] Level 1:colcon.colcon_core.package_identification:_identify(LCD_web/portamail_ui/venv/lib/python3.12/site-packages/simple_websocket/__pycache__) by extension 'ignore_ament_install'
[1.099s] Level 1:colcon.colcon_core.package_identification:_identify(LCD_web/portamail_ui/venv/lib/python3.12/site-packages/simple_websocket/__pycache__) by extensions ['colcon_pkg']
[1.099s] Level 1:colcon.colcon_core.package_identification:_identify(LCD_web/portamail_ui/venv/lib/python3.12/site-packages/simple_websocket/__pycache__) by extension 'colcon_pkg'
[1.099s] Level 1:colcon.colcon_core.package_identification:_identify(LCD_web/portamail_ui/venv/lib/python3.12/site-packages/simple_websocket/__pycache__) by extensions ['colcon_meta']
[1.099s] Level 1:colcon.colcon_core.package_identification:_identify(LCD_web/portamail_ui/venv/lib/python3.12/site-packages/simple_websocket/__pycache__) by extension 'colcon_meta'
[1.100s] Level 1:colcon.colcon_core.package_identification:_identify(LCD_web/portamail_ui/venv/lib/python3.12/site-packages/simple_websocket/__pycache__) by extensions ['ros']
[1.100s] Level 1:colcon.colcon_core.package_identification:_identify(LCD_web/portamail_ui/venv/lib/python3.12/site-packages/simple_websocket/__pycache__) by extension 'ros'
[1.100s] Level 1:colcon.colcon_core.package_identification:_identify(LCD_web/portamail_ui/venv/lib/python3.12/site-packages/simple_websocket/__pycache__) by extensions ['cmake', 'python']
[1.100s] Level 1:colcon.colcon_core.package_identification:_identify(LCD_web/portamail_ui/venv/lib/python3.12/site-packages/simple_websocket/__pycache__) by extension 'cmake'
[1.100s] Level 1:colcon.colcon_core.package_identification:_identify(LCD_web/portamail_ui/venv/lib/python3.12/site-packages/simple_websocket/__pycache__) by extension 'python'
[1.100s] Level 1:colcon.colcon_core.package_identification:_identify(LCD_web/portamail_ui/venv/lib/python3.12/site-packages/simple_websocket/__pycache__) by extensions ['python_setup_py']
[1.100s] Level 1:colcon.colcon_core.package_identification:_identify(LCD_web/portamail_ui/venv/lib/python3.12/site-packages/simple_websocket/__pycache__) by extension 'python_setup_py'
[1.100s] Level 1:colcon.colcon_core.package_identification:_identify(LCD_web/portamail_ui/venv/lib/python3.12/site-packages/simple_websocket-1.1.0.dist-info) by extensions ['ignore', 'ignore_ament_install']
[1.100s] Level 1:colcon.colcon_core.package_identification:_identify(LCD_web/portamail_ui/venv/lib/python3.12/site-packages/simple_websocket-1.1.0.dist-info) by extension 'ignore'
[1.100s] Level 1:colcon.colcon_core.package_identification:_identify(LCD_web/portamail_ui/venv/lib/python3.12/site-packages/simple_websocket-1.1.0.dist-info) by extension 'ignore_ament_install'
[1.100s] Level 1:colcon.colcon_core.package_identification:_identify(LCD_web/portamail_ui/venv/lib/python3.12/site-packages/simple_websocket-1.1.0.dist-info) by extensions ['colcon_pkg']
[1.100s] Level 1:colcon.colcon_core.package_identification:_identify(LCD_web/portamail_ui/venv/lib/python3.12/site-packages/simple_websocket-1.1.0.dist-info) by extension 'colcon_pkg'
[1.101s] Level 1:colcon.colcon_core.package_identification:_identify(LCD_web/portamail_ui/venv/lib/python3.12/site-packages/simple_websocket-1.1.0.dist-info) by extensions ['colcon_meta']
[1.101s] Level 1:colcon.colcon_core.package_identification:_identify(LCD_web/portamail_ui/venv/lib/python3.12/site-packages/simple_websocket-1.1.0.dist-info) by extension 'colcon_meta'
[1.101s] Level 1:colcon.colcon_core.package_identification:_identify(LCD_web/portamail_ui/venv/lib/python3.12/site-packages/simple_websocket-1.1.0.dist-info) by extensions ['ros']
[1.101s] Level 1:colcon.colcon_core.package_identification:_identify(LCD_web/portamail_ui/venv/lib/python3.12/site-packages/simple_websocket-1.1.0.dist-info) by extension 'ros'
[1.101s] Level 1:colcon.colcon_core.package_identification:_identify(LCD_web/portamail_ui/venv/lib/python3.12/site-packages/simple_websocket-1.1.0.dist-info) by extensions ['cmake', 'python']
[1.101s] Level 1:colcon.colcon_core.package_identification:_identify(LCD_web/portamail_ui/venv/lib/python3.12/site-packages/simple_websocket-1.1.0.dist-info) by extension 'cmake'
[1.101s] Level 1:colcon.colcon_core.package_identification:_identify(LCD_web/portamail_ui/venv/lib/python3.12/site-packages/simple_websocket-1.1.0.dist-info) by extension 'python'
[1.101s] Level 1:colcon.colcon_core.package_identification:_identify(LCD_web/portamail_ui/venv/lib/python3.12/site-packages/simple_websocket-1.1.0.dist-info) by extensions ['python_setup_py']
[1.101s] Level 1:colcon.colcon_core.package_identification:_identify(LCD_web/portamail_ui/venv/lib/python3.12/site-packages/simple_websocket-1.1.0.dist-info) by extension 'python_setup_py'
[1.101s] Level 1:colcon.colcon_core.package_identification:_identify(LCD_web/portamail_ui/venv/lib/python3.12/site-packages/socketio) by extensions ['ignore', 'ignore_ament_install']
[1.101s] Level 1:colcon.colcon_core.package_identification:_identify(LCD_web/portamail_ui/venv/lib/python3.12/site-packages/socketio) by extension 'ignore'
[1.101s] Level 1:colcon.colcon_core.package_identification:_identify(LCD_web/portamail_ui/venv/lib/python3.12/site-packages/socketio) by extension 'ignore_ament_install'
[1.101s] Level 1:colcon.colcon_core.package_identification:_identify(LCD_web/portamail_ui/venv/lib/python3.12/site-packages/socketio) by extensions ['colcon_pkg']
[1.101s] Level 1:colcon.colcon_core.package_identification:_identify(LCD_web/portamail_ui/venv/lib/python3.12/site-packages/socketio) by extension 'colcon_pkg'
[1.102s] Level 1:colcon.colcon_core.package_identification:_identify(LCD_web/portamail_ui/venv/lib/python3.12/site-packages/socketio) by extensions ['colcon_meta']
[1.102s] Level 1:colcon.colcon_core.package_identification:_identify(LCD_web/portamail_ui/venv/lib/python3.12/site-packages/socketio) by extension 'colcon_meta'
[1.102s] Level 1:colcon.colcon_core.package_identification:_identify(LCD_web/portamail_ui/venv/lib/python3.12/site-packages/socketio) by extensions ['ros']
[1.102s] Level 1:colcon.colcon_core.package_identification:_identify(LCD_web/portamail_ui/venv/lib/python3.12/site-packages/socketio) by extension 'ros'
[1.102s] Level 1:colcon.colcon_core.package_identification:_identify(LCD_web/portamail_ui/venv/lib/python3.12/site-packages/socketio) by extensions ['cmake', 'python']
[1.102s] Level 1:colcon.colcon_core.package_identification:_identify(LCD_web/portamail_ui/venv/lib/python3.12/site-packages/socketio) by extension 'cmake'
[1.102s] Level 1:colcon.colcon_core.package_identification:_identify(LCD_web/portamail_ui/venv/lib/python3.12/site-packages/socketio) by extension 'python'
[1.102s] Level 1:colcon.colcon_core.package_identification:_identify(LCD_web/portamail_ui/venv/lib/python3.12/site-packages/socketio) by extensions ['python_setup_py']
[1.102s] Level 1:colcon.colcon_core.package_identification:_identify(LCD_web/portamail_ui/venv/lib/python3.12/site-packages/socketio) by extension 'python_setup_py'
[1.102s] Level 1:colcon.colcon_core.package_identification:_identify(LCD_web/portamail_ui/venv/lib/python3.12/site-packages/socketio/__pycache__) by extensions ['ignore', 'ignore_ament_install']
[1.102s] Level 1:colcon.colcon_core.package_identification:_identify(LCD_web/portamail_ui/venv/lib/python3.12/site-packages/socketio/__pycache__) by extension 'ignore'
[1.102s] Level 1:colcon.colcon_core.package_identification:_identify(LCD_web/portamail_ui/venv/lib/python3.12/site-packages/socketio/__pycache__) by extension 'ignore_ament_install'
[1.102s] Level 1:colcon.colcon_core.package_identification:_identify(LCD_web/portamail_ui/venv/lib/python3.12/site-packages/socketio/__pycache__) by extensions ['colcon_pkg']
[1.102s] Level 1:colcon.colcon_core.package_identification:_identify(LCD_web/portamail_ui/venv/lib/python3.12/site-packages/socketio/__pycache__) by extension 'colcon_pkg'
[1.103s] Level 1:colcon.colcon_core.package_identification:_identify(LCD_web/portamail_ui/venv/lib/python3.12/site-packages/socketio/__pycache__) by extensions ['colcon_meta']
[1.103s] Level 1:colcon.colcon_core.package_identification:_identify(LCD_web/portamail_ui/venv/lib/python3.12/site-packages/socketio/__pycache__) by extension 'colcon_meta'
[1.103s] Level 1:colcon.colcon_core.package_identification:_identify(LCD_web/portamail_ui/venv/lib/python3.12/site-packages/socketio/__pycache__) by extensions ['ros']
[1.103s] Level 1:colcon.colcon_core.package_identification:_identify(LCD_web/portamail_ui/venv/lib/python3.12/site-packages/socketio/__pycache__) by extension 'ros'
[1.103s] Level 1:colcon.colcon_core.package_identification:_identify(LCD_web/portamail_ui/venv/lib/python3.12/site-packages/socketio/__pycache__) by extensions ['cmake', 'python']
[1.103s] Level 1:colcon.colcon_core.package_identification:_identify(LCD_web/portamail_ui/venv/lib/python3.12/site-packages/socketio/__pycache__) by extension 'cmake'
[1.103s] Level 1:colcon.colcon_core.package_identification:_identify(LCD_web/portamail_ui/venv/lib/python3.12/site-packages/socketio/__pycache__) by extension 'python'
[1.103s] Level 1:colcon.colcon_core.package_identification:_identify(LCD_web/portamail_ui/venv/lib/python3.12/site-packages/socketio/__pycache__) by extensions ['python_setup_py']
[1.103s] Level 1:colcon.colcon_core.package_identification:_identify(LCD_web/portamail_ui/venv/lib/python3.12/site-packages/socketio/__pycache__) by extension 'python_setup_py'
[1.103s] Level 1:colcon.colcon_core.package_identification:_identify(LCD_web/portamail_ui/venv/lib/python3.12/site-packages/werkzeug) by extensions ['ignore', 'ignore_ament_install']
[1.103s] Level 1:colcon.colcon_core.package_identification:_identify(LCD_web/portamail_ui/venv/lib/python3.12/site-packages/werkzeug) by extension 'ignore'
[1.103s] Level 1:colcon.colcon_core.package_identification:_identify(LCD_web/portamail_ui/venv/lib/python3.12/site-packages/werkzeug) by extension 'ignore_ament_install'
[1.103s] Level 1:colcon.colcon_core.package_identification:_identify(LCD_web/portamail_ui/venv/lib/python3.12/site-packages/werkzeug) by extensions ['colcon_pkg']
[1.103s] Level 1:colcon.colcon_core.package_identification:_identify(LCD_web/portamail_ui/venv/lib/python3.12/site-packages/werkzeug) by extension 'colcon_pkg'
[1.104s] Level 1:colcon.colcon_core.package_identification:_identify(LCD_web/portamail_ui/venv/lib/python3.12/site-packages/werkzeug) by extensions ['colcon_meta']
[1.104s] Level 1:colcon.colcon_core.package_identification:_identify(LCD_web/portamail_ui/venv/lib/python3.12/site-packages/werkzeug) by extension 'colcon_meta'
[1.104s] Level 1:colcon.colcon_core.package_identification:_identify(LCD_web/portamail_ui/venv/lib/python3.12/site-packages/werkzeug) by extensions ['ros']
[1.104s] Level 1:colcon.colcon_core.package_identification:_identify(LCD_web/portamail_ui/venv/lib/python3.12/site-packages/werkzeug) by extension 'ros'
[1.104s] Level 1:colcon.colcon_core.package_identification:_identify(LCD_web/portamail_ui/venv/lib/python3.12/site-packages/werkzeug) by extensions ['cmake', 'python']
[1.104s] Level 1:colcon.colcon_core.package_identification:_identify(LCD_web/portamail_ui/venv/lib/python3.12/site-packages/werkzeug) by extension 'cmake'
[1.104s] Level 1:colcon.colcon_core.package_identification:_identify(LCD_web/portamail_ui/venv/lib/python3.12/site-packages/werkzeug) by extension 'python'
[1.104s] Level 1:colcon.colcon_core.package_identification:_identify(LCD_web/portamail_ui/venv/lib/python3.12/site-packages/werkzeug) by extensions ['python_setup_py']
[1.104s] Level 1:colcon.colcon_core.package_identification:_identify(LCD_web/portamail_ui/venv/lib/python3.12/site-packages/werkzeug) by extension 'python_setup_py'
[1.104s] Level 1:colcon.colcon_core.package_identification:_identify(LCD_web/portamail_ui/venv/lib/python3.12/site-packages/werkzeug/__pycache__) by extensions ['ignore', 'ignore_ament_install']
[1.104s] Level 1:colcon.colcon_core.package_identification:_identify(LCD_web/portamail_ui/venv/lib/python3.12/site-packages/werkzeug/__pycache__) by extension 'ignore'
[1.104s] Level 1:colcon.colcon_core.package_identification:_identify(LCD_web/portamail_ui/venv/lib/python3.12/site-packages/werkzeug/__pycache__) by extension 'ignore_ament_install'
[1.104s] Level 1:colcon.colcon_core.package_identification:_identify(LCD_web/portamail_ui/venv/lib/python3.12/site-packages/werkzeug/__pycache__) by extensions ['colcon_pkg']
[1.104s] Level 1:colcon.colcon_core.package_identification:_identify(LCD_web/portamail_ui/venv/lib/python3.12/site-packages/werkzeug/__pycache__) by extension 'colcon_pkg'
[1.105s] Level 1:colcon.colcon_core.package_identification:_identify(LCD_web/portamail_ui/venv/lib/python3.12/site-packages/werkzeug/__pycache__) by extensions ['colcon_meta']
[1.105s] Level 1:colcon.colcon_core.package_identification:_identify(LCD_web/portamail_ui/venv/lib/python3.12/site-packages/werkzeug/__pycache__) by extension 'colcon_meta'
[1.105s] Level 1:colcon.colcon_core.package_identification:_identify(LCD_web/portamail_ui/venv/lib/python3.12/site-packages/werkzeug/__pycache__) by extensions ['ros']
[1.105s] Level 1:colcon.colcon_core.package_identification:_identify(LCD_web/portamail_ui/venv/lib/python3.12/site-packages/werkzeug/__pycache__) by extension 'ros'
[1.105s] Level 1:colcon.colcon_core.package_identification:_identify(LCD_web/portamail_ui/venv/lib/python3.12/site-packages/werkzeug/__pycache__) by extensions ['cmake', 'python']
[1.105s] Level 1:colcon.colcon_core.package_identification:_identify(LCD_web/portamail_ui/venv/lib/python3.12/site-packages/werkzeug/__pycache__) by extension 'cmake'
[1.105s] Level 1:colcon.colcon_core.package_identification:_identify(LCD_web/portamail_ui/venv/lib/python3.12/site-packages/werkzeug/__pycache__) by extension 'python'
[1.105s] Level 1:colcon.colcon_core.package_identification:_identify(LCD_web/portamail_ui/venv/lib/python3.12/site-packages/werkzeug/__pycache__) by extensions ['python_setup_py']
[1.105s] Level 1:colcon.colcon_core.package_identification:_identify(LCD_web/portamail_ui/venv/lib/python3.12/site-packages/werkzeug/__pycache__) by extension 'python_setup_py'
[1.105s] Level 1:colcon.colcon_core.package_identification:_identify(LCD_web/portamail_ui/venv/lib/python3.12/site-packages/werkzeug/datastructures) by extensions ['ignore', 'ignore_ament_install']
[1.105s] Level 1:colcon.colcon_core.package_identification:_identify(LCD_web/portamail_ui/venv/lib/python3.12/site-packages/werkzeug/datastructures) by extension 'ignore'
[1.105s] Level 1:colcon.colcon_core.package_identification:_identify(LCD_web/portamail_ui/venv/lib/python3.12/site-packages/werkzeug/datastructures) by extension 'ignore_ament_install'
[1.105s] Level 1:colcon.colcon_core.package_identification:_identify(LCD_web/portamail_ui/venv/lib/python3.12/site-packages/werkzeug/datastructures) by extensions ['colcon_pkg']
[1.105s] Level 1:colcon.colcon_core.package_identification:_identify(LCD_web/portamail_ui/venv/lib/python3.12/site-packages/werkzeug/datastructures) by extension 'colcon_pkg'
[1.106s] Level 1:colcon.colcon_core.package_identification:_identify(LCD_web/portamail_ui/venv/lib/python3.12/site-packages/werkzeug/datastructures) by extensions ['colcon_meta']
[1.106s] Level 1:colcon.colcon_core.package_identification:_identify(LCD_web/portamail_ui/venv/lib/python3.12/site-packages/werkzeug/datastructures) by extension 'colcon_meta'
[1.106s] Level 1:colcon.colcon_core.package_identification:_identify(LCD_web/portamail_ui/venv/lib/python3.12/site-packages/werkzeug/datastructures) by extensions ['ros']
[1.106s] Level 1:colcon.colcon_core.package_identification:_identify(LCD_web/portamail_ui/venv/lib/python3.12/site-packages/werkzeug/datastructures) by extension 'ros'
[1.106s] Level 1:colcon.colcon_core.package_identification:_identify(LCD_web/portamail_ui/venv/lib/python3.12/site-packages/werkzeug/datastructures) by extensions ['cmake', 'python']
[1.106s] Level 1:colcon.colcon_core.package_identification:_identify(LCD_web/portamail_ui/venv/lib/python3.12/site-packages/werkzeug/datastructures) by extension 'cmake'
[1.106s] Level 1:colcon.colcon_core.package_identification:_identify(LCD_web/portamail_ui/venv/lib/python3.12/site-packages/werkzeug/datastructures) by extension 'python'
[1.106s] Level 1:colcon.colcon_core.package_identification:_identify(LCD_web/portamail_ui/venv/lib/python3.12/site-packages/werkzeug/datastructures) by extensions ['python_setup_py']
[1.106s] Level 1:colcon.colcon_core.package_identification:_identify(LCD_web/portamail_ui/venv/lib/python3.12/site-packages/werkzeug/datastructures) by extension 'python_setup_py'
[1.106s] Level 1:colcon.colcon_core.package_identification:_identify(LCD_web/portamail_ui/venv/lib/python3.12/site-packages/werkzeug/datastructures/__pycache__) by extensions ['ignore', 'ignore_ament_install']
[1.106s] Level 1:colcon.colcon_core.package_identification:_identify(LCD_web/portamail_ui/venv/lib/python3.12/site-packages/werkzeug/datastructures/__pycache__) by extension 'ignore'
[1.106s] Level 1:colcon.colcon_core.package_identification:_identify(LCD_web/portamail_ui/venv/lib/python3.12/site-packages/werkzeug/datastructures/__pycache__) by extension 'ignore_ament_install'
[1.106s] Level 1:colcon.colcon_core.package_identification:_identify(LCD_web/portamail_ui/venv/lib/python3.12/site-packages/werkzeug/datastructures/__pycache__) by extensions ['colcon_pkg']
[1.106s] Level 1:colcon.colcon_core.package_identification:_identify(LCD_web/portamail_ui/venv/lib/python3.12/site-packages/werkzeug/datastructures/__pycache__) by extension 'colcon_pkg'
[1.107s] Level 1:colcon.colcon_core.package_identification:_identify(LCD_web/portamail_ui/venv/lib/python3.12/site-packages/werkzeug/datastructures/__pycache__) by extensions ['colcon_meta']
[1.107s] Level 1:colcon.colcon_core.package_identification:_identify(LCD_web/portamail_ui/venv/lib/python3.12/site-packages/werkzeug/datastructures/__pycache__) by extension 'colcon_meta'
[1.107s] Level 1:colcon.colcon_core.package_identification:_identify(LCD_web/portamail_ui/venv/lib/python3.12/site-packages/werkzeug/datastructures/__pycache__) by extensions ['ros']
[1.107s] Level 1:colcon.colcon_core.package_identification:_identify(LCD_web/portamail_ui/venv/lib/python3.12/site-packages/werkzeug/datastructures/__pycache__) by extension 'ros'
[1.107s] Level 1:colcon.colcon_core.package_identification:_identify(LCD_web/portamail_ui/venv/lib/python3.12/site-packages/werkzeug/datastructures/__pycache__) by extensions ['cmake', 'python']
[1.107s] Level 1:colcon.colcon_core.package_identification:_identify(LCD_web/portamail_ui/venv/lib/python3.12/site-packages/werkzeug/datastructures/__pycache__) by extension 'cmake'
[1.107s] Level 1:colcon.colcon_core.package_identification:_identify(LCD_web/portamail_ui/venv/lib/python3.12/site-packages/werkzeug/datastructures/__pycache__) by extension 'python'
[1.107s] Level 1:colcon.colcon_core.package_identification:_identify(LCD_web/portamail_ui/venv/lib/python3.12/site-packages/werkzeug/datastructures/__pycache__) by extensions ['python_setup_py']
[1.107s] Level 1:colcon.colcon_core.package_identification:_identify(LCD_web/portamail_ui/venv/lib/python3.12/site-packages/werkzeug/datastructures/__pycache__) by extension 'python_setup_py'
[1.107s] Level 1:colcon.colcon_core.package_identification:_identify(LCD_web/portamail_ui/venv/lib/python3.12/site-packages/werkzeug/debug) by extensions ['ignore', 'ignore_ament_install']
[1.107s] Level 1:colcon.colcon_core.package_identification:_identify(LCD_web/portamail_ui/venv/lib/python3.12/site-packages/werkzeug/debug) by extension 'ignore'
[1.107s] Level 1:colcon.colcon_core.package_identification:_identify(LCD_web/portamail_ui/venv/lib/python3.12/site-packages/werkzeug/debug) by extension 'ignore_ament_install'
[1.107s] Level 1:colcon.colcon_core.package_identification:_identify(LCD_web/portamail_ui/venv/lib/python3.12/site-packages/werkzeug/debug) by extensions ['colcon_pkg']
[1.107s] Level 1:colcon.colcon_core.package_identification:_identify(LCD_web/portamail_ui/venv/lib/python3.12/site-packages/werkzeug/debug) by extension 'colcon_pkg'
[1.107s] Level 1:colcon.colcon_core.package_identification:_identify(LCD_web/portamail_ui/venv/lib/python3.12/site-packages/werkzeug/debug) by extensions ['colcon_meta']
[1.108s] Level 1:colcon.colcon_core.package_identification:_identify(LCD_web/portamail_ui/venv/lib/python3.12/site-packages/werkzeug/debug) by extension 'colcon_meta'
[1.108s] Level 1:colcon.colcon_core.package_identification:_identify(LCD_web/portamail_ui/venv/lib/python3.12/site-packages/werkzeug/debug) by extensions ['ros']
[1.108s] Level 1:colcon.colcon_core.package_identification:_identify(LCD_web/portamail_ui/venv/lib/python3.12/site-packages/werkzeug/debug) by extension 'ros'
[1.108s] Level 1:colcon.colcon_core.package_identification:_identify(LCD_web/portamail_ui/venv/lib/python3.12/site-packages/werkzeug/debug) by extensions ['cmake', 'python']
[1.108s] Level 1:colcon.colcon_core.package_identification:_identify(LCD_web/portamail_ui/venv/lib/python3.12/site-packages/werkzeug/debug) by extension 'cmake'
[1.108s] Level 1:colcon.colcon_core.package_identification:_identify(LCD_web/portamail_ui/venv/lib/python3.12/site-packages/werkzeug/debug) by extension 'python'
[1.108s] Level 1:colcon.colcon_core.package_identification:_identify(LCD_web/portamail_ui/venv/lib/python3.12/site-packages/werkzeug/debug) by extensions ['python_setup_py']
[1.108s] Level 1:colcon.colcon_core.package_identification:_identify(LCD_web/portamail_ui/venv/lib/python3.12/site-packages/werkzeug/debug) by extension 'python_setup_py'
[1.108s] Level 1:colcon.colcon_core.package_identification:_identify(LCD_web/portamail_ui/venv/lib/python3.12/site-packages/werkzeug/debug/__pycache__) by extensions ['ignore', 'ignore_ament_install']
[1.108s] Level 1:colcon.colcon_core.package_identification:_identify(LCD_web/portamail_ui/venv/lib/python3.12/site-packages/werkzeug/debug/__pycache__) by extension 'ignore'
[1.108s] Level 1:colcon.colcon_core.package_identification:_identify(LCD_web/portamail_ui/venv/lib/python3.12/site-packages/werkzeug/debug/__pycache__) by extension 'ignore_ament_install'
[1.108s] Level 1:colcon.colcon_core.package_identification:_identify(LCD_web/portamail_ui/venv/lib/python3.12/site-packages/werkzeug/debug/__pycache__) by extensions ['colcon_pkg']
[1.108s] Level 1:colcon.colcon_core.package_identification:_identify(LCD_web/portamail_ui/venv/lib/python3.12/site-packages/werkzeug/debug/__pycache__) by extension 'colcon_pkg'
[1.108s] Level 1:colcon.colcon_core.package_identification:_identify(LCD_web/portamail_ui/venv/lib/python3.12/site-packages/werkzeug/debug/__pycache__) by extensions ['colcon_meta']
[1.108s] Level 1:colcon.colcon_core.package_identification:_identify(LCD_web/portamail_ui/venv/lib/python3.12/site-packages/werkzeug/debug/__pycache__) by extension 'colcon_meta'
[1.109s] Level 1:colcon.colcon_core.package_identification:_identify(LCD_web/portamail_ui/venv/lib/python3.12/site-packages/werkzeug/debug/__pycache__) by extensions ['ros']
[1.109s] Level 1:colcon.colcon_core.package_identification:_identify(LCD_web/portamail_ui/venv/lib/python3.12/site-packages/werkzeug/debug/__pycache__) by extension 'ros'
[1.109s] Level 1:colcon.colcon_core.package_identification:_identify(LCD_web/portamail_ui/venv/lib/python3.12/site-packages/werkzeug/debug/__pycache__) by extensions ['cmake', 'python']
[1.109s] Level 1:colcon.colcon_core.package_identification:_identify(LCD_web/portamail_ui/venv/lib/python3.12/site-packages/werkzeug/debug/__pycache__) by extension 'cmake'
[1.109s] Level 1:colcon.colcon_core.package_identification:_identify(LCD_web/portamail_ui/venv/lib/python3.12/site-packages/werkzeug/debug/__pycache__) by extension 'python'
[1.109s] Level 1:colcon.colcon_core.package_identification:_identify(LCD_web/portamail_ui/venv/lib/python3.12/site-packages/werkzeug/debug/__pycache__) by extensions ['python_setup_py']
[1.109s] Level 1:colcon.colcon_core.package_identification:_identify(LCD_web/portamail_ui/venv/lib/python3.12/site-packages/werkzeug/debug/__pycache__) by extension 'python_setup_py'
[1.109s] Level 1:colcon.colcon_core.package_identification:_identify(LCD_web/portamail_ui/venv/lib/python3.12/site-packages/werkzeug/debug/shared) by extensions ['ignore', 'ignore_ament_install']
[1.110s] Level 1:colcon.colcon_core.package_identification:_identify(LCD_web/portamail_ui/venv/lib/python3.12/site-packages/werkzeug/debug/shared) by extension 'ignore'
[1.110s] Level 1:colcon.colcon_core.package_identification:_identify(LCD_web/portamail_ui/venv/lib/python3.12/site-packages/werkzeug/debug/shared) by extension 'ignore_ament_install'
[1.110s] Level 1:colcon.colcon_core.package_identification:_identify(LCD_web/portamail_ui/venv/lib/python3.12/site-packages/werkzeug/debug/shared) by extensions ['colcon_pkg']
[1.110s] Level 1:colcon.colcon_core.package_identification:_identify(LCD_web/portamail_ui/venv/lib/python3.12/site-packages/werkzeug/debug/shared) by extension 'colcon_pkg'
[1.110s] Level 1:colcon.colcon_core.package_identification:_identify(LCD_web/portamail_ui/venv/lib/python3.12/site-packages/werkzeug/debug/shared) by extensions ['colcon_meta']
[1.110s] Level 1:colcon.colcon_core.package_identification:_identify(LCD_web/portamail_ui/venv/lib/python3.12/site-packages/werkzeug/debug/shared) by extension 'colcon_meta'
[1.110s] Level 1:colcon.colcon_core.package_identification:_identify(LCD_web/portamail_ui/venv/lib/python3.12/site-packages/werkzeug/debug/shared) by extensions ['ros']
[1.110s] Level 1:colcon.colcon_core.package_identification:_identify(LCD_web/portamail_ui/venv/lib/python3.12/site-packages/werkzeug/debug/shared) by extension 'ros'
[1.110s] Level 1:colcon.colcon_core.package_identification:_identify(LCD_web/portamail_ui/venv/lib/python3.12/site-packages/werkzeug/debug/shared) by extensions ['cmake', 'python']
[1.110s] Level 1:colcon.colcon_core.package_identification:_identify(LCD_web/portamail_ui/venv/lib/python3.12/site-packages/werkzeug/debug/shared) by extension 'cmake'
[1.110s] Level 1:colcon.colcon_core.package_identification:_identify(LCD_web/portamail_ui/venv/lib/python3.12/site-packages/werkzeug/debug/shared) by extension 'python'
[1.110s] Level 1:colcon.colcon_core.package_identification:_identify(LCD_web/portamail_ui/venv/lib/python3.12/site-packages/werkzeug/debug/shared) by extensions ['python_setup_py']
[1.110s] Level 1:colcon.colcon_core.package_identification:_identify(LCD_web/portamail_ui/venv/lib/python3.12/site-packages/werkzeug/debug/shared) by extension 'python_setup_py'
[1.111s] Level 1:colcon.colcon_core.package_identification:_identify(LCD_web/portamail_ui/venv/lib/python3.12/site-packages/werkzeug/middleware) by extensions ['ignore', 'ignore_ament_install']
[1.111s] Level 1:colcon.colcon_core.package_identification:_identify(LCD_web/portamail_ui/venv/lib/python3.12/site-packages/werkzeug/middleware) by extension 'ignore'
[1.111s] Level 1:colcon.colcon_core.package_identification:_identify(LCD_web/portamail_ui/venv/lib/python3.12/site-packages/werkzeug/middleware) by extension 'ignore_ament_install'
[1.111s] Level 1:colcon.colcon_core.package_identification:_identify(LCD_web/portamail_ui/venv/lib/python3.12/site-packages/werkzeug/middleware) by extensions ['colcon_pkg']
[1.111s] Level 1:colcon.colcon_core.package_identification:_identify(LCD_web/portamail_ui/venv/lib/python3.12/site-packages/werkzeug/middleware) by extension 'colcon_pkg'
[1.111s] Level 1:colcon.colcon_core.package_identification:_identify(LCD_web/portamail_ui/venv/lib/python3.12/site-packages/werkzeug/middleware) by extensions ['colcon_meta']
[1.111s] Level 1:colcon.colcon_core.package_identification:_identify(LCD_web/portamail_ui/venv/lib/python3.12/site-packages/werkzeug/middleware) by extension 'colcon_meta'
[1.111s] Level 1:colcon.colcon_core.package_identification:_identify(LCD_web/portamail_ui/venv/lib/python3.12/site-packages/werkzeug/middleware) by extensions ['ros']
[1.111s] Level 1:colcon.colcon_core.package_identification:_identify(LCD_web/portamail_ui/venv/lib/python3.12/site-packages/werkzeug/middleware) by extension 'ros'
[1.112s] Level 1:colcon.colcon_core.package_identification:_identify(LCD_web/portamail_ui/venv/lib/python3.12/site-packages/werkzeug/middleware) by extensions ['cmake', 'python']
[1.112s] Level 1:colcon.colcon_core.package_identification:_identify(LCD_web/portamail_ui/venv/lib/python3.12/site-packages/werkzeug/middleware) by extension 'cmake'
[1.112s] Level 1:colcon.colcon_core.package_identification:_identify(LCD_web/portamail_ui/venv/lib/python3.12/site-packages/werkzeug/middleware) by extension 'python'
[1.112s] Level 1:colcon.colcon_core.package_identification:_identify(LCD_web/portamail_ui/venv/lib/python3.12/site-packages/werkzeug/middleware) by extensions ['python_setup_py']
[1.112s] Level 1:colcon.colcon_core.package_identification:_identify(LCD_web/portamail_ui/venv/lib/python3.12/site-packages/werkzeug/middleware) by extension 'python_setup_py'
[1.112s] Level 1:colcon.colcon_core.package_identification:_identify(LCD_web/portamail_ui/venv/lib/python3.12/site-packages/werkzeug/middleware/__pycache__) by extensions ['ignore', 'ignore_ament_install']
[1.112s] Level 1:colcon.colcon_core.package_identification:_identify(LCD_web/portamail_ui/venv/lib/python3.12/site-packages/werkzeug/middleware/__pycache__) by extension 'ignore'
[1.113s] Level 1:colcon.colcon_core.package_identification:_identify(LCD_web/portamail_ui/venv/lib/python3.12/site-packages/werkzeug/middleware/__pycache__) by extension 'ignore_ament_install'
[1.113s] Level 1:colcon.colcon_core.package_identification:_identify(LCD_web/portamail_ui/venv/lib/python3.12/site-packages/werkzeug/middleware/__pycache__) by extensions ['colcon_pkg']
[1.113s] Level 1:colcon.colcon_core.package_identification:_identify(LCD_web/portamail_ui/venv/lib/python3.12/site-packages/werkzeug/middleware/__pycache__) by extension 'colcon_pkg'
[1.113s] Level 1:colcon.colcon_core.package_identification:_identify(LCD_web/portamail_ui/venv/lib/python3.12/site-packages/werkzeug/middleware/__pycache__) by extensions ['colcon_meta']
[1.113s] Level 1:colcon.colcon_core.package_identification:_identify(LCD_web/portamail_ui/venv/lib/python3.12/site-packages/werkzeug/middleware/__pycache__) by extension 'colcon_meta'
[1.113s] Level 1:colcon.colcon_core.package_identification:_identify(LCD_web/portamail_ui/venv/lib/python3.12/site-packages/werkzeug/middleware/__pycache__) by extensions ['ros']
[1.113s] Level 1:colcon.colcon_core.package_identification:_identify(LCD_web/portamail_ui/venv/lib/python3.12/site-packages/werkzeug/middleware/__pycache__) by extension 'ros'
[1.113s] Level 1:colcon.colcon_core.package_identification:_identify(LCD_web/portamail_ui/venv/lib/python3.12/site-packages/werkzeug/middleware/__pycache__) by extensions ['cmake', 'python']
[1.113s] Level 1:colcon.colcon_core.package_identification:_identify(LCD_web/portamail_ui/venv/lib/python3.12/site-packages/werkzeug/middleware/__pycache__) by extension 'cmake'
[1.113s] Level 1:colcon.colcon_core.package_identification:_identify(LCD_web/portamail_ui/venv/lib/python3.12/site-packages/werkzeug/middleware/__pycache__) by extension 'python'
[1.113s] Level 1:colcon.colcon_core.package_identification:_identify(LCD_web/portamail_ui/venv/lib/python3.12/site-packages/werkzeug/middleware/__pycache__) by extensions ['python_setup_py']
[1.113s] Level 1:colcon.colcon_core.package_identification:_identify(LCD_web/portamail_ui/venv/lib/python3.12/site-packages/werkzeug/middleware/__pycache__) by extension 'python_setup_py'
[1.114s] Level 1:colcon.colcon_core.package_identification:_identify(LCD_web/portamail_ui/venv/lib/python3.12/site-packages/werkzeug/routing) by extensions ['ignore', 'ignore_ament_install']
[1.114s] Level 1:colcon.colcon_core.package_identification:_identify(LCD_web/portamail_ui/venv/lib/python3.12/site-packages/werkzeug/routing) by extension 'ignore'
[1.114s] Level 1:colcon.colcon_core.package_identification:_identify(LCD_web/portamail_ui/venv/lib/python3.12/site-packages/werkzeug/routing) by extension 'ignore_ament_install'
[1.114s] Level 1:colcon.colcon_core.package_identification:_identify(LCD_web/portamail_ui/venv/lib/python3.12/site-packages/werkzeug/routing) by extensions ['colcon_pkg']
[1.114s] Level 1:colcon.colcon_core.package_identification:_identify(LCD_web/portamail_ui/venv/lib/python3.12/site-packages/werkzeug/routing) by extension 'colcon_pkg'
[1.114s] Level 1:colcon.colcon_core.package_identification:_identify(LCD_web/portamail_ui/venv/lib/python3.12/site-packages/werkzeug/routing) by extensions ['colcon_meta']
[1.114s] Level 1:colcon.colcon_core.package_identification:_identify(LCD_web/portamail_ui/venv/lib/python3.12/site-packages/werkzeug/routing) by extension 'colcon_meta'
[1.114s] Level 1:colcon.colcon_core.package_identification:_identify(LCD_web/portamail_ui/venv/lib/python3.12/site-packages/werkzeug/routing) by extensions ['ros']
[1.114s] Level 1:colcon.colcon_core.package_identification:_identify(LCD_web/portamail_ui/venv/lib/python3.12/site-packages/werkzeug/routing) by extension 'ros'
[1.114s] Level 1:colcon.colcon_core.package_identification:_identify(LCD_web/portamail_ui/venv/lib/python3.12/site-packages/werkzeug/routing) by extensions ['cmake', 'python']
[1.114s] Level 1:colcon.colcon_core.package_identification:_identify(LCD_web/portamail_ui/venv/lib/python3.12/site-packages/werkzeug/routing) by extension 'cmake'
[1.115s] Level 1:colcon.colcon_core.package_identification:_identify(LCD_web/portamail_ui/venv/lib/python3.12/site-packages/werkzeug/routing) by extension 'python'
[1.115s] Level 1:colcon.colcon_core.package_identification:_identify(LCD_web/portamail_ui/venv/lib/python3.12/site-packages/werkzeug/routing) by extensions ['python_setup_py']
[1.115s] Level 1:colcon.colcon_core.package_identification:_identify(LCD_web/portamail_ui/venv/lib/python3.12/site-packages/werkzeug/routing) by extension 'python_setup_py'
[1.115s] Level 1:colcon.colcon_core.package_identification:_identify(LCD_web/portamail_ui/venv/lib/python3.12/site-packages/werkzeug/routing/__pycache__) by extensions ['ignore', 'ignore_ament_install']
[1.115s] Level 1:colcon.colcon_core.package_identification:_identify(LCD_web/portamail_ui/venv/lib/python3.12/site-packages/werkzeug/routing/__pycache__) by extension 'ignore'
[1.115s] Level 1:colcon.colcon_core.package_identification:_identify(LCD_web/portamail_ui/venv/lib/python3.12/site-packages/werkzeug/routing/__pycache__) by extension 'ignore_ament_install'
[1.115s] Level 1:colcon.colcon_core.package_identification:_identify(LCD_web/portamail_ui/venv/lib/python3.12/site-packages/werkzeug/routing/__pycache__) by extensions ['colcon_pkg']
[1.115s] Level 1:colcon.colcon_core.package_identification:_identify(LCD_web/portamail_ui/venv/lib/python3.12/site-packages/werkzeug/routing/__pycache__) by extension 'colcon_pkg'
[1.115s] Level 1:colcon.colcon_core.package_identification:_identify(LCD_web/portamail_ui/venv/lib/python3.12/site-packages/werkzeug/routing/__pycache__) by extensions ['colcon_meta']
[1.115s] Level 1:colcon.colcon_core.package_identification:_identify(LCD_web/portamail_ui/venv/lib/python3.12/site-packages/werkzeug/routing/__pycache__) by extension 'colcon_meta'
[1.116s] Level 1:colcon.colcon_core.package_identification:_identify(LCD_web/portamail_ui/venv/lib/python3.12/site-packages/werkzeug/routing/__pycache__) by extensions ['ros']
[1.116s] Level 1:colcon.colcon_core.package_identification:_identify(LCD_web/portamail_ui/venv/lib/python3.12/site-packages/werkzeug/routing/__pycache__) by extension 'ros'
[1.116s] Level 1:colcon.colcon_core.package_identification:_identify(LCD_web/portamail_ui/venv/lib/python3.12/site-packages/werkzeug/routing/__pycache__) by extensions ['cmake', 'python']
[1.116s] Level 1:colcon.colcon_core.package_identification:_identify(LCD_web/portamail_ui/venv/lib/python3.12/site-packages/werkzeug/routing/__pycache__) by extension 'cmake'
[1.116s] Level 1:colcon.colcon_core.package_identification:_identify(LCD_web/portamail_ui/venv/lib/python3.12/site-packages/werkzeug/routing/__pycache__) by extension 'python'
[1.116s] Level 1:colcon.colcon_core.package_identification:_identify(LCD_web/portamail_ui/venv/lib/python3.12/site-packages/werkzeug/routing/__pycache__) by extensions ['python_setup_py']
[1.116s] Level 1:colcon.colcon_core.package_identification:_identify(LCD_web/portamail_ui/venv/lib/python3.12/site-packages/werkzeug/routing/__pycache__) by extension 'python_setup_py'
[1.116s] Level 1:colcon.colcon_core.package_identification:_identify(LCD_web/portamail_ui/venv/lib/python3.12/site-packages/werkzeug/sansio) by extensions ['ignore', 'ignore_ament_install']
[1.116s] Level 1:colcon.colcon_core.package_identification:_identify(LCD_web/portamail_ui/venv/lib/python3.12/site-packages/werkzeug/sansio) by extension 'ignore'
[1.117s] Level 1:colcon.colcon_core.package_identification:_identify(LCD_web/portamail_ui/venv/lib/python3.12/site-packages/werkzeug/sansio) by extension 'ignore_ament_install'
[1.117s] Level 1:colcon.colcon_core.package_identification:_identify(LCD_web/portamail_ui/venv/lib/python3.12/site-packages/werkzeug/sansio) by extensions ['colcon_pkg']
[1.117s] Level 1:colcon.colcon_core.package_identification:_identify(LCD_web/portamail_ui/venv/lib/python3.12/site-packages/werkzeug/sansio) by extension 'colcon_pkg'
[1.117s] Level 1:colcon.colcon_core.package_identification:_identify(LCD_web/portamail_ui/venv/lib/python3.12/site-packages/werkzeug/sansio) by extensions ['colcon_meta']
[1.117s] Level 1:colcon.colcon_core.package_identification:_identify(LCD_web/portamail_ui/venv/lib/python3.12/site-packages/werkzeug/sansio) by extension 'colcon_meta'
[1.117s] Level 1:colcon.colcon_core.package_identification:_identify(LCD_web/portamail_ui/venv/lib/python3.12/site-packages/werkzeug/sansio) by extensions ['ros']
[1.117s] Level 1:colcon.colcon_core.package_identification:_identify(LCD_web/portamail_ui/venv/lib/python3.12/site-packages/werkzeug/sansio) by extension 'ros'
[1.117s] Level 1:colcon.colcon_core.package_identification:_identify(LCD_web/portamail_ui/venv/lib/python3.12/site-packages/werkzeug/sansio) by extensions ['cmake', 'python']
[1.117s] Level 1:colcon.colcon_core.package_identification:_identify(LCD_web/portamail_ui/venv/lib/python3.12/site-packages/werkzeug/sansio) by extension 'cmake'
[1.117s] Level 1:colcon.colcon_core.package_identification:_identify(LCD_web/portamail_ui/venv/lib/python3.12/site-packages/werkzeug/sansio) by extension 'python'
[1.117s] Level 1:colcon.colcon_core.package_identification:_identify(LCD_web/portamail_ui/venv/lib/python3.12/site-packages/werkzeug/sansio) by extensions ['python_setup_py']
[1.117s] Level 1:colcon.colcon_core.package_identification:_identify(LCD_web/portamail_ui/venv/lib/python3.12/site-packages/werkzeug/sansio) by extension 'python_setup_py'
[1.118s] Level 1:colcon.colcon_core.package_identification:_identify(LCD_web/portamail_ui/venv/lib/python3.12/site-packages/werkzeug/sansio/__pycache__) by extensions ['ignore', 'ignore_ament_install']
[1.118s] Level 1:colcon.colcon_core.package_identification:_identify(LCD_web/portamail_ui/venv/lib/python3.12/site-packages/werkzeug/sansio/__pycache__) by extension 'ignore'
[1.118s] Level 1:colcon.colcon_core.package_identification:_identify(LCD_web/portamail_ui/venv/lib/python3.12/site-packages/werkzeug/sansio/__pycache__) by extension 'ignore_ament_install'
[1.118s] Level 1:colcon.colcon_core.package_identification:_identify(LCD_web/portamail_ui/venv/lib/python3.12/site-packages/werkzeug/sansio/__pycache__) by extensions ['colcon_pkg']
[1.118s] Level 1:colcon.colcon_core.package_identification:_identify(LCD_web/portamail_ui/venv/lib/python3.12/site-packages/werkzeug/sansio/__pycache__) by extension 'colcon_pkg'
[1.118s] Level 1:colcon.colcon_core.package_identification:_identify(LCD_web/portamail_ui/venv/lib/python3.12/site-packages/werkzeug/sansio/__pycache__) by extensions ['colcon_meta']
[1.118s] Level 1:colcon.colcon_core.package_identification:_identify(LCD_web/portamail_ui/venv/lib/python3.12/site-packages/werkzeug/sansio/__pycache__) by extension 'colcon_meta'
[1.118s] Level 1:colcon.colcon_core.package_identification:_identify(LCD_web/portamail_ui/venv/lib/python3.12/site-packages/werkzeug/sansio/__pycache__) by extensions ['ros']
[1.118s] Level 1:colcon.colcon_core.package_identification:_identify(LCD_web/portamail_ui/venv/lib/python3.12/site-packages/werkzeug/sansio/__pycache__) by extension 'ros'
[1.118s] Level 1:colcon.colcon_core.package_identification:_identify(LCD_web/portamail_ui/venv/lib/python3.12/site-packages/werkzeug/sansio/__pycache__) by extensions ['cmake', 'python']
[1.118s] Level 1:colcon.colcon_core.package_identification:_identify(LCD_web/portamail_ui/venv/lib/python3.12/site-packages/werkzeug/sansio/__pycache__) by extension 'cmake'
[1.118s] Level 1:colcon.colcon_core.package_identification:_identify(LCD_web/portamail_ui/venv/lib/python3.12/site-packages/werkzeug/sansio/__pycache__) by extension 'python'
[1.118s] Level 1:colcon.colcon_core.package_identification:_identify(LCD_web/portamail_ui/venv/lib/python3.12/site-packages/werkzeug/sansio/__pycache__) by extensions ['python_setup_py']
[1.118s] Level 1:colcon.colcon_core.package_identification:_identify(LCD_web/portamail_ui/venv/lib/python3.12/site-packages/werkzeug/sansio/__pycache__) by extension 'python_setup_py'
[1.119s] Level 1:colcon.colcon_core.package_identification:_identify(LCD_web/portamail_ui/venv/lib/python3.12/site-packages/werkzeug/wrappers) by extensions ['ignore', 'ignore_ament_install']
[1.119s] Level 1:colcon.colcon_core.package_identification:_identify(LCD_web/portamail_ui/venv/lib/python3.12/site-packages/werkzeug/wrappers) by extension 'ignore'
[1.119s] Level 1:colcon.colcon_core.package_identification:_identify(LCD_web/portamail_ui/venv/lib/python3.12/site-packages/werkzeug/wrappers) by extension 'ignore_ament_install'
[1.119s] Level 1:colcon.colcon_core.package_identification:_identify(LCD_web/portamail_ui/venv/lib/python3.12/site-packages/werkzeug/wrappers) by extensions ['colcon_pkg']
[1.119s] Level 1:colcon.colcon_core.package_identification:_identify(LCD_web/portamail_ui/venv/lib/python3.12/site-packages/werkzeug/wrappers) by extension 'colcon_pkg'
[1.119s] Level 1:colcon.colcon_core.package_identification:_identify(LCD_web/portamail_ui/venv/lib/python3.12/site-packages/werkzeug/wrappers) by extensions ['colcon_meta']
[1.119s] Level 1:colcon.colcon_core.package_identification:_identify(LCD_web/portamail_ui/venv/lib/python3.12/site-packages/werkzeug/wrappers) by extension 'colcon_meta'
[1.119s] Level 1:colcon.colcon_core.package_identification:_identify(LCD_web/portamail_ui/venv/lib/python3.12/site-packages/werkzeug/wrappers) by extensions ['ros']
[1.119s] Level 1:colcon.colcon_core.package_identification:_identify(LCD_web/portamail_ui/venv/lib/python3.12/site-packages/werkzeug/wrappers) by extension 'ros'
[1.119s] Level 1:colcon.colcon_core.package_identification:_identify(LCD_web/portamail_ui/venv/lib/python3.12/site-packages/werkzeug/wrappers) by extensions ['cmake', 'python']
[1.119s] Level 1:colcon.colcon_core.package_identification:_identify(LCD_web/portamail_ui/venv/lib/python3.12/site-packages/werkzeug/wrappers) by extension 'cmake'
[1.119s] Level 1:colcon.colcon_core.package_identification:_identify(LCD_web/portamail_ui/venv/lib/python3.12/site-packages/werkzeug/wrappers) by extension 'python'
[1.119s] Level 1:colcon.colcon_core.package_identification:_identify(LCD_web/portamail_ui/venv/lib/python3.12/site-packages/werkzeug/wrappers) by extensions ['python_setup_py']
[1.119s] Level 1:colcon.colcon_core.package_identification:_identify(LCD_web/portamail_ui/venv/lib/python3.12/site-packages/werkzeug/wrappers) by extension 'python_setup_py'
[1.120s] Level 1:colcon.colcon_core.package_identification:_identify(LCD_web/portamail_ui/venv/lib/python3.12/site-packages/werkzeug/wrappers/__pycache__) by extensions ['ignore', 'ignore_ament_install']
[1.120s] Level 1:colcon.colcon_core.package_identification:_identify(LCD_web/portamail_ui/venv/lib/python3.12/site-packages/werkzeug/wrappers/__pycache__) by extension 'ignore'
[1.120s] Level 1:colcon.colcon_core.package_identification:_identify(LCD_web/portamail_ui/venv/lib/python3.12/site-packages/werkzeug/wrappers/__pycache__) by extension 'ignore_ament_install'
[1.120s] Level 1:colcon.colcon_core.package_identification:_identify(LCD_web/portamail_ui/venv/lib/python3.12/site-packages/werkzeug/wrappers/__pycache__) by extensions ['colcon_pkg']
[1.120s] Level 1:colcon.colcon_core.package_identification:_identify(LCD_web/portamail_ui/venv/lib/python3.12/site-packages/werkzeug/wrappers/__pycache__) by extension 'colcon_pkg'
[1.120s] Level 1:colcon.colcon_core.package_identification:_identify(LCD_web/portamail_ui/venv/lib/python3.12/site-packages/werkzeug/wrappers/__pycache__) by extensions ['colcon_meta']
[1.120s] Level 1:colcon.colcon_core.package_identification:_identify(LCD_web/portamail_ui/venv/lib/python3.12/site-packages/werkzeug/wrappers/__pycache__) by extension 'colcon_meta'
[1.120s] Level 1:colcon.colcon_core.package_identification:_identify(LCD_web/portamail_ui/venv/lib/python3.12/site-packages/werkzeug/wrappers/__pycache__) by extensions ['ros']
[1.120s] Level 1:colcon.colcon_core.package_identification:_identify(LCD_web/portamail_ui/venv/lib/python3.12/site-packages/werkzeug/wrappers/__pycache__) by extension 'ros'
[1.120s] Level 1:colcon.colcon_core.package_identification:_identify(LCD_web/portamail_ui/venv/lib/python3.12/site-packages/werkzeug/wrappers/__pycache__) by extensions ['cmake', 'python']
[1.120s] Level 1:colcon.colcon_core.package_identification:_identify(LCD_web/portamail_ui/venv/lib/python3.12/site-packages/werkzeug/wrappers/__pycache__) by extension 'cmake'
[1.120s] Level 1:colcon.colcon_core.package_identification:_identify(LCD_web/portamail_ui/venv/lib/python3.12/site-packages/werkzeug/wrappers/__pycache__) by extension 'python'
[1.120s] Level 1:colcon.colcon_core.package_identification:_identify(LCD_web/portamail_ui/venv/lib/python3.12/site-packages/werkzeug/wrappers/__pycache__) by extensions ['python_setup_py']
[1.120s] Level 1:colcon.colcon_core.package_identification:_identify(LCD_web/portamail_ui/venv/lib/python3.12/site-packages/werkzeug/wrappers/__pycache__) by extension 'python_setup_py'
[1.121s] Level 1:colcon.colcon_core.package_identification:_identify(LCD_web/portamail_ui/venv/lib/python3.12/site-packages/werkzeug-3.1.6.dist-info) by extensions ['ignore', 'ignore_ament_install']
[1.121s] Level 1:colcon.colcon_core.package_identification:_identify(LCD_web/portamail_ui/venv/lib/python3.12/site-packages/werkzeug-3.1.6.dist-info) by extension 'ignore'
[1.121s] Level 1:colcon.colcon_core.package_identification:_identify(LCD_web/portamail_ui/venv/lib/python3.12/site-packages/werkzeug-3.1.6.dist-info) by extension 'ignore_ament_install'
[1.121s] Level 1:colcon.colcon_core.package_identification:_identify(LCD_web/portamail_ui/venv/lib/python3.12/site-packages/werkzeug-3.1.6.dist-info) by extensions ['colcon_pkg']
[1.121s] Level 1:colcon.colcon_core.package_identification:_identify(LCD_web/portamail_ui/venv/lib/python3.12/site-packages/werkzeug-3.1.6.dist-info) by extension 'colcon_pkg'
[1.121s] Level 1:colcon.colcon_core.package_identification:_identify(LCD_web/portamail_ui/venv/lib/python3.12/site-packages/werkzeug-3.1.6.dist-info) by extensions ['colcon_meta']
[1.121s] Level 1:colcon.colcon_core.package_identification:_identify(LCD_web/portamail_ui/venv/lib/python3.12/site-packages/werkzeug-3.1.6.dist-info) by extension 'colcon_meta'
[1.121s] Level 1:colcon.colcon_core.package_identification:_identify(LCD_web/portamail_ui/venv/lib/python3.12/site-packages/werkzeug-3.1.6.dist-info) by extensions ['ros']
[1.121s] Level 1:colcon.colcon_core.package_identification:_identify(LCD_web/portamail_ui/venv/lib/python3.12/site-packages/werkzeug-3.1.6.dist-info) by extension 'ros'
[1.121s] Level 1:colcon.colcon_core.package_identification:_identify(LCD_web/portamail_ui/venv/lib/python3.12/site-packages/werkzeug-3.1.6.dist-info) by extensions ['cmake', 'python']
[1.121s] Level 1:colcon.colcon_core.package_identification:_identify(LCD_web/portamail_ui/venv/lib/python3.12/site-packages/werkzeug-3.1.6.dist-info) by extension 'cmake'
[1.121s] Level 1:colcon.colcon_core.package_identification:_identify(LCD_web/portamail_ui/venv/lib/python3.12/site-packages/werkzeug-3.1.6.dist-info) by extension 'python'
[1.121s] Level 1:colcon.colcon_core.package_identification:_identify(LCD_web/portamail_ui/venv/lib/python3.12/site-packages/werkzeug-3.1.6.dist-info) by extensions ['python_setup_py']
[1.121s] Level 1:colcon.colcon_core.package_identification:_identify(LCD_web/portamail_ui/venv/lib/python3.12/site-packages/werkzeug-3.1.6.dist-info) by extension 'python_setup_py'
[1.122s] Level 1:colcon.colcon_core.package_identification:_identify(LCD_web/portamail_ui/venv/lib/python3.12/site-packages/werkzeug-3.1.6.dist-info/licenses) by extensions ['ignore', 'ignore_ament_install']
[1.122s] Level 1:colcon.colcon_core.package_identification:_identify(LCD_web/portamail_ui/venv/lib/python3.12/site-packages/werkzeug-3.1.6.dist-info/licenses) by extension 'ignore'
[1.122s] Level 1:colcon.colcon_core.package_identification:_identify(LCD_web/portamail_ui/venv/lib/python3.12/site-packages/werkzeug-3.1.6.dist-info/licenses) by extension 'ignore_ament_install'
[1.122s] Level 1:colcon.colcon_core.package_identification:_identify(LCD_web/portamail_ui/venv/lib/python3.12/site-packages/werkzeug-3.1.6.dist-info/licenses) by extensions ['colcon_pkg']
[1.122s] Level 1:colcon.colcon_core.package_identification:_identify(LCD_web/portamail_ui/venv/lib/python3.12/site-packages/werkzeug-3.1.6.dist-info/licenses) by extension 'colcon_pkg'
[1.122s] Level 1:colcon.colcon_core.package_identification:_identify(LCD_web/portamail_ui/venv/lib/python3.12/site-packages/werkzeug-3.1.6.dist-info/licenses) by extensions ['colcon_meta']
[1.122s] Level 1:colcon.colcon_core.package_identification:_identify(LCD_web/portamail_ui/venv/lib/python3.12/site-packages/werkzeug-3.1.6.dist-info/licenses) by extension 'colcon_meta'
[1.122s] Level 1:colcon.colcon_core.package_identification:_identify(LCD_web/portamail_ui/venv/lib/python3.12/site-packages/werkzeug-3.1.6.dist-info/licenses) by extensions ['ros']
[1.122s] Level 1:colcon.colcon_core.package_identification:_identify(LCD_web/portamail_ui/venv/lib/python3.12/site-packages/werkzeug-3.1.6.dist-info/licenses) by extension 'ros'
[1.123s] Level 1:colcon.colcon_core.package_identification:_identify(LCD_web/portamail_ui/venv/lib/python3.12/site-packages/werkzeug-3.1.6.dist-info/licenses) by extensions ['cmake', 'python']
[1.123s] Level 1:colcon.colcon_core.package_identification:_identify(LCD_web/portamail_ui/venv/lib/python3.12/site-packages/werkzeug-3.1.6.dist-info/licenses) by extension 'cmake'
[1.123s] Level 1:colcon.colcon_core.package_identification:_identify(LCD_web/portamail_ui/venv/lib/python3.12/site-packages/werkzeug-3.1.6.dist-info/licenses) by extension 'python'
[1.123s] Level 1:colcon.colcon_core.package_identification:_identify(LCD_web/portamail_ui/venv/lib/python3.12/site-packages/werkzeug-3.1.6.dist-info/licenses) by extensions ['python_setup_py']
[1.123s] Level 1:colcon.colcon_core.package_identification:_identify(LCD_web/portamail_ui/venv/lib/python3.12/site-packages/werkzeug-3.1.6.dist-info/licenses) by extension 'python_setup_py'
[1.123s] Level 1:colcon.colcon_core.package_identification:_identify(LCD_web/portamail_ui/venv/lib/python3.12/site-packages/wsproto) by extensions ['ignore', 'ignore_ament_install']
[1.123s] Level 1:colcon.colcon_core.package_identification:_identify(LCD_web/portamail_ui/venv/lib/python3.12/site-packages/wsproto) by extension 'ignore'
[1.124s] Level 1:colcon.colcon_core.package_identification:_identify(LCD_web/portamail_ui/venv/lib/python3.12/site-packages/wsproto) by extension 'ignore_ament_install'
[1.124s] Level 1:colcon.colcon_core.package_identification:_identify(LCD_web/portamail_ui/venv/lib/python3.12/site-packages/wsproto) by extensions ['colcon_pkg']
[1.124s] Level 1:colcon.colcon_core.package_identification:_identify(LCD_web/portamail_ui/venv/lib/python3.12/site-packages/wsproto) by extension 'colcon_pkg'
[1.124s] Level 1:colcon.colcon_core.package_identification:_identify(LCD_web/portamail_ui/venv/lib/python3.12/site-packages/wsproto) by extensions ['colcon_meta']
[1.124s] Level 1:colcon.colcon_core.package_identification:_identify(LCD_web/portamail_ui/venv/lib/python3.12/site-packages/wsproto) by extension 'colcon_meta'
[1.124s] Level 1:colcon.colcon_core.package_identification:_identify(LCD_web/portamail_ui/venv/lib/python3.12/site-packages/wsproto) by extensions ['ros']
[1.124s] Level 1:colcon.colcon_core.package_identification:_identify(LCD_web/portamail_ui/venv/lib/python3.12/site-packages/wsproto) by extension 'ros'
[1.124s] Level 1:colcon.colcon_core.package_identification:_identify(LCD_web/portamail_ui/venv/lib/python3.12/site-packages/wsproto) by extensions ['cmake', 'python']
[1.124s] Level 1:colcon.colcon_core.package_identification:_identify(LCD_web/portamail_ui/venv/lib/python3.12/site-packages/wsproto) by extension 'cmake'
[1.124s] Level 1:colcon.colcon_core.package_identification:_identify(LCD_web/portamail_ui/venv/lib/python3.12/site-packages/wsproto) by extension 'python'
[1.124s] Level 1:colcon.colcon_core.package_identification:_identify(LCD_web/portamail_ui/venv/lib/python3.12/site-packages/wsproto) by extensions ['python_setup_py']
[1.124s] Level 1:colcon.colcon_core.package_identification:_identify(LCD_web/portamail_ui/venv/lib/python3.12/site-packages/wsproto) by extension 'python_setup_py'
[1.125s] Level 1:colcon.colcon_core.package_identification:_identify(LCD_web/portamail_ui/venv/lib/python3.12/site-packages/wsproto/__pycache__) by extensions ['ignore', 'ignore_ament_install']
[1.125s] Level 1:colcon.colcon_core.package_identification:_identify(LCD_web/portamail_ui/venv/lib/python3.12/site-packages/wsproto/__pycache__) by extension 'ignore'
[1.125s] Level 1:colcon.colcon_core.package_identification:_identify(LCD_web/portamail_ui/venv/lib/python3.12/site-packages/wsproto/__pycache__) by extension 'ignore_ament_install'
[1.125s] Level 1:colcon.colcon_core.package_identification:_identify(LCD_web/portamail_ui/venv/lib/python3.12/site-packages/wsproto/__pycache__) by extensions ['colcon_pkg']
[1.125s] Level 1:colcon.colcon_core.package_identification:_identify(LCD_web/portamail_ui/venv/lib/python3.12/site-packages/wsproto/__pycache__) by extension 'colcon_pkg'
[1.125s] Level 1:colcon.colcon_core.package_identification:_identify(LCD_web/portamail_ui/venv/lib/python3.12/site-packages/wsproto/__pycache__) by extensions ['colcon_meta']
[1.125s] Level 1:colcon.colcon_core.package_identification:_identify(LCD_web/portamail_ui/venv/lib/python3.12/site-packages/wsproto/__pycache__) by extension 'colcon_meta'
[1.125s] Level 1:colcon.colcon_core.package_identification:_identify(LCD_web/portamail_ui/venv/lib/python3.12/site-packages/wsproto/__pycache__) by extensions ['ros']
[1.125s] Level 1:colcon.colcon_core.package_identification:_identify(LCD_web/portamail_ui/venv/lib/python3.12/site-packages/wsproto/__pycache__) by extension 'ros'
[1.125s] Level 1:colcon.colcon_core.package_identification:_identify(LCD_web/portamail_ui/venv/lib/python3.12/site-packages/wsproto/__pycache__) by extensions ['cmake', 'python']
[1.125s] Level 1:colcon.colcon_core.package_identification:_identify(LCD_web/portamail_ui/venv/lib/python3.12/site-packages/wsproto/__pycache__) by extension 'cmake'
[1.125s] Level 1:colcon.colcon_core.package_identification:_identify(LCD_web/portamail_ui/venv/lib/python3.12/site-packages/wsproto/__pycache__) by extension 'python'
[1.126s] Level 1:colcon.colcon_core.package_identification:_identify(LCD_web/portamail_ui/venv/lib/python3.12/site-packages/wsproto/__pycache__) by extensions ['python_setup_py']
[1.126s] Level 1:colcon.colcon_core.package_identification:_identify(LCD_web/portamail_ui/venv/lib/python3.12/site-packages/wsproto/__pycache__) by extension 'python_setup_py'
[1.126s] Level 1:colcon.colcon_core.package_identification:_identify(LCD_web/portamail_ui/venv/lib/python3.12/site-packages/wsproto-1.3.2.dist-info) by extensions ['ignore', 'ignore_ament_install']
[1.126s] Level 1:colcon.colcon_core.package_identification:_identify(LCD_web/portamail_ui/venv/lib/python3.12/site-packages/wsproto-1.3.2.dist-info) by extension 'ignore'
[1.126s] Level 1:colcon.colcon_core.package_identification:_identify(LCD_web/portamail_ui/venv/lib/python3.12/site-packages/wsproto-1.3.2.dist-info) by extension 'ignore_ament_install'
[1.126s] Level 1:colcon.colcon_core.package_identification:_identify(LCD_web/portamail_ui/venv/lib/python3.12/site-packages/wsproto-1.3.2.dist-info) by extensions ['colcon_pkg']
[1.126s] Level 1:colcon.colcon_core.package_identification:_identify(LCD_web/portamail_ui/venv/lib/python3.12/site-packages/wsproto-1.3.2.dist-info) by extension 'colcon_pkg'
[1.126s] Level 1:colcon.colcon_core.package_identification:_identify(LCD_web/portamail_ui/venv/lib/python3.12/site-packages/wsproto-1.3.2.dist-info) by extensions ['colcon_meta']
[1.126s] Level 1:colcon.colcon_core.package_identification:_identify(LCD_web/portamail_ui/venv/lib/python3.12/site-packages/wsproto-1.3.2.dist-info) by extension 'colcon_meta'
[1.126s] Level 1:colcon.colcon_core.package_identification:_identify(LCD_web/portamail_ui/venv/lib/python3.12/site-packages/wsproto-1.3.2.dist-info) by extensions ['ros']
[1.126s] Level 1:colcon.colcon_core.package_identification:_identify(LCD_web/portamail_ui/venv/lib/python3.12/site-packages/wsproto-1.3.2.dist-info) by extension 'ros'
[1.126s] Level 1:colcon.colcon_core.package_identification:_identify(LCD_web/portamail_ui/venv/lib/python3.12/site-packages/wsproto-1.3.2.dist-info) by extensions ['cmake', 'python']
[1.126s] Level 1:colcon.colcon_core.package_identification:_identify(LCD_web/portamail_ui/venv/lib/python3.12/site-packages/wsproto-1.3.2.dist-info) by extension 'cmake'
[1.126s] Level 1:colcon.colcon_core.package_identification:_identify(LCD_web/portamail_ui/venv/lib/python3.12/site-packages/wsproto-1.3.2.dist-info) by extension 'python'
[1.126s] Level 1:colcon.colcon_core.package_identification:_identify(LCD_web/portamail_ui/venv/lib/python3.12/site-packages/wsproto-1.3.2.dist-info) by extensions ['python_setup_py']
[1.126s] Level 1:colcon.colcon_core.package_identification:_identify(LCD_web/portamail_ui/venv/lib/python3.12/site-packages/wsproto-1.3.2.dist-info) by extension 'python_setup_py'
[1.127s] Level 1:colcon.colcon_core.package_identification:_identify(LCD_web/portamail_ui/venv/lib/python3.12/site-packages/wsproto-1.3.2.dist-info/licenses) by extensions ['ignore', 'ignore_ament_install']
[1.127s] Level 1:colcon.colcon_core.package_identification:_identify(LCD_web/portamail_ui/venv/lib/python3.12/site-packages/wsproto-1.3.2.dist-info/licenses) by extension 'ignore'
[1.127s] Level 1:colcon.colcon_core.package_identification:_identify(LCD_web/portamail_ui/venv/lib/python3.12/site-packages/wsproto-1.3.2.dist-info/licenses) by extension 'ignore_ament_install'
[1.127s] Level 1:colcon.colcon_core.package_identification:_identify(LCD_web/portamail_ui/venv/lib/python3.12/site-packages/wsproto-1.3.2.dist-info/licenses) by extensions ['colcon_pkg']
[1.127s] Level 1:colcon.colcon_core.package_identification:_identify(LCD_web/portamail_ui/venv/lib/python3.12/site-packages/wsproto-1.3.2.dist-info/licenses) by extension 'colcon_pkg'
[1.127s] Level 1:colcon.colcon_core.package_identification:_identify(LCD_web/portamail_ui/venv/lib/python3.12/site-packages/wsproto-1.3.2.dist-info/licenses) by extensions ['colcon_meta']
[1.127s] Level 1:colcon.colcon_core.package_identification:_identify(LCD_web/portamail_ui/venv/lib/python3.12/site-packages/wsproto-1.3.2.dist-info/licenses) by extension 'colcon_meta'
[1.127s] Level 1:colcon.colcon_core.package_identification:_identify(LCD_web/portamail_ui/venv/lib/python3.12/site-packages/wsproto-1.3.2.dist-info/licenses) by extensions ['ros']
[1.127s] Level 1:colcon.colcon_core.package_identification:_identify(LCD_web/portamail_ui/venv/lib/python3.12/site-packages/wsproto-1.3.2.dist-info/licenses) by extension 'ros'
[1.128s] Level 1:colcon.colcon_core.package_identification:_identify(LCD_web/portamail_ui/venv/lib/python3.12/site-packages/wsproto-1.3.2.dist-info/licenses) by extensions ['cmake', 'python']
[1.128s] Level 1:colcon.colcon_core.package_identification:_identify(LCD_web/portamail_ui/venv/lib/python3.12/site-packages/wsproto-1.3.2.dist-info/licenses) by extension 'cmake'
[1.128s] Level 1:colcon.colcon_core.package_identification:_identify(LCD_web/portamail_ui/venv/lib/python3.12/site-packages/wsproto-1.3.2.dist-info/licenses) by extension 'python'
[1.128s] Level 1:colcon.colcon_core.package_identification:_identify(LCD_web/portamail_ui/venv/lib/python3.12/site-packages/wsproto-1.3.2.dist-info/licenses) by extensions ['python_setup_py']
[1.128s] Level 1:colcon.colcon_core.package_identification:_identify(LCD_web/portamail_ui/venv/lib/python3.12/site-packages/wsproto-1.3.2.dist-info/licenses) by extension 'python_setup_py'
[1.128s] Level 1:colcon.colcon_core.package_identification:_identify(bin) by extensions ['ignore', 'ignore_ament_install']
[1.128s] Level 1:colcon.colcon_core.package_identification:_identify(bin) by extension 'ignore'
[1.128s] Level 1:colcon.colcon_core.package_identification:_identify(bin) by extension 'ignore_ament_install'
[1.128s] Level 1:colcon.colcon_core.package_identification:_identify(bin) by extensions ['colcon_pkg']
[1.128s] Level 1:colcon.colcon_core.package_identification:_identify(bin) by extension 'colcon_pkg'
[1.128s] Level 1:colcon.colcon_core.package_identification:_identify(bin) by extensions ['colcon_meta']
[1.128s] Level 1:colcon.colcon_core.package_identification:_identify(bin) by extension 'colcon_meta'
[1.128s] Level 1:colcon.colcon_core.package_identification:_identify(bin) by extensions ['ros']
[1.128s] Level 1:colcon.colcon_core.package_identification:_identify(bin) by extension 'ros'
[1.128s] Level 1:colcon.colcon_core.package_identification:_identify(bin) by extensions ['cmake', 'python']
[1.128s] Level 1:colcon.colcon_core.package_identification:_identify(bin) by extension 'cmake'
[1.129s] Level 1:colcon.colcon_core.package_identification:_identify(bin) by extension 'python'
[1.129s] Level 1:colcon.colcon_core.package_identification:_identify(bin) by extensions ['python_setup_py']
[1.129s] Level 1:colcon.colcon_core.package_identification:_identify(bin) by extension 'python_setup_py'
[1.129s] Level 1:colcon.colcon_core.package_identification:_identify(build) by extensions ['ignore', 'ignore_ament_install']
[1.129s] Level 1:colcon.colcon_core.package_identification:_identify(build) by extension 'ignore'
[1.129s] Level 1:colcon.colcon_core.package_identification:_identify(build) ignored
[1.129s] Level 1:colcon.colcon_core.package_identification:_identify(capstone_PCB) by extensions ['ignore', 'ignore_ament_install']
[1.129s] Level 1:colcon.colcon_core.package_identification:_identify(capstone_PCB) by extension 'ignore'
[1.129s] Level 1:colcon.colcon_core.package_identification:_identify(capstone_PCB) by extension 'ignore_ament_install'
[1.129s] Level 1:colcon.colcon_core.package_identification:_identify(capstone_PCB) by extensions ['colcon_pkg']
[1.129s] Level 1:colcon.colcon_core.package_identification:_identify(capstone_PCB) by extension 'colcon_pkg'
[1.129s] Level 1:colcon.colcon_core.package_identification:_identify(capstone_PCB) by extensions ['colcon_meta']
[1.129s] Level 1:colcon.colcon_core.package_identification:_identify(capstone_PCB) by extension 'colcon_meta'
[1.129s] Level 1:colcon.colcon_core.package_identification:_identify(capstone_PCB) by extensions ['ros']
[1.129s] Level 1:colcon.colcon_core.package_identification:_identify(capstone_PCB) by extension 'ros'
[1.130s] Level 1:colcon.colcon_core.package_identification:_identify(capstone_PCB) by extensions ['cmake', 'python']
[1.130s] Level 1:colcon.colcon_core.package_identification:_identify(capstone_PCB) by extension 'cmake'
[1.130s] Level 1:colcon.colcon_core.package_identification:_identify(capstone_PCB) by extension 'python'
[1.130s] Level 1:colcon.colcon_core.package_identification:_identify(capstone_PCB) by extensions ['python_setup_py']
[1.130s] Level 1:colcon.colcon_core.package_identification:_identify(capstone_PCB) by extension 'python_setup_py'
[1.130s] Level 1:colcon.colcon_core.package_identification:_identify(capstone_PCB/PCB) by extensions ['ignore', 'ignore_ament_install']
[1.130s] Level 1:colcon.colcon_core.package_identification:_identify(capstone_PCB/PCB) by extension 'ignore'
[1.130s] Level 1:colcon.colcon_core.package_identification:_identify(capstone_PCB/PCB) by extension 'ignore_ament_install'
[1.130s] Level 1:colcon.colcon_core.package_identification:_identify(capstone_PCB/PCB) by extensions ['colcon_pkg']
[1.130s] Level 1:colcon.colcon_core.package_identification:_identify(capstone_PCB/PCB) by extension 'colcon_pkg'
[1.130s] Level 1:colcon.colcon_core.package_identification:_identify(capstone_PCB/PCB) by extensions ['colcon_meta']
[1.130s] Level 1:colcon.colcon_core.package_identification:_identify(capstone_PCB/PCB) by extension 'colcon_meta'
[1.130s] Level 1:colcon.colcon_core.package_identification:_identify(capstone_PCB/PCB) by extensions ['ros']
[1.130s] Level 1:colcon.colcon_core.package_identification:_identify(capstone_PCB/PCB) by extension 'ros'
[1.130s] Level 1:colcon.colcon_core.package_identification:_identify(capstone_PCB/PCB) by extensions ['cmake', 'python']
[1.130s] Level 1:colcon.colcon_core.package_identification:_identify(capstone_PCB/PCB) by extension 'cmake'
[1.130s] Level 1:colcon.colcon_core.package_identification:_identify(capstone_PCB/PCB) by extension 'python'
[1.130s] Level 1:colcon.colcon_core.package_identification:_identify(capstone_PCB/PCB) by extensions ['python_setup_py']
[1.130s] Level 1:colcon.colcon_core.package_identification:_identify(capstone_PCB/PCB) by extension 'python_setup_py'
[1.131s] Level 1:colcon.colcon_core.package_identification:_identify(capstone_PCB/PCB/PCB-backups) by extensions ['ignore', 'ignore_ament_install']
[1.131s] Level 1:colcon.colcon_core.package_identification:_identify(capstone_PCB/PCB/PCB-backups) by extension 'ignore'
[1.131s] Level 1:colcon.colcon_core.package_identification:_identify(capstone_PCB/PCB/PCB-backups) by extension 'ignore_ament_install'
[1.131s] Level 1:colcon.colcon_core.package_identification:_identify(capstone_PCB/PCB/PCB-backups) by extensions ['colcon_pkg']
[1.131s] Level 1:colcon.colcon_core.package_identification:_identify(capstone_PCB/PCB/PCB-backups) by extension 'colcon_pkg'
[1.131s] Level 1:colcon.colcon_core.package_identification:_identify(capstone_PCB/PCB/PCB-backups) by extensions ['colcon_meta']
[1.131s] Level 1:colcon.colcon_core.package_identification:_identify(capstone_PCB/PCB/PCB-backups) by extension 'colcon_meta'
[1.131s] Level 1:colcon.colcon_core.package_identification:_identify(capstone_PCB/PCB/PCB-backups) by extensions ['ros']
[1.131s] Level 1:colcon.colcon_core.package_identification:_identify(capstone_PCB/PCB/PCB-backups) by extension 'ros'
[1.131s] Level 1:colcon.colcon_core.package_identification:_identify(capstone_PCB/PCB/PCB-backups) by extensions ['cmake', 'python']
[1.131s] Level 1:colcon.colcon_core.package_identification:_identify(capstone_PCB/PCB/PCB-backups) by extension 'cmake'
[1.131s] Level 1:colcon.colcon_core.package_identification:_identify(capstone_PCB/PCB/PCB-backups) by extension 'python'
[1.131s] Level 1:colcon.colcon_core.package_identification:_identify(capstone_PCB/PCB/PCB-backups) by extensions ['python_setup_py']
[1.131s] Level 1:colcon.colcon_core.package_identification:_identify(capstone_PCB/PCB/PCB-backups) by extension 'python_setup_py'
[1.131s] Level 1:colcon.colcon_core.package_identification:_identify(capstone_PCB/capstone_PCB-backups) by extensions ['ignore', 'ignore_ament_install']
[1.131s] Level 1:colcon.colcon_core.package_identification:_identify(capstone_PCB/capstone_PCB-backups) by extension 'ignore'
[1.132s] Level 1:colcon.colcon_core.package_identification:_identify(capstone_PCB/capstone_PCB-backups) by extension 'ignore_ament_install'
[1.132s] Level 1:colcon.colcon_core.package_identification:_identify(capstone_PCB/capstone_PCB-backups) by extensions ['colcon_pkg']
[1.132s] Level 1:colcon.colcon_core.package_identification:_identify(capstone_PCB/capstone_PCB-backups) by extension 'colcon_pkg'
[1.132s] Level 1:colcon.colcon_core.package_identification:_identify(capstone_PCB/capstone_PCB-backups) by extensions ['colcon_meta']
[1.132s] Level 1:colcon.colcon_core.package_identification:_identify(capstone_PCB/capstone_PCB-backups) by extension 'colcon_meta'
[1.132s] Level 1:colcon.colcon_core.package_identification:_identify(capstone_PCB/capstone_PCB-backups) by extensions ['ros']
[1.132s] Level 1:colcon.colcon_core.package_identification:_identify(capstone_PCB/capstone_PCB-backups) by extension 'ros'
[1.132s] Level 1:colcon.colcon_core.package_identification:_identify(capstone_PCB/capstone_PCB-backups) by extensions ['cmake', 'python']
[1.132s] Level 1:colcon.colcon_core.package_identification:_identify(capstone_PCB/capstone_PCB-backups) by extension 'cmake'
[1.132s] Level 1:colcon.colcon_core.package_identification:_identify(capstone_PCB/capstone_PCB-backups) by extension 'python'
[1.132s] Level 1:colcon.colcon_core.package_identification:_identify(capstone_PCB/capstone_PCB-backups) by extensions ['python_setup_py']
[1.132s] Level 1:colcon.colcon_core.package_identification:_identify(capstone_PCB/capstone_PCB-backups) by extension 'python_setup_py'
[1.132s] Level 1:colcon.colcon_core.package_identification:_identify(downloads) by extensions ['ignore', 'ignore_ament_install']
[1.132s] Level 1:colcon.colcon_core.package_identification:_identify(downloads) by extension 'ignore'
[1.132s] Level 1:colcon.colcon_core.package_identification:_identify(downloads) by extension 'ignore_ament_install'
[1.132s] Level 1:colcon.colcon_core.package_identification:_identify(downloads) by extensions ['colcon_pkg']
[1.132s] Level 1:colcon.colcon_core.package_identification:_identify(downloads) by extension 'colcon_pkg'
[1.133s] Level 1:colcon.colcon_core.package_identification:_identify(downloads) by extensions ['colcon_meta']
[1.133s] Level 1:colcon.colcon_core.package_identification:_identify(downloads) by extension 'colcon_meta'
[1.133s] Level 1:colcon.colcon_core.package_identification:_identify(downloads) by extensions ['ros']
[1.133s] Level 1:colcon.colcon_core.package_identification:_identify(downloads) by extension 'ros'
[1.133s] Level 1:colcon.colcon_core.package_identification:_identify(downloads) by extensions ['cmake', 'python']
[1.133s] Level 1:colcon.colcon_core.package_identification:_identify(downloads) by extension 'cmake'
[1.133s] Level 1:colcon.colcon_core.package_identification:_identify(downloads) by extension 'python'
[1.133s] Level 1:colcon.colcon_core.package_identification:_identify(downloads) by extensions ['python_setup_py']
[1.133s] Level 1:colcon.colcon_core.package_identification:_identify(downloads) by extension 'python_setup_py'
[1.133s] Level 1:colcon.colcon_core.package_identification:_identify(downloads/capstone_PCB) by extensions ['ignore', 'ignore_ament_install']
[1.133s] Level 1:colcon.colcon_core.package_identification:_identify(downloads/capstone_PCB) by extension 'ignore'
[1.133s] Level 1:colcon.colcon_core.package_identification:_identify(downloads/capstone_PCB) by extension 'ignore_ament_install'
[1.133s] Level 1:colcon.colcon_core.package_identification:_identify(downloads/capstone_PCB) by extensions ['colcon_pkg']
[1.133s] Level 1:colcon.colcon_core.package_identification:_identify(downloads/capstone_PCB) by extension 'colcon_pkg'
[1.133s] Level 1:colcon.colcon_core.package_identification:_identify(downloads/capstone_PCB) by extensions ['colcon_meta']
[1.133s] Level 1:colcon.colcon_core.package_identification:_identify(downloads/capstone_PCB) by extension 'colcon_meta'
[1.133s] Level 1:colcon.colcon_core.package_identification:_identify(downloads/capstone_PCB) by extensions ['ros']
[1.133s] Level 1:colcon.colcon_core.package_identification:_identify(downloads/capstone_PCB) by extension 'ros'
[1.134s] Level 1:colcon.colcon_core.package_identification:_identify(downloads/capstone_PCB) by extensions ['cmake', 'python']
[1.134s] Level 1:colcon.colcon_core.package_identification:_identify(downloads/capstone_PCB) by extension 'cmake'
[1.134s] Level 1:colcon.colcon_core.package_identification:_identify(downloads/capstone_PCB) by extension 'python'
[1.134s] Level 1:colcon.colcon_core.package_identification:_identify(downloads/capstone_PCB) by extensions ['python_setup_py']
[1.134s] Level 1:colcon.colcon_core.package_identification:_identify(downloads/capstone_PCB) by extension 'python_setup_py'
[1.134s] Level 1:colcon.colcon_core.package_identification:_identify(downloads/capstone_PCB/PCB) by extensions ['ignore', 'ignore_ament_install']
[1.134s] Level 1:colcon.colcon_core.package_identification:_identify(downloads/capstone_PCB/PCB) by extension 'ignore'
[1.134s] Level 1:colcon.colcon_core.package_identification:_identify(downloads/capstone_PCB/PCB) by extension 'ignore_ament_install'
[1.134s] Level 1:colcon.colcon_core.package_identification:_identify(downloads/capstone_PCB/PCB) by extensions ['colcon_pkg']
[1.134s] Level 1:colcon.colcon_core.package_identification:_identify(downloads/capstone_PCB/PCB) by extension 'colcon_pkg'
[1.134s] Level 1:colcon.colcon_core.package_identification:_identify(downloads/capstone_PCB/PCB) by extensions ['colcon_meta']
[1.134s] Level 1:colcon.colcon_core.package_identification:_identify(downloads/capstone_PCB/PCB) by extension 'colcon_meta'
[1.134s] Level 1:colcon.colcon_core.package_identification:_identify(downloads/capstone_PCB/PCB) by extensions ['ros']
[1.134s] Level 1:colcon.colcon_core.package_identification:_identify(downloads/capstone_PCB/PCB) by extension 'ros'
[1.135s] Level 1:colcon.colcon_core.package_identification:_identify(downloads/capstone_PCB/PCB) by extensions ['cmake', 'python']
[1.135s] Level 1:colcon.colcon_core.package_identification:_identify(downloads/capstone_PCB/PCB) by extension 'cmake'
[1.135s] Level 1:colcon.colcon_core.package_identification:_identify(downloads/capstone_PCB/PCB) by extension 'python'
[1.135s] Level 1:colcon.colcon_core.package_identification:_identify(downloads/capstone_PCB/PCB) by extensions ['python_setup_py']
[1.135s] Level 1:colcon.colcon_core.package_identification:_identify(downloads/capstone_PCB/PCB) by extension 'python_setup_py'
[1.135s] Level 1:colcon.colcon_core.package_identification:_identify(downloads/capstone_PCB/PCB/PCB-backups) by extensions ['ignore', 'ignore_ament_install']
[1.135s] Level 1:colcon.colcon_core.package_identification:_identify(downloads/capstone_PCB/PCB/PCB-backups) by extension 'ignore'
[1.135s] Level 1:colcon.colcon_core.package_identification:_identify(downloads/capstone_PCB/PCB/PCB-backups) by extension 'ignore_ament_install'
[1.136s] Level 1:colcon.colcon_core.package_identification:_identify(downloads/capstone_PCB/PCB/PCB-backups) by extensions ['colcon_pkg']
[1.136s] Level 1:colcon.colcon_core.package_identification:_identify(downloads/capstone_PCB/PCB/PCB-backups) by extension 'colcon_pkg'
[1.136s] Level 1:colcon.colcon_core.package_identification:_identify(downloads/capstone_PCB/PCB/PCB-backups) by extensions ['colcon_meta']
[1.136s] Level 1:colcon.colcon_core.package_identification:_identify(downloads/capstone_PCB/PCB/PCB-backups) by extension 'colcon_meta'
[1.136s] Level 1:colcon.colcon_core.package_identification:_identify(downloads/capstone_PCB/PCB/PCB-backups) by extensions ['ros']
[1.136s] Level 1:colcon.colcon_core.package_identification:_identify(downloads/capstone_PCB/PCB/PCB-backups) by extension 'ros'
[1.136s] Level 1:colcon.colcon_core.package_identification:_identify(downloads/capstone_PCB/PCB/PCB-backups) by extensions ['cmake', 'python']
[1.136s] Level 1:colcon.colcon_core.package_identification:_identify(downloads/capstone_PCB/PCB/PCB-backups) by extension 'cmake'
[1.136s] Level 1:colcon.colcon_core.package_identification:_identify(downloads/capstone_PCB/PCB/PCB-backups) by extension 'python'
[1.136s] Level 1:colcon.colcon_core.package_identification:_identify(downloads/capstone_PCB/PCB/PCB-backups) by extensions ['python_setup_py']
[1.136s] Level 1:colcon.colcon_core.package_identification:_identify(downloads/capstone_PCB/PCB/PCB-backups) by extension 'python_setup_py'
[1.136s] Level 1:colcon.colcon_core.package_identification:_identify(downloads/capstone_PCB/capstone_PCB-backups) by extensions ['ignore', 'ignore_ament_install']
[1.137s] Level 1:colcon.colcon_core.package_identification:_identify(downloads/capstone_PCB/capstone_PCB-backups) by extension 'ignore'
[1.137s] Level 1:colcon.colcon_core.package_identification:_identify(downloads/capstone_PCB/capstone_PCB-backups) by extension 'ignore_ament_install'
[1.137s] Level 1:colcon.colcon_core.package_identification:_identify(downloads/capstone_PCB/capstone_PCB-backups) by extensions ['colcon_pkg']
[1.137s] Level 1:colcon.colcon_core.package_identification:_identify(downloads/capstone_PCB/capstone_PCB-backups) by extension 'colcon_pkg'
[1.137s] Level 1:colcon.colcon_core.package_identification:_identify(downloads/capstone_PCB/capstone_PCB-backups) by extensions ['colcon_meta']
[1.137s] Level 1:colcon.colcon_core.package_identification:_identify(downloads/capstone_PCB/capstone_PCB-backups) by extension 'colcon_meta'
[1.137s] Level 1:colcon.colcon_core.package_identification:_identify(downloads/capstone_PCB/capstone_PCB-backups) by extensions ['ros']
[1.137s] Level 1:colcon.colcon_core.package_identification:_identify(downloads/capstone_PCB/capstone_PCB-backups) by extension 'ros'
[1.137s] Level 1:colcon.colcon_core.package_identification:_identify(downloads/capstone_PCB/capstone_PCB-backups) by extensions ['cmake', 'python']
[1.137s] Level 1:colcon.colcon_core.package_identification:_identify(downloads/capstone_PCB/capstone_PCB-backups) by extension 'cmake'
[1.137s] Level 1:colcon.colcon_core.package_identification:_identify(downloads/capstone_PCB/capstone_PCB-backups) by extension 'python'
[1.137s] Level 1:colcon.colcon_core.package_identification:_identify(downloads/capstone_PCB/capstone_PCB-backups) by extensions ['python_setup_py']
[1.137s] Level 1:colcon.colcon_core.package_identification:_identify(downloads/capstone_PCB/capstone_PCB-backups) by extension 'python_setup_py'
[1.138s] Level 1:colcon.colcon_core.package_identification:_identify(external_controller) by extensions ['ignore', 'ignore_ament_install']
[1.138s] Level 1:colcon.colcon_core.package_identification:_identify(external_controller) by extension 'ignore'
[1.138s] Level 1:colcon.colcon_core.package_identification:_identify(external_controller) by extension 'ignore_ament_install'
[1.138s] Level 1:colcon.colcon_core.package_identification:_identify(external_controller) by extensions ['colcon_pkg']
[1.138s] Level 1:colcon.colcon_core.package_identification:_identify(external_controller) by extension 'colcon_pkg'
[1.138s] Level 1:colcon.colcon_core.package_identification:_identify(external_controller) by extensions ['colcon_meta']
[1.138s] Level 1:colcon.colcon_core.package_identification:_identify(external_controller) by extension 'colcon_meta'
[1.138s] Level 1:colcon.colcon_core.package_identification:_identify(external_controller) by extensions ['ros']
[1.138s] Level 1:colcon.colcon_core.package_identification:_identify(external_controller) by extension 'ros'
[1.138s] Level 1:colcon.colcon_core.package_identification:_identify(external_controller) by extensions ['cmake', 'python']
[1.138s] Level 1:colcon.colcon_core.package_identification:_identify(external_controller) by extension 'cmake'
[1.138s] Level 1:colcon.colcon_core.package_identification:_identify(external_controller) by extension 'python'
[1.138s] Level 1:colcon.colcon_core.package_identification:_identify(external_controller) by extensions ['python_setup_py']
[1.138s] Level 1:colcon.colcon_core.package_identification:_identify(external_controller) by extension 'python_setup_py'
[1.138s] Level 1:colcon.colcon_core.package_identification:_identify(install) by extensions ['ignore', 'ignore_ament_install']
[1.139s] Level 1:colcon.colcon_core.package_identification:_identify(install) by extension 'ignore'
[1.139s] Level 1:colcon.colcon_core.package_identification:_identify(install) ignored
[1.139s] Level 1:colcon.colcon_core.package_identification:_identify(log) by extensions ['ignore', 'ignore_ament_install']
[1.139s] Level 1:colcon.colcon_core.package_identification:_identify(log) by extension 'ignore'
[1.139s] Level 1:colcon.colcon_core.package_identification:_identify(log) ignored
[1.139s] Level 1:colcon.colcon_core.package_identification:_identify(maps) by extensions ['ignore', 'ignore_ament_install']
[1.139s] Level 1:colcon.colcon_core.package_identification:_identify(maps) by extension 'ignore'
[1.139s] Level 1:colcon.colcon_core.package_identification:_identify(maps) by extension 'ignore_ament_install'
[1.139s] Level 1:colcon.colcon_core.package_identification:_identify(maps) by extensions ['colcon_pkg']
[1.139s] Level 1:colcon.colcon_core.package_identification:_identify(maps) by extension 'colcon_pkg'
[1.139s] Level 1:colcon.colcon_core.package_identification:_identify(maps) by extensions ['colcon_meta']
[1.139s] Level 1:colcon.colcon_core.package_identification:_identify(maps) by extension 'colcon_meta'
[1.139s] Level 1:colcon.colcon_core.package_identification:_identify(maps) by extensions ['ros']
[1.139s] Level 1:colcon.colcon_core.package_identification:_identify(maps) by extension 'ros'
[1.139s] Level 1:colcon.colcon_core.package_identification:_identify(maps) by extensions ['cmake', 'python']
[1.139s] Level 1:colcon.colcon_core.package_identification:_identify(maps) by extension 'cmake'
[1.140s] Level 1:colcon.colcon_core.package_identification:_identify(maps) by extension 'python'
[1.140s] Level 1:colcon.colcon_core.package_identification:_identify(maps) by extensions ['python_setup_py']
[1.140s] Level 1:colcon.colcon_core.package_identification:_identify(maps) by extension 'python_setup_py'
[1.140s] Level 1:colcon.colcon_core.package_identification:_identify(scripts) by extensions ['ignore', 'ignore_ament_install']
[1.140s] Level 1:colcon.colcon_core.package_identification:_identify(scripts) by extension 'ignore'
[1.140s] Level 1:colcon.colcon_core.package_identification:_identify(scripts) by extension 'ignore_ament_install'
[1.140s] Level 1:colcon.colcon_core.package_identification:_identify(scripts) by extensions ['colcon_pkg']
[1.140s] Level 1:colcon.colcon_core.package_identification:_identify(scripts) by extension 'colcon_pkg'
[1.140s] Level 1:colcon.colcon_core.package_identification:_identify(scripts) by extensions ['colcon_meta']
[1.140s] Level 1:colcon.colcon_core.package_identification:_identify(scripts) by extension 'colcon_meta'
[1.140s] Level 1:colcon.colcon_core.package_identification:_identify(scripts) by extensions ['ros']
[1.140s] Level 1:colcon.colcon_core.package_identification:_identify(scripts) by extension 'ros'
[1.140s] Level 1:colcon.colcon_core.package_identification:_identify(scripts) by extensions ['cmake', 'python']
[1.140s] Level 1:colcon.colcon_core.package_identification:_identify(scripts) by extension 'cmake'
[1.140s] Level 1:colcon.colcon_core.package_identification:_identify(scripts) by extension 'python'
[1.140s] Level 1:colcon.colcon_core.package_identification:_identify(scripts) by extensions ['python_setup_py']
[1.140s] Level 1:colcon.colcon_core.package_identification:_identify(scripts) by extension 'python_setup_py'
[1.140s] Level 1:colcon.colcon_core.package_identification:_identify(src) by extensions ['ignore', 'ignore_ament_install']
[1.141s] Level 1:colcon.colcon_core.package_identification:_identify(src) by extension 'ignore'
[1.141s] Level 1:colcon.colcon_core.package_identification:_identify(src) by extension 'ignore_ament_install'
[1.141s] Level 1:colcon.colcon_core.package_identification:_identify(src) by extensions ['colcon_pkg']
[1.141s] Level 1:colcon.colcon_core.package_identification:_identify(src) by extension 'colcon_pkg'
[1.141s] Level 1:colcon.colcon_core.package_identification:_identify(src) by extensions ['colcon_meta']
[1.141s] Level 1:colcon.colcon_core.package_identification:_identify(src) by extension 'colcon_meta'
[1.141s] Level 1:colcon.colcon_core.package_identification:_identify(src) by extensions ['ros']
[1.141s] Level 1:colcon.colcon_core.package_identification:_identify(src) by extension 'ros'
[1.141s] Level 1:colcon.colcon_core.package_identification:_identify(src) by extensions ['cmake', 'python']
[1.141s] Level 1:colcon.colcon_core.package_identification:_identify(src) by extension 'cmake'
[1.141s] Level 1:colcon.colcon_core.package_identification:_identify(src) by extension 'python'
[1.141s] Level 1:colcon.colcon_core.package_identification:_identify(src) by extensions ['python_setup_py']
[1.141s] Level 1:colcon.colcon_core.package_identification:_identify(src) by extension 'python_setup_py'
[1.141s] Level 1:colcon.colcon_core.package_identification:_identify(src/build) by extensions ['ignore', 'ignore_ament_install']
[1.141s] Level 1:colcon.colcon_core.package_identification:_identify(src/build) by extension 'ignore'
[1.141s] Level 1:colcon.colcon_core.package_identification:_identify(src/build) ignored
[1.141s] Level 1:colcon.colcon_core.package_identification:_identify(src/install) by extensions ['ignore', 'ignore_ament_install']
[1.142s] Level 1:colcon.colcon_core.package_identification:_identify(src/install) by extension 'ignore'
[1.142s] Level 1:colcon.colcon_core.package_identification:_identify(src/install) ignored
[1.142s] Level 1:colcon.colcon_core.package_identification:_identify(src/lcd_bridge) by extensions ['ignore', 'ignore_ament_install']
[1.142s] Level 1:colcon.colcon_core.package_identification:_identify(src/lcd_bridge) by extension 'ignore'
[1.142s] Level 1:colcon.colcon_core.package_identification:_identify(src/lcd_bridge) by extension 'ignore_ament_install'
[1.142s] Level 1:colcon.colcon_core.package_identification:_identify(src/lcd_bridge) by extensions ['colcon_pkg']
[1.142s] Level 1:colcon.colcon_core.package_identification:_identify(src/lcd_bridge) by extension 'colcon_pkg'
[1.142s] Level 1:colcon.colcon_core.package_identification:_identify(src/lcd_bridge) by extensions ['colcon_meta']
[1.142s] Level 1:colcon.colcon_core.package_identification:_identify(src/lcd_bridge) by extension 'colcon_meta'
[1.142s] Level 1:colcon.colcon_core.package_identification:_identify(src/lcd_bridge) by extensions ['ros']
[1.142s] Level 1:colcon.colcon_core.package_identification:_identify(src/lcd_bridge) by extension 'ros'
[1.149s] DEBUG:colcon.colcon_core.package_identification:Package 'src/lcd_bridge' with type 'ros.ament_python' and name 'lcd_bridge'
[1.149s] Level 1:colcon.colcon_core.package_identification:_identify(src/log) by extensions ['ignore', 'ignore_ament_install']
[1.149s] Level 1:colcon.colcon_core.package_identification:_identify(src/log) by extension 'ignore'
[1.149s] Level 1:colcon.colcon_core.package_identification:_identify(src/log) ignored
[1.149s] Level 1:colcon.colcon_core.package_identification:_identify(src/portamail_coordinator) by extensions ['ignore', 'ignore_ament_install']
[1.149s] Level 1:colcon.colcon_core.package_identification:_identify(src/portamail_coordinator) by extension 'ignore'
[1.149s] Level 1:colcon.colcon_core.package_identification:_identify(src/portamail_coordinator) by extension 'ignore_ament_install'
[1.149s] Level 1:colcon.colcon_core.package_identification:_identify(src/portamail_coordinator) by extensions ['colcon_pkg']
[1.149s] Level 1:colcon.colcon_core.package_identification:_identify(src/portamail_coordinator) by extension 'colcon_pkg'
[1.149s] Level 1:colcon.colcon_core.package_identification:_identify(src/portamail_coordinator) by extensions ['colcon_meta']
[1.150s] Level 1:colcon.colcon_core.package_identification:_identify(src/portamail_coordinator) by extension 'colcon_meta'
[1.150s] Level 1:colcon.colcon_core.package_identification:_identify(src/portamail_coordinator) by extensions ['ros']
[1.150s] Level 1:colcon.colcon_core.package_identification:_identify(src/portamail_coordinator) by extension 'ros'
[1.152s] DEBUG:colcon.colcon_core.package_identification:Package 'src/portamail_coordinator' with type 'ros.ament_cmake' and name 'portamail_coordinator'
[1.152s] Level 1:colcon.colcon_core.package_identification:_identify(src/portamail_navigator) by extensions ['ignore', 'ignore_ament_install']
[1.152s] Level 1:colcon.colcon_core.package_identification:_identify(src/portamail_navigator) by extension 'ignore'
[1.152s] Level 1:colcon.colcon_core.package_identification:_identify(src/portamail_navigator) by extension 'ignore_ament_install'
[1.152s] Level 1:colcon.colcon_core.package_identification:_identify(src/portamail_navigator) by extensions ['colcon_pkg']
[1.152s] Level 1:colcon.colcon_core.package_identification:_identify(src/portamail_navigator) by extension 'colcon_pkg'
[1.152s] Level 1:colcon.colcon_core.package_identification:_identify(src/portamail_navigator) by extensions ['colcon_meta']
[1.152s] Level 1:colcon.colcon_core.package_identification:_identify(src/portamail_navigator) by extension 'colcon_meta'
[1.153s] Level 1:colcon.colcon_core.package_identification:_identify(src/portamail_navigator) by extensions ['ros']
[1.153s] Level 1:colcon.colcon_core.package_identification:_identify(src/portamail_navigator) by extension 'ros'
[1.156s] DEBUG:colcon.colcon_core.package_identification:Package 'src/portamail_navigator' with type 'ros.ament_cmake' and name 'portamail_navigator'
[1.156s] Level 1:colcon.colcon_core.package_identification:_identify(src/sllidar_ros2) by extensions ['ignore', 'ignore_ament_install']
[1.156s] Level 1:colcon.colcon_core.package_identification:_identify(src/sllidar_ros2) by extension 'ignore'
[1.156s] Level 1:colcon.colcon_core.package_identification:_identify(src/sllidar_ros2) by extension 'ignore_ament_install'
[1.156s] Level 1:colcon.colcon_core.package_identification:_identify(src/sllidar_ros2) by extensions ['colcon_pkg']
[1.156s] Level 1:colcon.colcon_core.package_identification:_identify(src/sllidar_ros2) by extension 'colcon_pkg'
[1.156s] Level 1:colcon.colcon_core.package_identification:_identify(src/sllidar_ros2) by extensions ['colcon_meta']
[1.156s] Level 1:colcon.colcon_core.package_identification:_identify(src/sllidar_ros2) by extension 'colcon_meta'
[1.156s] Level 1:colcon.colcon_core.package_identification:_identify(src/sllidar_ros2) by extensions ['ros']
[1.156s] Level 1:colcon.colcon_core.package_identification:_identify(src/sllidar_ros2) by extension 'ros'
[1.158s] DEBUG:colcon.colcon_core.package_identification:Package 'src/sllidar_ros2' with type 'ros.ament_cmake' and name 'sllidar_ros2'
[1.158s] Level 1:colcon.colcon_core.package_discovery:discover_packages(recursive) using defaults
[1.158s] Level 1:colcon.colcon_core.package_discovery:discover_packages(ignore) discover
[1.158s] Level 1:colcon.colcon_core.package_discovery:discover_packages(ignore) using defaults
[1.158s] Level 1:colcon.colcon_core.package_discovery:discover_packages(path) discover
[1.158s] Level 1:colcon.colcon_core.package_discovery:discover_packages(path) using defaults
[1.204s] INFO:colcon.colcon_core.package_selection:Skipping not selected package 'lcd_bridge' in 'src/lcd_bridge'
[1.204s] INFO:colcon.colcon_core.package_selection:Skipping not selected package 'sllidar_ros2' in 'src/sllidar_ros2'
[1.204s] INFO:colcon.colcon_core.package_selection:Skipping not selected package 'portamail_navigator' in 'src/portamail_navigator'
[1.206s] Level 1:colcon.colcon_core.package_discovery:discover_packages(prefix_path) check parameters
[1.206s] Level 1:colcon.colcon_core.package_discovery:discover_packages(prefix_path) discover
[1.214s] DEBUG:colcon.colcon_installed_package_information.package_discovery:Found 3 installed packages in /home/davidezuma/microros_ws/install
[1.215s] DEBUG:colcon.colcon_installed_package_information.package_discovery:Found 3 installed packages in /home/davidezuma/PortaMailCapstone/install
[1.218s] DEBUG:colcon.colcon_installed_package_information.package_discovery:Found 310 installed packages in /opt/ros/jazzy
[1.221s] Level 1:colcon.colcon_core.package_discovery:discover_packages(prefix_path) using defaults
[1.298s] Level 5:colcon.colcon_core.verb:set package 'portamail_coordinator' build argument 'cmake_args' from command line to 'None'
[1.298s] Level 5:colcon.colcon_core.verb:set package 'portamail_coordinator' build argument 'cmake_target' from command line to 'None'
[1.298s] Level 5:colcon.colcon_core.verb:set package 'portamail_coordinator' build argument 'cmake_target_skip_unavailable' from command line to 'False'
[1.298s] Level 5:colcon.colcon_core.verb:set package 'portamail_coordinator' build argument 'cmake_clean_cache' from command line to 'False'
[1.298s] Level 5:colcon.colcon_core.verb:set package 'portamail_coordinator' build argument 'cmake_clean_first' from command line to 'False'
[1.298s] Level 5:colcon.colcon_core.verb:set package 'portamail_coordinator' build argument 'cmake_force_configure' from command line to 'False'
[1.298s] Level 5:colcon.colcon_core.verb:set package 'portamail_coordinator' build argument 'ament_cmake_args' from command line to 'None'
[1.298s] Level 5:colcon.colcon_core.verb:set package 'portamail_coordinator' build argument 'catkin_cmake_args' from command line to 'None'
[1.299s] Level 5:colcon.colcon_core.verb:set package 'portamail_coordinator' build argument 'catkin_skip_building_tests' from command line to 'False'
[1.299s] DEBUG:colcon.colcon_core.verb:Building package 'portamail_coordinator' with the following arguments: {'ament_cmake_args': None, 'build_base': '/home/davidezuma/PortaMailCapstone/build/portamail_coordinator', 'catkin_cmake_args': None, 'catkin_skip_building_tests': False, 'cmake_args': None, 'cmake_clean_cache': False, 'cmake_clean_first': False, 'cmake_force_configure': False, 'cmake_target': None, 'cmake_target_skip_unavailable': False, 'install_base': '/home/davidezuma/PortaMailCapstone/install/portamail_coordinator', 'merge_install': False, 'path': '/home/davidezuma/PortaMailCapstone/src/portamail_coordinator', 'symlink_install': False, 'test_result_base': None}
[1.299s] INFO:colcon.colcon_core.executor:Executing jobs using 'parallel' executor
[1.300s] DEBUG:colcon.colcon_parallel_executor.executor.parallel:run_until_complete
[1.301s] INFO:colcon.colcon_ros.task.ament_cmake.build:Building ROS package in '/home/davidezuma/PortaMailCapstone/src/portamail_coordinator' with build type 'ament_cmake'
[1.301s] INFO:colcon.colcon_cmake.task.cmake.build:Building CMake package in '/home/davidezuma/PortaMailCapstone/src/portamail_coordinator'
[1.314s] INFO:colcon.colcon_core.plugin_system:Skipping extension 'colcon_core.shell.bat': Not used on non-Windows systems
[1.314s] INFO:colcon.colcon_core.shell:Skip shell extension 'powershell' for command environment: Not usable outside of PowerShell
[1.314s] DEBUG:colcon.colcon_core.shell:Skip shell extension 'dsv' for command environment
[1.328s] DEBUG:colcon.colcon_core.event_handler.log_command:Invoking command in '/home/davidezuma/PortaMailCapstone/build/portamail_coordinator': CMAKE_PREFIX_PATH=${CMAKE_PREFIX_PATH}:/opt/ros/jazzy /usr/bin/cmake /home/davidezuma/PortaMailCapstone/src/portamail_coordinator -DCMAKE_INSTALL_PREFIX=/home/davidezuma/PortaMailCapstone/install/portamail_coordinator
[8.367s] DEBUG:colcon.colcon_core.event_handler.log_command:Invoked command in '/home/davidezuma/PortaMailCapstone/build/portamail_coordinator' returned '0': CMAKE_PREFIX_PATH=${CMAKE_PREFIX_PATH}:/opt/ros/jazzy /usr/bin/cmake /home/davidezuma/PortaMailCapstone/src/portamail_coordinator -DCMAKE_INSTALL_PREFIX=/home/davidezuma/PortaMailCapstone/install/portamail_coordinator
[8.369s] DEBUG:colcon.colcon_core.event_handler.log_command:Invoking command in '/home/davidezuma/PortaMailCapstone/build/portamail_coordinator': CMAKE_PREFIX_PATH=${CMAKE_PREFIX_PATH}:/opt/ros/jazzy /usr/bin/cmake --build /home/davidezuma/PortaMailCapstone/build/portamail_coordinator -- -j4 -l4
[33.719s] DEBUG:colcon.colcon_core.event_handler.log_command:Invoked command in '/home/davidezuma/PortaMailCapstone/build/portamail_coordinator' returned '0': CMAKE_PREFIX_PATH=${CMAKE_PREFIX_PATH}:/opt/ros/jazzy /usr/bin/cmake --build /home/davidezuma/PortaMailCapstone/build/portamail_coordinator -- -j4 -l4
[33.741s] DEBUG:colcon.colcon_core.event_handler.log_command:Invoking command in '/home/davidezuma/PortaMailCapstone/build/portamail_coordinator': CMAKE_PREFIX_PATH=${CMAKE_PREFIX_PATH}:/opt/ros/jazzy /usr/bin/cmake --install /home/davidezuma/PortaMailCapstone/build/portamail_coordinator
[33.776s] Level 1:colcon.colcon_core.environment:create_environment_scripts_only(portamail_coordinator)
[33.777s] DEBUG:colcon.colcon_core.event_handler.log_command:Invoked command in '/home/davidezuma/PortaMailCapstone/build/portamail_coordinator' returned '0': CMAKE_PREFIX_PATH=${CMAKE_PREFIX_PATH}:/opt/ros/jazzy /usr/bin/cmake --install /home/davidezuma/PortaMailCapstone/build/portamail_coordinator
[33.787s] Level 1:colcon.colcon_core.environment:checking '/home/davidezuma/PortaMailCapstone/install/portamail_coordinator' for CMake module files
[33.788s] Level 1:colcon.colcon_core.environment:checking '/home/davidezuma/PortaMailCapstone/install/portamail_coordinator' for CMake config files
[33.788s] Level 1:colcon.colcon_core.shell:create_environment_hook('portamail_coordinator', 'cmake_prefix_path')
[33.789s] INFO:colcon.colcon_core.shell:Creating environment hook '/home/davidezuma/PortaMailCapstone/install/portamail_coordinator/share/portamail_coordinator/hook/cmake_prefix_path.ps1'
[33.790s] INFO:colcon.colcon_core.shell:Creating environment descriptor '/home/davidezuma/PortaMailCapstone/install/portamail_coordinator/share/portamail_coordinator/hook/cmake_prefix_path.dsv'
[33.793s] INFO:colcon.colcon_core.shell:Creating environment hook '/home/davidezuma/PortaMailCapstone/install/portamail_coordinator/share/portamail_coordinator/hook/cmake_prefix_path.sh'
[33.796s] Level 1:colcon.colcon_core.environment:checking '/home/davidezuma/PortaMailCapstone/install/portamail_coordinator/lib'
[33.796s] Level 1:colcon.colcon_core.environment:checking '/home/davidezuma/PortaMailCapstone/install/portamail_coordinator/bin'
[33.796s] Level 1:colcon.colcon_core.environment:checking '/home/davidezuma/PortaMailCapstone/install/portamail_coordinator/lib/pkgconfig/portamail_coordinator.pc'
[33.797s] Level 1:colcon.colcon_core.environment:checking '/home/davidezuma/PortaMailCapstone/install/portamail_coordinator/lib/python3.12/site-packages'
[33.797s] Level 1:colcon.colcon_core.environment:checking '/home/davidezuma/PortaMailCapstone/install/portamail_coordinator/bin'
[33.798s] INFO:colcon.colcon_core.shell:Creating package script '/home/davidezuma/PortaMailCapstone/install/portamail_coordinator/share/portamail_coordinator/package.ps1'
[33.799s] INFO:colcon.colcon_core.shell:Creating package descriptor '/home/davidezuma/PortaMailCapstone/install/portamail_coordinator/share/portamail_coordinator/package.dsv'
[33.802s] INFO:colcon.colcon_core.shell:Creating package script '/home/davidezuma/PortaMailCapstone/install/portamail_coordinator/share/portamail_coordinator/package.sh'
[33.804s] INFO:colcon.colcon_core.shell:Creating package script '/home/davidezuma/PortaMailCapstone/install/portamail_coordinator/share/portamail_coordinator/package.bash'
[33.808s] INFO:colcon.colcon_core.shell:Creating package script '/home/davidezuma/PortaMailCapstone/install/portamail_coordinator/share/portamail_coordinator/package.zsh'
[33.810s] Level 1:colcon.colcon_core.environment:create_file_with_runtime_dependencies(/home/davidezuma/PortaMailCapstone/install/portamail_coordinator/share/colcon-core/packages/portamail_coordinator)
[33.812s] Level 1:colcon.colcon_core.environment:create_environment_scripts_only(portamail_coordinator)
[33.813s] Level 1:colcon.colcon_core.environment:checking '/home/davidezuma/PortaMailCapstone/install/portamail_coordinator' for CMake module files
[33.814s] Level 1:colcon.colcon_core.environment:checking '/home/davidezuma/PortaMailCapstone/install/portamail_coordinator' for CMake config files
[33.814s] Level 1:colcon.colcon_core.shell:create_environment_hook('portamail_coordinator', 'cmake_prefix_path')
[33.815s] INFO:colcon.colcon_core.shell:Creating environment hook '/home/davidezuma/PortaMailCapstone/install/portamail_coordinator/share/portamail_coordinator/hook/cmake_prefix_path.ps1'
[33.816s] INFO:colcon.colcon_core.shell:Creating environment descriptor '/home/davidezuma/PortaMailCapstone/install/portamail_coordinator/share/portamail_coordinator/hook/cmake_prefix_path.dsv'
[33.818s] INFO:colcon.colcon_core.shell:Creating environment hook '/home/davidezuma/PortaMailCapstone/install/portamail_coordinator/share/portamail_coordinator/hook/cmake_prefix_path.sh'
[33.820s] Level 1:colcon.colcon_core.environment:checking '/home/davidezuma/PortaMailCapstone/install/portamail_coordinator/lib'
[33.820s] Level 1:colcon.colcon_core.environment:checking '/home/davidezuma/PortaMailCapstone/install/portamail_coordinator/bin'
[33.820s] Level 1:colcon.colcon_core.environment:checking '/home/davidezuma/PortaMailCapstone/install/portamail_coordinator/lib/pkgconfig/portamail_coordinator.pc'
[33.820s] Level 1:colcon.colcon_core.environment:checking '/home/davidezuma/PortaMailCapstone/install/portamail_coordinator/lib/python3.12/site-packages'
[33.821s] Level 1:colcon.colcon_core.environment:checking '/home/davidezuma/PortaMailCapstone/install/portamail_coordinator/bin'
[33.821s] INFO:colcon.colcon_core.shell:Creating package script '/home/davidezuma/PortaMailCapstone/install/portamail_coordinator/share/portamail_coordinator/package.ps1'
[33.822s] INFO:colcon.colcon_core.shell:Creating package descriptor '/home/davidezuma/PortaMailCapstone/install/portamail_coordinator/share/portamail_coordinator/package.dsv'
[33.823s] INFO:colcon.colcon_core.shell:Creating package script '/home/davidezuma/PortaMailCapstone/install/portamail_coordinator/share/portamail_coordinator/package.sh'
[33.826s] INFO:colcon.colcon_core.shell:Creating package script '/home/davidezuma/PortaMailCapstone/install/portamail_coordinator/share/portamail_coordinator/package.bash'
[33.827s] INFO:colcon.colcon_core.shell:Creating package script '/home/davidezuma/PortaMailCapstone/install/portamail_coordinator/share/portamail_coordinator/package.zsh'
[33.829s] Level 1:colcon.colcon_core.environment:create_file_with_runtime_dependencies(/home/davidezuma/PortaMailCapstone/install/portamail_coordinator/share/colcon-core/packages/portamail_coordinator)
[33.830s] DEBUG:colcon.colcon_parallel_executor.executor.parallel:closing loop
[33.831s] DEBUG:colcon.colcon_parallel_executor.executor.parallel:loop closed
[33.831s] DEBUG:colcon.colcon_parallel_executor.executor.parallel:run_until_complete finished with '0'
[33.831s] DEBUG:colcon.colcon_core.event_reactor:joining thread
[33.842s] INFO:colcon.colcon_core.plugin_system:Skipping extension 'colcon_notification.desktop_notification.notify_send': Could not find 'notify-send'
[33.842s] INFO:colcon.colcon_core.plugin_system:Skipping extension 'colcon_notification.desktop_notification.terminal_notifier': Not used on non-Darwin systems
[33.842s] INFO:colcon.colcon_core.plugin_system:Skipping extension 'colcon_notification.desktop_notification.win32': Not used on non-Windows systems
[33.842s] INFO:colcon.colcon_notification.desktop_notification:Sending desktop notification using 'notify2'
[33.844s] DEBUG:colcon.colcon_notification.desktop_notification.notify2:Failed to initialize notify2: org.freedesktop.DBus.Error.ServiceUnknown: The name org.freedesktop.Notifications was not provided by any .service files
[33.844s] DEBUG:colcon.colcon_core.event_reactor:joined thread
[33.844s] INFO:colcon.colcon_core.shell:Creating prefix script '/home/davidezuma/PortaMailCapstone/install/local_setup.ps1'
[33.846s] INFO:colcon.colcon_core.shell:Creating prefix util module '/home/davidezuma/PortaMailCapstone/install/_local_setup_util_ps1.py'
[33.850s] INFO:colcon.colcon_core.shell:Creating prefix chain script '/home/davidezuma/PortaMailCapstone/install/setup.ps1'
[33.853s] INFO:colcon.colcon_core.shell:Creating prefix script '/home/davidezuma/PortaMailCapstone/install/local_setup.sh'
[33.855s] INFO:colcon.colcon_core.shell:Creating prefix util module '/home/davidezuma/PortaMailCapstone/install/_local_setup_util_sh.py'
[33.856s] INFO:colcon.colcon_core.shell:Creating prefix chain script '/home/davidezuma/PortaMailCapstone/install/setup.sh'
[33.859s] INFO:colcon.colcon_core.shell:Creating prefix script '/home/davidezuma/PortaMailCapstone/install/local_setup.bash'
[33.860s] INFO:colcon.colcon_core.shell:Creating prefix chain script '/home/davidezuma/PortaMailCapstone/install/setup.bash'
[33.863s] INFO:colcon.colcon_core.shell:Creating prefix script '/home/davidezuma/PortaMailCapstone/install/local_setup.zsh'
[33.865s] INFO:colcon.colcon_core.shell:Creating prefix chain script '/home/davidezuma/PortaMailCapstone/install/setup.zsh'
