[0.942s] DEBUG:colcon:Command line arguments: ['/usr/bin/colcon', 'build', '--packages-select', 'portamail_navigator']
[0.942s] DEBUG:colcon:Parsed command line arguments: Namespace(log_base=None, log_level=None, verb_name='build', build_base='build', install_base='install', merge_install=False, symlink_install=False, test_result_base=None, continue_on_error=False, executor='parallel', parallel_workers=4, event_handlers=None, ignore_user_meta=False, metas=['./colcon.meta'], base_paths=['.'], packages_ignore=None, packages_ignore_regex=None, paths=None, packages_up_to=None, packages_up_to_regex=None, packages_above=None, packages_above_and_dependencies=None, packages_above_depth=None, packages_select_by_dep=None, packages_skip_by_dep=None, packages_skip_up_to=None, packages_select_build_failed=False, packages_skip_build_finished=False, packages_select_test_failures=False, packages_skip_test_passed=False, packages_select=['portamail_navigator'], packages_skip=None, packages_select_regex=None, packages_skip_regex=None, packages_start=None, packages_end=None, allow_overriding=[], cmake_args=None, cmake_target=None, cmake_target_skip_unavailable=False, cmake_clean_cache=False, cmake_clean_first=False, cmake_force_configure=False, ament_cmake_args=None, catkin_cmake_args=None, catkin_skip_building_tests=False, verb_parser=<colcon_defaults.argument_parser.defaults.DefaultArgumentsDecorator object at 0xffff95d7bb00>, verb_extension=<colcon_core.verb.build.BuildVerb object at 0xffff95f60380>, main=<bound method BuildVerb.main of <colcon_core.verb.build.BuildVerb object at 0xffff95f60380>>)
[1.319s] Level 1:colcon.colcon_core.package_discovery:discover_packages(colcon_meta) check parameters
[1.319s] Level 1:colcon.colcon_core.package_discovery:discover_packages(recursive) check parameters
[1.319s] Level 1:colcon.colcon_core.package_discovery:discover_packages(ignore) check parameters
[1.319s] Level 1:colcon.colcon_core.package_discovery:discover_packages(path) check parameters
[1.319s] Level 1:colcon.colcon_core.package_discovery:discover_packages(colcon_meta) discover
[1.319s] Level 1:colcon.colcon_core.package_discovery:discover_packages(recursive) discover
[1.319s] INFO:colcon.colcon_core.package_discovery:Crawling recursively for packages in '/home/davidezuma/PortaMailCapstone'
[1.320s] Level 1:colcon.colcon_core.package_identification:_identify(.) by extensions ['ignore', 'ignore_ament_install']
[1.326s] Level 1:colcon.colcon_core.package_identification:_identify(.) by extension 'ignore'
[1.326s] Level 1:colcon.colcon_core.package_identification:_identify(.) by extension 'ignore_ament_install'
[1.326s] Level 1:colcon.colcon_core.package_identification:_identify(.) by extensions ['colcon_pkg']
[1.327s] Level 1:colcon.colcon_core.package_identification:_identify(.) by extension 'colcon_pkg'
[1.327s] Level 1:colcon.colcon_core.package_identification:_identify(.) by extensions ['colcon_meta']
[1.327s] Level 1:colcon.colcon_core.package_identification:_identify(.) by extension 'colcon_meta'
[1.327s] Level 1:colcon.colcon_core.package_identification:_identify(.) by extensions ['ros']
[1.327s] Level 1:colcon.colcon_core.package_identification:_identify(.) by extension 'ros'
[1.449s] Level 1:colcon.colcon_core.package_identification:_identify(.) by extensions ['cmake', 'python']
[1.449s] Level 1:colcon.colcon_core.package_identification:_identify(.) by extension 'cmake'
[1.449s] Level 1:colcon.colcon_core.package_identification:_identify(.) by extension 'python'
[1.450s] Level 1:colcon.colcon_core.package_identification:_identify(.) by extensions ['python_setup_py']
[1.450s] Level 1:colcon.colcon_core.package_identification:_identify(.) by extension 'python_setup_py'
[1.450s] Level 1:colcon.colcon_core.package_identification:_identify(LCD_web) by extensions ['ignore', 'ignore_ament_install']
[1.453s] Level 1:colcon.colcon_core.package_identification:_identify(LCD_web) by extension 'ignore'
[1.453s] Level 1:colcon.colcon_core.package_identification:_identify(LCD_web) by extension 'ignore_ament_install'
[1.453s] Level 1:colcon.colcon_core.package_identification:_identify(LCD_web) by extensions ['colcon_pkg']
[1.453s] Level 1:colcon.colcon_core.package_identification:_identify(LCD_web) by extension 'colcon_pkg'
[1.453s] Level 1:colcon.colcon_core.package_identification:_identify(LCD_web) by extensions ['colcon_meta']
[1.453s] Level 1:colcon.colcon_core.package_identification:_identify(LCD_web) by extension 'colcon_meta'
[1.453s] Level 1:colcon.colcon_core.package_identification:_identify(LCD_web) by extensions ['ros']
[1.453s] Level 1:colcon.colcon_core.package_identification:_identify(LCD_web) by extension 'ros'
[1.453s] Level 1:colcon.colcon_core.package_identification:_identify(LCD_web) by extensions ['cmake', 'python']
[1.453s] Level 1:colcon.colcon_core.package_identification:_identify(LCD_web) by extension 'cmake'
[1.453s] Level 1:colcon.colcon_core.package_identification:_identify(LCD_web) by extension 'python'
[1.454s] Level 1:colcon.colcon_core.package_identification:_identify(LCD_web) by extensions ['python_setup_py']
[1.454s] Level 1:colcon.colcon_core.package_identification:_identify(LCD_web) by extension 'python_setup_py'
[1.454s] Level 1:colcon.colcon_core.package_identification:_identify(LCD_web/portamail_ui) by extensions ['ignore', 'ignore_ament_install']
[1.454s] Level 1:colcon.colcon_core.package_identification:_identify(LCD_web/portamail_ui) by extension 'ignore'
[1.454s] Level 1:colcon.colcon_core.package_identification:_identify(LCD_web/portamail_ui) by extension 'ignore_ament_install'
[1.454s] Level 1:colcon.colcon_core.package_identification:_identify(LCD_web/portamail_ui) by extensions ['colcon_pkg']
[1.454s] Level 1:colcon.colcon_core.package_identification:_identify(LCD_web/portamail_ui) by extension 'colcon_pkg'
[1.454s] Level 1:colcon.colcon_core.package_identification:_identify(LCD_web/portamail_ui) by extensions ['colcon_meta']
[1.454s] Level 1:colcon.colcon_core.package_identification:_identify(LCD_web/portamail_ui) by extension 'colcon_meta'
[1.454s] Level 1:colcon.colcon_core.package_identification:_identify(LCD_web/portamail_ui) by extensions ['ros']
[1.454s] Level 1:colcon.colcon_core.package_identification:_identify(LCD_web/portamail_ui) by extension 'ros'
[1.454s] Level 1:colcon.colcon_core.package_identification:_identify(LCD_web/portamail_ui) by extensions ['cmake', 'python']
[1.454s] Level 1:colcon.colcon_core.package_identification:_identify(LCD_web/portamail_ui) by extension 'cmake'
[1.454s] Level 1:colcon.colcon_core.package_identification:_identify(LCD_web/portamail_ui) by extension 'python'
[1.454s] Level 1:colcon.colcon_core.package_identification:_identify(LCD_web/portamail_ui) by extensions ['python_setup_py']
[1.454s] Level 1:colcon.colcon_core.package_identification:_identify(LCD_web/portamail_ui) by extension 'python_setup_py'
[1.455s] Level 1:colcon.colcon_core.package_identification:_identify(LCD_web/portamail_ui/examples) by extensions ['ignore', 'ignore_ament_install']
[1.455s] Level 1:colcon.colcon_core.package_identification:_identify(LCD_web/portamail_ui/examples) by extension 'ignore'
[1.455s] Level 1:colcon.colcon_core.package_identification:_identify(LCD_web/portamail_ui/examples) by extension 'ignore_ament_install'
[1.455s] Level 1:colcon.colcon_core.package_identification:_identify(LCD_web/portamail_ui/examples) by extensions ['colcon_pkg']
[1.455s] Level 1:colcon.colcon_core.package_identification:_identify(LCD_web/portamail_ui/examples) by extension 'colcon_pkg'
[1.455s] Level 1:colcon.colcon_core.package_identification:_identify(LCD_web/portamail_ui/examples) by extensions ['colcon_meta']
[1.455s] Level 1:colcon.colcon_core.package_identification:_identify(LCD_web/portamail_ui/examples) by extension 'colcon_meta'
[1.455s] Level 1:colcon.colcon_core.package_identification:_identify(LCD_web/portamail_ui/examples) by extensions ['ros']
[1.455s] Level 1:colcon.colcon_core.package_identification:_identify(LCD_web/portamail_ui/examples) by extension 'ros'
[1.455s] Level 1:colcon.colcon_core.package_identification:_identify(LCD_web/portamail_ui/examples) by extensions ['cmake', 'python']
[1.455s] Level 1:colcon.colcon_core.package_identification:_identify(LCD_web/portamail_ui/examples) by extension 'cmake'
[1.455s] Level 1:colcon.colcon_core.package_identification:_identify(LCD_web/portamail_ui/examples) by extension 'python'
[1.455s] Level 1:colcon.colcon_core.package_identification:_identify(LCD_web/portamail_ui/examples) by extensions ['python_setup_py']
[1.455s] Level 1:colcon.colcon_core.package_identification:_identify(LCD_web/portamail_ui/examples) by extension 'python_setup_py'
[1.455s] Level 1:colcon.colcon_core.package_identification:_identify(LCD_web/portamail_ui/examples/external_cpp_minimal) by extensions ['ignore', 'ignore_ament_install']
[1.455s] Level 1:colcon.colcon_core.package_identification:_identify(LCD_web/portamail_ui/examples/external_cpp_minimal) by extension 'ignore'
[1.456s] Level 1:colcon.colcon_core.package_identification:_identify(LCD_web/portamail_ui/examples/external_cpp_minimal) by extension 'ignore_ament_install'
[1.456s] Level 1:colcon.colcon_core.package_identification:_identify(LCD_web/portamail_ui/examples/external_cpp_minimal) by extensions ['colcon_pkg']
[1.456s] Level 1:colcon.colcon_core.package_identification:_identify(LCD_web/portamail_ui/examples/external_cpp_minimal) by extension 'colcon_pkg'
[1.456s] Level 1:colcon.colcon_core.package_identification:_identify(LCD_web/portamail_ui/examples/external_cpp_minimal) by extensions ['colcon_meta']
[1.456s] Level 1:colcon.colcon_core.package_identification:_identify(LCD_web/portamail_ui/examples/external_cpp_minimal) by extension 'colcon_meta'
[1.456s] Level 1:colcon.colcon_core.package_identification:_identify(LCD_web/portamail_ui/examples/external_cpp_minimal) by extensions ['ros']
[1.456s] Level 1:colcon.colcon_core.package_identification:_identify(LCD_web/portamail_ui/examples/external_cpp_minimal) by extension 'ros'
[1.456s] Level 1:colcon.colcon_core.package_identification:_identify(LCD_web/portamail_ui/examples/external_cpp_minimal) by extensions ['cmake', 'python']
[1.456s] Level 1:colcon.colcon_core.package_identification:_identify(LCD_web/portamail_ui/examples/external_cpp_minimal) by extension 'cmake'
[1.456s] Level 1:colcon.colcon_core.package_identification:_identify(LCD_web/portamail_ui/examples/external_cpp_minimal) by extension 'python'
[1.456s] Level 1:colcon.colcon_core.package_identification:_identify(LCD_web/portamail_ui/examples/external_cpp_minimal) by extensions ['python_setup_py']
[1.456s] Level 1:colcon.colcon_core.package_identification:_identify(LCD_web/portamail_ui/examples/external_cpp_minimal) by extension 'python_setup_py'
[1.457s] Level 1:colcon.colcon_core.package_identification:_identify(LCD_web/portamail_ui/interface) by extensions ['ignore', 'ignore_ament_install']
[1.457s] Level 1:colcon.colcon_core.package_identification:_identify(LCD_web/portamail_ui/interface) by extension 'ignore'
[1.457s] Level 1:colcon.colcon_core.package_identification:_identify(LCD_web/portamail_ui/interface) by extension 'ignore_ament_install'
[1.457s] Level 1:colcon.colcon_core.package_identification:_identify(LCD_web/portamail_ui/interface) by extensions ['colcon_pkg']
[1.457s] Level 1:colcon.colcon_core.package_identification:_identify(LCD_web/portamail_ui/interface) by extension 'colcon_pkg'
[1.457s] Level 1:colcon.colcon_core.package_identification:_identify(LCD_web/portamail_ui/interface) by extensions ['colcon_meta']
[1.457s] Level 1:colcon.colcon_core.package_identification:_identify(LCD_web/portamail_ui/interface) by extension 'colcon_meta'
[1.457s] Level 1:colcon.colcon_core.package_identification:_identify(LCD_web/portamail_ui/interface) by extensions ['ros']
[1.457s] Level 1:colcon.colcon_core.package_identification:_identify(LCD_web/portamail_ui/interface) by extension 'ros'
[1.457s] Level 1:colcon.colcon_core.package_identification:_identify(LCD_web/portamail_ui/interface) by extensions ['cmake', 'python']
[1.457s] Level 1:colcon.colcon_core.package_identification:_identify(LCD_web/portamail_ui/interface) by extension 'cmake'
[1.457s] Level 1:colcon.colcon_core.package_identification:_identify(LCD_web/portamail_ui/interface) by extension 'python'
[1.457s] Level 1:colcon.colcon_core.package_identification:_identify(LCD_web/portamail_ui/interface) by extensions ['python_setup_py']
[1.457s] Level 1:colcon.colcon_core.package_identification:_identify(LCD_web/portamail_ui/interface) by extension 'python_setup_py'
[1.458s] Level 1:colcon.colcon_core.package_identification:_identify(LCD_web/portamail_ui/interface/__pycache__) by extensions ['ignore', 'ignore_ament_install']
[1.458s] Level 1:colcon.colcon_core.package_identification:_identify(LCD_web/portamail_ui/interface/__pycache__) by extension 'ignore'
[1.458s] Level 1:colcon.colcon_core.package_identification:_identify(LCD_web/portamail_ui/interface/__pycache__) by extension 'ignore_ament_install'
[1.458s] Level 1:colcon.colcon_core.package_identification:_identify(LCD_web/portamail_ui/interface/__pycache__) by extensions ['colcon_pkg']
[1.458s] Level 1:colcon.colcon_core.package_identification:_identify(LCD_web/portamail_ui/interface/__pycache__) by extension 'colcon_pkg'
[1.458s] Level 1:colcon.colcon_core.package_identification:_identify(LCD_web/portamail_ui/interface/__pycache__) by extensions ['colcon_meta']
[1.458s] Level 1:colcon.colcon_core.package_identification:_identify(LCD_web/portamail_ui/interface/__pycache__) by extension 'colcon_meta'
[1.458s] Level 1:colcon.colcon_core.package_identification:_identify(LCD_web/portamail_ui/interface/__pycache__) by extensions ['ros']
[1.458s] Level 1:colcon.colcon_core.package_identification:_identify(LCD_web/portamail_ui/interface/__pycache__) by extension 'ros'
[1.458s] Level 1:colcon.colcon_core.package_identification:_identify(LCD_web/portamail_ui/interface/__pycache__) by extensions ['cmake', 'python']
[1.458s] Level 1:colcon.colcon_core.package_identification:_identify(LCD_web/portamail_ui/interface/__pycache__) by extension 'cmake'
[1.458s] Level 1:colcon.colcon_core.package_identification:_identify(LCD_web/portamail_ui/interface/__pycache__) by extension 'python'
[1.458s] Level 1:colcon.colcon_core.package_identification:_identify(LCD_web/portamail_ui/interface/__pycache__) by extensions ['python_setup_py']
[1.458s] Level 1:colcon.colcon_core.package_identification:_identify(LCD_web/portamail_ui/interface/__pycache__) by extension 'python_setup_py'
[1.458s] Level 1:colcon.colcon_core.package_identification:_identify(LCD_web/portamail_ui/logs) by extensions ['ignore', 'ignore_ament_install']
[1.458s] Level 1:colcon.colcon_core.package_identification:_identify(LCD_web/portamail_ui/logs) by extension 'ignore'
[1.459s] Level 1:colcon.colcon_core.package_identification:_identify(LCD_web/portamail_ui/logs) by extension 'ignore_ament_install'
[1.459s] Level 1:colcon.colcon_core.package_identification:_identify(LCD_web/portamail_ui/logs) by extensions ['colcon_pkg']
[1.459s] Level 1:colcon.colcon_core.package_identification:_identify(LCD_web/portamail_ui/logs) by extension 'colcon_pkg'
[1.459s] Level 1:colcon.colcon_core.package_identification:_identify(LCD_web/portamail_ui/logs) by extensions ['colcon_meta']
[1.459s] Level 1:colcon.colcon_core.package_identification:_identify(LCD_web/portamail_ui/logs) by extension 'colcon_meta'
[1.459s] Level 1:colcon.colcon_core.package_identification:_identify(LCD_web/portamail_ui/logs) by extensions ['ros']
[1.459s] Level 1:colcon.colcon_core.package_identification:_identify(LCD_web/portamail_ui/logs) by extension 'ros'
[1.459s] Level 1:colcon.colcon_core.package_identification:_identify(LCD_web/portamail_ui/logs) by extensions ['cmake', 'python']
[1.459s] Level 1:colcon.colcon_core.package_identification:_identify(LCD_web/portamail_ui/logs) by extension 'cmake'
[1.459s] Level 1:colcon.colcon_core.package_identification:_identify(LCD_web/portamail_ui/logs) by extension 'python'
[1.459s] Level 1:colcon.colcon_core.package_identification:_identify(LCD_web/portamail_ui/logs) by extensions ['python_setup_py']
[1.459s] Level 1:colcon.colcon_core.package_identification:_identify(LCD_web/portamail_ui/logs) by extension 'python_setup_py'
[1.459s] Level 1:colcon.colcon_core.package_identification:_identify(LCD_web/portamail_ui/state) by extensions ['ignore', 'ignore_ament_install']
[1.459s] Level 1:colcon.colcon_core.package_identification:_identify(LCD_web/portamail_ui/state) by extension 'ignore'
[1.459s] Level 1:colcon.colcon_core.package_identification:_identify(LCD_web/portamail_ui/state) by extension 'ignore_ament_install'
[1.459s] Level 1:colcon.colcon_core.package_identification:_identify(LCD_web/portamail_ui/state) by extensions ['colcon_pkg']
[1.459s] Level 1:colcon.colcon_core.package_identification:_identify(LCD_web/portamail_ui/state) by extension 'colcon_pkg'
[1.460s] Level 1:colcon.colcon_core.package_identification:_identify(LCD_web/portamail_ui/state) by extensions ['colcon_meta']
[1.460s] Level 1:colcon.colcon_core.package_identification:_identify(LCD_web/portamail_ui/state) by extension 'colcon_meta'
[1.460s] Level 1:colcon.colcon_core.package_identification:_identify(LCD_web/portamail_ui/state) by extensions ['ros']
[1.460s] Level 1:colcon.colcon_core.package_identification:_identify(LCD_web/portamail_ui/state) by extension 'ros'
[1.460s] Level 1:colcon.colcon_core.package_identification:_identify(LCD_web/portamail_ui/state) by extensions ['cmake', 'python']
[1.460s] Level 1:colcon.colcon_core.package_identification:_identify(LCD_web/portamail_ui/state) by extension 'cmake'
[1.460s] Level 1:colcon.colcon_core.package_identification:_identify(LCD_web/portamail_ui/state) by extension 'python'
[1.460s] Level 1:colcon.colcon_core.package_identification:_identify(LCD_web/portamail_ui/state) by extensions ['python_setup_py']
[1.460s] Level 1:colcon.colcon_core.package_identification:_identify(LCD_web/portamail_ui/state) by extension 'python_setup_py'
[1.460s] Level 1:colcon.colcon_core.package_identification:_identify(LCD_web/portamail_ui/state/__pycache__) by extensions ['ignore', 'ignore_ament_install']
[1.460s] Level 1:colcon.colcon_core.package_identification:_identify(LCD_web/portamail_ui/state/__pycache__) by extension 'ignore'
[1.460s] Level 1:colcon.colcon_core.package_identification:_identify(LCD_web/portamail_ui/state/__pycache__) by extension 'ignore_ament_install'
[1.460s] Level 1:colcon.colcon_core.package_identification:_identify(LCD_web/portamail_ui/state/__pycache__) by extensions ['colcon_pkg']
[1.460s] Level 1:colcon.colcon_core.package_identification:_identify(LCD_web/portamail_ui/state/__pycache__) by extension 'colcon_pkg'
[1.460s] Level 1:colcon.colcon_core.package_identification:_identify(LCD_web/portamail_ui/state/__pycache__) by extensions ['colcon_meta']
[1.460s] Level 1:colcon.colcon_core.package_identification:_identify(LCD_web/portamail_ui/state/__pycache__) by extension 'colcon_meta'
[1.460s] Level 1:colcon.colcon_core.package_identification:_identify(LCD_web/portamail_ui/state/__pycache__) by extensions ['ros']
[1.460s] Level 1:colcon.colcon_core.package_identification:_identify(LCD_web/portamail_ui/state/__pycache__) by extension 'ros'
[1.461s] Level 1:colcon.colcon_core.package_identification:_identify(LCD_web/portamail_ui/state/__pycache__) by extensions ['cmake', 'python']
[1.461s] Level 1:colcon.colcon_core.package_identification:_identify(LCD_web/portamail_ui/state/__pycache__) by extension 'cmake'
[1.461s] Level 1:colcon.colcon_core.package_identification:_identify(LCD_web/portamail_ui/state/__pycache__) by extension 'python'
[1.461s] Level 1:colcon.colcon_core.package_identification:_identify(LCD_web/portamail_ui/state/__pycache__) by extensions ['python_setup_py']
[1.461s] Level 1:colcon.colcon_core.package_identification:_identify(LCD_web/portamail_ui/state/__pycache__) by extension 'python_setup_py'
[1.461s] Level 1:colcon.colcon_core.package_identification:_identify(LCD_web/portamail_ui/static) by extensions ['ignore', 'ignore_ament_install']
[1.461s] Level 1:colcon.colcon_core.package_identification:_identify(LCD_web/portamail_ui/static) by extension 'ignore'
[1.461s] Level 1:colcon.colcon_core.package_identification:_identify(LCD_web/portamail_ui/static) by extension 'ignore_ament_install'
[1.461s] Level 1:colcon.colcon_core.package_identification:_identify(LCD_web/portamail_ui/static) by extensions ['colcon_pkg']
[1.461s] Level 1:colcon.colcon_core.package_identification:_identify(LCD_web/portamail_ui/static) by extension 'colcon_pkg'
[1.461s] Level 1:colcon.colcon_core.package_identification:_identify(LCD_web/portamail_ui/static) by extensions ['colcon_meta']
[1.461s] Level 1:colcon.colcon_core.package_identification:_identify(LCD_web/portamail_ui/static) by extension 'colcon_meta'
[1.461s] Level 1:colcon.colcon_core.package_identification:_identify(LCD_web/portamail_ui/static) by extensions ['ros']
[1.461s] Level 1:colcon.colcon_core.package_identification:_identify(LCD_web/portamail_ui/static) by extension 'ros'
[1.462s] Level 1:colcon.colcon_core.package_identification:_identify(LCD_web/portamail_ui/static) by extensions ['cmake', 'python']
[1.462s] Level 1:colcon.colcon_core.package_identification:_identify(LCD_web/portamail_ui/static) by extension 'cmake'
[1.462s] Level 1:colcon.colcon_core.package_identification:_identify(LCD_web/portamail_ui/static) by extension 'python'
[1.462s] Level 1:colcon.colcon_core.package_identification:_identify(LCD_web/portamail_ui/static) by extensions ['python_setup_py']
[1.462s] Level 1:colcon.colcon_core.package_identification:_identify(LCD_web/portamail_ui/static) by extension 'python_setup_py'
[1.462s] Level 1:colcon.colcon_core.package_identification:_identify(LCD_web/portamail_ui/static/vendor) by extensions ['ignore', 'ignore_ament_install']
[1.462s] Level 1:colcon.colcon_core.package_identification:_identify(LCD_web/portamail_ui/static/vendor) by extension 'ignore'
[1.462s] Level 1:colcon.colcon_core.package_identification:_identify(LCD_web/portamail_ui/static/vendor) by extension 'ignore_ament_install'
[1.462s] Level 1:colcon.colcon_core.package_identification:_identify(LCD_web/portamail_ui/static/vendor) by extensions ['colcon_pkg']
[1.462s] Level 1:colcon.colcon_core.package_identification:_identify(LCD_web/portamail_ui/static/vendor) by extension 'colcon_pkg'
[1.462s] Level 1:colcon.colcon_core.package_identification:_identify(LCD_web/portamail_ui/static/vendor) by extensions ['colcon_meta']
[1.462s] Level 1:colcon.colcon_core.package_identification:_identify(LCD_web/portamail_ui/static/vendor) by extension 'colcon_meta'
[1.462s] Level 1:colcon.colcon_core.package_identification:_identify(LCD_web/portamail_ui/static/vendor) by extensions ['ros']
[1.462s] Level 1:colcon.colcon_core.package_identification:_identify(LCD_web/portamail_ui/static/vendor) by extension 'ros'
[1.462s] Level 1:colcon.colcon_core.package_identification:_identify(LCD_web/portamail_ui/static/vendor) by extensions ['cmake', 'python']
[1.462s] Level 1:colcon.colcon_core.package_identification:_identify(LCD_web/portamail_ui/static/vendor) by extension 'cmake'
[1.463s] Level 1:colcon.colcon_core.package_identification:_identify(LCD_web/portamail_ui/static/vendor) by extension 'python'
[1.463s] Level 1:colcon.colcon_core.package_identification:_identify(LCD_web/portamail_ui/static/vendor) by extensions ['python_setup_py']
[1.463s] Level 1:colcon.colcon_core.package_identification:_identify(LCD_web/portamail_ui/static/vendor) by extension 'python_setup_py'
[1.463s] Level 1:colcon.colcon_core.package_identification:_identify(LCD_web/portamail_ui/templates) by extensions ['ignore', 'ignore_ament_install']
[1.463s] Level 1:colcon.colcon_core.package_identification:_identify(LCD_web/portamail_ui/templates) by extension 'ignore'
[1.463s] Level 1:colcon.colcon_core.package_identification:_identify(LCD_web/portamail_ui/templates) by extension 'ignore_ament_install'
[1.463s] Level 1:colcon.colcon_core.package_identification:_identify(LCD_web/portamail_ui/templates) by extensions ['colcon_pkg']
[1.463s] Level 1:colcon.colcon_core.package_identification:_identify(LCD_web/portamail_ui/templates) by extension 'colcon_pkg'
[1.463s] Level 1:colcon.colcon_core.package_identification:_identify(LCD_web/portamail_ui/templates) by extensions ['colcon_meta']
[1.463s] Level 1:colcon.colcon_core.package_identification:_identify(LCD_web/portamail_ui/templates) by extension 'colcon_meta'
[1.463s] Level 1:colcon.colcon_core.package_identification:_identify(LCD_web/portamail_ui/templates) by extensions ['ros']
[1.463s] Level 1:colcon.colcon_core.package_identification:_identify(LCD_web/portamail_ui/templates) by extension 'ros'
[1.463s] Level 1:colcon.colcon_core.package_identification:_identify(LCD_web/portamail_ui/templates) by extensions ['cmake', 'python']
[1.463s] Level 1:colcon.colcon_core.package_identification:_identify(LCD_web/portamail_ui/templates) by extension 'cmake'
[1.463s] Level 1:colcon.colcon_core.package_identification:_identify(LCD_web/portamail_ui/templates) by extension 'python'
[1.463s] Level 1:colcon.colcon_core.package_identification:_identify(LCD_web/portamail_ui/templates) by extensions ['python_setup_py']
[1.463s] Level 1:colcon.colcon_core.package_identification:_identify(LCD_web/portamail_ui/templates) by extension 'python_setup_py'
[1.464s] Level 1:colcon.colcon_core.package_identification:_identify(LCD_web/portamail_ui/templates/partials) by extensions ['ignore', 'ignore_ament_install']
[1.464s] Level 1:colcon.colcon_core.package_identification:_identify(LCD_web/portamail_ui/templates/partials) by extension 'ignore'
[1.464s] Level 1:colcon.colcon_core.package_identification:_identify(LCD_web/portamail_ui/templates/partials) by extension 'ignore_ament_install'
[1.464s] Level 1:colcon.colcon_core.package_identification:_identify(LCD_web/portamail_ui/templates/partials) by extensions ['colcon_pkg']
[1.464s] Level 1:colcon.colcon_core.package_identification:_identify(LCD_web/portamail_ui/templates/partials) by extension 'colcon_pkg'
[1.464s] Level 1:colcon.colcon_core.package_identification:_identify(LCD_web/portamail_ui/templates/partials) by extensions ['colcon_meta']
[1.464s] Level 1:colcon.colcon_core.package_identification:_identify(LCD_web/portamail_ui/templates/partials) by extension 'colcon_meta'
[1.464s] Level 1:colcon.colcon_core.package_identification:_identify(LCD_web/portamail_ui/templates/partials) by extensions ['ros']
[1.464s] Level 1:colcon.colcon_core.package_identification:_identify(LCD_web/portamail_ui/templates/partials) by extension 'ros'
[1.464s] Level 1:colcon.colcon_core.package_identification:_identify(LCD_web/portamail_ui/templates/partials) by extensions ['cmake', 'python']
[1.464s] Level 1:colcon.colcon_core.package_identification:_identify(LCD_web/portamail_ui/templates/partials) by extension 'cmake'
[1.464s] Level 1:colcon.colcon_core.package_identification:_identify(LCD_web/portamail_ui/templates/partials) by extension 'python'
[1.464s] Level 1:colcon.colcon_core.package_identification:_identify(LCD_web/portamail_ui/templates/partials) by extensions ['python_setup_py']
[1.464s] Level 1:colcon.colcon_core.package_identification:_identify(LCD_web/portamail_ui/templates/partials) by extension 'python_setup_py'
[1.464s] Level 1:colcon.colcon_core.package_identification:_identify(LCD_web/portamail_ui/tests) by extensions ['ignore', 'ignore_ament_install']
[1.464s] Level 1:colcon.colcon_core.package_identification:_identify(LCD_web/portamail_ui/tests) by extension 'ignore'
[1.465s] Level 1:colcon.colcon_core.package_identification:_identify(LCD_web/portamail_ui/tests) by extension 'ignore_ament_install'
[1.465s] Level 1:colcon.colcon_core.package_identification:_identify(LCD_web/portamail_ui/tests) by extensions ['colcon_pkg']
[1.465s] Level 1:colcon.colcon_core.package_identification:_identify(LCD_web/portamail_ui/tests) by extension 'colcon_pkg'
[1.465s] Level 1:colcon.colcon_core.package_identification:_identify(LCD_web/portamail_ui/tests) by extensions ['colcon_meta']
[1.465s] Level 1:colcon.colcon_core.package_identification:_identify(LCD_web/portamail_ui/tests) by extension 'colcon_meta'
[1.465s] Level 1:colcon.colcon_core.package_identification:_identify(LCD_web/portamail_ui/tests) by extensions ['ros']
[1.465s] Level 1:colcon.colcon_core.package_identification:_identify(LCD_web/portamail_ui/tests) by extension 'ros'
[1.465s] Level 1:colcon.colcon_core.package_identification:_identify(LCD_web/portamail_ui/tests) by extensions ['cmake', 'python']
[1.465s] Level 1:colcon.colcon_core.package_identification:_identify(LCD_web/portamail_ui/tests) by extension 'cmake'
[1.465s] Level 1:colcon.colcon_core.package_identification:_identify(LCD_web/portamail_ui/tests) by extension 'python'
[1.465s] Level 1:colcon.colcon_core.package_identification:_identify(LCD_web/portamail_ui/tests) by extensions ['python_setup_py']
[1.465s] Level 1:colcon.colcon_core.package_identification:_identify(LCD_web/portamail_ui/tests) by extension 'python_setup_py'
[1.465s] Level 1:colcon.colcon_core.package_identification:_identify(LCD_web/portamail_ui/tools) by extensions ['ignore', 'ignore_ament_install']
[1.465s] Level 1:colcon.colcon_core.package_identification:_identify(LCD_web/portamail_ui/tools) by extension 'ignore'
[1.465s] Level 1:colcon.colcon_core.package_identification:_identify(LCD_web/portamail_ui/tools) by extension 'ignore_ament_install'
[1.465s] Level 1:colcon.colcon_core.package_identification:_identify(LCD_web/portamail_ui/tools) by extensions ['colcon_pkg']
[1.465s] Level 1:colcon.colcon_core.package_identification:_identify(LCD_web/portamail_ui/tools) by extension 'colcon_pkg'
[1.465s] Level 1:colcon.colcon_core.package_identification:_identify(LCD_web/portamail_ui/tools) by extensions ['colcon_meta']
[1.466s] Level 1:colcon.colcon_core.package_identification:_identify(LCD_web/portamail_ui/tools) by extension 'colcon_meta'
[1.466s] Level 1:colcon.colcon_core.package_identification:_identify(LCD_web/portamail_ui/tools) by extensions ['ros']
[1.466s] Level 1:colcon.colcon_core.package_identification:_identify(LCD_web/portamail_ui/tools) by extension 'ros'
[1.466s] Level 1:colcon.colcon_core.package_identification:_identify(LCD_web/portamail_ui/tools) by extensions ['cmake', 'python']
[1.466s] Level 1:colcon.colcon_core.package_identification:_identify(LCD_web/portamail_ui/tools) by extension 'cmake'
[1.466s] Level 1:colcon.colcon_core.package_identification:_identify(LCD_web/portamail_ui/tools) by extension 'python'
[1.466s] Level 1:colcon.colcon_core.package_identification:_identify(LCD_web/portamail_ui/tools) by extensions ['python_setup_py']
[1.466s] Level 1:colcon.colcon_core.package_identification:_identify(LCD_web/portamail_ui/tools) by extension 'python_setup_py'
[1.466s] Level 1:colcon.colcon_core.package_identification:_identify(LCD_web/portamail_ui/transport) by extensions ['ignore', 'ignore_ament_install']
[1.466s] Level 1:colcon.colcon_core.package_identification:_identify(LCD_web/portamail_ui/transport) by extension 'ignore'
[1.466s] Level 1:colcon.colcon_core.package_identification:_identify(LCD_web/portamail_ui/transport) by extension 'ignore_ament_install'
[1.466s] Level 1:colcon.colcon_core.package_identification:_identify(LCD_web/portamail_ui/transport) by extensions ['colcon_pkg']
[1.466s] Level 1:colcon.colcon_core.package_identification:_identify(LCD_web/portamail_ui/transport) by extension 'colcon_pkg'
[1.466s] Level 1:colcon.colcon_core.package_identification:_identify(LCD_web/portamail_ui/transport) by extensions ['colcon_meta']
[1.466s] Level 1:colcon.colcon_core.package_identification:_identify(LCD_web/portamail_ui/transport) by extension 'colcon_meta'
[1.466s] Level 1:colcon.colcon_core.package_identification:_identify(LCD_web/portamail_ui/transport) by extensions ['ros']
[1.466s] Level 1:colcon.colcon_core.package_identification:_identify(LCD_web/portamail_ui/transport) by extension 'ros'
[1.467s] Level 1:colcon.colcon_core.package_identification:_identify(LCD_web/portamail_ui/transport) by extensions ['cmake', 'python']
[1.467s] Level 1:colcon.colcon_core.package_identification:_identify(LCD_web/portamail_ui/transport) by extension 'cmake'
[1.467s] Level 1:colcon.colcon_core.package_identification:_identify(LCD_web/portamail_ui/transport) by extension 'python'
[1.467s] Level 1:colcon.colcon_core.package_identification:_identify(LCD_web/portamail_ui/transport) by extensions ['python_setup_py']
[1.467s] Level 1:colcon.colcon_core.package_identification:_identify(LCD_web/portamail_ui/transport) by extension 'python_setup_py'
[1.467s] Level 1:colcon.colcon_core.package_identification:_identify(LCD_web/portamail_ui/transport/__pycache__) by extensions ['ignore', 'ignore_ament_install']
[1.467s] Level 1:colcon.colcon_core.package_identification:_identify(LCD_web/portamail_ui/transport/__pycache__) by extension 'ignore'
[1.467s] Level 1:colcon.colcon_core.package_identification:_identify(LCD_web/portamail_ui/transport/__pycache__) by extension 'ignore_ament_install'
[1.467s] Level 1:colcon.colcon_core.package_identification:_identify(LCD_web/portamail_ui/transport/__pycache__) by extensions ['colcon_pkg']
[1.467s] Level 1:colcon.colcon_core.package_identification:_identify(LCD_web/portamail_ui/transport/__pycache__) by extension 'colcon_pkg'
[1.467s] Level 1:colcon.colcon_core.package_identification:_identify(LCD_web/portamail_ui/transport/__pycache__) by extensions ['colcon_meta']
[1.467s] Level 1:colcon.colcon_core.package_identification:_identify(LCD_web/portamail_ui/transport/__pycache__) by extension 'colcon_meta'
[1.467s] Level 1:colcon.colcon_core.package_identification:_identify(LCD_web/portamail_ui/transport/__pycache__) by extensions ['ros']
[1.467s] Level 1:colcon.colcon_core.package_identification:_identify(LCD_web/portamail_ui/transport/__pycache__) by extension 'ros'
[1.467s] Level 1:colcon.colcon_core.package_identification:_identify(LCD_web/portamail_ui/transport/__pycache__) by extensions ['cmake', 'python']
[1.467s] Level 1:colcon.colcon_core.package_identification:_identify(LCD_web/portamail_ui/transport/__pycache__) by extension 'cmake'
[1.467s] Level 1:colcon.colcon_core.package_identification:_identify(LCD_web/portamail_ui/transport/__pycache__) by extension 'python'
[1.467s] Level 1:colcon.colcon_core.package_identification:_identify(LCD_web/portamail_ui/transport/__pycache__) by extensions ['python_setup_py']
[1.467s] Level 1:colcon.colcon_core.package_identification:_identify(LCD_web/portamail_ui/transport/__pycache__) by extension 'python_setup_py'
[1.468s] Level 1:colcon.colcon_core.package_identification:_identify(LCD_web/portamail_ui/venv) by extensions ['ignore', 'ignore_ament_install']
[1.468s] Level 1:colcon.colcon_core.package_identification:_identify(LCD_web/portamail_ui/venv) by extension 'ignore'
[1.468s] Level 1:colcon.colcon_core.package_identification:_identify(LCD_web/portamail_ui/venv) by extension 'ignore_ament_install'
[1.468s] Level 1:colcon.colcon_core.package_identification:_identify(LCD_web/portamail_ui/venv) by extensions ['colcon_pkg']
[1.468s] Level 1:colcon.colcon_core.package_identification:_identify(LCD_web/portamail_ui/venv) by extension 'colcon_pkg'
[1.468s] Level 1:colcon.colcon_core.package_identification:_identify(LCD_web/portamail_ui/venv) by extensions ['colcon_meta']
[1.468s] Level 1:colcon.colcon_core.package_identification:_identify(LCD_web/portamail_ui/venv) by extension 'colcon_meta'
[1.468s] Level 1:colcon.colcon_core.package_identification:_identify(LCD_web/portamail_ui/venv) by extensions ['ros']
[1.468s] Level 1:colcon.colcon_core.package_identification:_identify(LCD_web/portamail_ui/venv) by extension 'ros'
[1.468s] Level 1:colcon.colcon_core.package_identification:_identify(LCD_web/portamail_ui/venv) by extensions ['cmake', 'python']
[1.468s] Level 1:colcon.colcon_core.package_identification:_identify(LCD_web/portamail_ui/venv) by extension 'cmake'
[1.468s] Level 1:colcon.colcon_core.package_identification:_identify(LCD_web/portamail_ui/venv) by extension 'python'
[1.468s] Level 1:colcon.colcon_core.package_identification:_identify(LCD_web/portamail_ui/venv) by extensions ['python_setup_py']
[1.468s] Level 1:colcon.colcon_core.package_identification:_identify(LCD_web/portamail_ui/venv) by extension 'python_setup_py'
[1.469s] Level 1:colcon.colcon_core.package_identification:_identify(LCD_web/portamail_ui/venv/bin) by extensions ['ignore', 'ignore_ament_install']
[1.469s] Level 1:colcon.colcon_core.package_identification:_identify(LCD_web/portamail_ui/venv/bin) by extension 'ignore'
[1.469s] Level 1:colcon.colcon_core.package_identification:_identify(LCD_web/portamail_ui/venv/bin) by extension 'ignore_ament_install'
[1.469s] Level 1:colcon.colcon_core.package_identification:_identify(LCD_web/portamail_ui/venv/bin) by extensions ['colcon_pkg']
[1.469s] Level 1:colcon.colcon_core.package_identification:_identify(LCD_web/portamail_ui/venv/bin) by extension 'colcon_pkg'
[1.469s] Level 1:colcon.colcon_core.package_identification:_identify(LCD_web/portamail_ui/venv/bin) by extensions ['colcon_meta']
[1.469s] Level 1:colcon.colcon_core.package_identification:_identify(LCD_web/portamail_ui/venv/bin) by extension 'colcon_meta'
[1.469s] Level 1:colcon.colcon_core.package_identification:_identify(LCD_web/portamail_ui/venv/bin) by extensions ['ros']
[1.469s] Level 1:colcon.colcon_core.package_identification:_identify(LCD_web/portamail_ui/venv/bin) by extension 'ros'
[1.469s] Level 1:colcon.colcon_core.package_identification:_identify(LCD_web/portamail_ui/venv/bin) by extensions ['cmake', 'python']
[1.469s] Level 1:colcon.colcon_core.package_identification:_identify(LCD_web/portamail_ui/venv/bin) by extension 'cmake'
[1.469s] Level 1:colcon.colcon_core.package_identification:_identify(LCD_web/portamail_ui/venv/bin) by extension 'python'
[1.469s] Level 1:colcon.colcon_core.package_identification:_identify(LCD_web/portamail_ui/venv/bin) by extensions ['python_setup_py']
[1.469s] Level 1:colcon.colcon_core.package_identification:_identify(LCD_web/portamail_ui/venv/bin) by extension 'python_setup_py'
[1.469s] Level 1:colcon.colcon_core.package_identification:_identify(LCD_web/portamail_ui/venv/include) by extensions ['ignore', 'ignore_ament_install']
[1.469s] Level 1:colcon.colcon_core.package_identification:_identify(LCD_web/portamail_ui/venv/include) by extension 'ignore'
[1.470s] Level 1:colcon.colcon_core.package_identification:_identify(LCD_web/portamail_ui/venv/include) by extension 'ignore_ament_install'
[1.470s] Level 1:colcon.colcon_core.package_identification:_identify(LCD_web/portamail_ui/venv/include) by extensions ['colcon_pkg']
[1.470s] Level 1:colcon.colcon_core.package_identification:_identify(LCD_web/portamail_ui/venv/include) by extension 'colcon_pkg'
[1.470s] Level 1:colcon.colcon_core.package_identification:_identify(LCD_web/portamail_ui/venv/include) by extensions ['colcon_meta']
[1.470s] Level 1:colcon.colcon_core.package_identification:_identify(LCD_web/portamail_ui/venv/include) by extension 'colcon_meta'
[1.470s] Level 1:colcon.colcon_core.package_identification:_identify(LCD_web/portamail_ui/venv/include) by extensions ['ros']
[1.470s] Level 1:colcon.colcon_core.package_identification:_identify(LCD_web/portamail_ui/venv/include) by extension 'ros'
[1.470s] Level 1:colcon.colcon_core.package_identification:_identify(LCD_web/portamail_ui/venv/include) by extensions ['cmake', 'python']
[1.470s] Level 1:colcon.colcon_core.package_identification:_identify(LCD_web/portamail_ui/venv/include) by extension 'cmake'
[1.470s] Level 1:colcon.colcon_core.package_identification:_identify(LCD_web/portamail_ui/venv/include) by extension 'python'
[1.470s] Level 1:colcon.colcon_core.package_identification:_identify(LCD_web/portamail_ui/venv/include) by extensions ['python_setup_py']
[1.470s] Level 1:colcon.colcon_core.package_identification:_identify(LCD_web/portamail_ui/venv/include) by extension 'python_setup_py'
[1.470s] Level 1:colcon.colcon_core.package_identification:_identify(LCD_web/portamail_ui/venv/include/python3.12) by extensions ['ignore', 'ignore_ament_install']
[1.470s] Level 1:colcon.colcon_core.package_identification:_identify(LCD_web/portamail_ui/venv/include/python3.12) by extension 'ignore'
[1.470s] Level 1:colcon.colcon_core.package_identification:_identify(LCD_web/portamail_ui/venv/include/python3.12) by extension 'ignore_ament_install'
[1.470s] Level 1:colcon.colcon_core.package_identification:_identify(LCD_web/portamail_ui/venv/include/python3.12) by extensions ['colcon_pkg']
[1.470s] Level 1:colcon.colcon_core.package_identification:_identify(LCD_web/portamail_ui/venv/include/python3.12) by extension 'colcon_pkg'
[1.470s] Level 1:colcon.colcon_core.package_identification:_identify(LCD_web/portamail_ui/venv/include/python3.12) by extensions ['colcon_meta']
[1.470s] Level 1:colcon.colcon_core.package_identification:_identify(LCD_web/portamail_ui/venv/include/python3.12) by extension 'colcon_meta'
[1.471s] Level 1:colcon.colcon_core.package_identification:_identify(LCD_web/portamail_ui/venv/include/python3.12) by extensions ['ros']
[1.471s] Level 1:colcon.colcon_core.package_identification:_identify(LCD_web/portamail_ui/venv/include/python3.12) by extension 'ros'
[1.471s] Level 1:colcon.colcon_core.package_identification:_identify(LCD_web/portamail_ui/venv/include/python3.12) by extensions ['cmake', 'python']
[1.471s] Level 1:colcon.colcon_core.package_identification:_identify(LCD_web/portamail_ui/venv/include/python3.12) by extension 'cmake'
[1.471s] Level 1:colcon.colcon_core.package_identification:_identify(LCD_web/portamail_ui/venv/include/python3.12) by extension 'python'
[1.471s] Level 1:colcon.colcon_core.package_identification:_identify(LCD_web/portamail_ui/venv/include/python3.12) by extensions ['python_setup_py']
[1.471s] Level 1:colcon.colcon_core.package_identification:_identify(LCD_web/portamail_ui/venv/include/python3.12) by extension 'python_setup_py'
[1.471s] Level 1:colcon.colcon_core.package_identification:_identify(LCD_web/portamail_ui/venv/include/site) by extensions ['ignore', 'ignore_ament_install']
[1.471s] Level 1:colcon.colcon_core.package_identification:_identify(LCD_web/portamail_ui/venv/include/site) by extension 'ignore'
[1.471s] Level 1:colcon.colcon_core.package_identification:_identify(LCD_web/portamail_ui/venv/include/site) by extension 'ignore_ament_install'
[1.471s] Level 1:colcon.colcon_core.package_identification:_identify(LCD_web/portamail_ui/venv/include/site) by extensions ['colcon_pkg']
[1.471s] Level 1:colcon.colcon_core.package_identification:_identify(LCD_web/portamail_ui/venv/include/site) by extension 'colcon_pkg'
[1.471s] Level 1:colcon.colcon_core.package_identification:_identify(LCD_web/portamail_ui/venv/include/site) by extensions ['colcon_meta']
[1.471s] Level 1:colcon.colcon_core.package_identification:_identify(LCD_web/portamail_ui/venv/include/site) by extension 'colcon_meta'
[1.471s] Level 1:colcon.colcon_core.package_identification:_identify(LCD_web/portamail_ui/venv/include/site) by extensions ['ros']
[1.471s] Level 1:colcon.colcon_core.package_identification:_identify(LCD_web/portamail_ui/venv/include/site) by extension 'ros'
[1.471s] Level 1:colcon.colcon_core.package_identification:_identify(LCD_web/portamail_ui/venv/include/site) by extensions ['cmake', 'python']
[1.472s] Level 1:colcon.colcon_core.package_identification:_identify(LCD_web/portamail_ui/venv/include/site) by extension 'cmake'
[1.472s] Level 1:colcon.colcon_core.package_identification:_identify(LCD_web/portamail_ui/venv/include/site) by extension 'python'
[1.472s] Level 1:colcon.colcon_core.package_identification:_identify(LCD_web/portamail_ui/venv/include/site) by extensions ['python_setup_py']
[1.472s] Level 1:colcon.colcon_core.package_identification:_identify(LCD_web/portamail_ui/venv/include/site) by extension 'python_setup_py'
[1.472s] Level 1:colcon.colcon_core.package_identification:_identify(LCD_web/portamail_ui/venv/include/site/python3.12) by extensions ['ignore', 'ignore_ament_install']
[1.472s] Level 1:colcon.colcon_core.package_identification:_identify(LCD_web/portamail_ui/venv/include/site/python3.12) by extension 'ignore'
[1.472s] Level 1:colcon.colcon_core.package_identification:_identify(LCD_web/portamail_ui/venv/include/site/python3.12) by extension 'ignore_ament_install'
[1.472s] Level 1:colcon.colcon_core.package_identification:_identify(LCD_web/portamail_ui/venv/include/site/python3.12) by extensions ['colcon_pkg']
[1.472s] Level 1:colcon.colcon_core.package_identification:_identify(LCD_web/portamail_ui/venv/include/site/python3.12) by extension 'colcon_pkg'
[1.472s] Level 1:colcon.colcon_core.package_identification:_identify(LCD_web/portamail_ui/venv/include/site/python3.12) by extensions ['colcon_meta']
[1.472s] Level 1:colcon.colcon_core.package_identification:_identify(LCD_web/portamail_ui/venv/include/site/python3.12) by extension 'colcon_meta'
[1.472s] Level 1:colcon.colcon_core.package_identification:_identify(LCD_web/portamail_ui/venv/include/site/python3.12) by extensions ['ros']
[1.472s] Level 1:colcon.colcon_core.package_identification:_identify(LCD_web/portamail_ui/venv/include/site/python3.12) by extension 'ros'
[1.472s] Level 1:colcon.colcon_core.package_identification:_identify(LCD_web/portamail_ui/venv/include/site/python3.12) by extensions ['cmake', 'python']
[1.472s] Level 1:colcon.colcon_core.package_identification:_identify(LCD_web/portamail_ui/venv/include/site/python3.12) by extension 'cmake'
[1.472s] Level 1:colcon.colcon_core.package_identification:_identify(LCD_web/portamail_ui/venv/include/site/python3.12) by extension 'python'
[1.472s] Level 1:colcon.colcon_core.package_identification:_identify(LCD_web/portamail_ui/venv/include/site/python3.12) by extensions ['python_setup_py']
[1.472s] Level 1:colcon.colcon_core.package_identification:_identify(LCD_web/portamail_ui/venv/include/site/python3.12) by extension 'python_setup_py'
[1.473s] Level 1:colcon.colcon_core.package_identification:_identify(LCD_web/portamail_ui/venv/include/site/python3.12/greenlet) by extensions ['ignore', 'ignore_ament_install']
[1.473s] Level 1:colcon.colcon_core.package_identification:_identify(LCD_web/portamail_ui/venv/include/site/python3.12/greenlet) by extension 'ignore'
[1.473s] Level 1:colcon.colcon_core.package_identification:_identify(LCD_web/portamail_ui/venv/include/site/python3.12/greenlet) by extension 'ignore_ament_install'
[1.473s] Level 1:colcon.colcon_core.package_identification:_identify(LCD_web/portamail_ui/venv/include/site/python3.12/greenlet) by extensions ['colcon_pkg']
[1.473s] Level 1:colcon.colcon_core.package_identification:_identify(LCD_web/portamail_ui/venv/include/site/python3.12/greenlet) by extension 'colcon_pkg'
[1.473s] Level 1:colcon.colcon_core.package_identification:_identify(LCD_web/portamail_ui/venv/include/site/python3.12/greenlet) by extensions ['colcon_meta']
[1.473s] Level 1:colcon.colcon_core.package_identification:_identify(LCD_web/portamail_ui/venv/include/site/python3.12/greenlet) by extension 'colcon_meta'
[1.473s] Level 1:colcon.colcon_core.package_identification:_identify(LCD_web/portamail_ui/venv/include/site/python3.12/greenlet) by extensions ['ros']
[1.473s] Level 1:colcon.colcon_core.package_identification:_identify(LCD_web/portamail_ui/venv/include/site/python3.12/greenlet) by extension 'ros'
[1.473s] Level 1:colcon.colcon_core.package_identification:_identify(LCD_web/portamail_ui/venv/include/site/python3.12/greenlet) by extensions ['cmake', 'python']
[1.473s] Level 1:colcon.colcon_core.package_identification:_identify(LCD_web/portamail_ui/venv/include/site/python3.12/greenlet) by extension 'cmake'
[1.473s] Level 1:colcon.colcon_core.package_identification:_identify(LCD_web/portamail_ui/venv/include/site/python3.12/greenlet) by extension 'python'
[1.473s] Level 1:colcon.colcon_core.package_identification:_identify(LCD_web/portamail_ui/venv/include/site/python3.12/greenlet) by extensions ['python_setup_py']
[1.473s] Level 1:colcon.colcon_core.package_identification:_identify(LCD_web/portamail_ui/venv/include/site/python3.12/greenlet) by extension 'python_setup_py'
[1.473s] Level 1:colcon.colcon_core.package_identification:_identify(LCD_web/portamail_ui/venv/lib) by extensions ['ignore', 'ignore_ament_install']
[1.474s] Level 1:colcon.colcon_core.package_identification:_identify(LCD_web/portamail_ui/venv/lib) by extension 'ignore'
[1.474s] Level 1:colcon.colcon_core.package_identification:_identify(LCD_web/portamail_ui/venv/lib) by extension 'ignore_ament_install'
[1.474s] Level 1:colcon.colcon_core.package_identification:_identify(LCD_web/portamail_ui/venv/lib) by extensions ['colcon_pkg']
[1.474s] Level 1:colcon.colcon_core.package_identification:_identify(LCD_web/portamail_ui/venv/lib) by extension 'colcon_pkg'
[1.474s] Level 1:colcon.colcon_core.package_identification:_identify(LCD_web/portamail_ui/venv/lib) by extensions ['colcon_meta']
[1.474s] Level 1:colcon.colcon_core.package_identification:_identify(LCD_web/portamail_ui/venv/lib) by extension 'colcon_meta'
[1.474s] Level 1:colcon.colcon_core.package_identification:_identify(LCD_web/portamail_ui/venv/lib) by extensions ['ros']
[1.474s] Level 1:colcon.colcon_core.package_identification:_identify(LCD_web/portamail_ui/venv/lib) by extension 'ros'
[1.474s] Level 1:colcon.colcon_core.package_identification:_identify(LCD_web/portamail_ui/venv/lib) by extensions ['cmake', 'python']
[1.474s] Level 1:colcon.colcon_core.package_identification:_identify(LCD_web/portamail_ui/venv/lib) by extension 'cmake'
[1.474s] Level 1:colcon.colcon_core.package_identification:_identify(LCD_web/portamail_ui/venv/lib) by extension 'python'
[1.474s] Level 1:colcon.colcon_core.package_identification:_identify(LCD_web/portamail_ui/venv/lib) by extensions ['python_setup_py']
[1.474s] Level 1:colcon.colcon_core.package_identification:_identify(LCD_web/portamail_ui/venv/lib) by extension 'python_setup_py'
[1.474s] Level 1:colcon.colcon_core.package_identification:_identify(LCD_web/portamail_ui/venv/lib/python3.12) by extensions ['ignore', 'ignore_ament_install']
[1.474s] Level 1:colcon.colcon_core.package_identification:_identify(LCD_web/portamail_ui/venv/lib/python3.12) by extension 'ignore'
[1.475s] Level 1:colcon.colcon_core.package_identification:_identify(LCD_web/portamail_ui/venv/lib/python3.12) by extension 'ignore_ament_install'
[1.475s] Level 1:colcon.colcon_core.package_identification:_identify(LCD_web/portamail_ui/venv/lib/python3.12) by extensions ['colcon_pkg']
[1.475s] Level 1:colcon.colcon_core.package_identification:_identify(LCD_web/portamail_ui/venv/lib/python3.12) by extension 'colcon_pkg'
[1.475s] Level 1:colcon.colcon_core.package_identification:_identify(LCD_web/portamail_ui/venv/lib/python3.12) by extensions ['colcon_meta']
[1.475s] Level 1:colcon.colcon_core.package_identification:_identify(LCD_web/portamail_ui/venv/lib/python3.12) by extension 'colcon_meta'
[1.475s] Level 1:colcon.colcon_core.package_identification:_identify(LCD_web/portamail_ui/venv/lib/python3.12) by extensions ['ros']
[1.475s] Level 1:colcon.colcon_core.package_identification:_identify(LCD_web/portamail_ui/venv/lib/python3.12) by extension 'ros'
[1.475s] Level 1:colcon.colcon_core.package_identification:_identify(LCD_web/portamail_ui/venv/lib/python3.12) by extensions ['cmake', 'python']
[1.475s] Level 1:colcon.colcon_core.package_identification:_identify(LCD_web/portamail_ui/venv/lib/python3.12) by extension 'cmake'
[1.475s] Level 1:colcon.colcon_core.package_identification:_identify(LCD_web/portamail_ui/venv/lib/python3.12) by extension 'python'
[1.475s] Level 1:colcon.colcon_core.package_identification:_identify(LCD_web/portamail_ui/venv/lib/python3.12) by extensions ['python_setup_py']
[1.475s] Level 1:colcon.colcon_core.package_identification:_identify(LCD_web/portamail_ui/venv/lib/python3.12) by extension 'python_setup_py'
[1.475s] Level 1:colcon.colcon_core.package_identification:_identify(LCD_web/portamail_ui/venv/lib/python3.12/site-packages) by extensions ['ignore', 'ignore_ament_install']
[1.476s] Level 1:colcon.colcon_core.package_identification:_identify(LCD_web/portamail_ui/venv/lib/python3.12/site-packages) by extension 'ignore'
[1.476s] Level 1:colcon.colcon_core.package_identification:_identify(LCD_web/portamail_ui/venv/lib/python3.12/site-packages) by extension 'ignore_ament_install'
[1.476s] Level 1:colcon.colcon_core.package_identification:_identify(LCD_web/portamail_ui/venv/lib/python3.12/site-packages) by extensions ['colcon_pkg']
[1.476s] Level 1:colcon.colcon_core.package_identification:_identify(LCD_web/portamail_ui/venv/lib/python3.12/site-packages) by extension 'colcon_pkg'
[1.476s] Level 1:colcon.colcon_core.package_identification:_identify(LCD_web/portamail_ui/venv/lib/python3.12/site-packages) by extensions ['colcon_meta']
[1.476s] Level 1:colcon.colcon_core.package_identification:_identify(LCD_web/portamail_ui/venv/lib/python3.12/site-packages) by extension 'colcon_meta'
[1.476s] Level 1:colcon.colcon_core.package_identification:_identify(LCD_web/portamail_ui/venv/lib/python3.12/site-packages) by extensions ['ros']
[1.476s] Level 1:colcon.colcon_core.package_identification:_identify(LCD_web/portamail_ui/venv/lib/python3.12/site-packages) by extension 'ros'
[1.476s] Level 1:colcon.colcon_core.package_identification:_identify(LCD_web/portamail_ui/venv/lib/python3.12/site-packages) by extensions ['cmake', 'python']
[1.476s] Level 1:colcon.colcon_core.package_identification:_identify(LCD_web/portamail_ui/venv/lib/python3.12/site-packages) by extension 'cmake'
[1.476s] Level 1:colcon.colcon_core.package_identification:_identify(LCD_web/portamail_ui/venv/lib/python3.12/site-packages) by extension 'python'
[1.476s] Level 1:colcon.colcon_core.package_identification:_identify(LCD_web/portamail_ui/venv/lib/python3.12/site-packages) by extensions ['python_setup_py']
[1.476s] Level 1:colcon.colcon_core.package_identification:_identify(LCD_web/portamail_ui/venv/lib/python3.12/site-packages) by extension 'python_setup_py'
[1.477s] Level 1:colcon.colcon_core.package_identification:_identify(LCD_web/portamail_ui/venv/lib/python3.12/site-packages/bidict) by extensions ['ignore', 'ignore_ament_install']
[1.477s] Level 1:colcon.colcon_core.package_identification:_identify(LCD_web/portamail_ui/venv/lib/python3.12/site-packages/bidict) by extension 'ignore'
[1.477s] Level 1:colcon.colcon_core.package_identification:_identify(LCD_web/portamail_ui/venv/lib/python3.12/site-packages/bidict) by extension 'ignore_ament_install'
[1.477s] Level 1:colcon.colcon_core.package_identification:_identify(LCD_web/portamail_ui/venv/lib/python3.12/site-packages/bidict) by extensions ['colcon_pkg']
[1.477s] Level 1:colcon.colcon_core.package_identification:_identify(LCD_web/portamail_ui/venv/lib/python3.12/site-packages/bidict) by extension 'colcon_pkg'
[1.477s] Level 1:colcon.colcon_core.package_identification:_identify(LCD_web/portamail_ui/venv/lib/python3.12/site-packages/bidict) by extensions ['colcon_meta']
[1.477s] Level 1:colcon.colcon_core.package_identification:_identify(LCD_web/portamail_ui/venv/lib/python3.12/site-packages/bidict) by extension 'colcon_meta'
[1.477s] Level 1:colcon.colcon_core.package_identification:_identify(LCD_web/portamail_ui/venv/lib/python3.12/site-packages/bidict) by extensions ['ros']
[1.477s] Level 1:colcon.colcon_core.package_identification:_identify(LCD_web/portamail_ui/venv/lib/python3.12/site-packages/bidict) by extension 'ros'
[1.477s] Level 1:colcon.colcon_core.package_identification:_identify(LCD_web/portamail_ui/venv/lib/python3.12/site-packages/bidict) by extensions ['cmake', 'python']
[1.477s] Level 1:colcon.colcon_core.package_identification:_identify(LCD_web/portamail_ui/venv/lib/python3.12/site-packages/bidict) by extension 'cmake'
[1.477s] Level 1:colcon.colcon_core.package_identification:_identify(LCD_web/portamail_ui/venv/lib/python3.12/site-packages/bidict) by extension 'python'
[1.477s] Level 1:colcon.colcon_core.package_identification:_identify(LCD_web/portamail_ui/venv/lib/python3.12/site-packages/bidict) by extensions ['python_setup_py']
[1.477s] Level 1:colcon.colcon_core.package_identification:_identify(LCD_web/portamail_ui/venv/lib/python3.12/site-packages/bidict) by extension 'python_setup_py'
[1.478s] Level 1:colcon.colcon_core.package_identification:_identify(LCD_web/portamail_ui/venv/lib/python3.12/site-packages/bidict/__pycache__) by extensions ['ignore', 'ignore_ament_install']
[1.478s] Level 1:colcon.colcon_core.package_identification:_identify(LCD_web/portamail_ui/venv/lib/python3.12/site-packages/bidict/__pycache__) by extension 'ignore'
[1.478s] Level 1:colcon.colcon_core.package_identification:_identify(LCD_web/portamail_ui/venv/lib/python3.12/site-packages/bidict/__pycache__) by extension 'ignore_ament_install'
[1.478s] Level 1:colcon.colcon_core.package_identification:_identify(LCD_web/portamail_ui/venv/lib/python3.12/site-packages/bidict/__pycache__) by extensions ['colcon_pkg']
[1.478s] Level 1:colcon.colcon_core.package_identification:_identify(LCD_web/portamail_ui/venv/lib/python3.12/site-packages/bidict/__pycache__) by extension 'colcon_pkg'
[1.478s] Level 1:colcon.colcon_core.package_identification:_identify(LCD_web/portamail_ui/venv/lib/python3.12/site-packages/bidict/__pycache__) by extensions ['colcon_meta']
[1.478s] Level 1:colcon.colcon_core.package_identification:_identify(LCD_web/portamail_ui/venv/lib/python3.12/site-packages/bidict/__pycache__) by extension 'colcon_meta'
[1.478s] Level 1:colcon.colcon_core.package_identification:_identify(LCD_web/portamail_ui/venv/lib/python3.12/site-packages/bidict/__pycache__) by extensions ['ros']
[1.478s] Level 1:colcon.colcon_core.package_identification:_identify(LCD_web/portamail_ui/venv/lib/python3.12/site-packages/bidict/__pycache__) by extension 'ros'
[1.478s] Level 1:colcon.colcon_core.package_identification:_identify(LCD_web/portamail_ui/venv/lib/python3.12/site-packages/bidict/__pycache__) by extensions ['cmake', 'python']
[1.478s] Level 1:colcon.colcon_core.package_identification:_identify(LCD_web/portamail_ui/venv/lib/python3.12/site-packages/bidict/__pycache__) by extension 'cmake'
[1.478s] Level 1:colcon.colcon_core.package_identification:_identify(LCD_web/portamail_ui/venv/lib/python3.12/site-packages/bidict/__pycache__) by extension 'python'
[1.478s] Level 1:colcon.colcon_core.package_identification:_identify(LCD_web/portamail_ui/venv/lib/python3.12/site-packages/bidict/__pycache__) by extensions ['python_setup_py']
[1.478s] Level 1:colcon.colcon_core.package_identification:_identify(LCD_web/portamail_ui/venv/lib/python3.12/site-packages/bidict/__pycache__) by extension 'python_setup_py'
[1.479s] Level 1:colcon.colcon_core.package_identification:_identify(LCD_web/portamail_ui/venv/lib/python3.12/site-packages/bidict-0.23.1.dist-info) by extensions ['ignore', 'ignore_ament_install']
[1.479s] Level 1:colcon.colcon_core.package_identification:_identify(LCD_web/portamail_ui/venv/lib/python3.12/site-packages/bidict-0.23.1.dist-info) by extension 'ignore'
[1.479s] Level 1:colcon.colcon_core.package_identification:_identify(LCD_web/portamail_ui/venv/lib/python3.12/site-packages/bidict-0.23.1.dist-info) by extension 'ignore_ament_install'
[1.479s] Level 1:colcon.colcon_core.package_identification:_identify(LCD_web/portamail_ui/venv/lib/python3.12/site-packages/bidict-0.23.1.dist-info) by extensions ['colcon_pkg']
[1.479s] Level 1:colcon.colcon_core.package_identification:_identify(LCD_web/portamail_ui/venv/lib/python3.12/site-packages/bidict-0.23.1.dist-info) by extension 'colcon_pkg'
[1.479s] Level 1:colcon.colcon_core.package_identification:_identify(LCD_web/portamail_ui/venv/lib/python3.12/site-packages/bidict-0.23.1.dist-info) by extensions ['colcon_meta']
[1.479s] Level 1:colcon.colcon_core.package_identification:_identify(LCD_web/portamail_ui/venv/lib/python3.12/site-packages/bidict-0.23.1.dist-info) by extension 'colcon_meta'
[1.479s] Level 1:colcon.colcon_core.package_identification:_identify(LCD_web/portamail_ui/venv/lib/python3.12/site-packages/bidict-0.23.1.dist-info) by extensions ['ros']
[1.479s] Level 1:colcon.colcon_core.package_identification:_identify(LCD_web/portamail_ui/venv/lib/python3.12/site-packages/bidict-0.23.1.dist-info) by extension 'ros'
[1.480s] Level 1:colcon.colcon_core.package_identification:_identify(LCD_web/portamail_ui/venv/lib/python3.12/site-packages/bidict-0.23.1.dist-info) by extensions ['cmake', 'python']
[1.480s] Level 1:colcon.colcon_core.package_identification:_identify(LCD_web/portamail_ui/venv/lib/python3.12/site-packages/bidict-0.23.1.dist-info) by extension 'cmake'
[1.480s] Level 1:colcon.colcon_core.package_identification:_identify(LCD_web/portamail_ui/venv/lib/python3.12/site-packages/bidict-0.23.1.dist-info) by extension 'python'
[1.480s] Level 1:colcon.colcon_core.package_identification:_identify(LCD_web/portamail_ui/venv/lib/python3.12/site-packages/bidict-0.23.1.dist-info) by extensions ['python_setup_py']
[1.480s] Level 1:colcon.colcon_core.package_identification:_identify(LCD_web/portamail_ui/venv/lib/python3.12/site-packages/bidict-0.23.1.dist-info) by extension 'python_setup_py'
[1.480s] Level 1:colcon.colcon_core.package_identification:_identify(LCD_web/portamail_ui/venv/lib/python3.12/site-packages/blinker) by extensions ['ignore', 'ignore_ament_install']
[1.480s] Level 1:colcon.colcon_core.package_identification:_identify(LCD_web/portamail_ui/venv/lib/python3.12/site-packages/blinker) by extension 'ignore'
[1.480s] Level 1:colcon.colcon_core.package_identification:_identify(LCD_web/portamail_ui/venv/lib/python3.12/site-packages/blinker) by extension 'ignore_ament_install'
[1.480s] Level 1:colcon.colcon_core.package_identification:_identify(LCD_web/portamail_ui/venv/lib/python3.12/site-packages/blinker) by extensions ['colcon_pkg']
[1.480s] Level 1:colcon.colcon_core.package_identification:_identify(LCD_web/portamail_ui/venv/lib/python3.12/site-packages/blinker) by extension 'colcon_pkg'
[1.480s] Level 1:colcon.colcon_core.package_identification:_identify(LCD_web/portamail_ui/venv/lib/python3.12/site-packages/blinker) by extensions ['colcon_meta']
[1.480s] Level 1:colcon.colcon_core.package_identification:_identify(LCD_web/portamail_ui/venv/lib/python3.12/site-packages/blinker) by extension 'colcon_meta'
[1.481s] Level 1:colcon.colcon_core.package_identification:_identify(LCD_web/portamail_ui/venv/lib/python3.12/site-packages/blinker) by extensions ['ros']
[1.481s] Level 1:colcon.colcon_core.package_identification:_identify(LCD_web/portamail_ui/venv/lib/python3.12/site-packages/blinker) by extension 'ros'
[1.481s] Level 1:colcon.colcon_core.package_identification:_identify(LCD_web/portamail_ui/venv/lib/python3.12/site-packages/blinker) by extensions ['cmake', 'python']
[1.481s] Level 1:colcon.colcon_core.package_identification:_identify(LCD_web/portamail_ui/venv/lib/python3.12/site-packages/blinker) by extension 'cmake'
[1.481s] Level 1:colcon.colcon_core.package_identification:_identify(LCD_web/portamail_ui/venv/lib/python3.12/site-packages/blinker) by extension 'python'
[1.481s] Level 1:colcon.colcon_core.package_identification:_identify(LCD_web/portamail_ui/venv/lib/python3.12/site-packages/blinker) by extensions ['python_setup_py']
[1.481s] Level 1:colcon.colcon_core.package_identification:_identify(LCD_web/portamail_ui/venv/lib/python3.12/site-packages/blinker) by extension 'python_setup_py'
[1.481s] Level 1:colcon.colcon_core.package_identification:_identify(LCD_web/portamail_ui/venv/lib/python3.12/site-packages/blinker/__pycache__) by extensions ['ignore', 'ignore_ament_install']
[1.481s] Level 1:colcon.colcon_core.package_identification:_identify(LCD_web/portamail_ui/venv/lib/python3.12/site-packages/blinker/__pycache__) by extension 'ignore'
[1.481s] Level 1:colcon.colcon_core.package_identification:_identify(LCD_web/portamail_ui/venv/lib/python3.12/site-packages/blinker/__pycache__) by extension 'ignore_ament_install'
[1.481s] Level 1:colcon.colcon_core.package_identification:_identify(LCD_web/portamail_ui/venv/lib/python3.12/site-packages/blinker/__pycache__) by extensions ['colcon_pkg']
[1.481s] Level 1:colcon.colcon_core.package_identification:_identify(LCD_web/portamail_ui/venv/lib/python3.12/site-packages/blinker/__pycache__) by extension 'colcon_pkg'
[1.481s] Level 1:colcon.colcon_core.package_identification:_identify(LCD_web/portamail_ui/venv/lib/python3.12/site-packages/blinker/__pycache__) by extensions ['colcon_meta']
[1.481s] Level 1:colcon.colcon_core.package_identification:_identify(LCD_web/portamail_ui/venv/lib/python3.12/site-packages/blinker/__pycache__) by extension 'colcon_meta'
[1.482s] Level 1:colcon.colcon_core.package_identification:_identify(LCD_web/portamail_ui/venv/lib/python3.12/site-packages/blinker/__pycache__) by extensions ['ros']
[1.482s] Level 1:colcon.colcon_core.package_identification:_identify(LCD_web/portamail_ui/venv/lib/python3.12/site-packages/blinker/__pycache__) by extension 'ros'
[1.482s] Level 1:colcon.colcon_core.package_identification:_identify(LCD_web/portamail_ui/venv/lib/python3.12/site-packages/blinker/__pycache__) by extensions ['cmake', 'python']
[1.482s] Level 1:colcon.colcon_core.package_identification:_identify(LCD_web/portamail_ui/venv/lib/python3.12/site-packages/blinker/__pycache__) by extension 'cmake'
[1.482s] Level 1:colcon.colcon_core.package_identification:_identify(LCD_web/portamail_ui/venv/lib/python3.12/site-packages/blinker/__pycache__) by extension 'python'
[1.482s] Level 1:colcon.colcon_core.package_identification:_identify(LCD_web/portamail_ui/venv/lib/python3.12/site-packages/blinker/__pycache__) by extensions ['python_setup_py']
[1.482s] Level 1:colcon.colcon_core.package_identification:_identify(LCD_web/portamail_ui/venv/lib/python3.12/site-packages/blinker/__pycache__) by extension 'python_setup_py'
[1.482s] Level 1:colcon.colcon_core.package_identification:_identify(LCD_web/portamail_ui/venv/lib/python3.12/site-packages/blinker-1.9.0.dist-info) by extensions ['ignore', 'ignore_ament_install']
[1.482s] Level 1:colcon.colcon_core.package_identification:_identify(LCD_web/portamail_ui/venv/lib/python3.12/site-packages/blinker-1.9.0.dist-info) by extension 'ignore'
[1.482s] Level 1:colcon.colcon_core.package_identification:_identify(LCD_web/portamail_ui/venv/lib/python3.12/site-packages/blinker-1.9.0.dist-info) by extension 'ignore_ament_install'
[1.482s] Level 1:colcon.colcon_core.package_identification:_identify(LCD_web/portamail_ui/venv/lib/python3.12/site-packages/blinker-1.9.0.dist-info) by extensions ['colcon_pkg']
[1.482s] Level 1:colcon.colcon_core.package_identification:_identify(LCD_web/portamail_ui/venv/lib/python3.12/site-packages/blinker-1.9.0.dist-info) by extension 'colcon_pkg'
[1.483s] Level 1:colcon.colcon_core.package_identification:_identify(LCD_web/portamail_ui/venv/lib/python3.12/site-packages/blinker-1.9.0.dist-info) by extensions ['colcon_meta']
[1.483s] Level 1:colcon.colcon_core.package_identification:_identify(LCD_web/portamail_ui/venv/lib/python3.12/site-packages/blinker-1.9.0.dist-info) by extension 'colcon_meta'
[1.483s] Level 1:colcon.colcon_core.package_identification:_identify(LCD_web/portamail_ui/venv/lib/python3.12/site-packages/blinker-1.9.0.dist-info) by extensions ['ros']
[1.483s] Level 1:colcon.colcon_core.package_identification:_identify(LCD_web/portamail_ui/venv/lib/python3.12/site-packages/blinker-1.9.0.dist-info) by extension 'ros'
[1.483s] Level 1:colcon.colcon_core.package_identification:_identify(LCD_web/portamail_ui/venv/lib/python3.12/site-packages/blinker-1.9.0.dist-info) by extensions ['cmake', 'python']
[1.483s] Level 1:colcon.colcon_core.package_identification:_identify(LCD_web/portamail_ui/venv/lib/python3.12/site-packages/blinker-1.9.0.dist-info) by extension 'cmake'
[1.483s] Level 1:colcon.colcon_core.package_identification:_identify(LCD_web/portamail_ui/venv/lib/python3.12/site-packages/blinker-1.9.0.dist-info) by extension 'python'
[1.483s] Level 1:colcon.colcon_core.package_identification:_identify(LCD_web/portamail_ui/venv/lib/python3.12/site-packages/blinker-1.9.0.dist-info) by extensions ['python_setup_py']
[1.483s] Level 1:colcon.colcon_core.package_identification:_identify(LCD_web/portamail_ui/venv/lib/python3.12/site-packages/blinker-1.9.0.dist-info) by extension 'python_setup_py'
[1.483s] Level 1:colcon.colcon_core.package_identification:_identify(LCD_web/portamail_ui/venv/lib/python3.12/site-packages/click) by extensions ['ignore', 'ignore_ament_install']
[1.483s] Level 1:colcon.colcon_core.package_identification:_identify(LCD_web/portamail_ui/venv/lib/python3.12/site-packages/click) by extension 'ignore'
[1.483s] Level 1:colcon.colcon_core.package_identification:_identify(LCD_web/portamail_ui/venv/lib/python3.12/site-packages/click) by extension 'ignore_ament_install'
[1.483s] Level 1:colcon.colcon_core.package_identification:_identify(LCD_web/portamail_ui/venv/lib/python3.12/site-packages/click) by extensions ['colcon_pkg']
[1.483s] Level 1:colcon.colcon_core.package_identification:_identify(LCD_web/portamail_ui/venv/lib/python3.12/site-packages/click) by extension 'colcon_pkg'
[1.483s] Level 1:colcon.colcon_core.package_identification:_identify(LCD_web/portamail_ui/venv/lib/python3.12/site-packages/click) by extensions ['colcon_meta']
[1.483s] Level 1:colcon.colcon_core.package_identification:_identify(LCD_web/portamail_ui/venv/lib/python3.12/site-packages/click) by extension 'colcon_meta'
[1.484s] Level 1:colcon.colcon_core.package_identification:_identify(LCD_web/portamail_ui/venv/lib/python3.12/site-packages/click) by extensions ['ros']
[1.484s] Level 1:colcon.colcon_core.package_identification:_identify(LCD_web/portamail_ui/venv/lib/python3.12/site-packages/click) by extension 'ros'
[1.484s] Level 1:colcon.colcon_core.package_identification:_identify(LCD_web/portamail_ui/venv/lib/python3.12/site-packages/click) by extensions ['cmake', 'python']
[1.484s] Level 1:colcon.colcon_core.package_identification:_identify(LCD_web/portamail_ui/venv/lib/python3.12/site-packages/click) by extension 'cmake'
[1.484s] Level 1:colcon.colcon_core.package_identification:_identify(LCD_web/portamail_ui/venv/lib/python3.12/site-packages/click) by extension 'python'
[1.484s] Level 1:colcon.colcon_core.package_identification:_identify(LCD_web/portamail_ui/venv/lib/python3.12/site-packages/click) by extensions ['python_setup_py']
[1.484s] Level 1:colcon.colcon_core.package_identification:_identify(LCD_web/portamail_ui/venv/lib/python3.12/site-packages/click) by extension 'python_setup_py'
[1.484s] Level 1:colcon.colcon_core.package_identification:_identify(LCD_web/portamail_ui/venv/lib/python3.12/site-packages/click/__pycache__) by extensions ['ignore', 'ignore_ament_install']
[1.484s] Level 1:colcon.colcon_core.package_identification:_identify(LCD_web/portamail_ui/venv/lib/python3.12/site-packages/click/__pycache__) by extension 'ignore'
[1.484s] Level 1:colcon.colcon_core.package_identification:_identify(LCD_web/portamail_ui/venv/lib/python3.12/site-packages/click/__pycache__) by extension 'ignore_ament_install'
[1.484s] Level 1:colcon.colcon_core.package_identification:_identify(LCD_web/portamail_ui/venv/lib/python3.12/site-packages/click/__pycache__) by extensions ['colcon_pkg']
[1.484s] Level 1:colcon.colcon_core.package_identification:_identify(LCD_web/portamail_ui/venv/lib/python3.12/site-packages/click/__pycache__) by extension 'colcon_pkg'
[1.484s] Level 1:colcon.colcon_core.package_identification:_identify(LCD_web/portamail_ui/venv/lib/python3.12/site-packages/click/__pycache__) by extensions ['colcon_meta']
[1.484s] Level 1:colcon.colcon_core.package_identification:_identify(LCD_web/portamail_ui/venv/lib/python3.12/site-packages/click/__pycache__) by extension 'colcon_meta'
[1.485s] Level 1:colcon.colcon_core.package_identification:_identify(LCD_web/portamail_ui/venv/lib/python3.12/site-packages/click/__pycache__) by extensions ['ros']
[1.485s] Level 1:colcon.colcon_core.package_identification:_identify(LCD_web/portamail_ui/venv/lib/python3.12/site-packages/click/__pycache__) by extension 'ros'
[1.485s] Level 1:colcon.colcon_core.package_identification:_identify(LCD_web/portamail_ui/venv/lib/python3.12/site-packages/click/__pycache__) by extensions ['cmake', 'python']
[1.485s] Level 1:colcon.colcon_core.package_identification:_identify(LCD_web/portamail_ui/venv/lib/python3.12/site-packages/click/__pycache__) by extension 'cmake'
[1.485s] Level 1:colcon.colcon_core.package_identification:_identify(LCD_web/portamail_ui/venv/lib/python3.12/site-packages/click/__pycache__) by extension 'python'
[1.485s] Level 1:colcon.colcon_core.package_identification:_identify(LCD_web/portamail_ui/venv/lib/python3.12/site-packages/click/__pycache__) by extensions ['python_setup_py']
[1.485s] Level 1:colcon.colcon_core.package_identification:_identify(LCD_web/portamail_ui/venv/lib/python3.12/site-packages/click/__pycache__) by extension 'python_setup_py'
[1.485s] Level 1:colcon.colcon_core.package_identification:_identify(LCD_web/portamail_ui/venv/lib/python3.12/site-packages/click-8.3.1.dist-info) by extensions ['ignore', 'ignore_ament_install']
[1.485s] Level 1:colcon.colcon_core.package_identification:_identify(LCD_web/portamail_ui/venv/lib/python3.12/site-packages/click-8.3.1.dist-info) by extension 'ignore'
[1.485s] Level 1:colcon.colcon_core.package_identification:_identify(LCD_web/portamail_ui/venv/lib/python3.12/site-packages/click-8.3.1.dist-info) by extension 'ignore_ament_install'
[1.485s] Level 1:colcon.colcon_core.package_identification:_identify(LCD_web/portamail_ui/venv/lib/python3.12/site-packages/click-8.3.1.dist-info) by extensions ['colcon_pkg']
[1.485s] Level 1:colcon.colcon_core.package_identification:_identify(LCD_web/portamail_ui/venv/lib/python3.12/site-packages/click-8.3.1.dist-info) by extension 'colcon_pkg'
[1.485s] Level 1:colcon.colcon_core.package_identification:_identify(LCD_web/portamail_ui/venv/lib/python3.12/site-packages/click-8.3.1.dist-info) by extensions ['colcon_meta']
[1.485s] Level 1:colcon.colcon_core.package_identification:_identify(LCD_web/portamail_ui/venv/lib/python3.12/site-packages/click-8.3.1.dist-info) by extension 'colcon_meta'
[1.485s] Level 1:colcon.colcon_core.package_identification:_identify(LCD_web/portamail_ui/venv/lib/python3.12/site-packages/click-8.3.1.dist-info) by extensions ['ros']
[1.485s] Level 1:colcon.colcon_core.package_identification:_identify(LCD_web/portamail_ui/venv/lib/python3.12/site-packages/click-8.3.1.dist-info) by extension 'ros'
[1.486s] Level 1:colcon.colcon_core.package_identification:_identify(LCD_web/portamail_ui/venv/lib/python3.12/site-packages/click-8.3.1.dist-info) by extensions ['cmake', 'python']
[1.486s] Level 1:colcon.colcon_core.package_identification:_identify(LCD_web/portamail_ui/venv/lib/python3.12/site-packages/click-8.3.1.dist-info) by extension 'cmake'
[1.486s] Level 1:colcon.colcon_core.package_identification:_identify(LCD_web/portamail_ui/venv/lib/python3.12/site-packages/click-8.3.1.dist-info) by extension 'python'
[1.486s] Level 1:colcon.colcon_core.package_identification:_identify(LCD_web/portamail_ui/venv/lib/python3.12/site-packages/click-8.3.1.dist-info) by extensions ['python_setup_py']
[1.486s] Level 1:colcon.colcon_core.package_identification:_identify(LCD_web/portamail_ui/venv/lib/python3.12/site-packages/click-8.3.1.dist-info) by extension 'python_setup_py'
[1.486s] Level 1:colcon.colcon_core.package_identification:_identify(LCD_web/portamail_ui/venv/lib/python3.12/site-packages/click-8.3.1.dist-info/licenses) by extensions ['ignore', 'ignore_ament_install']
[1.486s] Level 1:colcon.colcon_core.package_identification:_identify(LCD_web/portamail_ui/venv/lib/python3.12/site-packages/click-8.3.1.dist-info/licenses) by extension 'ignore'
[1.486s] Level 1:colcon.colcon_core.package_identification:_identify(LCD_web/portamail_ui/venv/lib/python3.12/site-packages/click-8.3.1.dist-info/licenses) by extension 'ignore_ament_install'
[1.486s] Level 1:colcon.colcon_core.package_identification:_identify(LCD_web/portamail_ui/venv/lib/python3.12/site-packages/click-8.3.1.dist-info/licenses) by extensions ['colcon_pkg']
[1.486s] Level 1:colcon.colcon_core.package_identification:_identify(LCD_web/portamail_ui/venv/lib/python3.12/site-packages/click-8.3.1.dist-info/licenses) by extension 'colcon_pkg'
[1.486s] Level 1:colcon.colcon_core.package_identification:_identify(LCD_web/portamail_ui/venv/lib/python3.12/site-packages/click-8.3.1.dist-info/licenses) by extensions ['colcon_meta']
[1.486s] Level 1:colcon.colcon_core.package_identification:_identify(LCD_web/portamail_ui/venv/lib/python3.12/site-packages/click-8.3.1.dist-info/licenses) by extension 'colcon_meta'
[1.486s] Level 1:colcon.colcon_core.package_identification:_identify(LCD_web/portamail_ui/venv/lib/python3.12/site-packages/click-8.3.1.dist-info/licenses) by extensions ['ros']
[1.486s] Level 1:colcon.colcon_core.package_identification:_identify(LCD_web/portamail_ui/venv/lib/python3.12/site-packages/click-8.3.1.dist-info/licenses) by extension 'ros'
[1.486s] Level 1:colcon.colcon_core.package_identification:_identify(LCD_web/portamail_ui/venv/lib/python3.12/site-packages/click-8.3.1.dist-info/licenses) by extensions ['cmake', 'python']
[1.486s] Level 1:colcon.colcon_core.package_identification:_identify(LCD_web/portamail_ui/venv/lib/python3.12/site-packages/click-8.3.1.dist-info/licenses) by extension 'cmake'
[1.486s] Level 1:colcon.colcon_core.package_identification:_identify(LCD_web/portamail_ui/venv/lib/python3.12/site-packages/click-8.3.1.dist-info/licenses) by extension 'python'
[1.486s] Level 1:colcon.colcon_core.package_identification:_identify(LCD_web/portamail_ui/venv/lib/python3.12/site-packages/click-8.3.1.dist-info/licenses) by extensions ['python_setup_py']
[1.486s] Level 1:colcon.colcon_core.package_identification:_identify(LCD_web/portamail_ui/venv/lib/python3.12/site-packages/click-8.3.1.dist-info/licenses) by extension 'python_setup_py'
[1.487s] Level 1:colcon.colcon_core.package_identification:_identify(LCD_web/portamail_ui/venv/lib/python3.12/site-packages/dns) by extensions ['ignore', 'ignore_ament_install']
[1.487s] Level 1:colcon.colcon_core.package_identification:_identify(LCD_web/portamail_ui/venv/lib/python3.12/site-packages/dns) by extension 'ignore'
[1.487s] Level 1:colcon.colcon_core.package_identification:_identify(LCD_web/portamail_ui/venv/lib/python3.12/site-packages/dns) by extension 'ignore_ament_install'
[1.487s] Level 1:colcon.colcon_core.package_identification:_identify(LCD_web/portamail_ui/venv/lib/python3.12/site-packages/dns) by extensions ['colcon_pkg']
[1.487s] Level 1:colcon.colcon_core.package_identification:_identify(LCD_web/portamail_ui/venv/lib/python3.12/site-packages/dns) by extension 'colcon_pkg'
[1.487s] Level 1:colcon.colcon_core.package_identification:_identify(LCD_web/portamail_ui/venv/lib/python3.12/site-packages/dns) by extensions ['colcon_meta']
[1.487s] Level 1:colcon.colcon_core.package_identification:_identify(LCD_web/portamail_ui/venv/lib/python3.12/site-packages/dns) by extension 'colcon_meta'
[1.487s] Level 1:colcon.colcon_core.package_identification:_identify(LCD_web/portamail_ui/venv/lib/python3.12/site-packages/dns) by extensions ['ros']
[1.487s] Level 1:colcon.colcon_core.package_identification:_identify(LCD_web/portamail_ui/venv/lib/python3.12/site-packages/dns) by extension 'ros'
[1.487s] Level 1:colcon.colcon_core.package_identification:_identify(LCD_web/portamail_ui/venv/lib/python3.12/site-packages/dns) by extensions ['cmake', 'python']
[1.487s] Level 1:colcon.colcon_core.package_identification:_identify(LCD_web/portamail_ui/venv/lib/python3.12/site-packages/dns) by extension 'cmake'
[1.487s] Level 1:colcon.colcon_core.package_identification:_identify(LCD_web/portamail_ui/venv/lib/python3.12/site-packages/dns) by extension 'python'
[1.487s] Level 1:colcon.colcon_core.package_identification:_identify(LCD_web/portamail_ui/venv/lib/python3.12/site-packages/dns) by extensions ['python_setup_py']
[1.487s] Level 1:colcon.colcon_core.package_identification:_identify(LCD_web/portamail_ui/venv/lib/python3.12/site-packages/dns) by extension 'python_setup_py'
[1.488s] Level 1:colcon.colcon_core.package_identification:_identify(LCD_web/portamail_ui/venv/lib/python3.12/site-packages/dns/__pycache__) by extensions ['ignore', 'ignore_ament_install']
[1.488s] Level 1:colcon.colcon_core.package_identification:_identify(LCD_web/portamail_ui/venv/lib/python3.12/site-packages/dns/__pycache__) by extension 'ignore'
[1.488s] Level 1:colcon.colcon_core.package_identification:_identify(LCD_web/portamail_ui/venv/lib/python3.12/site-packages/dns/__pycache__) by extension 'ignore_ament_install'
[1.488s] Level 1:colcon.colcon_core.package_identification:_identify(LCD_web/portamail_ui/venv/lib/python3.12/site-packages/dns/__pycache__) by extensions ['colcon_pkg']
[1.488s] Level 1:colcon.colcon_core.package_identification:_identify(LCD_web/portamail_ui/venv/lib/python3.12/site-packages/dns/__pycache__) by extension 'colcon_pkg'
[1.488s] Level 1:colcon.colcon_core.package_identification:_identify(LCD_web/portamail_ui/venv/lib/python3.12/site-packages/dns/__pycache__) by extensions ['colcon_meta']
[1.488s] Level 1:colcon.colcon_core.package_identification:_identify(LCD_web/portamail_ui/venv/lib/python3.12/site-packages/dns/__pycache__) by extension 'colcon_meta'
[1.488s] Level 1:colcon.colcon_core.package_identification:_identify(LCD_web/portamail_ui/venv/lib/python3.12/site-packages/dns/__pycache__) by extensions ['ros']
[1.488s] Level 1:colcon.colcon_core.package_identification:_identify(LCD_web/portamail_ui/venv/lib/python3.12/site-packages/dns/__pycache__) by extension 'ros'
[1.488s] Level 1:colcon.colcon_core.package_identification:_identify(LCD_web/portamail_ui/venv/lib/python3.12/site-packages/dns/__pycache__) by extensions ['cmake', 'python']
[1.488s] Level 1:colcon.colcon_core.package_identification:_identify(LCD_web/portamail_ui/venv/lib/python3.12/site-packages/dns/__pycache__) by extension 'cmake'
[1.488s] Level 1:colcon.colcon_core.package_identification:_identify(LCD_web/portamail_ui/venv/lib/python3.12/site-packages/dns/__pycache__) by extension 'python'
[1.488s] Level 1:colcon.colcon_core.package_identification:_identify(LCD_web/portamail_ui/venv/lib/python3.12/site-packages/dns/__pycache__) by extensions ['python_setup_py']
[1.488s] Level 1:colcon.colcon_core.package_identification:_identify(LCD_web/portamail_ui/venv/lib/python3.12/site-packages/dns/__pycache__) by extension 'python_setup_py'
[1.488s] Level 1:colcon.colcon_core.package_identification:_identify(LCD_web/portamail_ui/venv/lib/python3.12/site-packages/dns/dnssecalgs) by extensions ['ignore', 'ignore_ament_install']
[1.489s] Level 1:colcon.colcon_core.package_identification:_identify(LCD_web/portamail_ui/venv/lib/python3.12/site-packages/dns/dnssecalgs) by extension 'ignore'
[1.489s] Level 1:colcon.colcon_core.package_identification:_identify(LCD_web/portamail_ui/venv/lib/python3.12/site-packages/dns/dnssecalgs) by extension 'ignore_ament_install'
[1.489s] Level 1:colcon.colcon_core.package_identification:_identify(LCD_web/portamail_ui/venv/lib/python3.12/site-packages/dns/dnssecalgs) by extensions ['colcon_pkg']
[1.489s] Level 1:colcon.colcon_core.package_identification:_identify(LCD_web/portamail_ui/venv/lib/python3.12/site-packages/dns/dnssecalgs) by extension 'colcon_pkg'
[1.489s] Level 1:colcon.colcon_core.package_identification:_identify(LCD_web/portamail_ui/venv/lib/python3.12/site-packages/dns/dnssecalgs) by extensions ['colcon_meta']
[1.489s] Level 1:colcon.colcon_core.package_identification:_identify(LCD_web/portamail_ui/venv/lib/python3.12/site-packages/dns/dnssecalgs) by extension 'colcon_meta'
[1.489s] Level 1:colcon.colcon_core.package_identification:_identify(LCD_web/portamail_ui/venv/lib/python3.12/site-packages/dns/dnssecalgs) by extensions ['ros']
[1.489s] Level 1:colcon.colcon_core.package_identification:_identify(LCD_web/portamail_ui/venv/lib/python3.12/site-packages/dns/dnssecalgs) by extension 'ros'
[1.489s] Level 1:colcon.colcon_core.package_identification:_identify(LCD_web/portamail_ui/venv/lib/python3.12/site-packages/dns/dnssecalgs) by extensions ['cmake', 'python']
[1.489s] Level 1:colcon.colcon_core.package_identification:_identify(LCD_web/portamail_ui/venv/lib/python3.12/site-packages/dns/dnssecalgs) by extension 'cmake'
[1.489s] Level 1:colcon.colcon_core.package_identification:_identify(LCD_web/portamail_ui/venv/lib/python3.12/site-packages/dns/dnssecalgs) by extension 'python'
[1.489s] Level 1:colcon.colcon_core.package_identification:_identify(LCD_web/portamail_ui/venv/lib/python3.12/site-packages/dns/dnssecalgs) by extensions ['python_setup_py']
[1.489s] Level 1:colcon.colcon_core.package_identification:_identify(LCD_web/portamail_ui/venv/lib/python3.12/site-packages/dns/dnssecalgs) by extension 'python_setup_py'
[1.489s] Level 1:colcon.colcon_core.package_identification:_identify(LCD_web/portamail_ui/venv/lib/python3.12/site-packages/dns/dnssecalgs/__pycache__) by extensions ['ignore', 'ignore_ament_install']
[1.489s] Level 1:colcon.colcon_core.package_identification:_identify(LCD_web/portamail_ui/venv/lib/python3.12/site-packages/dns/dnssecalgs/__pycache__) by extension 'ignore'
[1.489s] Level 1:colcon.colcon_core.package_identification:_identify(LCD_web/portamail_ui/venv/lib/python3.12/site-packages/dns/dnssecalgs/__pycache__) by extension 'ignore_ament_install'
[1.490s] Level 1:colcon.colcon_core.package_identification:_identify(LCD_web/portamail_ui/venv/lib/python3.12/site-packages/dns/dnssecalgs/__pycache__) by extensions ['colcon_pkg']
[1.490s] Level 1:colcon.colcon_core.package_identification:_identify(LCD_web/portamail_ui/venv/lib/python3.12/site-packages/dns/dnssecalgs/__pycache__) by extension 'colcon_pkg'
[1.490s] Level 1:colcon.colcon_core.package_identification:_identify(LCD_web/portamail_ui/venv/lib/python3.12/site-packages/dns/dnssecalgs/__pycache__) by extensions ['colcon_meta']
[1.490s] Level 1:colcon.colcon_core.package_identification:_identify(LCD_web/portamail_ui/venv/lib/python3.12/site-packages/dns/dnssecalgs/__pycache__) by extension 'colcon_meta'
[1.490s] Level 1:colcon.colcon_core.package_identification:_identify(LCD_web/portamail_ui/venv/lib/python3.12/site-packages/dns/dnssecalgs/__pycache__) by extensions ['ros']
[1.490s] Level 1:colcon.colcon_core.package_identification:_identify(LCD_web/portamail_ui/venv/lib/python3.12/site-packages/dns/dnssecalgs/__pycache__) by extension 'ros'
[1.490s] Level 1:colcon.colcon_core.package_identification:_identify(LCD_web/portamail_ui/venv/lib/python3.12/site-packages/dns/dnssecalgs/__pycache__) by extensions ['cmake', 'python']
[1.490s] Level 1:colcon.colcon_core.package_identification:_identify(LCD_web/portamail_ui/venv/lib/python3.12/site-packages/dns/dnssecalgs/__pycache__) by extension 'cmake'
[1.490s] Level 1:colcon.colcon_core.package_identification:_identify(LCD_web/portamail_ui/venv/lib/python3.12/site-packages/dns/dnssecalgs/__pycache__) by extension 'python'
[1.490s] Level 1:colcon.colcon_core.package_identification:_identify(LCD_web/portamail_ui/venv/lib/python3.12/site-packages/dns/dnssecalgs/__pycache__) by extensions ['python_setup_py']
[1.490s] Level 1:colcon.colcon_core.package_identification:_identify(LCD_web/portamail_ui/venv/lib/python3.12/site-packages/dns/dnssecalgs/__pycache__) by extension 'python_setup_py'
[1.490s] Level 1:colcon.colcon_core.package_identification:_identify(LCD_web/portamail_ui/venv/lib/python3.12/site-packages/dns/quic) by extensions ['ignore', 'ignore_ament_install']
[1.490s] Level 1:colcon.colcon_core.package_identification:_identify(LCD_web/portamail_ui/venv/lib/python3.12/site-packages/dns/quic) by extension 'ignore'
[1.490s] Level 1:colcon.colcon_core.package_identification:_identify(LCD_web/portamail_ui/venv/lib/python3.12/site-packages/dns/quic) by extension 'ignore_ament_install'
[1.490s] Level 1:colcon.colcon_core.package_identification:_identify(LCD_web/portamail_ui/venv/lib/python3.12/site-packages/dns/quic) by extensions ['colcon_pkg']
[1.491s] Level 1:colcon.colcon_core.package_identification:_identify(LCD_web/portamail_ui/venv/lib/python3.12/site-packages/dns/quic) by extension 'colcon_pkg'
[1.491s] Level 1:colcon.colcon_core.package_identification:_identify(LCD_web/portamail_ui/venv/lib/python3.12/site-packages/dns/quic) by extensions ['colcon_meta']
[1.491s] Level 1:colcon.colcon_core.package_identification:_identify(LCD_web/portamail_ui/venv/lib/python3.12/site-packages/dns/quic) by extension 'colcon_meta'
[1.491s] Level 1:colcon.colcon_core.package_identification:_identify(LCD_web/portamail_ui/venv/lib/python3.12/site-packages/dns/quic) by extensions ['ros']
[1.491s] Level 1:colcon.colcon_core.package_identification:_identify(LCD_web/portamail_ui/venv/lib/python3.12/site-packages/dns/quic) by extension 'ros'
[1.491s] Level 1:colcon.colcon_core.package_identification:_identify(LCD_web/portamail_ui/venv/lib/python3.12/site-packages/dns/quic) by extensions ['cmake', 'python']
[1.491s] Level 1:colcon.colcon_core.package_identification:_identify(LCD_web/portamail_ui/venv/lib/python3.12/site-packages/dns/quic) by extension 'cmake'
[1.491s] Level 1:colcon.colcon_core.package_identification:_identify(LCD_web/portamail_ui/venv/lib/python3.12/site-packages/dns/quic) by extension 'python'
[1.491s] Level 1:colcon.colcon_core.package_identification:_identify(LCD_web/portamail_ui/venv/lib/python3.12/site-packages/dns/quic) by extensions ['python_setup_py']
[1.491s] Level 1:colcon.colcon_core.package_identification:_identify(LCD_web/portamail_ui/venv/lib/python3.12/site-packages/dns/quic) by extension 'python_setup_py'
[1.492s] Level 1:colcon.colcon_core.package_identification:_identify(LCD_web/portamail_ui/venv/lib/python3.12/site-packages/dns/quic/__pycache__) by extensions ['ignore', 'ignore_ament_install']
[1.494s] Level 1:colcon.colcon_core.package_identification:_identify(LCD_web/portamail_ui/venv/lib/python3.12/site-packages/dns/quic/__pycache__) by extension 'ignore'
[1.494s] Level 1:colcon.colcon_core.package_identification:_identify(LCD_web/portamail_ui/venv/lib/python3.12/site-packages/dns/quic/__pycache__) by extension 'ignore_ament_install'
[1.494s] Level 1:colcon.colcon_core.package_identification:_identify(LCD_web/portamail_ui/venv/lib/python3.12/site-packages/dns/quic/__pycache__) by extensions ['colcon_pkg']
[1.494s] Level 1:colcon.colcon_core.package_identification:_identify(LCD_web/portamail_ui/venv/lib/python3.12/site-packages/dns/quic/__pycache__) by extension 'colcon_pkg'
[1.494s] Level 1:colcon.colcon_core.package_identification:_identify(LCD_web/portamail_ui/venv/lib/python3.12/site-packages/dns/quic/__pycache__) by extensions ['colcon_meta']
[1.494s] Level 1:colcon.colcon_core.package_identification:_identify(LCD_web/portamail_ui/venv/lib/python3.12/site-packages/dns/quic/__pycache__) by extension 'colcon_meta'
[1.494s] Level 1:colcon.colcon_core.package_identification:_identify(LCD_web/portamail_ui/venv/lib/python3.12/site-packages/dns/quic/__pycache__) by extensions ['ros']
[1.495s] Level 1:colcon.colcon_core.package_identification:_identify(LCD_web/portamail_ui/venv/lib/python3.12/site-packages/dns/quic/__pycache__) by extension 'ros'
[1.495s] Level 1:colcon.colcon_core.package_identification:_identify(LCD_web/portamail_ui/venv/lib/python3.12/site-packages/dns/quic/__pycache__) by extensions ['cmake', 'python']
[1.495s] Level 1:colcon.colcon_core.package_identification:_identify(LCD_web/portamail_ui/venv/lib/python3.12/site-packages/dns/quic/__pycache__) by extension 'cmake'
[1.495s] Level 1:colcon.colcon_core.package_identification:_identify(LCD_web/portamail_ui/venv/lib/python3.12/site-packages/dns/quic/__pycache__) by extension 'python'
[1.495s] Level 1:colcon.colcon_core.package_identification:_identify(LCD_web/portamail_ui/venv/lib/python3.12/site-packages/dns/quic/__pycache__) by extensions ['python_setup_py']
[1.495s] Level 1:colcon.colcon_core.package_identification:_identify(LCD_web/portamail_ui/venv/lib/python3.12/site-packages/dns/quic/__pycache__) by extension 'python_setup_py'
[1.495s] Level 1:colcon.colcon_core.package_identification:_identify(LCD_web/portamail_ui/venv/lib/python3.12/site-packages/dns/rdtypes) by extensions ['ignore', 'ignore_ament_install']
[1.495s] Level 1:colcon.colcon_core.package_identification:_identify(LCD_web/portamail_ui/venv/lib/python3.12/site-packages/dns/rdtypes) by extension 'ignore'
[1.495s] Level 1:colcon.colcon_core.package_identification:_identify(LCD_web/portamail_ui/venv/lib/python3.12/site-packages/dns/rdtypes) by extension 'ignore_ament_install'
[1.496s] Level 1:colcon.colcon_core.package_identification:_identify(LCD_web/portamail_ui/venv/lib/python3.12/site-packages/dns/rdtypes) by extensions ['colcon_pkg']
[1.496s] Level 1:colcon.colcon_core.package_identification:_identify(LCD_web/portamail_ui/venv/lib/python3.12/site-packages/dns/rdtypes) by extension 'colcon_pkg'
[1.496s] Level 1:colcon.colcon_core.package_identification:_identify(LCD_web/portamail_ui/venv/lib/python3.12/site-packages/dns/rdtypes) by extensions ['colcon_meta']
[1.496s] Level 1:colcon.colcon_core.package_identification:_identify(LCD_web/portamail_ui/venv/lib/python3.12/site-packages/dns/rdtypes) by extension 'colcon_meta'
[1.496s] Level 1:colcon.colcon_core.package_identification:_identify(LCD_web/portamail_ui/venv/lib/python3.12/site-packages/dns/rdtypes) by extensions ['ros']
[1.496s] Level 1:colcon.colcon_core.package_identification:_identify(LCD_web/portamail_ui/venv/lib/python3.12/site-packages/dns/rdtypes) by extension 'ros'
[1.496s] Level 1:colcon.colcon_core.package_identification:_identify(LCD_web/portamail_ui/venv/lib/python3.12/site-packages/dns/rdtypes) by extensions ['cmake', 'python']
[1.496s] Level 1:colcon.colcon_core.package_identification:_identify(LCD_web/portamail_ui/venv/lib/python3.12/site-packages/dns/rdtypes) by extension 'cmake'
[1.496s] Level 1:colcon.colcon_core.package_identification:_identify(LCD_web/portamail_ui/venv/lib/python3.12/site-packages/dns/rdtypes) by extension 'python'
[1.496s] Level 1:colcon.colcon_core.package_identification:_identify(LCD_web/portamail_ui/venv/lib/python3.12/site-packages/dns/rdtypes) by extensions ['python_setup_py']
[1.496s] Level 1:colcon.colcon_core.package_identification:_identify(LCD_web/portamail_ui/venv/lib/python3.12/site-packages/dns/rdtypes) by extension 'python_setup_py'
[1.496s] Level 1:colcon.colcon_core.package_identification:_identify(LCD_web/portamail_ui/venv/lib/python3.12/site-packages/dns/rdtypes/ANY) by extensions ['ignore', 'ignore_ament_install']
[1.497s] Level 1:colcon.colcon_core.package_identification:_identify(LCD_web/portamail_ui/venv/lib/python3.12/site-packages/dns/rdtypes/ANY) by extension 'ignore'
[1.497s] Level 1:colcon.colcon_core.package_identification:_identify(LCD_web/portamail_ui/venv/lib/python3.12/site-packages/dns/rdtypes/ANY) by extension 'ignore_ament_install'
[1.497s] Level 1:colcon.colcon_core.package_identification:_identify(LCD_web/portamail_ui/venv/lib/python3.12/site-packages/dns/rdtypes/ANY) by extensions ['colcon_pkg']
[1.497s] Level 1:colcon.colcon_core.package_identification:_identify(LCD_web/portamail_ui/venv/lib/python3.12/site-packages/dns/rdtypes/ANY) by extension 'colcon_pkg'
[1.497s] Level 1:colcon.colcon_core.package_identification:_identify(LCD_web/portamail_ui/venv/lib/python3.12/site-packages/dns/rdtypes/ANY) by extensions ['colcon_meta']
[1.497s] Level 1:colcon.colcon_core.package_identification:_identify(LCD_web/portamail_ui/venv/lib/python3.12/site-packages/dns/rdtypes/ANY) by extension 'colcon_meta'
[1.497s] Level 1:colcon.colcon_core.package_identification:_identify(LCD_web/portamail_ui/venv/lib/python3.12/site-packages/dns/rdtypes/ANY) by extensions ['ros']
[1.497s] Level 1:colcon.colcon_core.package_identification:_identify(LCD_web/portamail_ui/venv/lib/python3.12/site-packages/dns/rdtypes/ANY) by extension 'ros'
[1.497s] Level 1:colcon.colcon_core.package_identification:_identify(LCD_web/portamail_ui/venv/lib/python3.12/site-packages/dns/rdtypes/ANY) by extensions ['cmake', 'python']
[1.497s] Level 1:colcon.colcon_core.package_identification:_identify(LCD_web/portamail_ui/venv/lib/python3.12/site-packages/dns/rdtypes/ANY) by extension 'cmake'
[1.497s] Level 1:colcon.colcon_core.package_identification:_identify(LCD_web/portamail_ui/venv/lib/python3.12/site-packages/dns/rdtypes/ANY) by extension 'python'
[1.498s] Level 1:colcon.colcon_core.package_identification:_identify(LCD_web/portamail_ui/venv/lib/python3.12/site-packages/dns/rdtypes/ANY) by extensions ['python_setup_py']
[1.498s] Level 1:colcon.colcon_core.package_identification:_identify(LCD_web/portamail_ui/venv/lib/python3.12/site-packages/dns/rdtypes/ANY) by extension 'python_setup_py'
[1.498s] Level 1:colcon.colcon_core.package_identification:_identify(LCD_web/portamail_ui/venv/lib/python3.12/site-packages/dns/rdtypes/ANY/__pycache__) by extensions ['ignore', 'ignore_ament_install']
[1.498s] Level 1:colcon.colcon_core.package_identification:_identify(LCD_web/portamail_ui/venv/lib/python3.12/site-packages/dns/rdtypes/ANY/__pycache__) by extension 'ignore'
[1.498s] Level 1:colcon.colcon_core.package_identification:_identify(LCD_web/portamail_ui/venv/lib/python3.12/site-packages/dns/rdtypes/ANY/__pycache__) by extension 'ignore_ament_install'
[1.498s] Level 1:colcon.colcon_core.package_identification:_identify(LCD_web/portamail_ui/venv/lib/python3.12/site-packages/dns/rdtypes/ANY/__pycache__) by extensions ['colcon_pkg']
[1.498s] Level 1:colcon.colcon_core.package_identification:_identify(LCD_web/portamail_ui/venv/lib/python3.12/site-packages/dns/rdtypes/ANY/__pycache__) by extension 'colcon_pkg'
[1.498s] Level 1:colcon.colcon_core.package_identification:_identify(LCD_web/portamail_ui/venv/lib/python3.12/site-packages/dns/rdtypes/ANY/__pycache__) by extensions ['colcon_meta']
[1.498s] Level 1:colcon.colcon_core.package_identification:_identify(LCD_web/portamail_ui/venv/lib/python3.12/site-packages/dns/rdtypes/ANY/__pycache__) by extension 'colcon_meta'
[1.498s] Level 1:colcon.colcon_core.package_identification:_identify(LCD_web/portamail_ui/venv/lib/python3.12/site-packages/dns/rdtypes/ANY/__pycache__) by extensions ['ros']
[1.499s] Level 1:colcon.colcon_core.package_identification:_identify(LCD_web/portamail_ui/venv/lib/python3.12/site-packages/dns/rdtypes/ANY/__pycache__) by extension 'ros'
[1.499s] Level 1:colcon.colcon_core.package_identification:_identify(LCD_web/portamail_ui/venv/lib/python3.12/site-packages/dns/rdtypes/ANY/__pycache__) by extensions ['cmake', 'python']
[1.499s] Level 1:colcon.colcon_core.package_identification:_identify(LCD_web/portamail_ui/venv/lib/python3.12/site-packages/dns/rdtypes/ANY/__pycache__) by extension 'cmake'
[1.499s] Level 1:colcon.colcon_core.package_identification:_identify(LCD_web/portamail_ui/venv/lib/python3.12/site-packages/dns/rdtypes/ANY/__pycache__) by extension 'python'
[1.499s] Level 1:colcon.colcon_core.package_identification:_identify(LCD_web/portamail_ui/venv/lib/python3.12/site-packages/dns/rdtypes/ANY/__pycache__) by extensions ['python_setup_py']
[1.499s] Level 1:colcon.colcon_core.package_identification:_identify(LCD_web/portamail_ui/venv/lib/python3.12/site-packages/dns/rdtypes/ANY/__pycache__) by extension 'python_setup_py'
[1.500s] Level 1:colcon.colcon_core.package_identification:_identify(LCD_web/portamail_ui/venv/lib/python3.12/site-packages/dns/rdtypes/CH) by extensions ['ignore', 'ignore_ament_install']
[1.500s] Level 1:colcon.colcon_core.package_identification:_identify(LCD_web/portamail_ui/venv/lib/python3.12/site-packages/dns/rdtypes/CH) by extension 'ignore'
[1.500s] Level 1:colcon.colcon_core.package_identification:_identify(LCD_web/portamail_ui/venv/lib/python3.12/site-packages/dns/rdtypes/CH) by extension 'ignore_ament_install'
[1.500s] Level 1:colcon.colcon_core.package_identification:_identify(LCD_web/portamail_ui/venv/lib/python3.12/site-packages/dns/rdtypes/CH) by extensions ['colcon_pkg']
[1.500s] Level 1:colcon.colcon_core.package_identification:_identify(LCD_web/portamail_ui/venv/lib/python3.12/site-packages/dns/rdtypes/CH) by extension 'colcon_pkg'
[1.500s] Level 1:colcon.colcon_core.package_identification:_identify(LCD_web/portamail_ui/venv/lib/python3.12/site-packages/dns/rdtypes/CH) by extensions ['colcon_meta']
[1.500s] Level 1:colcon.colcon_core.package_identification:_identify(LCD_web/portamail_ui/venv/lib/python3.12/site-packages/dns/rdtypes/CH) by extension 'colcon_meta'
[1.500s] Level 1:colcon.colcon_core.package_identification:_identify(LCD_web/portamail_ui/venv/lib/python3.12/site-packages/dns/rdtypes/CH) by extensions ['ros']
[1.500s] Level 1:colcon.colcon_core.package_identification:_identify(LCD_web/portamail_ui/venv/lib/python3.12/site-packages/dns/rdtypes/CH) by extension 'ros'
[1.500s] Level 1:colcon.colcon_core.package_identification:_identify(LCD_web/portamail_ui/venv/lib/python3.12/site-packages/dns/rdtypes/CH) by extensions ['cmake', 'python']
[1.500s] Level 1:colcon.colcon_core.package_identification:_identify(LCD_web/portamail_ui/venv/lib/python3.12/site-packages/dns/rdtypes/CH) by extension 'cmake'
[1.500s] Level 1:colcon.colcon_core.package_identification:_identify(LCD_web/portamail_ui/venv/lib/python3.12/site-packages/dns/rdtypes/CH) by extension 'python'
[1.501s] Level 1:colcon.colcon_core.package_identification:_identify(LCD_web/portamail_ui/venv/lib/python3.12/site-packages/dns/rdtypes/CH) by extensions ['python_setup_py']
[1.501s] Level 1:colcon.colcon_core.package_identification:_identify(LCD_web/portamail_ui/venv/lib/python3.12/site-packages/dns/rdtypes/CH) by extension 'python_setup_py'
[1.502s] Level 1:colcon.colcon_core.package_identification:_identify(LCD_web/portamail_ui/venv/lib/python3.12/site-packages/dns/rdtypes/CH/__pycache__) by extensions ['ignore', 'ignore_ament_install']
[1.503s] Level 1:colcon.colcon_core.package_identification:_identify(LCD_web/portamail_ui/venv/lib/python3.12/site-packages/dns/rdtypes/CH/__pycache__) by extension 'ignore'
[1.503s] Level 1:colcon.colcon_core.package_identification:_identify(LCD_web/portamail_ui/venv/lib/python3.12/site-packages/dns/rdtypes/CH/__pycache__) by extension 'ignore_ament_install'
[1.503s] Level 1:colcon.colcon_core.package_identification:_identify(LCD_web/portamail_ui/venv/lib/python3.12/site-packages/dns/rdtypes/CH/__pycache__) by extensions ['colcon_pkg']
[1.503s] Level 1:colcon.colcon_core.package_identification:_identify(LCD_web/portamail_ui/venv/lib/python3.12/site-packages/dns/rdtypes/CH/__pycache__) by extension 'colcon_pkg'
[1.503s] Level 1:colcon.colcon_core.package_identification:_identify(LCD_web/portamail_ui/venv/lib/python3.12/site-packages/dns/rdtypes/CH/__pycache__) by extensions ['colcon_meta']
[1.503s] Level 1:colcon.colcon_core.package_identification:_identify(LCD_web/portamail_ui/venv/lib/python3.12/site-packages/dns/rdtypes/CH/__pycache__) by extension 'colcon_meta'
[1.503s] Level 1:colcon.colcon_core.package_identification:_identify(LCD_web/portamail_ui/venv/lib/python3.12/site-packages/dns/rdtypes/CH/__pycache__) by extensions ['ros']
[1.503s] Level 1:colcon.colcon_core.package_identification:_identify(LCD_web/portamail_ui/venv/lib/python3.12/site-packages/dns/rdtypes/CH/__pycache__) by extension 'ros'
[1.503s] Level 1:colcon.colcon_core.package_identification:_identify(LCD_web/portamail_ui/venv/lib/python3.12/site-packages/dns/rdtypes/CH/__pycache__) by extensions ['cmake', 'python']
[1.503s] Level 1:colcon.colcon_core.package_identification:_identify(LCD_web/portamail_ui/venv/lib/python3.12/site-packages/dns/rdtypes/CH/__pycache__) by extension 'cmake'
[1.504s] Level 1:colcon.colcon_core.package_identification:_identify(LCD_web/portamail_ui/venv/lib/python3.12/site-packages/dns/rdtypes/CH/__pycache__) by extension 'python'
[1.504s] Level 1:colcon.colcon_core.package_identification:_identify(LCD_web/portamail_ui/venv/lib/python3.12/site-packages/dns/rdtypes/CH/__pycache__) by extensions ['python_setup_py']
[1.504s] Level 1:colcon.colcon_core.package_identification:_identify(LCD_web/portamail_ui/venv/lib/python3.12/site-packages/dns/rdtypes/CH/__pycache__) by extension 'python_setup_py'
[1.504s] Level 1:colcon.colcon_core.package_identification:_identify(LCD_web/portamail_ui/venv/lib/python3.12/site-packages/dns/rdtypes/IN) by extensions ['ignore', 'ignore_ament_install']
[1.504s] Level 1:colcon.colcon_core.package_identification:_identify(LCD_web/portamail_ui/venv/lib/python3.12/site-packages/dns/rdtypes/IN) by extension 'ignore'
[1.504s] Level 1:colcon.colcon_core.package_identification:_identify(LCD_web/portamail_ui/venv/lib/python3.12/site-packages/dns/rdtypes/IN) by extension 'ignore_ament_install'
[1.505s] Level 1:colcon.colcon_core.package_identification:_identify(LCD_web/portamail_ui/venv/lib/python3.12/site-packages/dns/rdtypes/IN) by extensions ['colcon_pkg']
[1.505s] Level 1:colcon.colcon_core.package_identification:_identify(LCD_web/portamail_ui/venv/lib/python3.12/site-packages/dns/rdtypes/IN) by extension 'colcon_pkg'
[1.505s] Level 1:colcon.colcon_core.package_identification:_identify(LCD_web/portamail_ui/venv/lib/python3.12/site-packages/dns/rdtypes/IN) by extensions ['colcon_meta']
[1.505s] Level 1:colcon.colcon_core.package_identification:_identify(LCD_web/portamail_ui/venv/lib/python3.12/site-packages/dns/rdtypes/IN) by extension 'colcon_meta'
[1.505s] Level 1:colcon.colcon_core.package_identification:_identify(LCD_web/portamail_ui/venv/lib/python3.12/site-packages/dns/rdtypes/IN) by extensions ['ros']
[1.505s] Level 1:colcon.colcon_core.package_identification:_identify(LCD_web/portamail_ui/venv/lib/python3.12/site-packages/dns/rdtypes/IN) by extension 'ros'
[1.505s] Level 1:colcon.colcon_core.package_identification:_identify(LCD_web/portamail_ui/venv/lib/python3.12/site-packages/dns/rdtypes/IN) by extensions ['cmake', 'python']
[1.505s] Level 1:colcon.colcon_core.package_identification:_identify(LCD_web/portamail_ui/venv/lib/python3.12/site-packages/dns/rdtypes/IN) by extension 'cmake'
[1.505s] Level 1:colcon.colcon_core.package_identification:_identify(LCD_web/portamail_ui/venv/lib/python3.12/site-packages/dns/rdtypes/IN) by extension 'python'
[1.505s] Level 1:colcon.colcon_core.package_identification:_identify(LCD_web/portamail_ui/venv/lib/python3.12/site-packages/dns/rdtypes/IN) by extensions ['python_setup_py']
[1.505s] Level 1:colcon.colcon_core.package_identification:_identify(LCD_web/portamail_ui/venv/lib/python3.12/site-packages/dns/rdtypes/IN) by extension 'python_setup_py'
[1.505s] Level 1:colcon.colcon_core.package_identification:_identify(LCD_web/portamail_ui/venv/lib/python3.12/site-packages/dns/rdtypes/IN/__pycache__) by extensions ['ignore', 'ignore_ament_install']
[1.505s] Level 1:colcon.colcon_core.package_identification:_identify(LCD_web/portamail_ui/venv/lib/python3.12/site-packages/dns/rdtypes/IN/__pycache__) by extension 'ignore'
[1.506s] Level 1:colcon.colcon_core.package_identification:_identify(LCD_web/portamail_ui/venv/lib/python3.12/site-packages/dns/rdtypes/IN/__pycache__) by extension 'ignore_ament_install'
[1.506s] Level 1:colcon.colcon_core.package_identification:_identify(LCD_web/portamail_ui/venv/lib/python3.12/site-packages/dns/rdtypes/IN/__pycache__) by extensions ['colcon_pkg']
[1.508s] Level 1:colcon.colcon_core.package_identification:_identify(LCD_web/portamail_ui/venv/lib/python3.12/site-packages/dns/rdtypes/IN/__pycache__) by extension 'colcon_pkg'
[1.508s] Level 1:colcon.colcon_core.package_identification:_identify(LCD_web/portamail_ui/venv/lib/python3.12/site-packages/dns/rdtypes/IN/__pycache__) by extensions ['colcon_meta']
[1.508s] Level 1:colcon.colcon_core.package_identification:_identify(LCD_web/portamail_ui/venv/lib/python3.12/site-packages/dns/rdtypes/IN/__pycache__) by extension 'colcon_meta'
[1.508s] Level 1:colcon.colcon_core.package_identification:_identify(LCD_web/portamail_ui/venv/lib/python3.12/site-packages/dns/rdtypes/IN/__pycache__) by extensions ['ros']
[1.508s] Level 1:colcon.colcon_core.package_identification:_identify(LCD_web/portamail_ui/venv/lib/python3.12/site-packages/dns/rdtypes/IN/__pycache__) by extension 'ros'
[1.509s] Level 1:colcon.colcon_core.package_identification:_identify(LCD_web/portamail_ui/venv/lib/python3.12/site-packages/dns/rdtypes/IN/__pycache__) by extensions ['cmake', 'python']
[1.509s] Level 1:colcon.colcon_core.package_identification:_identify(LCD_web/portamail_ui/venv/lib/python3.12/site-packages/dns/rdtypes/IN/__pycache__) by extension 'cmake'
[1.509s] Level 1:colcon.colcon_core.package_identification:_identify(LCD_web/portamail_ui/venv/lib/python3.12/site-packages/dns/rdtypes/IN/__pycache__) by extension 'python'
[1.509s] Level 1:colcon.colcon_core.package_identification:_identify(LCD_web/portamail_ui/venv/lib/python3.12/site-packages/dns/rdtypes/IN/__pycache__) by extensions ['python_setup_py']
[1.509s] Level 1:colcon.colcon_core.package_identification:_identify(LCD_web/portamail_ui/venv/lib/python3.12/site-packages/dns/rdtypes/IN/__pycache__) by extension 'python_setup_py'
[1.509s] Level 1:colcon.colcon_core.package_identification:_identify(LCD_web/portamail_ui/venv/lib/python3.12/site-packages/dns/rdtypes/__pycache__) by extensions ['ignore', 'ignore_ament_install']
[1.509s] Level 1:colcon.colcon_core.package_identification:_identify(LCD_web/portamail_ui/venv/lib/python3.12/site-packages/dns/rdtypes/__pycache__) by extension 'ignore'
[1.509s] Level 1:colcon.colcon_core.package_identification:_identify(LCD_web/portamail_ui/venv/lib/python3.12/site-packages/dns/rdtypes/__pycache__) by extension 'ignore_ament_install'
[1.509s] Level 1:colcon.colcon_core.package_identification:_identify(LCD_web/portamail_ui/venv/lib/python3.12/site-packages/dns/rdtypes/__pycache__) by extensions ['colcon_pkg']
[1.509s] Level 1:colcon.colcon_core.package_identification:_identify(LCD_web/portamail_ui/venv/lib/python3.12/site-packages/dns/rdtypes/__pycache__) by extension 'colcon_pkg'
[1.509s] Level 1:colcon.colcon_core.package_identification:_identify(LCD_web/portamail_ui/venv/lib/python3.12/site-packages/dns/rdtypes/__pycache__) by extensions ['colcon_meta']
[1.509s] Level 1:colcon.colcon_core.package_identification:_identify(LCD_web/portamail_ui/venv/lib/python3.12/site-packages/dns/rdtypes/__pycache__) by extension 'colcon_meta'
[1.509s] Level 1:colcon.colcon_core.package_identification:_identify(LCD_web/portamail_ui/venv/lib/python3.12/site-packages/dns/rdtypes/__pycache__) by extensions ['ros']
[1.509s] Level 1:colcon.colcon_core.package_identification:_identify(LCD_web/portamail_ui/venv/lib/python3.12/site-packages/dns/rdtypes/__pycache__) by extension 'ros'
[1.510s] Level 1:colcon.colcon_core.package_identification:_identify(LCD_web/portamail_ui/venv/lib/python3.12/site-packages/dns/rdtypes/__pycache__) by extensions ['cmake', 'python']
[1.510s] Level 1:colcon.colcon_core.package_identification:_identify(LCD_web/portamail_ui/venv/lib/python3.12/site-packages/dns/rdtypes/__pycache__) by extension 'cmake'
[1.510s] Level 1:colcon.colcon_core.package_identification:_identify(LCD_web/portamail_ui/venv/lib/python3.12/site-packages/dns/rdtypes/__pycache__) by extension 'python'
[1.510s] Level 1:colcon.colcon_core.package_identification:_identify(LCD_web/portamail_ui/venv/lib/python3.12/site-packages/dns/rdtypes/__pycache__) by extensions ['python_setup_py']
[1.510s] Level 1:colcon.colcon_core.package_identification:_identify(LCD_web/portamail_ui/venv/lib/python3.12/site-packages/dns/rdtypes/__pycache__) by extension 'python_setup_py'
[1.510s] Level 1:colcon.colcon_core.package_identification:_identify(LCD_web/portamail_ui/venv/lib/python3.12/site-packages/dnspython-2.8.0.dist-info) by extensions ['ignore', 'ignore_ament_install']
[1.510s] Level 1:colcon.colcon_core.package_identification:_identify(LCD_web/portamail_ui/venv/lib/python3.12/site-packages/dnspython-2.8.0.dist-info) by extension 'ignore'
[1.510s] Level 1:colcon.colcon_core.package_identification:_identify(LCD_web/portamail_ui/venv/lib/python3.12/site-packages/dnspython-2.8.0.dist-info) by extension 'ignore_ament_install'
[1.510s] Level 1:colcon.colcon_core.package_identification:_identify(LCD_web/portamail_ui/venv/lib/python3.12/site-packages/dnspython-2.8.0.dist-info) by extensions ['colcon_pkg']
[1.510s] Level 1:colcon.colcon_core.package_identification:_identify(LCD_web/portamail_ui/venv/lib/python3.12/site-packages/dnspython-2.8.0.dist-info) by extension 'colcon_pkg'
[1.511s] Level 1:colcon.colcon_core.package_identification:_identify(LCD_web/portamail_ui/venv/lib/python3.12/site-packages/dnspython-2.8.0.dist-info) by extensions ['colcon_meta']
[1.511s] Level 1:colcon.colcon_core.package_identification:_identify(LCD_web/portamail_ui/venv/lib/python3.12/site-packages/dnspython-2.8.0.dist-info) by extension 'colcon_meta'
[1.511s] Level 1:colcon.colcon_core.package_identification:_identify(LCD_web/portamail_ui/venv/lib/python3.12/site-packages/dnspython-2.8.0.dist-info) by extensions ['ros']
[1.511s] Level 1:colcon.colcon_core.package_identification:_identify(LCD_web/portamail_ui/venv/lib/python3.12/site-packages/dnspython-2.8.0.dist-info) by extension 'ros'
[1.511s] Level 1:colcon.colcon_core.package_identification:_identify(LCD_web/portamail_ui/venv/lib/python3.12/site-packages/dnspython-2.8.0.dist-info) by extensions ['cmake', 'python']
[1.512s] Level 1:colcon.colcon_core.package_identification:_identify(LCD_web/portamail_ui/venv/lib/python3.12/site-packages/dnspython-2.8.0.dist-info) by extension 'cmake'
[1.512s] Level 1:colcon.colcon_core.package_identification:_identify(LCD_web/portamail_ui/venv/lib/python3.12/site-packages/dnspython-2.8.0.dist-info) by extension 'python'
[1.512s] Level 1:colcon.colcon_core.package_identification:_identify(LCD_web/portamail_ui/venv/lib/python3.12/site-packages/dnspython-2.8.0.dist-info) by extensions ['python_setup_py']
[1.512s] Level 1:colcon.colcon_core.package_identification:_identify(LCD_web/portamail_ui/venv/lib/python3.12/site-packages/dnspython-2.8.0.dist-info) by extension 'python_setup_py'
[1.512s] Level 1:colcon.colcon_core.package_identification:_identify(LCD_web/portamail_ui/venv/lib/python3.12/site-packages/dnspython-2.8.0.dist-info/licenses) by extensions ['ignore', 'ignore_ament_install']
[1.513s] Level 1:colcon.colcon_core.package_identification:_identify(LCD_web/portamail_ui/venv/lib/python3.12/site-packages/dnspython-2.8.0.dist-info/licenses) by extension 'ignore'
[1.513s] Level 1:colcon.colcon_core.package_identification:_identify(LCD_web/portamail_ui/venv/lib/python3.12/site-packages/dnspython-2.8.0.dist-info/licenses) by extension 'ignore_ament_install'
[1.513s] Level 1:colcon.colcon_core.package_identification:_identify(LCD_web/portamail_ui/venv/lib/python3.12/site-packages/dnspython-2.8.0.dist-info/licenses) by extensions ['colcon_pkg']
[1.513s] Level 1:colcon.colcon_core.package_identification:_identify(LCD_web/portamail_ui/venv/lib/python3.12/site-packages/dnspython-2.8.0.dist-info/licenses) by extension 'colcon_pkg'
[1.513s] Level 1:colcon.colcon_core.package_identification:_identify(LCD_web/portamail_ui/venv/lib/python3.12/site-packages/dnspython-2.8.0.dist-info/licenses) by extensions ['colcon_meta']
[1.513s] Level 1:colcon.colcon_core.package_identification:_identify(LCD_web/portamail_ui/venv/lib/python3.12/site-packages/dnspython-2.8.0.dist-info/licenses) by extension 'colcon_meta'
[1.513s] Level 1:colcon.colcon_core.package_identification:_identify(LCD_web/portamail_ui/venv/lib/python3.12/site-packages/dnspython-2.8.0.dist-info/licenses) by extensions ['ros']
[1.513s] Level 1:colcon.colcon_core.package_identification:_identify(LCD_web/portamail_ui/venv/lib/python3.12/site-packages/dnspython-2.8.0.dist-info/licenses) by extension 'ros'
[1.514s] Level 1:colcon.colcon_core.package_identification:_identify(LCD_web/portamail_ui/venv/lib/python3.12/site-packages/dnspython-2.8.0.dist-info/licenses) by extensions ['cmake', 'python']
[1.514s] Level 1:colcon.colcon_core.package_identification:_identify(LCD_web/portamail_ui/venv/lib/python3.12/site-packages/dnspython-2.8.0.dist-info/licenses) by extension 'cmake'
[1.514s] Level 1:colcon.colcon_core.package_identification:_identify(LCD_web/portamail_ui/venv/lib/python3.12/site-packages/dnspython-2.8.0.dist-info/licenses) by extension 'python'
[1.514s] Level 1:colcon.colcon_core.package_identification:_identify(LCD_web/portamail_ui/venv/lib/python3.12/site-packages/dnspython-2.8.0.dist-info/licenses) by extensions ['python_setup_py']
[1.514s] Level 1:colcon.colcon_core.package_identification:_identify(LCD_web/portamail_ui/venv/lib/python3.12/site-packages/dnspython-2.8.0.dist-info/licenses) by extension 'python_setup_py'
[1.514s] Level 1:colcon.colcon_core.package_identification:_identify(LCD_web/portamail_ui/venv/lib/python3.12/site-packages/engineio) by extensions ['ignore', 'ignore_ament_install']
[1.514s] Level 1:colcon.colcon_core.package_identification:_identify(LCD_web/portamail_ui/venv/lib/python3.12/site-packages/engineio) by extension 'ignore'
[1.514s] Level 1:colcon.colcon_core.package_identification:_identify(LCD_web/portamail_ui/venv/lib/python3.12/site-packages/engineio) by extension 'ignore_ament_install'
[1.514s] Level 1:colcon.colcon_core.package_identification:_identify(LCD_web/portamail_ui/venv/lib/python3.12/site-packages/engineio) by extensions ['colcon_pkg']
[1.514s] Level 1:colcon.colcon_core.package_identification:_identify(LCD_web/portamail_ui/venv/lib/python3.12/site-packages/engineio) by extension 'colcon_pkg'
[1.515s] Level 1:colcon.colcon_core.package_identification:_identify(LCD_web/portamail_ui/venv/lib/python3.12/site-packages/engineio) by extensions ['colcon_meta']
[1.515s] Level 1:colcon.colcon_core.package_identification:_identify(LCD_web/portamail_ui/venv/lib/python3.12/site-packages/engineio) by extension 'colcon_meta'
[1.515s] Level 1:colcon.colcon_core.package_identification:_identify(LCD_web/portamail_ui/venv/lib/python3.12/site-packages/engineio) by extensions ['ros']
[1.515s] Level 1:colcon.colcon_core.package_identification:_identify(LCD_web/portamail_ui/venv/lib/python3.12/site-packages/engineio) by extension 'ros'
[1.515s] Level 1:colcon.colcon_core.package_identification:_identify(LCD_web/portamail_ui/venv/lib/python3.12/site-packages/engineio) by extensions ['cmake', 'python']
[1.515s] Level 1:colcon.colcon_core.package_identification:_identify(LCD_web/portamail_ui/venv/lib/python3.12/site-packages/engineio) by extension 'cmake'
[1.515s] Level 1:colcon.colcon_core.package_identification:_identify(LCD_web/portamail_ui/venv/lib/python3.12/site-packages/engineio) by extension 'python'
[1.515s] Level 1:colcon.colcon_core.package_identification:_identify(LCD_web/portamail_ui/venv/lib/python3.12/site-packages/engineio) by extensions ['python_setup_py']
[1.515s] Level 1:colcon.colcon_core.package_identification:_identify(LCD_web/portamail_ui/venv/lib/python3.12/site-packages/engineio) by extension 'python_setup_py'
[1.515s] Level 1:colcon.colcon_core.package_identification:_identify(LCD_web/portamail_ui/venv/lib/python3.12/site-packages/engineio/__pycache__) by extensions ['ignore', 'ignore_ament_install']
[1.515s] Level 1:colcon.colcon_core.package_identification:_identify(LCD_web/portamail_ui/venv/lib/python3.12/site-packages/engineio/__pycache__) by extension 'ignore'
[1.515s] Level 1:colcon.colcon_core.package_identification:_identify(LCD_web/portamail_ui/venv/lib/python3.12/site-packages/engineio/__pycache__) by extension 'ignore_ament_install'
[1.516s] Level 1:colcon.colcon_core.package_identification:_identify(LCD_web/portamail_ui/venv/lib/python3.12/site-packages/engineio/__pycache__) by extensions ['colcon_pkg']
[1.516s] Level 1:colcon.colcon_core.package_identification:_identify(LCD_web/portamail_ui/venv/lib/python3.12/site-packages/engineio/__pycache__) by extension 'colcon_pkg'
[1.516s] Level 1:colcon.colcon_core.package_identification:_identify(LCD_web/portamail_ui/venv/lib/python3.12/site-packages/engineio/__pycache__) by extensions ['colcon_meta']
[1.517s] Level 1:colcon.colcon_core.package_identification:_identify(LCD_web/portamail_ui/venv/lib/python3.12/site-packages/engineio/__pycache__) by extension 'colcon_meta'
[1.517s] Level 1:colcon.colcon_core.package_identification:_identify(LCD_web/portamail_ui/venv/lib/python3.12/site-packages/engineio/__pycache__) by extensions ['ros']
[1.517s] Level 1:colcon.colcon_core.package_identification:_identify(LCD_web/portamail_ui/venv/lib/python3.12/site-packages/engineio/__pycache__) by extension 'ros'
[1.517s] Level 1:colcon.colcon_core.package_identification:_identify(LCD_web/portamail_ui/venv/lib/python3.12/site-packages/engineio/__pycache__) by extensions ['cmake', 'python']
[1.518s] Level 1:colcon.colcon_core.package_identification:_identify(LCD_web/portamail_ui/venv/lib/python3.12/site-packages/engineio/__pycache__) by extension 'cmake'
[1.518s] Level 1:colcon.colcon_core.package_identification:_identify(LCD_web/portamail_ui/venv/lib/python3.12/site-packages/engineio/__pycache__) by extension 'python'
[1.518s] Level 1:colcon.colcon_core.package_identification:_identify(LCD_web/portamail_ui/venv/lib/python3.12/site-packages/engineio/__pycache__) by extensions ['python_setup_py']
[1.518s] Level 1:colcon.colcon_core.package_identification:_identify(LCD_web/portamail_ui/venv/lib/python3.12/site-packages/engineio/__pycache__) by extension 'python_setup_py'
[1.518s] Level 1:colcon.colcon_core.package_identification:_identify(LCD_web/portamail_ui/venv/lib/python3.12/site-packages/engineio/async_drivers) by extensions ['ignore', 'ignore_ament_install']
[1.518s] Level 1:colcon.colcon_core.package_identification:_identify(LCD_web/portamail_ui/venv/lib/python3.12/site-packages/engineio/async_drivers) by extension 'ignore'
[1.518s] Level 1:colcon.colcon_core.package_identification:_identify(LCD_web/portamail_ui/venv/lib/python3.12/site-packages/engineio/async_drivers) by extension 'ignore_ament_install'
[1.518s] Level 1:colcon.colcon_core.package_identification:_identify(LCD_web/portamail_ui/venv/lib/python3.12/site-packages/engineio/async_drivers) by extensions ['colcon_pkg']
[1.518s] Level 1:colcon.colcon_core.package_identification:_identify(LCD_web/portamail_ui/venv/lib/python3.12/site-packages/engineio/async_drivers) by extension 'colcon_pkg'
[1.518s] Level 1:colcon.colcon_core.package_identification:_identify(LCD_web/portamail_ui/venv/lib/python3.12/site-packages/engineio/async_drivers) by extensions ['colcon_meta']
[1.518s] Level 1:colcon.colcon_core.package_identification:_identify(LCD_web/portamail_ui/venv/lib/python3.12/site-packages/engineio/async_drivers) by extension 'colcon_meta'
[1.518s] Level 1:colcon.colcon_core.package_identification:_identify(LCD_web/portamail_ui/venv/lib/python3.12/site-packages/engineio/async_drivers) by extensions ['ros']
[1.518s] Level 1:colcon.colcon_core.package_identification:_identify(LCD_web/portamail_ui/venv/lib/python3.12/site-packages/engineio/async_drivers) by extension 'ros'
[1.519s] Level 1:colcon.colcon_core.package_identification:_identify(LCD_web/portamail_ui/venv/lib/python3.12/site-packages/engineio/async_drivers) by extensions ['cmake', 'python']
[1.519s] Level 1:colcon.colcon_core.package_identification:_identify(LCD_web/portamail_ui/venv/lib/python3.12/site-packages/engineio/async_drivers) by extension 'cmake'
[1.519s] Level 1:colcon.colcon_core.package_identification:_identify(LCD_web/portamail_ui/venv/lib/python3.12/site-packages/engineio/async_drivers) by extension 'python'
[1.519s] Level 1:colcon.colcon_core.package_identification:_identify(LCD_web/portamail_ui/venv/lib/python3.12/site-packages/engineio/async_drivers) by extensions ['python_setup_py']
[1.519s] Level 1:colcon.colcon_core.package_identification:_identify(LCD_web/portamail_ui/venv/lib/python3.12/site-packages/engineio/async_drivers) by extension 'python_setup_py'
[1.519s] Level 1:colcon.colcon_core.package_identification:_identify(LCD_web/portamail_ui/venv/lib/python3.12/site-packages/engineio/async_drivers/__pycache__) by extensions ['ignore', 'ignore_ament_install']
[1.519s] Level 1:colcon.colcon_core.package_identification:_identify(LCD_web/portamail_ui/venv/lib/python3.12/site-packages/engineio/async_drivers/__pycache__) by extension 'ignore'
[1.519s] Level 1:colcon.colcon_core.package_identification:_identify(LCD_web/portamail_ui/venv/lib/python3.12/site-packages/engineio/async_drivers/__pycache__) by extension 'ignore_ament_install'
[1.519s] Level 1:colcon.colcon_core.package_identification:_identify(LCD_web/portamail_ui/venv/lib/python3.12/site-packages/engineio/async_drivers/__pycache__) by extensions ['colcon_pkg']
[1.519s] Level 1:colcon.colcon_core.package_identification:_identify(LCD_web/portamail_ui/venv/lib/python3.12/site-packages/engineio/async_drivers/__pycache__) by extension 'colcon_pkg'
[1.519s] Level 1:colcon.colcon_core.package_identification:_identify(LCD_web/portamail_ui/venv/lib/python3.12/site-packages/engineio/async_drivers/__pycache__) by extensions ['colcon_meta']
[1.519s] Level 1:colcon.colcon_core.package_identification:_identify(LCD_web/portamail_ui/venv/lib/python3.12/site-packages/engineio/async_drivers/__pycache__) by extension 'colcon_meta'
[1.519s] Level 1:colcon.colcon_core.package_identification:_identify(LCD_web/portamail_ui/venv/lib/python3.12/site-packages/engineio/async_drivers/__pycache__) by extensions ['ros']
[1.520s] Level 1:colcon.colcon_core.package_identification:_identify(LCD_web/portamail_ui/venv/lib/python3.12/site-packages/engineio/async_drivers/__pycache__) by extension 'ros'
[1.520s] Level 1:colcon.colcon_core.package_identification:_identify(LCD_web/portamail_ui/venv/lib/python3.12/site-packages/engineio/async_drivers/__pycache__) by extensions ['cmake', 'python']
[1.520s] Level 1:colcon.colcon_core.package_identification:_identify(LCD_web/portamail_ui/venv/lib/python3.12/site-packages/engineio/async_drivers/__pycache__) by extension 'cmake'
[1.520s] Level 1:colcon.colcon_core.package_identification:_identify(LCD_web/portamail_ui/venv/lib/python3.12/site-packages/engineio/async_drivers/__pycache__) by extension 'python'
[1.520s] Level 1:colcon.colcon_core.package_identification:_identify(LCD_web/portamail_ui/venv/lib/python3.12/site-packages/engineio/async_drivers/__pycache__) by extensions ['python_setup_py']
[1.520s] Level 1:colcon.colcon_core.package_identification:_identify(LCD_web/portamail_ui/venv/lib/python3.12/site-packages/engineio/async_drivers/__pycache__) by extension 'python_setup_py'
[1.520s] Level 1:colcon.colcon_core.package_identification:_identify(LCD_web/portamail_ui/venv/lib/python3.12/site-packages/eventlet) by extensions ['ignore', 'ignore_ament_install']
[1.520s] Level 1:colcon.colcon_core.package_identification:_identify(LCD_web/portamail_ui/venv/lib/python3.12/site-packages/eventlet) by extension 'ignore'
[1.521s] Level 1:colcon.colcon_core.package_identification:_identify(LCD_web/portamail_ui/venv/lib/python3.12/site-packages/eventlet) by extension 'ignore_ament_install'
[1.521s] Level 1:colcon.colcon_core.package_identification:_identify(LCD_web/portamail_ui/venv/lib/python3.12/site-packages/eventlet) by extensions ['colcon_pkg']
[1.521s] Level 1:colcon.colcon_core.package_identification:_identify(LCD_web/portamail_ui/venv/lib/python3.12/site-packages/eventlet) by extension 'colcon_pkg'
[1.521s] Level 1:colcon.colcon_core.package_identification:_identify(LCD_web/portamail_ui/venv/lib/python3.12/site-packages/eventlet) by extensions ['colcon_meta']
[1.521s] Level 1:colcon.colcon_core.package_identification:_identify(LCD_web/portamail_ui/venv/lib/python3.12/site-packages/eventlet) by extension 'colcon_meta'
[1.521s] Level 1:colcon.colcon_core.package_identification:_identify(LCD_web/portamail_ui/venv/lib/python3.12/site-packages/eventlet) by extensions ['ros']
[1.521s] Level 1:colcon.colcon_core.package_identification:_identify(LCD_web/portamail_ui/venv/lib/python3.12/site-packages/eventlet) by extension 'ros'
[1.521s] Level 1:colcon.colcon_core.package_identification:_identify(LCD_web/portamail_ui/venv/lib/python3.12/site-packages/eventlet) by extensions ['cmake', 'python']
[1.521s] Level 1:colcon.colcon_core.package_identification:_identify(LCD_web/portamail_ui/venv/lib/python3.12/site-packages/eventlet) by extension 'cmake'
[1.521s] Level 1:colcon.colcon_core.package_identification:_identify(LCD_web/portamail_ui/venv/lib/python3.12/site-packages/eventlet) by extension 'python'
[1.521s] Level 1:colcon.colcon_core.package_identification:_identify(LCD_web/portamail_ui/venv/lib/python3.12/site-packages/eventlet) by extensions ['python_setup_py']
[1.521s] Level 1:colcon.colcon_core.package_identification:_identify(LCD_web/portamail_ui/venv/lib/python3.12/site-packages/eventlet) by extension 'python_setup_py'
[1.522s] Level 1:colcon.colcon_core.package_identification:_identify(LCD_web/portamail_ui/venv/lib/python3.12/site-packages/eventlet/__pycache__) by extensions ['ignore', 'ignore_ament_install']
[1.522s] Level 1:colcon.colcon_core.package_identification:_identify(LCD_web/portamail_ui/venv/lib/python3.12/site-packages/eventlet/__pycache__) by extension 'ignore'
[1.522s] Level 1:colcon.colcon_core.package_identification:_identify(LCD_web/portamail_ui/venv/lib/python3.12/site-packages/eventlet/__pycache__) by extension 'ignore_ament_install'
[1.525s] Level 1:colcon.colcon_core.package_identification:_identify(LCD_web/portamail_ui/venv/lib/python3.12/site-packages/eventlet/__pycache__) by extensions ['colcon_pkg']
[1.525s] Level 1:colcon.colcon_core.package_identification:_identify(LCD_web/portamail_ui/venv/lib/python3.12/site-packages/eventlet/__pycache__) by extension 'colcon_pkg'
[1.525s] Level 1:colcon.colcon_core.package_identification:_identify(LCD_web/portamail_ui/venv/lib/python3.12/site-packages/eventlet/__pycache__) by extensions ['colcon_meta']
[1.525s] Level 1:colcon.colcon_core.package_identification:_identify(LCD_web/portamail_ui/venv/lib/python3.12/site-packages/eventlet/__pycache__) by extension 'colcon_meta'
[1.525s] Level 1:colcon.colcon_core.package_identification:_identify(LCD_web/portamail_ui/venv/lib/python3.12/site-packages/eventlet/__pycache__) by extensions ['ros']
[1.525s] Level 1:colcon.colcon_core.package_identification:_identify(LCD_web/portamail_ui/venv/lib/python3.12/site-packages/eventlet/__pycache__) by extension 'ros'
[1.525s] Level 1:colcon.colcon_core.package_identification:_identify(LCD_web/portamail_ui/venv/lib/python3.12/site-packages/eventlet/__pycache__) by extensions ['cmake', 'python']
[1.525s] Level 1:colcon.colcon_core.package_identification:_identify(LCD_web/portamail_ui/venv/lib/python3.12/site-packages/eventlet/__pycache__) by extension 'cmake'
[1.525s] Level 1:colcon.colcon_core.package_identification:_identify(LCD_web/portamail_ui/venv/lib/python3.12/site-packages/eventlet/__pycache__) by extension 'python'
[1.525s] Level 1:colcon.colcon_core.package_identification:_identify(LCD_web/portamail_ui/venv/lib/python3.12/site-packages/eventlet/__pycache__) by extensions ['python_setup_py']
[1.525s] Level 1:colcon.colcon_core.package_identification:_identify(LCD_web/portamail_ui/venv/lib/python3.12/site-packages/eventlet/__pycache__) by extension 'python_setup_py'
[1.525s] Level 1:colcon.colcon_core.package_identification:_identify(LCD_web/portamail_ui/venv/lib/python3.12/site-packages/eventlet/green) by extensions ['ignore', 'ignore_ament_install']
[1.526s] Level 1:colcon.colcon_core.package_identification:_identify(LCD_web/portamail_ui/venv/lib/python3.12/site-packages/eventlet/green) by extension 'ignore'
[1.526s] Level 1:colcon.colcon_core.package_identification:_identify(LCD_web/portamail_ui/venv/lib/python3.12/site-packages/eventlet/green) by extension 'ignore_ament_install'
[1.526s] Level 1:colcon.colcon_core.package_identification:_identify(LCD_web/portamail_ui/venv/lib/python3.12/site-packages/eventlet/green) by extensions ['colcon_pkg']
[1.526s] Level 1:colcon.colcon_core.package_identification:_identify(LCD_web/portamail_ui/venv/lib/python3.12/site-packages/eventlet/green) by extension 'colcon_pkg'
[1.526s] Level 1:colcon.colcon_core.package_identification:_identify(LCD_web/portamail_ui/venv/lib/python3.12/site-packages/eventlet/green) by extensions ['colcon_meta']
[1.526s] Level 1:colcon.colcon_core.package_identification:_identify(LCD_web/portamail_ui/venv/lib/python3.12/site-packages/eventlet/green) by extension 'colcon_meta'
[1.526s] Level 1:colcon.colcon_core.package_identification:_identify(LCD_web/portamail_ui/venv/lib/python3.12/site-packages/eventlet/green) by extensions ['ros']
[1.526s] Level 1:colcon.colcon_core.package_identification:_identify(LCD_web/portamail_ui/venv/lib/python3.12/site-packages/eventlet/green) by extension 'ros'
[1.526s] Level 1:colcon.colcon_core.package_identification:_identify(LCD_web/portamail_ui/venv/lib/python3.12/site-packages/eventlet/green) by extensions ['cmake', 'python']
[1.526s] Level 1:colcon.colcon_core.package_identification:_identify(LCD_web/portamail_ui/venv/lib/python3.12/site-packages/eventlet/green) by extension 'cmake'
[1.526s] Level 1:colcon.colcon_core.package_identification:_identify(LCD_web/portamail_ui/venv/lib/python3.12/site-packages/eventlet/green) by extension 'python'
[1.526s] Level 1:colcon.colcon_core.package_identification:_identify(LCD_web/portamail_ui/venv/lib/python3.12/site-packages/eventlet/green) by extensions ['python_setup_py']
[1.526s] Level 1:colcon.colcon_core.package_identification:_identify(LCD_web/portamail_ui/venv/lib/python3.12/site-packages/eventlet/green) by extension 'python_setup_py'
[1.527s] Level 1:colcon.colcon_core.package_identification:_identify(LCD_web/portamail_ui/venv/lib/python3.12/site-packages/eventlet/green/OpenSSL) by extensions ['ignore', 'ignore_ament_install']
[1.527s] Level 1:colcon.colcon_core.package_identification:_identify(LCD_web/portamail_ui/venv/lib/python3.12/site-packages/eventlet/green/OpenSSL) by extension 'ignore'
[1.527s] Level 1:colcon.colcon_core.package_identification:_identify(LCD_web/portamail_ui/venv/lib/python3.12/site-packages/eventlet/green/OpenSSL) by extension 'ignore_ament_install'
[1.527s] Level 1:colcon.colcon_core.package_identification:_identify(LCD_web/portamail_ui/venv/lib/python3.12/site-packages/eventlet/green/OpenSSL) by extensions ['colcon_pkg']
[1.527s] Level 1:colcon.colcon_core.package_identification:_identify(LCD_web/portamail_ui/venv/lib/python3.12/site-packages/eventlet/green/OpenSSL) by extension 'colcon_pkg'
[1.527s] Level 1:colcon.colcon_core.package_identification:_identify(LCD_web/portamail_ui/venv/lib/python3.12/site-packages/eventlet/green/OpenSSL) by extensions ['colcon_meta']
[1.527s] Level 1:colcon.colcon_core.package_identification:_identify(LCD_web/portamail_ui/venv/lib/python3.12/site-packages/eventlet/green/OpenSSL) by extension 'colcon_meta'
[1.527s] Level 1:colcon.colcon_core.package_identification:_identify(LCD_web/portamail_ui/venv/lib/python3.12/site-packages/eventlet/green/OpenSSL) by extensions ['ros']
[1.527s] Level 1:colcon.colcon_core.package_identification:_identify(LCD_web/portamail_ui/venv/lib/python3.12/site-packages/eventlet/green/OpenSSL) by extension 'ros'
[1.528s] Level 1:colcon.colcon_core.package_identification:_identify(LCD_web/portamail_ui/venv/lib/python3.12/site-packages/eventlet/green/OpenSSL) by extensions ['cmake', 'python']
[1.528s] Level 1:colcon.colcon_core.package_identification:_identify(LCD_web/portamail_ui/venv/lib/python3.12/site-packages/eventlet/green/OpenSSL) by extension 'cmake'
[1.528s] Level 1:colcon.colcon_core.package_identification:_identify(LCD_web/portamail_ui/venv/lib/python3.12/site-packages/eventlet/green/OpenSSL) by extension 'python'
[1.528s] Level 1:colcon.colcon_core.package_identification:_identify(LCD_web/portamail_ui/venv/lib/python3.12/site-packages/eventlet/green/OpenSSL) by extensions ['python_setup_py']
[1.528s] Level 1:colcon.colcon_core.package_identification:_identify(LCD_web/portamail_ui/venv/lib/python3.12/site-packages/eventlet/green/OpenSSL) by extension 'python_setup_py'
[1.528s] Level 1:colcon.colcon_core.package_identification:_identify(LCD_web/portamail_ui/venv/lib/python3.12/site-packages/eventlet/green/OpenSSL/__pycache__) by extensions ['ignore', 'ignore_ament_install']
[1.528s] Level 1:colcon.colcon_core.package_identification:_identify(LCD_web/portamail_ui/venv/lib/python3.12/site-packages/eventlet/green/OpenSSL/__pycache__) by extension 'ignore'
[1.528s] Level 1:colcon.colcon_core.package_identification:_identify(LCD_web/portamail_ui/venv/lib/python3.12/site-packages/eventlet/green/OpenSSL/__pycache__) by extension 'ignore_ament_install'
[1.528s] Level 1:colcon.colcon_core.package_identification:_identify(LCD_web/portamail_ui/venv/lib/python3.12/site-packages/eventlet/green/OpenSSL/__pycache__) by extensions ['colcon_pkg']
[1.528s] Level 1:colcon.colcon_core.package_identification:_identify(LCD_web/portamail_ui/venv/lib/python3.12/site-packages/eventlet/green/OpenSSL/__pycache__) by extension 'colcon_pkg'
[1.528s] Level 1:colcon.colcon_core.package_identification:_identify(LCD_web/portamail_ui/venv/lib/python3.12/site-packages/eventlet/green/OpenSSL/__pycache__) by extensions ['colcon_meta']
[1.528s] Level 1:colcon.colcon_core.package_identification:_identify(LCD_web/portamail_ui/venv/lib/python3.12/site-packages/eventlet/green/OpenSSL/__pycache__) by extension 'colcon_meta'
[1.528s] Level 1:colcon.colcon_core.package_identification:_identify(LCD_web/portamail_ui/venv/lib/python3.12/site-packages/eventlet/green/OpenSSL/__pycache__) by extensions ['ros']
[1.528s] Level 1:colcon.colcon_core.package_identification:_identify(LCD_web/portamail_ui/venv/lib/python3.12/site-packages/eventlet/green/OpenSSL/__pycache__) by extension 'ros'
[1.529s] Level 1:colcon.colcon_core.package_identification:_identify(LCD_web/portamail_ui/venv/lib/python3.12/site-packages/eventlet/green/OpenSSL/__pycache__) by extensions ['cmake', 'python']
[1.529s] Level 1:colcon.colcon_core.package_identification:_identify(LCD_web/portamail_ui/venv/lib/python3.12/site-packages/eventlet/green/OpenSSL/__pycache__) by extension 'cmake'
[1.529s] Level 1:colcon.colcon_core.package_identification:_identify(LCD_web/portamail_ui/venv/lib/python3.12/site-packages/eventlet/green/OpenSSL/__pycache__) by extension 'python'
[1.529s] Level 1:colcon.colcon_core.package_identification:_identify(LCD_web/portamail_ui/venv/lib/python3.12/site-packages/eventlet/green/OpenSSL/__pycache__) by extensions ['python_setup_py']
[1.529s] Level 1:colcon.colcon_core.package_identification:_identify(LCD_web/portamail_ui/venv/lib/python3.12/site-packages/eventlet/green/OpenSSL/__pycache__) by extension 'python_setup_py'
[1.529s] Level 1:colcon.colcon_core.package_identification:_identify(LCD_web/portamail_ui/venv/lib/python3.12/site-packages/eventlet/green/__pycache__) by extensions ['ignore', 'ignore_ament_install']
[1.529s] Level 1:colcon.colcon_core.package_identification:_identify(LCD_web/portamail_ui/venv/lib/python3.12/site-packages/eventlet/green/__pycache__) by extension 'ignore'
[1.529s] Level 1:colcon.colcon_core.package_identification:_identify(LCD_web/portamail_ui/venv/lib/python3.12/site-packages/eventlet/green/__pycache__) by extension 'ignore_ament_install'
[1.529s] Level 1:colcon.colcon_core.package_identification:_identify(LCD_web/portamail_ui/venv/lib/python3.12/site-packages/eventlet/green/__pycache__) by extensions ['colcon_pkg']
[1.529s] Level 1:colcon.colcon_core.package_identification:_identify(LCD_web/portamail_ui/venv/lib/python3.12/site-packages/eventlet/green/__pycache__) by extension 'colcon_pkg'
[1.529s] Level 1:colcon.colcon_core.package_identification:_identify(LCD_web/portamail_ui/venv/lib/python3.12/site-packages/eventlet/green/__pycache__) by extensions ['colcon_meta']
[1.530s] Level 1:colcon.colcon_core.package_identification:_identify(LCD_web/portamail_ui/venv/lib/python3.12/site-packages/eventlet/green/__pycache__) by extension 'colcon_meta'
[1.530s] Level 1:colcon.colcon_core.package_identification:_identify(LCD_web/portamail_ui/venv/lib/python3.12/site-packages/eventlet/green/__pycache__) by extensions ['ros']
[1.530s] Level 1:colcon.colcon_core.package_identification:_identify(LCD_web/portamail_ui/venv/lib/python3.12/site-packages/eventlet/green/__pycache__) by extension 'ros'
[1.530s] Level 1:colcon.colcon_core.package_identification:_identify(LCD_web/portamail_ui/venv/lib/python3.12/site-packages/eventlet/green/__pycache__) by extensions ['cmake', 'python']
[1.530s] Level 1:colcon.colcon_core.package_identification:_identify(LCD_web/portamail_ui/venv/lib/python3.12/site-packages/eventlet/green/__pycache__) by extension 'cmake'
[1.530s] Level 1:colcon.colcon_core.package_identification:_identify(LCD_web/portamail_ui/venv/lib/python3.12/site-packages/eventlet/green/__pycache__) by extension 'python'
[1.530s] Level 1:colcon.colcon_core.package_identification:_identify(LCD_web/portamail_ui/venv/lib/python3.12/site-packages/eventlet/green/__pycache__) by extensions ['python_setup_py']
[1.530s] Level 1:colcon.colcon_core.package_identification:_identify(LCD_web/portamail_ui/venv/lib/python3.12/site-packages/eventlet/green/__pycache__) by extension 'python_setup_py'
[1.530s] Level 1:colcon.colcon_core.package_identification:_identify(LCD_web/portamail_ui/venv/lib/python3.12/site-packages/eventlet/green/http) by extensions ['ignore', 'ignore_ament_install']
[1.530s] Level 1:colcon.colcon_core.package_identification:_identify(LCD_web/portamail_ui/venv/lib/python3.12/site-packages/eventlet/green/http) by extension 'ignore'
[1.530s] Level 1:colcon.colcon_core.package_identification:_identify(LCD_web/portamail_ui/venv/lib/python3.12/site-packages/eventlet/green/http) by extension 'ignore_ament_install'
[1.530s] Level 1:colcon.colcon_core.package_identification:_identify(LCD_web/portamail_ui/venv/lib/python3.12/site-packages/eventlet/green/http) by extensions ['colcon_pkg']
[1.530s] Level 1:colcon.colcon_core.package_identification:_identify(LCD_web/portamail_ui/venv/lib/python3.12/site-packages/eventlet/green/http) by extension 'colcon_pkg'
[1.531s] Level 1:colcon.colcon_core.package_identification:_identify(LCD_web/portamail_ui/venv/lib/python3.12/site-packages/eventlet/green/http) by extensions ['colcon_meta']
[1.531s] Level 1:colcon.colcon_core.package_identification:_identify(LCD_web/portamail_ui/venv/lib/python3.12/site-packages/eventlet/green/http) by extension 'colcon_meta'
[1.531s] Level 1:colcon.colcon_core.package_identification:_identify(LCD_web/portamail_ui/venv/lib/python3.12/site-packages/eventlet/green/http) by extensions ['ros']
[1.533s] Level 1:colcon.colcon_core.package_identification:_identify(LCD_web/portamail_ui/venv/lib/python3.12/site-packages/eventlet/green/http) by extension 'ros'
[1.533s] Level 1:colcon.colcon_core.package_identification:_identify(LCD_web/portamail_ui/venv/lib/python3.12/site-packages/eventlet/green/http) by extensions ['cmake', 'python']
[1.533s] Level 1:colcon.colcon_core.package_identification:_identify(LCD_web/portamail_ui/venv/lib/python3.12/site-packages/eventlet/green/http) by extension 'cmake'
[1.533s] Level 1:colcon.colcon_core.package_identification:_identify(LCD_web/portamail_ui/venv/lib/python3.12/site-packages/eventlet/green/http) by extension 'python'
[1.533s] Level 1:colcon.colcon_core.package_identification:_identify(LCD_web/portamail_ui/venv/lib/python3.12/site-packages/eventlet/green/http) by extensions ['python_setup_py']
[1.533s] Level 1:colcon.colcon_core.package_identification:_identify(LCD_web/portamail_ui/venv/lib/python3.12/site-packages/eventlet/green/http) by extension 'python_setup_py'
[1.533s] Level 1:colcon.colcon_core.package_identification:_identify(LCD_web/portamail_ui/venv/lib/python3.12/site-packages/eventlet/green/http/__pycache__) by extensions ['ignore', 'ignore_ament_install']
[1.533s] Level 1:colcon.colcon_core.package_identification:_identify(LCD_web/portamail_ui/venv/lib/python3.12/site-packages/eventlet/green/http/__pycache__) by extension 'ignore'
[1.534s] Level 1:colcon.colcon_core.package_identification:_identify(LCD_web/portamail_ui/venv/lib/python3.12/site-packages/eventlet/green/http/__pycache__) by extension 'ignore_ament_install'
[1.534s] Level 1:colcon.colcon_core.package_identification:_identify(LCD_web/portamail_ui/venv/lib/python3.12/site-packages/eventlet/green/http/__pycache__) by extensions ['colcon_pkg']
[1.534s] Level 1:colcon.colcon_core.package_identification:_identify(LCD_web/portamail_ui/venv/lib/python3.12/site-packages/eventlet/green/http/__pycache__) by extension 'colcon_pkg'
[1.534s] Level 1:colcon.colcon_core.package_identification:_identify(LCD_web/portamail_ui/venv/lib/python3.12/site-packages/eventlet/green/http/__pycache__) by extensions ['colcon_meta']
[1.534s] Level 1:colcon.colcon_core.package_identification:_identify(LCD_web/portamail_ui/venv/lib/python3.12/site-packages/eventlet/green/http/__pycache__) by extension 'colcon_meta'
[1.534s] Level 1:colcon.colcon_core.package_identification:_identify(LCD_web/portamail_ui/venv/lib/python3.12/site-packages/eventlet/green/http/__pycache__) by extensions ['ros']
[1.534s] Level 1:colcon.colcon_core.package_identification:_identify(LCD_web/portamail_ui/venv/lib/python3.12/site-packages/eventlet/green/http/__pycache__) by extension 'ros'
[1.534s] Level 1:colcon.colcon_core.package_identification:_identify(LCD_web/portamail_ui/venv/lib/python3.12/site-packages/eventlet/green/http/__pycache__) by extensions ['cmake', 'python']
[1.534s] Level 1:colcon.colcon_core.package_identification:_identify(LCD_web/portamail_ui/venv/lib/python3.12/site-packages/eventlet/green/http/__pycache__) by extension 'cmake'
[1.534s] Level 1:colcon.colcon_core.package_identification:_identify(LCD_web/portamail_ui/venv/lib/python3.12/site-packages/eventlet/green/http/__pycache__) by extension 'python'
[1.534s] Level 1:colcon.colcon_core.package_identification:_identify(LCD_web/portamail_ui/venv/lib/python3.12/site-packages/eventlet/green/http/__pycache__) by extensions ['python_setup_py']
[1.534s] Level 1:colcon.colcon_core.package_identification:_identify(LCD_web/portamail_ui/venv/lib/python3.12/site-packages/eventlet/green/http/__pycache__) by extension 'python_setup_py'
[1.534s] Level 1:colcon.colcon_core.package_identification:_identify(LCD_web/portamail_ui/venv/lib/python3.12/site-packages/eventlet/green/urllib) by extensions ['ignore', 'ignore_ament_install']
[1.534s] Level 1:colcon.colcon_core.package_identification:_identify(LCD_web/portamail_ui/venv/lib/python3.12/site-packages/eventlet/green/urllib) by extension 'ignore'
[1.535s] Level 1:colcon.colcon_core.package_identification:_identify(LCD_web/portamail_ui/venv/lib/python3.12/site-packages/eventlet/green/urllib) by extension 'ignore_ament_install'
[1.535s] Level 1:colcon.colcon_core.package_identification:_identify(LCD_web/portamail_ui/venv/lib/python3.12/site-packages/eventlet/green/urllib) by extensions ['colcon_pkg']
[1.535s] Level 1:colcon.colcon_core.package_identification:_identify(LCD_web/portamail_ui/venv/lib/python3.12/site-packages/eventlet/green/urllib) by extension 'colcon_pkg'
[1.535s] Level 1:colcon.colcon_core.package_identification:_identify(LCD_web/portamail_ui/venv/lib/python3.12/site-packages/eventlet/green/urllib) by extensions ['colcon_meta']
[1.535s] Level 1:colcon.colcon_core.package_identification:_identify(LCD_web/portamail_ui/venv/lib/python3.12/site-packages/eventlet/green/urllib) by extension 'colcon_meta'
[1.535s] Level 1:colcon.colcon_core.package_identification:_identify(LCD_web/portamail_ui/venv/lib/python3.12/site-packages/eventlet/green/urllib) by extensions ['ros']
[1.535s] Level 1:colcon.colcon_core.package_identification:_identify(LCD_web/portamail_ui/venv/lib/python3.12/site-packages/eventlet/green/urllib) by extension 'ros'
[1.535s] Level 1:colcon.colcon_core.package_identification:_identify(LCD_web/portamail_ui/venv/lib/python3.12/site-packages/eventlet/green/urllib) by extensions ['cmake', 'python']
[1.535s] Level 1:colcon.colcon_core.package_identification:_identify(LCD_web/portamail_ui/venv/lib/python3.12/site-packages/eventlet/green/urllib) by extension 'cmake'
[1.535s] Level 1:colcon.colcon_core.package_identification:_identify(LCD_web/portamail_ui/venv/lib/python3.12/site-packages/eventlet/green/urllib) by extension 'python'
[1.535s] Level 1:colcon.colcon_core.package_identification:_identify(LCD_web/portamail_ui/venv/lib/python3.12/site-packages/eventlet/green/urllib) by extensions ['python_setup_py']
[1.536s] Level 1:colcon.colcon_core.package_identification:_identify(LCD_web/portamail_ui/venv/lib/python3.12/site-packages/eventlet/green/urllib) by extension 'python_setup_py'
[1.536s] Level 1:colcon.colcon_core.package_identification:_identify(LCD_web/portamail_ui/venv/lib/python3.12/site-packages/eventlet/green/urllib/__pycache__) by extensions ['ignore', 'ignore_ament_install']
[1.536s] Level 1:colcon.colcon_core.package_identification:_identify(LCD_web/portamail_ui/venv/lib/python3.12/site-packages/eventlet/green/urllib/__pycache__) by extension 'ignore'
[1.536s] Level 1:colcon.colcon_core.package_identification:_identify(LCD_web/portamail_ui/venv/lib/python3.12/site-packages/eventlet/green/urllib/__pycache__) by extension 'ignore_ament_install'
[1.536s] Level 1:colcon.colcon_core.package_identification:_identify(LCD_web/portamail_ui/venv/lib/python3.12/site-packages/eventlet/green/urllib/__pycache__) by extensions ['colcon_pkg']
[1.536s] Level 1:colcon.colcon_core.package_identification:_identify(LCD_web/portamail_ui/venv/lib/python3.12/site-packages/eventlet/green/urllib/__pycache__) by extension 'colcon_pkg'
[1.536s] Level 1:colcon.colcon_core.package_identification:_identify(LCD_web/portamail_ui/venv/lib/python3.12/site-packages/eventlet/green/urllib/__pycache__) by extensions ['colcon_meta']
[1.536s] Level 1:colcon.colcon_core.package_identification:_identify(LCD_web/portamail_ui/venv/lib/python3.12/site-packages/eventlet/green/urllib/__pycache__) by extension 'colcon_meta'
[1.537s] Level 1:colcon.colcon_core.package_identification:_identify(LCD_web/portamail_ui/venv/lib/python3.12/site-packages/eventlet/green/urllib/__pycache__) by extensions ['ros']
[1.537s] Level 1:colcon.colcon_core.package_identification:_identify(LCD_web/portamail_ui/venv/lib/python3.12/site-packages/eventlet/green/urllib/__pycache__) by extension 'ros'
[1.537s] Level 1:colcon.colcon_core.package_identification:_identify(LCD_web/portamail_ui/venv/lib/python3.12/site-packages/eventlet/green/urllib/__pycache__) by extensions ['cmake', 'python']
[1.537s] Level 1:colcon.colcon_core.package_identification:_identify(LCD_web/portamail_ui/venv/lib/python3.12/site-packages/eventlet/green/urllib/__pycache__) by extension 'cmake'
[1.537s] Level 1:colcon.colcon_core.package_identification:_identify(LCD_web/portamail_ui/venv/lib/python3.12/site-packages/eventlet/green/urllib/__pycache__) by extension 'python'
[1.537s] Level 1:colcon.colcon_core.package_identification:_identify(LCD_web/portamail_ui/venv/lib/python3.12/site-packages/eventlet/green/urllib/__pycache__) by extensions ['python_setup_py']
[1.537s] Level 1:colcon.colcon_core.package_identification:_identify(LCD_web/portamail_ui/venv/lib/python3.12/site-packages/eventlet/green/urllib/__pycache__) by extension 'python_setup_py'
[1.537s] Level 1:colcon.colcon_core.package_identification:_identify(LCD_web/portamail_ui/venv/lib/python3.12/site-packages/eventlet/greenio) by extensions ['ignore', 'ignore_ament_install']
[1.538s] Level 1:colcon.colcon_core.package_identification:_identify(LCD_web/portamail_ui/venv/lib/python3.12/site-packages/eventlet/greenio) by extension 'ignore'
[1.538s] Level 1:colcon.colcon_core.package_identification:_identify(LCD_web/portamail_ui/venv/lib/python3.12/site-packages/eventlet/greenio) by extension 'ignore_ament_install'
[1.538s] Level 1:colcon.colcon_core.package_identification:_identify(LCD_web/portamail_ui/venv/lib/python3.12/site-packages/eventlet/greenio) by extensions ['colcon_pkg']
[1.538s] Level 1:colcon.colcon_core.package_identification:_identify(LCD_web/portamail_ui/venv/lib/python3.12/site-packages/eventlet/greenio) by extension 'colcon_pkg'
[1.538s] Level 1:colcon.colcon_core.package_identification:_identify(LCD_web/portamail_ui/venv/lib/python3.12/site-packages/eventlet/greenio) by extensions ['colcon_meta']
[1.538s] Level 1:colcon.colcon_core.package_identification:_identify(LCD_web/portamail_ui/venv/lib/python3.12/site-packages/eventlet/greenio) by extension 'colcon_meta'
[1.538s] Level 1:colcon.colcon_core.package_identification:_identify(LCD_web/portamail_ui/venv/lib/python3.12/site-packages/eventlet/greenio) by extensions ['ros']
[1.538s] Level 1:colcon.colcon_core.package_identification:_identify(LCD_web/portamail_ui/venv/lib/python3.12/site-packages/eventlet/greenio) by extension 'ros'
[1.538s] Level 1:colcon.colcon_core.package_identification:_identify(LCD_web/portamail_ui/venv/lib/python3.12/site-packages/eventlet/greenio) by extensions ['cmake', 'python']
[1.538s] Level 1:colcon.colcon_core.package_identification:_identify(LCD_web/portamail_ui/venv/lib/python3.12/site-packages/eventlet/greenio) by extension 'cmake'
[1.538s] Level 1:colcon.colcon_core.package_identification:_identify(LCD_web/portamail_ui/venv/lib/python3.12/site-packages/eventlet/greenio) by extension 'python'
[1.538s] Level 1:colcon.colcon_core.package_identification:_identify(LCD_web/portamail_ui/venv/lib/python3.12/site-packages/eventlet/greenio) by extensions ['python_setup_py']
[1.538s] Level 1:colcon.colcon_core.package_identification:_identify(LCD_web/portamail_ui/venv/lib/python3.12/site-packages/eventlet/greenio) by extension 'python_setup_py'
[1.539s] Level 1:colcon.colcon_core.package_identification:_identify(LCD_web/portamail_ui/venv/lib/python3.12/site-packages/eventlet/greenio/__pycache__) by extensions ['ignore', 'ignore_ament_install']
[1.539s] Level 1:colcon.colcon_core.package_identification:_identify(LCD_web/portamail_ui/venv/lib/python3.12/site-packages/eventlet/greenio/__pycache__) by extension 'ignore'
[1.539s] Level 1:colcon.colcon_core.package_identification:_identify(LCD_web/portamail_ui/venv/lib/python3.12/site-packages/eventlet/greenio/__pycache__) by extension 'ignore_ament_install'
[1.539s] Level 1:colcon.colcon_core.package_identification:_identify(LCD_web/portamail_ui/venv/lib/python3.12/site-packages/eventlet/greenio/__pycache__) by extensions ['colcon_pkg']
[1.539s] Level 1:colcon.colcon_core.package_identification:_identify(LCD_web/portamail_ui/venv/lib/python3.12/site-packages/eventlet/greenio/__pycache__) by extension 'colcon_pkg'
[1.539s] Level 1:colcon.colcon_core.package_identification:_identify(LCD_web/portamail_ui/venv/lib/python3.12/site-packages/eventlet/greenio/__pycache__) by extensions ['colcon_meta']
[1.539s] Level 1:colcon.colcon_core.package_identification:_identify(LCD_web/portamail_ui/venv/lib/python3.12/site-packages/eventlet/greenio/__pycache__) by extension 'colcon_meta'
[1.539s] Level 1:colcon.colcon_core.package_identification:_identify(LCD_web/portamail_ui/venv/lib/python3.12/site-packages/eventlet/greenio/__pycache__) by extensions ['ros']
[1.539s] Level 1:colcon.colcon_core.package_identification:_identify(LCD_web/portamail_ui/venv/lib/python3.12/site-packages/eventlet/greenio/__pycache__) by extension 'ros'
[1.539s] Level 1:colcon.colcon_core.package_identification:_identify(LCD_web/portamail_ui/venv/lib/python3.12/site-packages/eventlet/greenio/__pycache__) by extensions ['cmake', 'python']
[1.540s] Level 1:colcon.colcon_core.package_identification:_identify(LCD_web/portamail_ui/venv/lib/python3.12/site-packages/eventlet/greenio/__pycache__) by extension 'cmake'
[1.540s] Level 1:colcon.colcon_core.package_identification:_identify(LCD_web/portamail_ui/venv/lib/python3.12/site-packages/eventlet/greenio/__pycache__) by extension 'python'
[1.540s] Level 1:colcon.colcon_core.package_identification:_identify(LCD_web/portamail_ui/venv/lib/python3.12/site-packages/eventlet/greenio/__pycache__) by extensions ['python_setup_py']
[1.540s] Level 1:colcon.colcon_core.package_identification:_identify(LCD_web/portamail_ui/venv/lib/python3.12/site-packages/eventlet/greenio/__pycache__) by extension 'python_setup_py'
[1.540s] Level 1:colcon.colcon_core.package_identification:_identify(LCD_web/portamail_ui/venv/lib/python3.12/site-packages/eventlet/hubs) by extensions ['ignore', 'ignore_ament_install']
[1.543s] Level 1:colcon.colcon_core.package_identification:_identify(LCD_web/portamail_ui/venv/lib/python3.12/site-packages/eventlet/hubs) by extension 'ignore'
[1.543s] Level 1:colcon.colcon_core.package_identification:_identify(LCD_web/portamail_ui/venv/lib/python3.12/site-packages/eventlet/hubs) by extension 'ignore_ament_install'
[1.543s] Level 1:colcon.colcon_core.package_identification:_identify(LCD_web/portamail_ui/venv/lib/python3.12/site-packages/eventlet/hubs) by extensions ['colcon_pkg']
[1.543s] Level 1:colcon.colcon_core.package_identification:_identify(LCD_web/portamail_ui/venv/lib/python3.12/site-packages/eventlet/hubs) by extension 'colcon_pkg'
[1.543s] Level 1:colcon.colcon_core.package_identification:_identify(LCD_web/portamail_ui/venv/lib/python3.12/site-packages/eventlet/hubs) by extensions ['colcon_meta']
[1.543s] Level 1:colcon.colcon_core.package_identification:_identify(LCD_web/portamail_ui/venv/lib/python3.12/site-packages/eventlet/hubs) by extension 'colcon_meta'
[1.543s] Level 1:colcon.colcon_core.package_identification:_identify(LCD_web/portamail_ui/venv/lib/python3.12/site-packages/eventlet/hubs) by extensions ['ros']
[1.544s] Level 1:colcon.colcon_core.package_identification:_identify(LCD_web/portamail_ui/venv/lib/python3.12/site-packages/eventlet/hubs) by extension 'ros'
[1.544s] Level 1:colcon.colcon_core.package_identification:_identify(LCD_web/portamail_ui/venv/lib/python3.12/site-packages/eventlet/hubs) by extensions ['cmake', 'python']
[1.544s] Level 1:colcon.colcon_core.package_identification:_identify(LCD_web/portamail_ui/venv/lib/python3.12/site-packages/eventlet/hubs) by extension 'cmake'
[1.544s] Level 1:colcon.colcon_core.package_identification:_identify(LCD_web/portamail_ui/venv/lib/python3.12/site-packages/eventlet/hubs) by extension 'python'
[1.544s] Level 1:colcon.colcon_core.package_identification:_identify(LCD_web/portamail_ui/venv/lib/python3.12/site-packages/eventlet/hubs) by extensions ['python_setup_py']
[1.544s] Level 1:colcon.colcon_core.package_identification:_identify(LCD_web/portamail_ui/venv/lib/python3.12/site-packages/eventlet/hubs) by extension 'python_setup_py'
[1.544s] Level 1:colcon.colcon_core.package_identification:_identify(LCD_web/portamail_ui/venv/lib/python3.12/site-packages/eventlet/hubs/__pycache__) by extensions ['ignore', 'ignore_ament_install']
[1.544s] Level 1:colcon.colcon_core.package_identification:_identify(LCD_web/portamail_ui/venv/lib/python3.12/site-packages/eventlet/hubs/__pycache__) by extension 'ignore'
[1.544s] Level 1:colcon.colcon_core.package_identification:_identify(LCD_web/portamail_ui/venv/lib/python3.12/site-packages/eventlet/hubs/__pycache__) by extension 'ignore_ament_install'
[1.544s] Level 1:colcon.colcon_core.package_identification:_identify(LCD_web/portamail_ui/venv/lib/python3.12/site-packages/eventlet/hubs/__pycache__) by extensions ['colcon_pkg']
[1.544s] Level 1:colcon.colcon_core.package_identification:_identify(LCD_web/portamail_ui/venv/lib/python3.12/site-packages/eventlet/hubs/__pycache__) by extension 'colcon_pkg'
[1.544s] Level 1:colcon.colcon_core.package_identification:_identify(LCD_web/portamail_ui/venv/lib/python3.12/site-packages/eventlet/hubs/__pycache__) by extensions ['colcon_meta']
[1.544s] Level 1:colcon.colcon_core.package_identification:_identify(LCD_web/portamail_ui/venv/lib/python3.12/site-packages/eventlet/hubs/__pycache__) by extension 'colcon_meta'
[1.545s] Level 1:colcon.colcon_core.package_identification:_identify(LCD_web/portamail_ui/venv/lib/python3.12/site-packages/eventlet/hubs/__pycache__) by extensions ['ros']
[1.545s] Level 1:colcon.colcon_core.package_identification:_identify(LCD_web/portamail_ui/venv/lib/python3.12/site-packages/eventlet/hubs/__pycache__) by extension 'ros'
[1.545s] Level 1:colcon.colcon_core.package_identification:_identify(LCD_web/portamail_ui/venv/lib/python3.12/site-packages/eventlet/hubs/__pycache__) by extensions ['cmake', 'python']
[1.545s] Level 1:colcon.colcon_core.package_identification:_identify(LCD_web/portamail_ui/venv/lib/python3.12/site-packages/eventlet/hubs/__pycache__) by extension 'cmake'
[1.545s] Level 1:colcon.colcon_core.package_identification:_identify(LCD_web/portamail_ui/venv/lib/python3.12/site-packages/eventlet/hubs/__pycache__) by extension 'python'
[1.545s] Level 1:colcon.colcon_core.package_identification:_identify(LCD_web/portamail_ui/venv/lib/python3.12/site-packages/eventlet/hubs/__pycache__) by extensions ['python_setup_py']
[1.545s] Level 1:colcon.colcon_core.package_identification:_identify(LCD_web/portamail_ui/venv/lib/python3.12/site-packages/eventlet/hubs/__pycache__) by extension 'python_setup_py'
[1.545s] Level 1:colcon.colcon_core.package_identification:_identify(LCD_web/portamail_ui/venv/lib/python3.12/site-packages/eventlet/support) by extensions ['ignore', 'ignore_ament_install']
[1.545s] Level 1:colcon.colcon_core.package_identification:_identify(LCD_web/portamail_ui/venv/lib/python3.12/site-packages/eventlet/support) by extension 'ignore'
[1.545s] Level 1:colcon.colcon_core.package_identification:_identify(LCD_web/portamail_ui/venv/lib/python3.12/site-packages/eventlet/support) by extension 'ignore_ament_install'
[1.545s] Level 1:colcon.colcon_core.package_identification:_identify(LCD_web/portamail_ui/venv/lib/python3.12/site-packages/eventlet/support) by extensions ['colcon_pkg']
[1.545s] Level 1:colcon.colcon_core.package_identification:_identify(LCD_web/portamail_ui/venv/lib/python3.12/site-packages/eventlet/support) by extension 'colcon_pkg'
[1.545s] Level 1:colcon.colcon_core.package_identification:_identify(LCD_web/portamail_ui/venv/lib/python3.12/site-packages/eventlet/support) by extensions ['colcon_meta']
[1.545s] Level 1:colcon.colcon_core.package_identification:_identify(LCD_web/portamail_ui/venv/lib/python3.12/site-packages/eventlet/support) by extension 'colcon_meta'
[1.545s] Level 1:colcon.colcon_core.package_identification:_identify(LCD_web/portamail_ui/venv/lib/python3.12/site-packages/eventlet/support) by extensions ['ros']
[1.545s] Level 1:colcon.colcon_core.package_identification:_identify(LCD_web/portamail_ui/venv/lib/python3.12/site-packages/eventlet/support) by extension 'ros'
[1.546s] Level 1:colcon.colcon_core.package_identification:_identify(LCD_web/portamail_ui/venv/lib/python3.12/site-packages/eventlet/support) by extensions ['cmake', 'python']
[1.546s] Level 1:colcon.colcon_core.package_identification:_identify(LCD_web/portamail_ui/venv/lib/python3.12/site-packages/eventlet/support) by extension 'cmake'
[1.546s] Level 1:colcon.colcon_core.package_identification:_identify(LCD_web/portamail_ui/venv/lib/python3.12/site-packages/eventlet/support) by extension 'python'
[1.546s] Level 1:colcon.colcon_core.package_identification:_identify(LCD_web/portamail_ui/venv/lib/python3.12/site-packages/eventlet/support) by extensions ['python_setup_py']
[1.546s] Level 1:colcon.colcon_core.package_identification:_identify(LCD_web/portamail_ui/venv/lib/python3.12/site-packages/eventlet/support) by extension 'python_setup_py'
[1.547s] Level 1:colcon.colcon_core.package_identification:_identify(LCD_web/portamail_ui/venv/lib/python3.12/site-packages/eventlet/support/__pycache__) by extensions ['ignore', 'ignore_ament_install']
[1.547s] Level 1:colcon.colcon_core.package_identification:_identify(LCD_web/portamail_ui/venv/lib/python3.12/site-packages/eventlet/support/__pycache__) by extension 'ignore'
[1.547s] Level 1:colcon.colcon_core.package_identification:_identify(LCD_web/portamail_ui/venv/lib/python3.12/site-packages/eventlet/support/__pycache__) by extension 'ignore_ament_install'
[1.548s] Level 1:colcon.colcon_core.package_identification:_identify(LCD_web/portamail_ui/venv/lib/python3.12/site-packages/eventlet/support/__pycache__) by extensions ['colcon_pkg']
[1.548s] Level 1:colcon.colcon_core.package_identification:_identify(LCD_web/portamail_ui/venv/lib/python3.12/site-packages/eventlet/support/__pycache__) by extension 'colcon_pkg'
[1.548s] Level 1:colcon.colcon_core.package_identification:_identify(LCD_web/portamail_ui/venv/lib/python3.12/site-packages/eventlet/support/__pycache__) by extensions ['colcon_meta']
[1.548s] Level 1:colcon.colcon_core.package_identification:_identify(LCD_web/portamail_ui/venv/lib/python3.12/site-packages/eventlet/support/__pycache__) by extension 'colcon_meta'
[1.548s] Level 1:colcon.colcon_core.package_identification:_identify(LCD_web/portamail_ui/venv/lib/python3.12/site-packages/eventlet/support/__pycache__) by extensions ['ros']
[1.548s] Level 1:colcon.colcon_core.package_identification:_identify(LCD_web/portamail_ui/venv/lib/python3.12/site-packages/eventlet/support/__pycache__) by extension 'ros'
[1.548s] Level 1:colcon.colcon_core.package_identification:_identify(LCD_web/portamail_ui/venv/lib/python3.12/site-packages/eventlet/support/__pycache__) by extensions ['cmake', 'python']
[1.548s] Level 1:colcon.colcon_core.package_identification:_identify(LCD_web/portamail_ui/venv/lib/python3.12/site-packages/eventlet/support/__pycache__) by extension 'cmake'
[1.548s] Level 1:colcon.colcon_core.package_identification:_identify(LCD_web/portamail_ui/venv/lib/python3.12/site-packages/eventlet/support/__pycache__) by extension 'python'
[1.549s] Level 1:colcon.colcon_core.package_identification:_identify(LCD_web/portamail_ui/venv/lib/python3.12/site-packages/eventlet/support/__pycache__) by extensions ['python_setup_py']
[1.549s] Level 1:colcon.colcon_core.package_identification:_identify(LCD_web/portamail_ui/venv/lib/python3.12/site-packages/eventlet/support/__pycache__) by extension 'python_setup_py'
[1.550s] Level 1:colcon.colcon_core.package_identification:_identify(LCD_web/portamail_ui/venv/lib/python3.12/site-packages/eventlet/zipkin) by extensions ['ignore', 'ignore_ament_install']
[1.550s] Level 1:colcon.colcon_core.package_identification:_identify(LCD_web/portamail_ui/venv/lib/python3.12/site-packages/eventlet/zipkin) by extension 'ignore'
[1.550s] Level 1:colcon.colcon_core.package_identification:_identify(LCD_web/portamail_ui/venv/lib/python3.12/site-packages/eventlet/zipkin) by extension 'ignore_ament_install'
[1.551s] Level 1:colcon.colcon_core.package_identification:_identify(LCD_web/portamail_ui/venv/lib/python3.12/site-packages/eventlet/zipkin) by extensions ['colcon_pkg']
[1.551s] Level 1:colcon.colcon_core.package_identification:_identify(LCD_web/portamail_ui/venv/lib/python3.12/site-packages/eventlet/zipkin) by extension 'colcon_pkg'
[1.551s] Level 1:colcon.colcon_core.package_identification:_identify(LCD_web/portamail_ui/venv/lib/python3.12/site-packages/eventlet/zipkin) by extensions ['colcon_meta']
[1.551s] Level 1:colcon.colcon_core.package_identification:_identify(LCD_web/portamail_ui/venv/lib/python3.12/site-packages/eventlet/zipkin) by extension 'colcon_meta'
[1.551s] Level 1:colcon.colcon_core.package_identification:_identify(LCD_web/portamail_ui/venv/lib/python3.12/site-packages/eventlet/zipkin) by extensions ['ros']
[1.551s] Level 1:colcon.colcon_core.package_identification:_identify(LCD_web/portamail_ui/venv/lib/python3.12/site-packages/eventlet/zipkin) by extension 'ros'
[1.551s] Level 1:colcon.colcon_core.package_identification:_identify(LCD_web/portamail_ui/venv/lib/python3.12/site-packages/eventlet/zipkin) by extensions ['cmake', 'python']
[1.551s] Level 1:colcon.colcon_core.package_identification:_identify(LCD_web/portamail_ui/venv/lib/python3.12/site-packages/eventlet/zipkin) by extension 'cmake'
[1.551s] Level 1:colcon.colcon_core.package_identification:_identify(LCD_web/portamail_ui/venv/lib/python3.12/site-packages/eventlet/zipkin) by extension 'python'
[1.551s] Level 1:colcon.colcon_core.package_identification:_identify(LCD_web/portamail_ui/venv/lib/python3.12/site-packages/eventlet/zipkin) by extensions ['python_setup_py']
[1.551s] Level 1:colcon.colcon_core.package_identification:_identify(LCD_web/portamail_ui/venv/lib/python3.12/site-packages/eventlet/zipkin) by extension 'python_setup_py'
[1.551s] Level 1:colcon.colcon_core.package_identification:_identify(LCD_web/portamail_ui/venv/lib/python3.12/site-packages/eventlet/zipkin/__pycache__) by extensions ['ignore', 'ignore_ament_install']
[1.552s] Level 1:colcon.colcon_core.package_identification:_identify(LCD_web/portamail_ui/venv/lib/python3.12/site-packages/eventlet/zipkin/__pycache__) by extension 'ignore'
[1.552s] Level 1:colcon.colcon_core.package_identification:_identify(LCD_web/portamail_ui/venv/lib/python3.12/site-packages/eventlet/zipkin/__pycache__) by extension 'ignore_ament_install'
[1.552s] Level 1:colcon.colcon_core.package_identification:_identify(LCD_web/portamail_ui/venv/lib/python3.12/site-packages/eventlet/zipkin/__pycache__) by extensions ['colcon_pkg']
[1.552s] Level 1:colcon.colcon_core.package_identification:_identify(LCD_web/portamail_ui/venv/lib/python3.12/site-packages/eventlet/zipkin/__pycache__) by extension 'colcon_pkg'
[1.552s] Level 1:colcon.colcon_core.package_identification:_identify(LCD_web/portamail_ui/venv/lib/python3.12/site-packages/eventlet/zipkin/__pycache__) by extensions ['colcon_meta']
[1.552s] Level 1:colcon.colcon_core.package_identification:_identify(LCD_web/portamail_ui/venv/lib/python3.12/site-packages/eventlet/zipkin/__pycache__) by extension 'colcon_meta'
[1.552s] Level 1:colcon.colcon_core.package_identification:_identify(LCD_web/portamail_ui/venv/lib/python3.12/site-packages/eventlet/zipkin/__pycache__) by extensions ['ros']
[1.552s] Level 1:colcon.colcon_core.package_identification:_identify(LCD_web/portamail_ui/venv/lib/python3.12/site-packages/eventlet/zipkin/__pycache__) by extension 'ros'
[1.552s] Level 1:colcon.colcon_core.package_identification:_identify(LCD_web/portamail_ui/venv/lib/python3.12/site-packages/eventlet/zipkin/__pycache__) by extensions ['cmake', 'python']
[1.552s] Level 1:colcon.colcon_core.package_identification:_identify(LCD_web/portamail_ui/venv/lib/python3.12/site-packages/eventlet/zipkin/__pycache__) by extension 'cmake'
[1.552s] Level 1:colcon.colcon_core.package_identification:_identify(LCD_web/portamail_ui/venv/lib/python3.12/site-packages/eventlet/zipkin/__pycache__) by extension 'python'
[1.552s] Level 1:colcon.colcon_core.package_identification:_identify(LCD_web/portamail_ui/venv/lib/python3.12/site-packages/eventlet/zipkin/__pycache__) by extensions ['python_setup_py']
[1.553s] Level 1:colcon.colcon_core.package_identification:_identify(LCD_web/portamail_ui/venv/lib/python3.12/site-packages/eventlet/zipkin/__pycache__) by extension 'python_setup_py'
[1.553s] Level 1:colcon.colcon_core.package_identification:_identify(LCD_web/portamail_ui/venv/lib/python3.12/site-packages/eventlet/zipkin/_thrift) by extensions ['ignore', 'ignore_ament_install']
[1.554s] Level 1:colcon.colcon_core.package_identification:_identify(LCD_web/portamail_ui/venv/lib/python3.12/site-packages/eventlet/zipkin/_thrift) by extension 'ignore'
[1.555s] Level 1:colcon.colcon_core.package_identification:_identify(LCD_web/portamail_ui/venv/lib/python3.12/site-packages/eventlet/zipkin/_thrift) by extension 'ignore_ament_install'
[1.555s] Level 1:colcon.colcon_core.package_identification:_identify(LCD_web/portamail_ui/venv/lib/python3.12/site-packages/eventlet/zipkin/_thrift) by extensions ['colcon_pkg']
[1.558s] Level 1:colcon.colcon_core.package_identification:_identify(LCD_web/portamail_ui/venv/lib/python3.12/site-packages/eventlet/zipkin/_thrift) by extension 'colcon_pkg'
[1.559s] Level 1:colcon.colcon_core.package_identification:_identify(LCD_web/portamail_ui/venv/lib/python3.12/site-packages/eventlet/zipkin/_thrift) by extensions ['colcon_meta']
[1.559s] Level 1:colcon.colcon_core.package_identification:_identify(LCD_web/portamail_ui/venv/lib/python3.12/site-packages/eventlet/zipkin/_thrift) by extension 'colcon_meta'
[1.559s] Level 1:colcon.colcon_core.package_identification:_identify(LCD_web/portamail_ui/venv/lib/python3.12/site-packages/eventlet/zipkin/_thrift) by extensions ['ros']
[1.559s] Level 1:colcon.colcon_core.package_identification:_identify(LCD_web/portamail_ui/venv/lib/python3.12/site-packages/eventlet/zipkin/_thrift) by extension 'ros'
[1.559s] Level 1:colcon.colcon_core.package_identification:_identify(LCD_web/portamail_ui/venv/lib/python3.12/site-packages/eventlet/zipkin/_thrift) by extensions ['cmake', 'python']
[1.559s] Level 1:colcon.colcon_core.package_identification:_identify(LCD_web/portamail_ui/venv/lib/python3.12/site-packages/eventlet/zipkin/_thrift) by extension 'cmake'
[1.559s] Level 1:colcon.colcon_core.package_identification:_identify(LCD_web/portamail_ui/venv/lib/python3.12/site-packages/eventlet/zipkin/_thrift) by extension 'python'
[1.560s] Level 1:colcon.colcon_core.package_identification:_identify(LCD_web/portamail_ui/venv/lib/python3.12/site-packages/eventlet/zipkin/_thrift) by extensions ['python_setup_py']
[1.560s] Level 1:colcon.colcon_core.package_identification:_identify(LCD_web/portamail_ui/venv/lib/python3.12/site-packages/eventlet/zipkin/_thrift) by extension 'python_setup_py'
[1.561s] Level 1:colcon.colcon_core.package_identification:_identify(LCD_web/portamail_ui/venv/lib/python3.12/site-packages/eventlet/zipkin/_thrift/__pycache__) by extensions ['ignore', 'ignore_ament_install']
[1.563s] Level 1:colcon.colcon_core.package_identification:_identify(LCD_web/portamail_ui/venv/lib/python3.12/site-packages/eventlet/zipkin/_thrift/__pycache__) by extension 'ignore'
[1.563s] Level 1:colcon.colcon_core.package_identification:_identify(LCD_web/portamail_ui/venv/lib/python3.12/site-packages/eventlet/zipkin/_thrift/__pycache__) by extension 'ignore_ament_install'
[1.563s] Level 1:colcon.colcon_core.package_identification:_identify(LCD_web/portamail_ui/venv/lib/python3.12/site-packages/eventlet/zipkin/_thrift/__pycache__) by extensions ['colcon_pkg']
[1.563s] Level 1:colcon.colcon_core.package_identification:_identify(LCD_web/portamail_ui/venv/lib/python3.12/site-packages/eventlet/zipkin/_thrift/__pycache__) by extension 'colcon_pkg'
[1.563s] Level 1:colcon.colcon_core.package_identification:_identify(LCD_web/portamail_ui/venv/lib/python3.12/site-packages/eventlet/zipkin/_thrift/__pycache__) by extensions ['colcon_meta']
[1.563s] Level 1:colcon.colcon_core.package_identification:_identify(LCD_web/portamail_ui/venv/lib/python3.12/site-packages/eventlet/zipkin/_thrift/__pycache__) by extension 'colcon_meta'
[1.564s] Level 1:colcon.colcon_core.package_identification:_identify(LCD_web/portamail_ui/venv/lib/python3.12/site-packages/eventlet/zipkin/_thrift/__pycache__) by extensions ['ros']
[1.564s] Level 1:colcon.colcon_core.package_identification:_identify(LCD_web/portamail_ui/venv/lib/python3.12/site-packages/eventlet/zipkin/_thrift/__pycache__) by extension 'ros'
[1.564s] Level 1:colcon.colcon_core.package_identification:_identify(LCD_web/portamail_ui/venv/lib/python3.12/site-packages/eventlet/zipkin/_thrift/__pycache__) by extensions ['cmake', 'python']
[1.564s] Level 1:colcon.colcon_core.package_identification:_identify(LCD_web/portamail_ui/venv/lib/python3.12/site-packages/eventlet/zipkin/_thrift/__pycache__) by extension 'cmake'
[1.564s] Level 1:colcon.colcon_core.package_identification:_identify(LCD_web/portamail_ui/venv/lib/python3.12/site-packages/eventlet/zipkin/_thrift/__pycache__) by extension 'python'
[1.564s] Level 1:colcon.colcon_core.package_identification:_identify(LCD_web/portamail_ui/venv/lib/python3.12/site-packages/eventlet/zipkin/_thrift/__pycache__) by extensions ['python_setup_py']
[1.564s] Level 1:colcon.colcon_core.package_identification:_identify(LCD_web/portamail_ui/venv/lib/python3.12/site-packages/eventlet/zipkin/_thrift/__pycache__) by extension 'python_setup_py'
[1.564s] Level 1:colcon.colcon_core.package_identification:_identify(LCD_web/portamail_ui/venv/lib/python3.12/site-packages/eventlet/zipkin/_thrift/zipkinCore) by extensions ['ignore', 'ignore_ament_install']
[1.564s] Level 1:colcon.colcon_core.package_identification:_identify(LCD_web/portamail_ui/venv/lib/python3.12/site-packages/eventlet/zipkin/_thrift/zipkinCore) by extension 'ignore'
[1.564s] Level 1:colcon.colcon_core.package_identification:_identify(LCD_web/portamail_ui/venv/lib/python3.12/site-packages/eventlet/zipkin/_thrift/zipkinCore) by extension 'ignore_ament_install'
[1.565s] Level 1:colcon.colcon_core.package_identification:_identify(LCD_web/portamail_ui/venv/lib/python3.12/site-packages/eventlet/zipkin/_thrift/zipkinCore) by extensions ['colcon_pkg']
[1.565s] Level 1:colcon.colcon_core.package_identification:_identify(LCD_web/portamail_ui/venv/lib/python3.12/site-packages/eventlet/zipkin/_thrift/zipkinCore) by extension 'colcon_pkg'
[1.565s] Level 1:colcon.colcon_core.package_identification:_identify(LCD_web/portamail_ui/venv/lib/python3.12/site-packages/eventlet/zipkin/_thrift/zipkinCore) by extensions ['colcon_meta']
[1.565s] Level 1:colcon.colcon_core.package_identification:_identify(LCD_web/portamail_ui/venv/lib/python3.12/site-packages/eventlet/zipkin/_thrift/zipkinCore) by extension 'colcon_meta'
[1.565s] Level 1:colcon.colcon_core.package_identification:_identify(LCD_web/portamail_ui/venv/lib/python3.12/site-packages/eventlet/zipkin/_thrift/zipkinCore) by extensions ['ros']
[1.565s] Level 1:colcon.colcon_core.package_identification:_identify(LCD_web/portamail_ui/venv/lib/python3.12/site-packages/eventlet/zipkin/_thrift/zipkinCore) by extension 'ros'
[1.565s] Level 1:colcon.colcon_core.package_identification:_identify(LCD_web/portamail_ui/venv/lib/python3.12/site-packages/eventlet/zipkin/_thrift/zipkinCore) by extensions ['cmake', 'python']
[1.565s] Level 1:colcon.colcon_core.package_identification:_identify(LCD_web/portamail_ui/venv/lib/python3.12/site-packages/eventlet/zipkin/_thrift/zipkinCore) by extension 'cmake'
[1.565s] Level 1:colcon.colcon_core.package_identification:_identify(LCD_web/portamail_ui/venv/lib/python3.12/site-packages/eventlet/zipkin/_thrift/zipkinCore) by extension 'python'
[1.565s] Level 1:colcon.colcon_core.package_identification:_identify(LCD_web/portamail_ui/venv/lib/python3.12/site-packages/eventlet/zipkin/_thrift/zipkinCore) by extensions ['python_setup_py']
[1.565s] Level 1:colcon.colcon_core.package_identification:_identify(LCD_web/portamail_ui/venv/lib/python3.12/site-packages/eventlet/zipkin/_thrift/zipkinCore) by extension 'python_setup_py'
[1.565s] Level 1:colcon.colcon_core.package_identification:_identify(LCD_web/portamail_ui/venv/lib/python3.12/site-packages/eventlet/zipkin/_thrift/zipkinCore/__pycache__) by extensions ['ignore', 'ignore_ament_install']
[1.566s] Level 1:colcon.colcon_core.package_identification:_identify(LCD_web/portamail_ui/venv/lib/python3.12/site-packages/eventlet/zipkin/_thrift/zipkinCore/__pycache__) by extension 'ignore'
[1.566s] Level 1:colcon.colcon_core.package_identification:_identify(LCD_web/portamail_ui/venv/lib/python3.12/site-packages/eventlet/zipkin/_thrift/zipkinCore/__pycache__) by extension 'ignore_ament_install'
[1.566s] Level 1:colcon.colcon_core.package_identification:_identify(LCD_web/portamail_ui/venv/lib/python3.12/site-packages/eventlet/zipkin/_thrift/zipkinCore/__pycache__) by extensions ['colcon_pkg']
[1.566s] Level 1:colcon.colcon_core.package_identification:_identify(LCD_web/portamail_ui/venv/lib/python3.12/site-packages/eventlet/zipkin/_thrift/zipkinCore/__pycache__) by extension 'colcon_pkg'
[1.566s] Level 1:colcon.colcon_core.package_identification:_identify(LCD_web/portamail_ui/venv/lib/python3.12/site-packages/eventlet/zipkin/_thrift/zipkinCore/__pycache__) by extensions ['colcon_meta']
[1.566s] Level 1:colcon.colcon_core.package_identification:_identify(LCD_web/portamail_ui/venv/lib/python3.12/site-packages/eventlet/zipkin/_thrift/zipkinCore/__pycache__) by extension 'colcon_meta'
[1.566s] Level 1:colcon.colcon_core.package_identification:_identify(LCD_web/portamail_ui/venv/lib/python3.12/site-packages/eventlet/zipkin/_thrift/zipkinCore/__pycache__) by extensions ['ros']
[1.566s] Level 1:colcon.colcon_core.package_identification:_identify(LCD_web/portamail_ui/venv/lib/python3.12/site-packages/eventlet/zipkin/_thrift/zipkinCore/__pycache__) by extension 'ros'
[1.566s] Level 1:colcon.colcon_core.package_identification:_identify(LCD_web/portamail_ui/venv/lib/python3.12/site-packages/eventlet/zipkin/_thrift/zipkinCore/__pycache__) by extensions ['cmake', 'python']
[1.566s] Level 1:colcon.colcon_core.package_identification:_identify(LCD_web/portamail_ui/venv/lib/python3.12/site-packages/eventlet/zipkin/_thrift/zipkinCore/__pycache__) by extension 'cmake'
[1.567s] Level 1:colcon.colcon_core.package_identification:_identify(LCD_web/portamail_ui/venv/lib/python3.12/site-packages/eventlet/zipkin/_thrift/zipkinCore/__pycache__) by extension 'python'
[1.567s] Level 1:colcon.colcon_core.package_identification:_identify(LCD_web/portamail_ui/venv/lib/python3.12/site-packages/eventlet/zipkin/_thrift/zipkinCore/__pycache__) by extensions ['python_setup_py']
[1.568s] Level 1:colcon.colcon_core.package_identification:_identify(LCD_web/portamail_ui/venv/lib/python3.12/site-packages/eventlet/zipkin/_thrift/zipkinCore/__pycache__) by extension 'python_setup_py'
[1.569s] Level 1:colcon.colcon_core.package_identification:_identify(LCD_web/portamail_ui/venv/lib/python3.12/site-packages/eventlet/zipkin/example) by extensions ['ignore', 'ignore_ament_install']
[1.569s] Level 1:colcon.colcon_core.package_identification:_identify(LCD_web/portamail_ui/venv/lib/python3.12/site-packages/eventlet/zipkin/example) by extension 'ignore'
[1.569s] Level 1:colcon.colcon_core.package_identification:_identify(LCD_web/portamail_ui/venv/lib/python3.12/site-packages/eventlet/zipkin/example) by extension 'ignore_ament_install'
[1.569s] Level 1:colcon.colcon_core.package_identification:_identify(LCD_web/portamail_ui/venv/lib/python3.12/site-packages/eventlet/zipkin/example) by extensions ['colcon_pkg']
[1.569s] Level 1:colcon.colcon_core.package_identification:_identify(LCD_web/portamail_ui/venv/lib/python3.12/site-packages/eventlet/zipkin/example) by extension 'colcon_pkg'
[1.570s] Level 1:colcon.colcon_core.package_identification:_identify(LCD_web/portamail_ui/venv/lib/python3.12/site-packages/eventlet/zipkin/example) by extensions ['colcon_meta']
[1.570s] Level 1:colcon.colcon_core.package_identification:_identify(LCD_web/portamail_ui/venv/lib/python3.12/site-packages/eventlet/zipkin/example) by extension 'colcon_meta'
[1.570s] Level 1:colcon.colcon_core.package_identification:_identify(LCD_web/portamail_ui/venv/lib/python3.12/site-packages/eventlet/zipkin/example) by extensions ['ros']
[1.570s] Level 1:colcon.colcon_core.package_identification:_identify(LCD_web/portamail_ui/venv/lib/python3.12/site-packages/eventlet/zipkin/example) by extension 'ros'
[1.570s] Level 1:colcon.colcon_core.package_identification:_identify(LCD_web/portamail_ui/venv/lib/python3.12/site-packages/eventlet/zipkin/example) by extensions ['cmake', 'python']
[1.570s] Level 1:colcon.colcon_core.package_identification:_identify(LCD_web/portamail_ui/venv/lib/python3.12/site-packages/eventlet/zipkin/example) by extension 'cmake'
[1.570s] Level 1:colcon.colcon_core.package_identification:_identify(LCD_web/portamail_ui/venv/lib/python3.12/site-packages/eventlet/zipkin/example) by extension 'python'
[1.570s] Level 1:colcon.colcon_core.package_identification:_identify(LCD_web/portamail_ui/venv/lib/python3.12/site-packages/eventlet/zipkin/example) by extensions ['python_setup_py']
[1.570s] Level 1:colcon.colcon_core.package_identification:_identify(LCD_web/portamail_ui/venv/lib/python3.12/site-packages/eventlet/zipkin/example) by extension 'python_setup_py'
[1.570s] Level 1:colcon.colcon_core.package_identification:_identify(LCD_web/portamail_ui/venv/lib/python3.12/site-packages/eventlet-0.40.4.dist-info) by extensions ['ignore', 'ignore_ament_install']
[1.571s] Level 1:colcon.colcon_core.package_identification:_identify(LCD_web/portamail_ui/venv/lib/python3.12/site-packages/eventlet-0.40.4.dist-info) by extension 'ignore'
[1.571s] Level 1:colcon.colcon_core.package_identification:_identify(LCD_web/portamail_ui/venv/lib/python3.12/site-packages/eventlet-0.40.4.dist-info) by extension 'ignore_ament_install'
[1.571s] Level 1:colcon.colcon_core.package_identification:_identify(LCD_web/portamail_ui/venv/lib/python3.12/site-packages/eventlet-0.40.4.dist-info) by extensions ['colcon_pkg']
[1.571s] Level 1:colcon.colcon_core.package_identification:_identify(LCD_web/portamail_ui/venv/lib/python3.12/site-packages/eventlet-0.40.4.dist-info) by extension 'colcon_pkg'
[1.571s] Level 1:colcon.colcon_core.package_identification:_identify(LCD_web/portamail_ui/venv/lib/python3.12/site-packages/eventlet-0.40.4.dist-info) by extensions ['colcon_meta']
[1.571s] Level 1:colcon.colcon_core.package_identification:_identify(LCD_web/portamail_ui/venv/lib/python3.12/site-packages/eventlet-0.40.4.dist-info) by extension 'colcon_meta'
[1.571s] Level 1:colcon.colcon_core.package_identification:_identify(LCD_web/portamail_ui/venv/lib/python3.12/site-packages/eventlet-0.40.4.dist-info) by extensions ['ros']
[1.571s] Level 1:colcon.colcon_core.package_identification:_identify(LCD_web/portamail_ui/venv/lib/python3.12/site-packages/eventlet-0.40.4.dist-info) by extension 'ros'
[1.571s] Level 1:colcon.colcon_core.package_identification:_identify(LCD_web/portamail_ui/venv/lib/python3.12/site-packages/eventlet-0.40.4.dist-info) by extensions ['cmake', 'python']
[1.571s] Level 1:colcon.colcon_core.package_identification:_identify(LCD_web/portamail_ui/venv/lib/python3.12/site-packages/eventlet-0.40.4.dist-info) by extension 'cmake'
[1.571s] Level 1:colcon.colcon_core.package_identification:_identify(LCD_web/portamail_ui/venv/lib/python3.12/site-packages/eventlet-0.40.4.dist-info) by extension 'python'
[1.571s] Level 1:colcon.colcon_core.package_identification:_identify(LCD_web/portamail_ui/venv/lib/python3.12/site-packages/eventlet-0.40.4.dist-info) by extensions ['python_setup_py']
[1.571s] Level 1:colcon.colcon_core.package_identification:_identify(LCD_web/portamail_ui/venv/lib/python3.12/site-packages/eventlet-0.40.4.dist-info) by extension 'python_setup_py'
[1.571s] Level 1:colcon.colcon_core.package_identification:_identify(LCD_web/portamail_ui/venv/lib/python3.12/site-packages/eventlet-0.40.4.dist-info/licenses) by extensions ['ignore', 'ignore_ament_install']
[1.572s] Level 1:colcon.colcon_core.package_identification:_identify(LCD_web/portamail_ui/venv/lib/python3.12/site-packages/eventlet-0.40.4.dist-info/licenses) by extension 'ignore'
[1.572s] Level 1:colcon.colcon_core.package_identification:_identify(LCD_web/portamail_ui/venv/lib/python3.12/site-packages/eventlet-0.40.4.dist-info/licenses) by extension 'ignore_ament_install'
[1.572s] Level 1:colcon.colcon_core.package_identification:_identify(LCD_web/portamail_ui/venv/lib/python3.12/site-packages/eventlet-0.40.4.dist-info/licenses) by extensions ['colcon_pkg']
[1.572s] Level 1:colcon.colcon_core.package_identification:_identify(LCD_web/portamail_ui/venv/lib/python3.12/site-packages/eventlet-0.40.4.dist-info/licenses) by extension 'colcon_pkg'
[1.572s] Level 1:colcon.colcon_core.package_identification:_identify(LCD_web/portamail_ui/venv/lib/python3.12/site-packages/eventlet-0.40.4.dist-info/licenses) by extensions ['colcon_meta']
[1.572s] Level 1:colcon.colcon_core.package_identification:_identify(LCD_web/portamail_ui/venv/lib/python3.12/site-packages/eventlet-0.40.4.dist-info/licenses) by extension 'colcon_meta'
[1.572s] Level 1:colcon.colcon_core.package_identification:_identify(LCD_web/portamail_ui/venv/lib/python3.12/site-packages/eventlet-0.40.4.dist-info/licenses) by extensions ['ros']
[1.572s] Level 1:colcon.colcon_core.package_identification:_identify(LCD_web/portamail_ui/venv/lib/python3.12/site-packages/eventlet-0.40.4.dist-info/licenses) by extension 'ros'
[1.572s] Level 1:colcon.colcon_core.package_identification:_identify(LCD_web/portamail_ui/venv/lib/python3.12/site-packages/eventlet-0.40.4.dist-info/licenses) by extensions ['cmake', 'python']
[1.572s] Level 1:colcon.colcon_core.package_identification:_identify(LCD_web/portamail_ui/venv/lib/python3.12/site-packages/eventlet-0.40.4.dist-info/licenses) by extension 'cmake'
[1.572s] Level 1:colcon.colcon_core.package_identification:_identify(LCD_web/portamail_ui/venv/lib/python3.12/site-packages/eventlet-0.40.4.dist-info/licenses) by extension 'python'
[1.572s] Level 1:colcon.colcon_core.package_identification:_identify(LCD_web/portamail_ui/venv/lib/python3.12/site-packages/eventlet-0.40.4.dist-info/licenses) by extensions ['python_setup_py']
[1.572s] Level 1:colcon.colcon_core.package_identification:_identify(LCD_web/portamail_ui/venv/lib/python3.12/site-packages/eventlet-0.40.4.dist-info/licenses) by extension 'python_setup_py'
[1.573s] Level 1:colcon.colcon_core.package_identification:_identify(LCD_web/portamail_ui/venv/lib/python3.12/site-packages/flask) by extensions ['ignore', 'ignore_ament_install']
[1.573s] Level 1:colcon.colcon_core.package_identification:_identify(LCD_web/portamail_ui/venv/lib/python3.12/site-packages/flask) by extension 'ignore'
[1.573s] Level 1:colcon.colcon_core.package_identification:_identify(LCD_web/portamail_ui/venv/lib/python3.12/site-packages/flask) by extension 'ignore_ament_install'
[1.573s] Level 1:colcon.colcon_core.package_identification:_identify(LCD_web/portamail_ui/venv/lib/python3.12/site-packages/flask) by extensions ['colcon_pkg']
[1.574s] Level 1:colcon.colcon_core.package_identification:_identify(LCD_web/portamail_ui/venv/lib/python3.12/site-packages/flask) by extension 'colcon_pkg'
[1.574s] Level 1:colcon.colcon_core.package_identification:_identify(LCD_web/portamail_ui/venv/lib/python3.12/site-packages/flask) by extensions ['colcon_meta']
[1.574s] Level 1:colcon.colcon_core.package_identification:_identify(LCD_web/portamail_ui/venv/lib/python3.12/site-packages/flask) by extension 'colcon_meta'
[1.574s] Level 1:colcon.colcon_core.package_identification:_identify(LCD_web/portamail_ui/venv/lib/python3.12/site-packages/flask) by extensions ['ros']
[1.574s] Level 1:colcon.colcon_core.package_identification:_identify(LCD_web/portamail_ui/venv/lib/python3.12/site-packages/flask) by extension 'ros'
[1.575s] Level 1:colcon.colcon_core.package_identification:_identify(LCD_web/portamail_ui/venv/lib/python3.12/site-packages/flask) by extensions ['cmake', 'python']
[1.575s] Level 1:colcon.colcon_core.package_identification:_identify(LCD_web/portamail_ui/venv/lib/python3.12/site-packages/flask) by extension 'cmake'
[1.575s] Level 1:colcon.colcon_core.package_identification:_identify(LCD_web/portamail_ui/venv/lib/python3.12/site-packages/flask) by extension 'python'
[1.576s] Level 1:colcon.colcon_core.package_identification:_identify(LCD_web/portamail_ui/venv/lib/python3.12/site-packages/flask) by extensions ['python_setup_py']
[1.576s] Level 1:colcon.colcon_core.package_identification:_identify(LCD_web/portamail_ui/venv/lib/python3.12/site-packages/flask) by extension 'python_setup_py'
[1.576s] Level 1:colcon.colcon_core.package_identification:_identify(LCD_web/portamail_ui/venv/lib/python3.12/site-packages/flask/__pycache__) by extensions ['ignore', 'ignore_ament_install']
[1.576s] Level 1:colcon.colcon_core.package_identification:_identify(LCD_web/portamail_ui/venv/lib/python3.12/site-packages/flask/__pycache__) by extension 'ignore'
[1.576s] Level 1:colcon.colcon_core.package_identification:_identify(LCD_web/portamail_ui/venv/lib/python3.12/site-packages/flask/__pycache__) by extension 'ignore_ament_install'
[1.577s] Level 1:colcon.colcon_core.package_identification:_identify(LCD_web/portamail_ui/venv/lib/python3.12/site-packages/flask/__pycache__) by extensions ['colcon_pkg']
[1.577s] Level 1:colcon.colcon_core.package_identification:_identify(LCD_web/portamail_ui/venv/lib/python3.12/site-packages/flask/__pycache__) by extension 'colcon_pkg'
[1.577s] Level 1:colcon.colcon_core.package_identification:_identify(LCD_web/portamail_ui/venv/lib/python3.12/site-packages/flask/__pycache__) by extensions ['colcon_meta']
[1.577s] Level 1:colcon.colcon_core.package_identification:_identify(LCD_web/portamail_ui/venv/lib/python3.12/site-packages/flask/__pycache__) by extension 'colcon_meta'
[1.577s] Level 1:colcon.colcon_core.package_identification:_identify(LCD_web/portamail_ui/venv/lib/python3.12/site-packages/flask/__pycache__) by extensions ['ros']
[1.578s] Level 1:colcon.colcon_core.package_identification:_identify(LCD_web/portamail_ui/venv/lib/python3.12/site-packages/flask/__pycache__) by extension 'ros'
[1.578s] Level 1:colcon.colcon_core.package_identification:_identify(LCD_web/portamail_ui/venv/lib/python3.12/site-packages/flask/__pycache__) by extensions ['cmake', 'python']
[1.578s] Level 1:colcon.colcon_core.package_identification:_identify(LCD_web/portamail_ui/venv/lib/python3.12/site-packages/flask/__pycache__) by extension 'cmake'
[1.578s] Level 1:colcon.colcon_core.package_identification:_identify(LCD_web/portamail_ui/venv/lib/python3.12/site-packages/flask/__pycache__) by extension 'python'
[1.578s] Level 1:colcon.colcon_core.package_identification:_identify(LCD_web/portamail_ui/venv/lib/python3.12/site-packages/flask/__pycache__) by extensions ['python_setup_py']
[1.578s] Level 1:colcon.colcon_core.package_identification:_identify(LCD_web/portamail_ui/venv/lib/python3.12/site-packages/flask/__pycache__) by extension 'python_setup_py'
[1.579s] Level 1:colcon.colcon_core.package_identification:_identify(LCD_web/portamail_ui/venv/lib/python3.12/site-packages/flask/json) by extensions ['ignore', 'ignore_ament_install']
[1.579s] Level 1:colcon.colcon_core.package_identification:_identify(LCD_web/portamail_ui/venv/lib/python3.12/site-packages/flask/json) by extension 'ignore'
[1.580s] Level 1:colcon.colcon_core.package_identification:_identify(LCD_web/portamail_ui/venv/lib/python3.12/site-packages/flask/json) by extension 'ignore_ament_install'
[1.581s] Level 1:colcon.colcon_core.package_identification:_identify(LCD_web/portamail_ui/venv/lib/python3.12/site-packages/flask/json) by extensions ['colcon_pkg']
[1.582s] Level 1:colcon.colcon_core.package_identification:_identify(LCD_web/portamail_ui/venv/lib/python3.12/site-packages/flask/json) by extension 'colcon_pkg'
[1.582s] Level 1:colcon.colcon_core.package_identification:_identify(LCD_web/portamail_ui/venv/lib/python3.12/site-packages/flask/json) by extensions ['colcon_meta']
[1.583s] Level 1:colcon.colcon_core.package_identification:_identify(LCD_web/portamail_ui/venv/lib/python3.12/site-packages/flask/json) by extension 'colcon_meta'
[1.583s] Level 1:colcon.colcon_core.package_identification:_identify(LCD_web/portamail_ui/venv/lib/python3.12/site-packages/flask/json) by extensions ['ros']
[1.583s] Level 1:colcon.colcon_core.package_identification:_identify(LCD_web/portamail_ui/venv/lib/python3.12/site-packages/flask/json) by extension 'ros'
[1.583s] Level 1:colcon.colcon_core.package_identification:_identify(LCD_web/portamail_ui/venv/lib/python3.12/site-packages/flask/json) by extensions ['cmake', 'python']
[1.583s] Level 1:colcon.colcon_core.package_identification:_identify(LCD_web/portamail_ui/venv/lib/python3.12/site-packages/flask/json) by extension 'cmake'
[1.583s] Level 1:colcon.colcon_core.package_identification:_identify(LCD_web/portamail_ui/venv/lib/python3.12/site-packages/flask/json) by extension 'python'
[1.583s] Level 1:colcon.colcon_core.package_identification:_identify(LCD_web/portamail_ui/venv/lib/python3.12/site-packages/flask/json) by extensions ['python_setup_py']
[1.583s] Level 1:colcon.colcon_core.package_identification:_identify(LCD_web/portamail_ui/venv/lib/python3.12/site-packages/flask/json) by extension 'python_setup_py'
[1.583s] Level 1:colcon.colcon_core.package_identification:_identify(LCD_web/portamail_ui/venv/lib/python3.12/site-packages/flask/json/__pycache__) by extensions ['ignore', 'ignore_ament_install']
[1.584s] Level 1:colcon.colcon_core.package_identification:_identify(LCD_web/portamail_ui/venv/lib/python3.12/site-packages/flask/json/__pycache__) by extension 'ignore'
[1.584s] Level 1:colcon.colcon_core.package_identification:_identify(LCD_web/portamail_ui/venv/lib/python3.12/site-packages/flask/json/__pycache__) by extension 'ignore_ament_install'
[1.584s] Level 1:colcon.colcon_core.package_identification:_identify(LCD_web/portamail_ui/venv/lib/python3.12/site-packages/flask/json/__pycache__) by extensions ['colcon_pkg']
[1.584s] Level 1:colcon.colcon_core.package_identification:_identify(LCD_web/portamail_ui/venv/lib/python3.12/site-packages/flask/json/__pycache__) by extension 'colcon_pkg'
[1.584s] Level 1:colcon.colcon_core.package_identification:_identify(LCD_web/portamail_ui/venv/lib/python3.12/site-packages/flask/json/__pycache__) by extensions ['colcon_meta']
[1.584s] Level 1:colcon.colcon_core.package_identification:_identify(LCD_web/portamail_ui/venv/lib/python3.12/site-packages/flask/json/__pycache__) by extension 'colcon_meta'
[1.584s] Level 1:colcon.colcon_core.package_identification:_identify(LCD_web/portamail_ui/venv/lib/python3.12/site-packages/flask/json/__pycache__) by extensions ['ros']
[1.584s] Level 1:colcon.colcon_core.package_identification:_identify(LCD_web/portamail_ui/venv/lib/python3.12/site-packages/flask/json/__pycache__) by extension 'ros'
[1.584s] Level 1:colcon.colcon_core.package_identification:_identify(LCD_web/portamail_ui/venv/lib/python3.12/site-packages/flask/json/__pycache__) by extensions ['cmake', 'python']
[1.584s] Level 1:colcon.colcon_core.package_identification:_identify(LCD_web/portamail_ui/venv/lib/python3.12/site-packages/flask/json/__pycache__) by extension 'cmake'
[1.584s] Level 1:colcon.colcon_core.package_identification:_identify(LCD_web/portamail_ui/venv/lib/python3.12/site-packages/flask/json/__pycache__) by extension 'python'
[1.584s] Level 1:colcon.colcon_core.package_identification:_identify(LCD_web/portamail_ui/venv/lib/python3.12/site-packages/flask/json/__pycache__) by extensions ['python_setup_py']
[1.584s] Level 1:colcon.colcon_core.package_identification:_identify(LCD_web/portamail_ui/venv/lib/python3.12/site-packages/flask/json/__pycache__) by extension 'python_setup_py'
[1.585s] Level 1:colcon.colcon_core.package_identification:_identify(LCD_web/portamail_ui/venv/lib/python3.12/site-packages/flask/sansio) by extensions ['ignore', 'ignore_ament_install']
[1.585s] Level 1:colcon.colcon_core.package_identification:_identify(LCD_web/portamail_ui/venv/lib/python3.12/site-packages/flask/sansio) by extension 'ignore'
[1.585s] Level 1:colcon.colcon_core.package_identification:_identify(LCD_web/portamail_ui/venv/lib/python3.12/site-packages/flask/sansio) by extension 'ignore_ament_install'
[1.585s] Level 1:colcon.colcon_core.package_identification:_identify(LCD_web/portamail_ui/venv/lib/python3.12/site-packages/flask/sansio) by extensions ['colcon_pkg']
[1.585s] Level 1:colcon.colcon_core.package_identification:_identify(LCD_web/portamail_ui/venv/lib/python3.12/site-packages/flask/sansio) by extension 'colcon_pkg'
[1.585s] Level 1:colcon.colcon_core.package_identification:_identify(LCD_web/portamail_ui/venv/lib/python3.12/site-packages/flask/sansio) by extensions ['colcon_meta']
[1.585s] Level 1:colcon.colcon_core.package_identification:_identify(LCD_web/portamail_ui/venv/lib/python3.12/site-packages/flask/sansio) by extension 'colcon_meta'
[1.585s] Level 1:colcon.colcon_core.package_identification:_identify(LCD_web/portamail_ui/venv/lib/python3.12/site-packages/flask/sansio) by extensions ['ros']
[1.585s] Level 1:colcon.colcon_core.package_identification:_identify(LCD_web/portamail_ui/venv/lib/python3.12/site-packages/flask/sansio) by extension 'ros'
[1.585s] Level 1:colcon.colcon_core.package_identification:_identify(LCD_web/portamail_ui/venv/lib/python3.12/site-packages/flask/sansio) by extensions ['cmake', 'python']
[1.585s] Level 1:colcon.colcon_core.package_identification:_identify(LCD_web/portamail_ui/venv/lib/python3.12/site-packages/flask/sansio) by extension 'cmake'
[1.585s] Level 1:colcon.colcon_core.package_identification:_identify(LCD_web/portamail_ui/venv/lib/python3.12/site-packages/flask/sansio) by extension 'python'
[1.585s] Level 1:colcon.colcon_core.package_identification:_identify(LCD_web/portamail_ui/venv/lib/python3.12/site-packages/flask/sansio) by extensions ['python_setup_py']
[1.585s] Level 1:colcon.colcon_core.package_identification:_identify(LCD_web/portamail_ui/venv/lib/python3.12/site-packages/flask/sansio) by extension 'python_setup_py'
[1.585s] Level 1:colcon.colcon_core.package_identification:_identify(LCD_web/portamail_ui/venv/lib/python3.12/site-packages/flask/sansio/__pycache__) by extensions ['ignore', 'ignore_ament_install']
[1.586s] Level 1:colcon.colcon_core.package_identification:_identify(LCD_web/portamail_ui/venv/lib/python3.12/site-packages/flask/sansio/__pycache__) by extension 'ignore'
[1.586s] Level 1:colcon.colcon_core.package_identification:_identify(LCD_web/portamail_ui/venv/lib/python3.12/site-packages/flask/sansio/__pycache__) by extension 'ignore_ament_install'
[1.586s] Level 1:colcon.colcon_core.package_identification:_identify(LCD_web/portamail_ui/venv/lib/python3.12/site-packages/flask/sansio/__pycache__) by extensions ['colcon_pkg']
[1.586s] Level 1:colcon.colcon_core.package_identification:_identify(LCD_web/portamail_ui/venv/lib/python3.12/site-packages/flask/sansio/__pycache__) by extension 'colcon_pkg'
[1.587s] Level 1:colcon.colcon_core.package_identification:_identify(LCD_web/portamail_ui/venv/lib/python3.12/site-packages/flask/sansio/__pycache__) by extensions ['colcon_meta']
[1.587s] Level 1:colcon.colcon_core.package_identification:_identify(LCD_web/portamail_ui/venv/lib/python3.12/site-packages/flask/sansio/__pycache__) by extension 'colcon_meta'
[1.587s] Level 1:colcon.colcon_core.package_identification:_identify(LCD_web/portamail_ui/venv/lib/python3.12/site-packages/flask/sansio/__pycache__) by extensions ['ros']
[1.587s] Level 1:colcon.colcon_core.package_identification:_identify(LCD_web/portamail_ui/venv/lib/python3.12/site-packages/flask/sansio/__pycache__) by extension 'ros'
[1.588s] Level 1:colcon.colcon_core.package_identification:_identify(LCD_web/portamail_ui/venv/lib/python3.12/site-packages/flask/sansio/__pycache__) by extensions ['cmake', 'python']
[1.588s] Level 1:colcon.colcon_core.package_identification:_identify(LCD_web/portamail_ui/venv/lib/python3.12/site-packages/flask/sansio/__pycache__) by extension 'cmake'
[1.588s] Level 1:colcon.colcon_core.package_identification:_identify(LCD_web/portamail_ui/venv/lib/python3.12/site-packages/flask/sansio/__pycache__) by extension 'python'
[1.588s] Level 1:colcon.colcon_core.package_identification:_identify(LCD_web/portamail_ui/venv/lib/python3.12/site-packages/flask/sansio/__pycache__) by extensions ['python_setup_py']
[1.589s] Level 1:colcon.colcon_core.package_identification:_identify(LCD_web/portamail_ui/venv/lib/python3.12/site-packages/flask/sansio/__pycache__) by extension 'python_setup_py'
[1.589s] Level 1:colcon.colcon_core.package_identification:_identify(LCD_web/portamail_ui/venv/lib/python3.12/site-packages/flask-3.1.2.dist-info) by extensions ['ignore', 'ignore_ament_install']
[1.589s] Level 1:colcon.colcon_core.package_identification:_identify(LCD_web/portamail_ui/venv/lib/python3.12/site-packages/flask-3.1.2.dist-info) by extension 'ignore'
[1.589s] Level 1:colcon.colcon_core.package_identification:_identify(LCD_web/portamail_ui/venv/lib/python3.12/site-packages/flask-3.1.2.dist-info) by extension 'ignore_ament_install'
[1.589s] Level 1:colcon.colcon_core.package_identification:_identify(LCD_web/portamail_ui/venv/lib/python3.12/site-packages/flask-3.1.2.dist-info) by extensions ['colcon_pkg']
[1.589s] Level 1:colcon.colcon_core.package_identification:_identify(LCD_web/portamail_ui/venv/lib/python3.12/site-packages/flask-3.1.2.dist-info) by extension 'colcon_pkg'
[1.589s] Level 1:colcon.colcon_core.package_identification:_identify(LCD_web/portamail_ui/venv/lib/python3.12/site-packages/flask-3.1.2.dist-info) by extensions ['colcon_meta']
[1.589s] Level 1:colcon.colcon_core.package_identification:_identify(LCD_web/portamail_ui/venv/lib/python3.12/site-packages/flask-3.1.2.dist-info) by extension 'colcon_meta'
[1.589s] Level 1:colcon.colcon_core.package_identification:_identify(LCD_web/portamail_ui/venv/lib/python3.12/site-packages/flask-3.1.2.dist-info) by extensions ['ros']
[1.589s] Level 1:colcon.colcon_core.package_identification:_identify(LCD_web/portamail_ui/venv/lib/python3.12/site-packages/flask-3.1.2.dist-info) by extension 'ros'
[1.589s] Level 1:colcon.colcon_core.package_identification:_identify(LCD_web/portamail_ui/venv/lib/python3.12/site-packages/flask-3.1.2.dist-info) by extensions ['cmake', 'python']
[1.589s] Level 1:colcon.colcon_core.package_identification:_identify(LCD_web/portamail_ui/venv/lib/python3.12/site-packages/flask-3.1.2.dist-info) by extension 'cmake'
[1.589s] Level 1:colcon.colcon_core.package_identification:_identify(LCD_web/portamail_ui/venv/lib/python3.12/site-packages/flask-3.1.2.dist-info) by extension 'python'
[1.589s] Level 1:colcon.colcon_core.package_identification:_identify(LCD_web/portamail_ui/venv/lib/python3.12/site-packages/flask-3.1.2.dist-info) by extensions ['python_setup_py']
[1.589s] Level 1:colcon.colcon_core.package_identification:_identify(LCD_web/portamail_ui/venv/lib/python3.12/site-packages/flask-3.1.2.dist-info) by extension 'python_setup_py'
[1.590s] Level 1:colcon.colcon_core.package_identification:_identify(LCD_web/portamail_ui/venv/lib/python3.12/site-packages/flask-3.1.2.dist-info/licenses) by extensions ['ignore', 'ignore_ament_install']
[1.590s] Level 1:colcon.colcon_core.package_identification:_identify(LCD_web/portamail_ui/venv/lib/python3.12/site-packages/flask-3.1.2.dist-info/licenses) by extension 'ignore'
[1.590s] Level 1:colcon.colcon_core.package_identification:_identify(LCD_web/portamail_ui/venv/lib/python3.12/site-packages/flask-3.1.2.dist-info/licenses) by extension 'ignore_ament_install'
[1.590s] Level 1:colcon.colcon_core.package_identification:_identify(LCD_web/portamail_ui/venv/lib/python3.12/site-packages/flask-3.1.2.dist-info/licenses) by extensions ['colcon_pkg']
[1.590s] Level 1:colcon.colcon_core.package_identification:_identify(LCD_web/portamail_ui/venv/lib/python3.12/site-packages/flask-3.1.2.dist-info/licenses) by extension 'colcon_pkg'
[1.590s] Level 1:colcon.colcon_core.package_identification:_identify(LCD_web/portamail_ui/venv/lib/python3.12/site-packages/flask-3.1.2.dist-info/licenses) by extensions ['colcon_meta']
[1.590s] Level 1:colcon.colcon_core.package_identification:_identify(LCD_web/portamail_ui/venv/lib/python3.12/site-packages/flask-3.1.2.dist-info/licenses) by extension 'colcon_meta'
[1.590s] Level 1:colcon.colcon_core.package_identification:_identify(LCD_web/portamail_ui/venv/lib/python3.12/site-packages/flask-3.1.2.dist-info/licenses) by extensions ['ros']
[1.590s] Level 1:colcon.colcon_core.package_identification:_identify(LCD_web/portamail_ui/venv/lib/python3.12/site-packages/flask-3.1.2.dist-info/licenses) by extension 'ros'
[1.590s] Level 1:colcon.colcon_core.package_identification:_identify(LCD_web/portamail_ui/venv/lib/python3.12/site-packages/flask-3.1.2.dist-info/licenses) by extensions ['cmake', 'python']
[1.590s] Level 1:colcon.colcon_core.package_identification:_identify(LCD_web/portamail_ui/venv/lib/python3.12/site-packages/flask-3.1.2.dist-info/licenses) by extension 'cmake'
[1.590s] Level 1:colcon.colcon_core.package_identification:_identify(LCD_web/portamail_ui/venv/lib/python3.12/site-packages/flask-3.1.2.dist-info/licenses) by extension 'python'
[1.590s] Level 1:colcon.colcon_core.package_identification:_identify(LCD_web/portamail_ui/venv/lib/python3.12/site-packages/flask-3.1.2.dist-info/licenses) by extensions ['python_setup_py']
[1.590s] Level 1:colcon.colcon_core.package_identification:_identify(LCD_web/portamail_ui/venv/lib/python3.12/site-packages/flask-3.1.2.dist-info/licenses) by extension 'python_setup_py'
[1.591s] Level 1:colcon.colcon_core.package_identification:_identify(LCD_web/portamail_ui/venv/lib/python3.12/site-packages/flask_socketio) by extensions ['ignore', 'ignore_ament_install']
[1.591s] Level 1:colcon.colcon_core.package_identification:_identify(LCD_web/portamail_ui/venv/lib/python3.12/site-packages/flask_socketio) by extension 'ignore'
[1.591s] Level 1:colcon.colcon_core.package_identification:_identify(LCD_web/portamail_ui/venv/lib/python3.12/site-packages/flask_socketio) by extension 'ignore_ament_install'
[1.591s] Level 1:colcon.colcon_core.package_identification:_identify(LCD_web/portamail_ui/venv/lib/python3.12/site-packages/flask_socketio) by extensions ['colcon_pkg']
[1.591s] Level 1:colcon.colcon_core.package_identification:_identify(LCD_web/portamail_ui/venv/lib/python3.12/site-packages/flask_socketio) by extension 'colcon_pkg'
[1.591s] Level 1:colcon.colcon_core.package_identification:_identify(LCD_web/portamail_ui/venv/lib/python3.12/site-packages/flask_socketio) by extensions ['colcon_meta']
[1.591s] Level 1:colcon.colcon_core.package_identification:_identify(LCD_web/portamail_ui/venv/lib/python3.12/site-packages/flask_socketio) by extension 'colcon_meta'
[1.591s] Level 1:colcon.colcon_core.package_identification:_identify(LCD_web/portamail_ui/venv/lib/python3.12/site-packages/flask_socketio) by extensions ['ros']
[1.591s] Level 1:colcon.colcon_core.package_identification:_identify(LCD_web/portamail_ui/venv/lib/python3.12/site-packages/flask_socketio) by extension 'ros'
[1.591s] Level 1:colcon.colcon_core.package_identification:_identify(LCD_web/portamail_ui/venv/lib/python3.12/site-packages/flask_socketio) by extensions ['cmake', 'python']
[1.591s] Level 1:colcon.colcon_core.package_identification:_identify(LCD_web/portamail_ui/venv/lib/python3.12/site-packages/flask_socketio) by extension 'cmake'
[1.591s] Level 1:colcon.colcon_core.package_identification:_identify(LCD_web/portamail_ui/venv/lib/python3.12/site-packages/flask_socketio) by extension 'python'
[1.591s] Level 1:colcon.colcon_core.package_identification:_identify(LCD_web/portamail_ui/venv/lib/python3.12/site-packages/flask_socketio) by extensions ['python_setup_py']
[1.591s] Level 1:colcon.colcon_core.package_identification:_identify(LCD_web/portamail_ui/venv/lib/python3.12/site-packages/flask_socketio) by extension 'python_setup_py'
[1.591s] Level 1:colcon.colcon_core.package_identification:_identify(LCD_web/portamail_ui/venv/lib/python3.12/site-packages/flask_socketio/__pycache__) by extensions ['ignore', 'ignore_ament_install']
[1.591s] Level 1:colcon.colcon_core.package_identification:_identify(LCD_web/portamail_ui/venv/lib/python3.12/site-packages/flask_socketio/__pycache__) by extension 'ignore'
[1.592s] Level 1:colcon.colcon_core.package_identification:_identify(LCD_web/portamail_ui/venv/lib/python3.12/site-packages/flask_socketio/__pycache__) by extension 'ignore_ament_install'
[1.592s] Level 1:colcon.colcon_core.package_identification:_identify(LCD_web/portamail_ui/venv/lib/python3.12/site-packages/flask_socketio/__pycache__) by extensions ['colcon_pkg']
[1.592s] Level 1:colcon.colcon_core.package_identification:_identify(LCD_web/portamail_ui/venv/lib/python3.12/site-packages/flask_socketio/__pycache__) by extension 'colcon_pkg'
[1.592s] Level 1:colcon.colcon_core.package_identification:_identify(LCD_web/portamail_ui/venv/lib/python3.12/site-packages/flask_socketio/__pycache__) by extensions ['colcon_meta']
[1.592s] Level 1:colcon.colcon_core.package_identification:_identify(LCD_web/portamail_ui/venv/lib/python3.12/site-packages/flask_socketio/__pycache__) by extension 'colcon_meta'
[1.593s] Level 1:colcon.colcon_core.package_identification:_identify(LCD_web/portamail_ui/venv/lib/python3.12/site-packages/flask_socketio/__pycache__) by extensions ['ros']
[1.593s] Level 1:colcon.colcon_core.package_identification:_identify(LCD_web/portamail_ui/venv/lib/python3.12/site-packages/flask_socketio/__pycache__) by extension 'ros'
[1.593s] Level 1:colcon.colcon_core.package_identification:_identify(LCD_web/portamail_ui/venv/lib/python3.12/site-packages/flask_socketio/__pycache__) by extensions ['cmake', 'python']
[1.594s] Level 1:colcon.colcon_core.package_identification:_identify(LCD_web/portamail_ui/venv/lib/python3.12/site-packages/flask_socketio/__pycache__) by extension 'cmake'
[1.594s] Level 1:colcon.colcon_core.package_identification:_identify(LCD_web/portamail_ui/venv/lib/python3.12/site-packages/flask_socketio/__pycache__) by extension 'python'
[1.594s] Level 1:colcon.colcon_core.package_identification:_identify(LCD_web/portamail_ui/venv/lib/python3.12/site-packages/flask_socketio/__pycache__) by extensions ['python_setup_py']
[1.594s] Level 1:colcon.colcon_core.package_identification:_identify(LCD_web/portamail_ui/venv/lib/python3.12/site-packages/flask_socketio/__pycache__) by extension 'python_setup_py'
[1.595s] Level 1:colcon.colcon_core.package_identification:_identify(LCD_web/portamail_ui/venv/lib/python3.12/site-packages/flask_socketio-5.6.0.dist-info) by extensions ['ignore', 'ignore_ament_install']
[1.595s] Level 1:colcon.colcon_core.package_identification:_identify(LCD_web/portamail_ui/venv/lib/python3.12/site-packages/flask_socketio-5.6.0.dist-info) by extension 'ignore'
[1.595s] Level 1:colcon.colcon_core.package_identification:_identify(LCD_web/portamail_ui/venv/lib/python3.12/site-packages/flask_socketio-5.6.0.dist-info) by extension 'ignore_ament_install'
[1.595s] Level 1:colcon.colcon_core.package_identification:_identify(LCD_web/portamail_ui/venv/lib/python3.12/site-packages/flask_socketio-5.6.0.dist-info) by extensions ['colcon_pkg']
[1.595s] Level 1:colcon.colcon_core.package_identification:_identify(LCD_web/portamail_ui/venv/lib/python3.12/site-packages/flask_socketio-5.6.0.dist-info) by extension 'colcon_pkg'
[1.595s] Level 1:colcon.colcon_core.package_identification:_identify(LCD_web/portamail_ui/venv/lib/python3.12/site-packages/flask_socketio-5.6.0.dist-info) by extensions ['colcon_meta']
[1.595s] Level 1:colcon.colcon_core.package_identification:_identify(LCD_web/portamail_ui/venv/lib/python3.12/site-packages/flask_socketio-5.6.0.dist-info) by extension 'colcon_meta'
[1.595s] Level 1:colcon.colcon_core.package_identification:_identify(LCD_web/portamail_ui/venv/lib/python3.12/site-packages/flask_socketio-5.6.0.dist-info) by extensions ['ros']
[1.595s] Level 1:colcon.colcon_core.package_identification:_identify(LCD_web/portamail_ui/venv/lib/python3.12/site-packages/flask_socketio-5.6.0.dist-info) by extension 'ros'
[1.595s] Level 1:colcon.colcon_core.package_identification:_identify(LCD_web/portamail_ui/venv/lib/python3.12/site-packages/flask_socketio-5.6.0.dist-info) by extensions ['cmake', 'python']
[1.595s] Level 1:colcon.colcon_core.package_identification:_identify(LCD_web/portamail_ui/venv/lib/python3.12/site-packages/flask_socketio-5.6.0.dist-info) by extension 'cmake'
[1.595s] Level 1:colcon.colcon_core.package_identification:_identify(LCD_web/portamail_ui/venv/lib/python3.12/site-packages/flask_socketio-5.6.0.dist-info) by extension 'python'
[1.595s] Level 1:colcon.colcon_core.package_identification:_identify(LCD_web/portamail_ui/venv/lib/python3.12/site-packages/flask_socketio-5.6.0.dist-info) by extensions ['python_setup_py']
[1.595s] Level 1:colcon.colcon_core.package_identification:_identify(LCD_web/portamail_ui/venv/lib/python3.12/site-packages/flask_socketio-5.6.0.dist-info) by extension 'python_setup_py'
[1.595s] Level 1:colcon.colcon_core.package_identification:_identify(LCD_web/portamail_ui/venv/lib/python3.12/site-packages/flask_socketio-5.6.0.dist-info/licenses) by extensions ['ignore', 'ignore_ament_install']
[1.596s] Level 1:colcon.colcon_core.package_identification:_identify(LCD_web/portamail_ui/venv/lib/python3.12/site-packages/flask_socketio-5.6.0.dist-info/licenses) by extension 'ignore'
[1.596s] Level 1:colcon.colcon_core.package_identification:_identify(LCD_web/portamail_ui/venv/lib/python3.12/site-packages/flask_socketio-5.6.0.dist-info/licenses) by extension 'ignore_ament_install'
[1.596s] Level 1:colcon.colcon_core.package_identification:_identify(LCD_web/portamail_ui/venv/lib/python3.12/site-packages/flask_socketio-5.6.0.dist-info/licenses) by extensions ['colcon_pkg']
[1.596s] Level 1:colcon.colcon_core.package_identification:_identify(LCD_web/portamail_ui/venv/lib/python3.12/site-packages/flask_socketio-5.6.0.dist-info/licenses) by extension 'colcon_pkg'
[1.596s] Level 1:colcon.colcon_core.package_identification:_identify(LCD_web/portamail_ui/venv/lib/python3.12/site-packages/flask_socketio-5.6.0.dist-info/licenses) by extensions ['colcon_meta']
[1.596s] Level 1:colcon.colcon_core.package_identification:_identify(LCD_web/portamail_ui/venv/lib/python3.12/site-packages/flask_socketio-5.6.0.dist-info/licenses) by extension 'colcon_meta'
[1.596s] Level 1:colcon.colcon_core.package_identification:_identify(LCD_web/portamail_ui/venv/lib/python3.12/site-packages/flask_socketio-5.6.0.dist-info/licenses) by extensions ['ros']
[1.596s] Level 1:colcon.colcon_core.package_identification:_identify(LCD_web/portamail_ui/venv/lib/python3.12/site-packages/flask_socketio-5.6.0.dist-info/licenses) by extension 'ros'
[1.596s] Level 1:colcon.colcon_core.package_identification:_identify(LCD_web/portamail_ui/venv/lib/python3.12/site-packages/flask_socketio-5.6.0.dist-info/licenses) by extensions ['cmake', 'python']
[1.596s] Level 1:colcon.colcon_core.package_identification:_identify(LCD_web/portamail_ui/venv/lib/python3.12/site-packages/flask_socketio-5.6.0.dist-info/licenses) by extension 'cmake'
[1.596s] Level 1:colcon.colcon_core.package_identification:_identify(LCD_web/portamail_ui/venv/lib/python3.12/site-packages/flask_socketio-5.6.0.dist-info/licenses) by extension 'python'
[1.596s] Level 1:colcon.colcon_core.package_identification:_identify(LCD_web/portamail_ui/venv/lib/python3.12/site-packages/flask_socketio-5.6.0.dist-info/licenses) by extensions ['python_setup_py']
[1.596s] Level 1:colcon.colcon_core.package_identification:_identify(LCD_web/portamail_ui/venv/lib/python3.12/site-packages/flask_socketio-5.6.0.dist-info/licenses) by extension 'python_setup_py'
[1.596s] Level 1:colcon.colcon_core.package_identification:_identify(LCD_web/portamail_ui/venv/lib/python3.12/site-packages/greenlet) by extensions ['ignore', 'ignore_ament_install']
[1.597s] Level 1:colcon.colcon_core.package_identification:_identify(LCD_web/portamail_ui/venv/lib/python3.12/site-packages/greenlet) by extension 'ignore'
[1.597s] Level 1:colcon.colcon_core.package_identification:_identify(LCD_web/portamail_ui/venv/lib/python3.12/site-packages/greenlet) by extension 'ignore_ament_install'
[1.597s] Level 1:colcon.colcon_core.package_identification:_identify(LCD_web/portamail_ui/venv/lib/python3.12/site-packages/greenlet) by extensions ['colcon_pkg']
[1.597s] Level 1:colcon.colcon_core.package_identification:_identify(LCD_web/portamail_ui/venv/lib/python3.12/site-packages/greenlet) by extension 'colcon_pkg'
[1.597s] Level 1:colcon.colcon_core.package_identification:_identify(LCD_web/portamail_ui/venv/lib/python3.12/site-packages/greenlet) by extensions ['colcon_meta']
[1.597s] Level 1:colcon.colcon_core.package_identification:_identify(LCD_web/portamail_ui/venv/lib/python3.12/site-packages/greenlet) by extension 'colcon_meta'
[1.597s] Level 1:colcon.colcon_core.package_identification:_identify(LCD_web/portamail_ui/venv/lib/python3.12/site-packages/greenlet) by extensions ['ros']
[1.597s] Level 1:colcon.colcon_core.package_identification:_identify(LCD_web/portamail_ui/venv/lib/python3.12/site-packages/greenlet) by extension 'ros'
[1.597s] Level 1:colcon.colcon_core.package_identification:_identify(LCD_web/portamail_ui/venv/lib/python3.12/site-packages/greenlet) by extensions ['cmake', 'python']
[1.597s] Level 1:colcon.colcon_core.package_identification:_identify(LCD_web/portamail_ui/venv/lib/python3.12/site-packages/greenlet) by extension 'cmake'
[1.597s] Level 1:colcon.colcon_core.package_identification:_identify(LCD_web/portamail_ui/venv/lib/python3.12/site-packages/greenlet) by extension 'python'
[1.597s] Level 1:colcon.colcon_core.package_identification:_identify(LCD_web/portamail_ui/venv/lib/python3.12/site-packages/greenlet) by extensions ['python_setup_py']
[1.597s] Level 1:colcon.colcon_core.package_identification:_identify(LCD_web/portamail_ui/venv/lib/python3.12/site-packages/greenlet) by extension 'python_setup_py'
[1.597s] Level 1:colcon.colcon_core.package_identification:_identify(LCD_web/portamail_ui/venv/lib/python3.12/site-packages/greenlet/__pycache__) by extensions ['ignore', 'ignore_ament_install']
[1.597s] Level 1:colcon.colcon_core.package_identification:_identify(LCD_web/portamail_ui/venv/lib/python3.12/site-packages/greenlet/__pycache__) by extension 'ignore'
[1.597s] Level 1:colcon.colcon_core.package_identification:_identify(LCD_web/portamail_ui/venv/lib/python3.12/site-packages/greenlet/__pycache__) by extension 'ignore_ament_install'
[1.598s] Level 1:colcon.colcon_core.package_identification:_identify(LCD_web/portamail_ui/venv/lib/python3.12/site-packages/greenlet/__pycache__) by extensions ['colcon_pkg']
[1.598s] Level 1:colcon.colcon_core.package_identification:_identify(LCD_web/portamail_ui/venv/lib/python3.12/site-packages/greenlet/__pycache__) by extension 'colcon_pkg'
[1.598s] Level 1:colcon.colcon_core.package_identification:_identify(LCD_web/portamail_ui/venv/lib/python3.12/site-packages/greenlet/__pycache__) by extensions ['colcon_meta']
[1.598s] Level 1:colcon.colcon_core.package_identification:_identify(LCD_web/portamail_ui/venv/lib/python3.12/site-packages/greenlet/__pycache__) by extension 'colcon_meta'
[1.598s] Level 1:colcon.colcon_core.package_identification:_identify(LCD_web/portamail_ui/venv/lib/python3.12/site-packages/greenlet/__pycache__) by extensions ['ros']
[1.598s] Level 1:colcon.colcon_core.package_identification:_identify(LCD_web/portamail_ui/venv/lib/python3.12/site-packages/greenlet/__pycache__) by extension 'ros'
[1.598s] Level 1:colcon.colcon_core.package_identification:_identify(LCD_web/portamail_ui/venv/lib/python3.12/site-packages/greenlet/__pycache__) by extensions ['cmake', 'python']
[1.598s] Level 1:colcon.colcon_core.package_identification:_identify(LCD_web/portamail_ui/venv/lib/python3.12/site-packages/greenlet/__pycache__) by extension 'cmake'
[1.598s] Level 1:colcon.colcon_core.package_identification:_identify(LCD_web/portamail_ui/venv/lib/python3.12/site-packages/greenlet/__pycache__) by extension 'python'
[1.599s] Level 1:colcon.colcon_core.package_identification:_identify(LCD_web/portamail_ui/venv/lib/python3.12/site-packages/greenlet/__pycache__) by extensions ['python_setup_py']
[1.599s] Level 1:colcon.colcon_core.package_identification:_identify(LCD_web/portamail_ui/venv/lib/python3.12/site-packages/greenlet/__pycache__) by extension 'python_setup_py'
[1.599s] Level 1:colcon.colcon_core.package_identification:_identify(LCD_web/portamail_ui/venv/lib/python3.12/site-packages/greenlet/platform) by extensions ['ignore', 'ignore_ament_install']
[1.599s] Level 1:colcon.colcon_core.package_identification:_identify(LCD_web/portamail_ui/venv/lib/python3.12/site-packages/greenlet/platform) by extension 'ignore'
[1.599s] Level 1:colcon.colcon_core.package_identification:_identify(LCD_web/portamail_ui/venv/lib/python3.12/site-packages/greenlet/platform) by extension 'ignore_ament_install'
[1.600s] Level 1:colcon.colcon_core.package_identification:_identify(LCD_web/portamail_ui/venv/lib/python3.12/site-packages/greenlet/platform) by extensions ['colcon_pkg']
[1.600s] Level 1:colcon.colcon_core.package_identification:_identify(LCD_web/portamail_ui/venv/lib/python3.12/site-packages/greenlet/platform) by extension 'colcon_pkg'
[1.600s] Level 1:colcon.colcon_core.package_identification:_identify(LCD_web/portamail_ui/venv/lib/python3.12/site-packages/greenlet/platform) by extensions ['colcon_meta']
[1.600s] Level 1:colcon.colcon_core.package_identification:_identify(LCD_web/portamail_ui/venv/lib/python3.12/site-packages/greenlet/platform) by extension 'colcon_meta'
[1.600s] Level 1:colcon.colcon_core.package_identification:_identify(LCD_web/portamail_ui/venv/lib/python3.12/site-packages/greenlet/platform) by extensions ['ros']
[1.600s] Level 1:colcon.colcon_core.package_identification:_identify(LCD_web/portamail_ui/venv/lib/python3.12/site-packages/greenlet/platform) by extension 'ros'
[1.600s] Level 1:colcon.colcon_core.package_identification:_identify(LCD_web/portamail_ui/venv/lib/python3.12/site-packages/greenlet/platform) by extensions ['cmake', 'python']
[1.600s] Level 1:colcon.colcon_core.package_identification:_identify(LCD_web/portamail_ui/venv/lib/python3.12/site-packages/greenlet/platform) by extension 'cmake'
[1.600s] Level 1:colcon.colcon_core.package_identification:_identify(LCD_web/portamail_ui/venv/lib/python3.12/site-packages/greenlet/platform) by extension 'python'
[1.600s] Level 1:colcon.colcon_core.package_identification:_identify(LCD_web/portamail_ui/venv/lib/python3.12/site-packages/greenlet/platform) by extensions ['python_setup_py']
[1.600s] Level 1:colcon.colcon_core.package_identification:_identify(LCD_web/portamail_ui/venv/lib/python3.12/site-packages/greenlet/platform) by extension 'python_setup_py'
[1.601s] Level 1:colcon.colcon_core.package_identification:_identify(LCD_web/portamail_ui/venv/lib/python3.12/site-packages/greenlet/platform/__pycache__) by extensions ['ignore', 'ignore_ament_install']
[1.601s] Level 1:colcon.colcon_core.package_identification:_identify(LCD_web/portamail_ui/venv/lib/python3.12/site-packages/greenlet/platform/__pycache__) by extension 'ignore'
[1.601s] Level 1:colcon.colcon_core.package_identification:_identify(LCD_web/portamail_ui/venv/lib/python3.12/site-packages/greenlet/platform/__pycache__) by extension 'ignore_ament_install'
[1.601s] Level 1:colcon.colcon_core.package_identification:_identify(LCD_web/portamail_ui/venv/lib/python3.12/site-packages/greenlet/platform/__pycache__) by extensions ['colcon_pkg']
[1.601s] Level 1:colcon.colcon_core.package_identification:_identify(LCD_web/portamail_ui/venv/lib/python3.12/site-packages/greenlet/platform/__pycache__) by extension 'colcon_pkg'
[1.601s] Level 1:colcon.colcon_core.package_identification:_identify(LCD_web/portamail_ui/venv/lib/python3.12/site-packages/greenlet/platform/__pycache__) by extensions ['colcon_meta']
[1.601s] Level 1:colcon.colcon_core.package_identification:_identify(LCD_web/portamail_ui/venv/lib/python3.12/site-packages/greenlet/platform/__pycache__) by extension 'colcon_meta'
[1.601s] Level 1:colcon.colcon_core.package_identification:_identify(LCD_web/portamail_ui/venv/lib/python3.12/site-packages/greenlet/platform/__pycache__) by extensions ['ros']
[1.601s] Level 1:colcon.colcon_core.package_identification:_identify(LCD_web/portamail_ui/venv/lib/python3.12/site-packages/greenlet/platform/__pycache__) by extension 'ros'
[1.601s] Level 1:colcon.colcon_core.package_identification:_identify(LCD_web/portamail_ui/venv/lib/python3.12/site-packages/greenlet/platform/__pycache__) by extensions ['cmake', 'python']
[1.601s] Level 1:colcon.colcon_core.package_identification:_identify(LCD_web/portamail_ui/venv/lib/python3.12/site-packages/greenlet/platform/__pycache__) by extension 'cmake'
[1.601s] Level 1:colcon.colcon_core.package_identification:_identify(LCD_web/portamail_ui/venv/lib/python3.12/site-packages/greenlet/platform/__pycache__) by extension 'python'
[1.601s] Level 1:colcon.colcon_core.package_identification:_identify(LCD_web/portamail_ui/venv/lib/python3.12/site-packages/greenlet/platform/__pycache__) by extensions ['python_setup_py']
[1.601s] Level 1:colcon.colcon_core.package_identification:_identify(LCD_web/portamail_ui/venv/lib/python3.12/site-packages/greenlet/platform/__pycache__) by extension 'python_setup_py'
[1.602s] Level 1:colcon.colcon_core.package_identification:_identify(LCD_web/portamail_ui/venv/lib/python3.12/site-packages/greenlet/tests) by extensions ['ignore', 'ignore_ament_install']
[1.602s] Level 1:colcon.colcon_core.package_identification:_identify(LCD_web/portamail_ui/venv/lib/python3.12/site-packages/greenlet/tests) by extension 'ignore'
[1.602s] Level 1:colcon.colcon_core.package_identification:_identify(LCD_web/portamail_ui/venv/lib/python3.12/site-packages/greenlet/tests) by extension 'ignore_ament_install'
[1.602s] Level 1:colcon.colcon_core.package_identification:_identify(LCD_web/portamail_ui/venv/lib/python3.12/site-packages/greenlet/tests) by extensions ['colcon_pkg']
[1.602s] Level 1:colcon.colcon_core.package_identification:_identify(LCD_web/portamail_ui/venv/lib/python3.12/site-packages/greenlet/tests) by extension 'colcon_pkg'
[1.602s] Level 1:colcon.colcon_core.package_identification:_identify(LCD_web/portamail_ui/venv/lib/python3.12/site-packages/greenlet/tests) by extensions ['colcon_meta']
[1.602s] Level 1:colcon.colcon_core.package_identification:_identify(LCD_web/portamail_ui/venv/lib/python3.12/site-packages/greenlet/tests) by extension 'colcon_meta'
[1.602s] Level 1:colcon.colcon_core.package_identification:_identify(LCD_web/portamail_ui/venv/lib/python3.12/site-packages/greenlet/tests) by extensions ['ros']
[1.602s] Level 1:colcon.colcon_core.package_identification:_identify(LCD_web/portamail_ui/venv/lib/python3.12/site-packages/greenlet/tests) by extension 'ros'
[1.602s] Level 1:colcon.colcon_core.package_identification:_identify(LCD_web/portamail_ui/venv/lib/python3.12/site-packages/greenlet/tests) by extensions ['cmake', 'python']
[1.602s] Level 1:colcon.colcon_core.package_identification:_identify(LCD_web/portamail_ui/venv/lib/python3.12/site-packages/greenlet/tests) by extension 'cmake'
[1.602s] Level 1:colcon.colcon_core.package_identification:_identify(LCD_web/portamail_ui/venv/lib/python3.12/site-packages/greenlet/tests) by extension 'python'
[1.602s] Level 1:colcon.colcon_core.package_identification:_identify(LCD_web/portamail_ui/venv/lib/python3.12/site-packages/greenlet/tests) by extensions ['python_setup_py']
[1.602s] Level 1:colcon.colcon_core.package_identification:_identify(LCD_web/portamail_ui/venv/lib/python3.12/site-packages/greenlet/tests) by extension 'python_setup_py'
[1.602s] Level 1:colcon.colcon_core.package_identification:_identify(LCD_web/portamail_ui/venv/lib/python3.12/site-packages/greenlet/tests/__pycache__) by extensions ['ignore', 'ignore_ament_install']
[1.603s] Level 1:colcon.colcon_core.package_identification:_identify(LCD_web/portamail_ui/venv/lib/python3.12/site-packages/greenlet/tests/__pycache__) by extension 'ignore'
[1.603s] Level 1:colcon.colcon_core.package_identification:_identify(LCD_web/portamail_ui/venv/lib/python3.12/site-packages/greenlet/tests/__pycache__) by extension 'ignore_ament_install'
[1.603s] Level 1:colcon.colcon_core.package_identification:_identify(LCD_web/portamail_ui/venv/lib/python3.12/site-packages/greenlet/tests/__pycache__) by extensions ['colcon_pkg']
[1.603s] Level 1:colcon.colcon_core.package_identification:_identify(LCD_web/portamail_ui/venv/lib/python3.12/site-packages/greenlet/tests/__pycache__) by extension 'colcon_pkg'
[1.603s] Level 1:colcon.colcon_core.package_identification:_identify(LCD_web/portamail_ui/venv/lib/python3.12/site-packages/greenlet/tests/__pycache__) by extensions ['colcon_meta']
[1.603s] Level 1:colcon.colcon_core.package_identification:_identify(LCD_web/portamail_ui/venv/lib/python3.12/site-packages/greenlet/tests/__pycache__) by extension 'colcon_meta'
[1.603s] Level 1:colcon.colcon_core.package_identification:_identify(LCD_web/portamail_ui/venv/lib/python3.12/site-packages/greenlet/tests/__pycache__) by extensions ['ros']
[1.603s] Level 1:colcon.colcon_core.package_identification:_identify(LCD_web/portamail_ui/venv/lib/python3.12/site-packages/greenlet/tests/__pycache__) by extension 'ros'
[1.603s] Level 1:colcon.colcon_core.package_identification:_identify(LCD_web/portamail_ui/venv/lib/python3.12/site-packages/greenlet/tests/__pycache__) by extensions ['cmake', 'python']
[1.603s] Level 1:colcon.colcon_core.package_identification:_identify(LCD_web/portamail_ui/venv/lib/python3.12/site-packages/greenlet/tests/__pycache__) by extension 'cmake'
[1.603s] Level 1:colcon.colcon_core.package_identification:_identify(LCD_web/portamail_ui/venv/lib/python3.12/site-packages/greenlet/tests/__pycache__) by extension 'python'
[1.603s] Level 1:colcon.colcon_core.package_identification:_identify(LCD_web/portamail_ui/venv/lib/python3.12/site-packages/greenlet/tests/__pycache__) by extensions ['python_setup_py']
[1.603s] Level 1:colcon.colcon_core.package_identification:_identify(LCD_web/portamail_ui/venv/lib/python3.12/site-packages/greenlet/tests/__pycache__) by extension 'python_setup_py'
[1.603s] Level 1:colcon.colcon_core.package_identification:_identify(LCD_web/portamail_ui/venv/lib/python3.12/site-packages/greenlet-3.3.2.dist-info) by extensions ['ignore', 'ignore_ament_install']
[1.603s] Level 1:colcon.colcon_core.package_identification:_identify(LCD_web/portamail_ui/venv/lib/python3.12/site-packages/greenlet-3.3.2.dist-info) by extension 'ignore'
[1.604s] Level 1:colcon.colcon_core.package_identification:_identify(LCD_web/portamail_ui/venv/lib/python3.12/site-packages/greenlet-3.3.2.dist-info) by extension 'ignore_ament_install'
[1.604s] Level 1:colcon.colcon_core.package_identification:_identify(LCD_web/portamail_ui/venv/lib/python3.12/site-packages/greenlet-3.3.2.dist-info) by extensions ['colcon_pkg']
[1.604s] Level 1:colcon.colcon_core.package_identification:_identify(LCD_web/portamail_ui/venv/lib/python3.12/site-packages/greenlet-3.3.2.dist-info) by extension 'colcon_pkg'
[1.604s] Level 1:colcon.colcon_core.package_identification:_identify(LCD_web/portamail_ui/venv/lib/python3.12/site-packages/greenlet-3.3.2.dist-info) by extensions ['colcon_meta']
[1.604s] Level 1:colcon.colcon_core.package_identification:_identify(LCD_web/portamail_ui/venv/lib/python3.12/site-packages/greenlet-3.3.2.dist-info) by extension 'colcon_meta'
[1.604s] Level 1:colcon.colcon_core.package_identification:_identify(LCD_web/portamail_ui/venv/lib/python3.12/site-packages/greenlet-3.3.2.dist-info) by extensions ['ros']
[1.604s] Level 1:colcon.colcon_core.package_identification:_identify(LCD_web/portamail_ui/venv/lib/python3.12/site-packages/greenlet-3.3.2.dist-info) by extension 'ros'
[1.604s] Level 1:colcon.colcon_core.package_identification:_identify(LCD_web/portamail_ui/venv/lib/python3.12/site-packages/greenlet-3.3.2.dist-info) by extensions ['cmake', 'python']
[1.604s] Level 1:colcon.colcon_core.package_identification:_identify(LCD_web/portamail_ui/venv/lib/python3.12/site-packages/greenlet-3.3.2.dist-info) by extension 'cmake'
[1.604s] Level 1:colcon.colcon_core.package_identification:_identify(LCD_web/portamail_ui/venv/lib/python3.12/site-packages/greenlet-3.3.2.dist-info) by extension 'python'
[1.604s] Level 1:colcon.colcon_core.package_identification:_identify(LCD_web/portamail_ui/venv/lib/python3.12/site-packages/greenlet-3.3.2.dist-info) by extensions ['python_setup_py']
[1.605s] Level 1:colcon.colcon_core.package_identification:_identify(LCD_web/portamail_ui/venv/lib/python3.12/site-packages/greenlet-3.3.2.dist-info) by extension 'python_setup_py'
[1.605s] Level 1:colcon.colcon_core.package_identification:_identify(LCD_web/portamail_ui/venv/lib/python3.12/site-packages/greenlet-3.3.2.dist-info/licenses) by extensions ['ignore', 'ignore_ament_install']
[1.605s] Level 1:colcon.colcon_core.package_identification:_identify(LCD_web/portamail_ui/venv/lib/python3.12/site-packages/greenlet-3.3.2.dist-info/licenses) by extension 'ignore'
[1.605s] Level 1:colcon.colcon_core.package_identification:_identify(LCD_web/portamail_ui/venv/lib/python3.12/site-packages/greenlet-3.3.2.dist-info/licenses) by extension 'ignore_ament_install'
[1.605s] Level 1:colcon.colcon_core.package_identification:_identify(LCD_web/portamail_ui/venv/lib/python3.12/site-packages/greenlet-3.3.2.dist-info/licenses) by extensions ['colcon_pkg']
[1.605s] Level 1:colcon.colcon_core.package_identification:_identify(LCD_web/portamail_ui/venv/lib/python3.12/site-packages/greenlet-3.3.2.dist-info/licenses) by extension 'colcon_pkg'
[1.606s] Level 1:colcon.colcon_core.package_identification:_identify(LCD_web/portamail_ui/venv/lib/python3.12/site-packages/greenlet-3.3.2.dist-info/licenses) by extensions ['colcon_meta']
[1.606s] Level 1:colcon.colcon_core.package_identification:_identify(LCD_web/portamail_ui/venv/lib/python3.12/site-packages/greenlet-3.3.2.dist-info/licenses) by extension 'colcon_meta'
[1.606s] Level 1:colcon.colcon_core.package_identification:_identify(LCD_web/portamail_ui/venv/lib/python3.12/site-packages/greenlet-3.3.2.dist-info/licenses) by extensions ['ros']
[1.606s] Level 1:colcon.colcon_core.package_identification:_identify(LCD_web/portamail_ui/venv/lib/python3.12/site-packages/greenlet-3.3.2.dist-info/licenses) by extension 'ros'
[1.606s] Level 1:colcon.colcon_core.package_identification:_identify(LCD_web/portamail_ui/venv/lib/python3.12/site-packages/greenlet-3.3.2.dist-info/licenses) by extensions ['cmake', 'python']
[1.606s] Level 1:colcon.colcon_core.package_identification:_identify(LCD_web/portamail_ui/venv/lib/python3.12/site-packages/greenlet-3.3.2.dist-info/licenses) by extension 'cmake'
[1.606s] Level 1:colcon.colcon_core.package_identification:_identify(LCD_web/portamail_ui/venv/lib/python3.12/site-packages/greenlet-3.3.2.dist-info/licenses) by extension 'python'
[1.606s] Level 1:colcon.colcon_core.package_identification:_identify(LCD_web/portamail_ui/venv/lib/python3.12/site-packages/greenlet-3.3.2.dist-info/licenses) by extensions ['python_setup_py']
[1.606s] Level 1:colcon.colcon_core.package_identification:_identify(LCD_web/portamail_ui/venv/lib/python3.12/site-packages/greenlet-3.3.2.dist-info/licenses) by extension 'python_setup_py'
[1.607s] Level 1:colcon.colcon_core.package_identification:_identify(LCD_web/portamail_ui/venv/lib/python3.12/site-packages/h11) by extensions ['ignore', 'ignore_ament_install']
[1.607s] Level 1:colcon.colcon_core.package_identification:_identify(LCD_web/portamail_ui/venv/lib/python3.12/site-packages/h11) by extension 'ignore'
[1.607s] Level 1:colcon.colcon_core.package_identification:_identify(LCD_web/portamail_ui/venv/lib/python3.12/site-packages/h11) by extension 'ignore_ament_install'
[1.607s] Level 1:colcon.colcon_core.package_identification:_identify(LCD_web/portamail_ui/venv/lib/python3.12/site-packages/h11) by extensions ['colcon_pkg']
[1.607s] Level 1:colcon.colcon_core.package_identification:_identify(LCD_web/portamail_ui/venv/lib/python3.12/site-packages/h11) by extension 'colcon_pkg'
[1.607s] Level 1:colcon.colcon_core.package_identification:_identify(LCD_web/portamail_ui/venv/lib/python3.12/site-packages/h11) by extensions ['colcon_meta']
[1.607s] Level 1:colcon.colcon_core.package_identification:_identify(LCD_web/portamail_ui/venv/lib/python3.12/site-packages/h11) by extension 'colcon_meta'
[1.607s] Level 1:colcon.colcon_core.package_identification:_identify(LCD_web/portamail_ui/venv/lib/python3.12/site-packages/h11) by extensions ['ros']
[1.607s] Level 1:colcon.colcon_core.package_identification:_identify(LCD_web/portamail_ui/venv/lib/python3.12/site-packages/h11) by extension 'ros'
[1.607s] Level 1:colcon.colcon_core.package_identification:_identify(LCD_web/portamail_ui/venv/lib/python3.12/site-packages/h11) by extensions ['cmake', 'python']
[1.607s] Level 1:colcon.colcon_core.package_identification:_identify(LCD_web/portamail_ui/venv/lib/python3.12/site-packages/h11) by extension 'cmake'
[1.607s] Level 1:colcon.colcon_core.package_identification:_identify(LCD_web/portamail_ui/venv/lib/python3.12/site-packages/h11) by extension 'python'
[1.607s] Level 1:colcon.colcon_core.package_identification:_identify(LCD_web/portamail_ui/venv/lib/python3.12/site-packages/h11) by extensions ['python_setup_py']
[1.607s] Level 1:colcon.colcon_core.package_identification:_identify(LCD_web/portamail_ui/venv/lib/python3.12/site-packages/h11) by extension 'python_setup_py'
[1.607s] Level 1:colcon.colcon_core.package_identification:_identify(LCD_web/portamail_ui/venv/lib/python3.12/site-packages/h11/__pycache__) by extensions ['ignore', 'ignore_ament_install']
[1.608s] Level 1:colcon.colcon_core.package_identification:_identify(LCD_web/portamail_ui/venv/lib/python3.12/site-packages/h11/__pycache__) by extension 'ignore'
[1.608s] Level 1:colcon.colcon_core.package_identification:_identify(LCD_web/portamail_ui/venv/lib/python3.12/site-packages/h11/__pycache__) by extension 'ignore_ament_install'
[1.608s] Level 1:colcon.colcon_core.package_identification:_identify(LCD_web/portamail_ui/venv/lib/python3.12/site-packages/h11/__pycache__) by extensions ['colcon_pkg']
[1.608s] Level 1:colcon.colcon_core.package_identification:_identify(LCD_web/portamail_ui/venv/lib/python3.12/site-packages/h11/__pycache__) by extension 'colcon_pkg'
[1.608s] Level 1:colcon.colcon_core.package_identification:_identify(LCD_web/portamail_ui/venv/lib/python3.12/site-packages/h11/__pycache__) by extensions ['colcon_meta']
[1.608s] Level 1:colcon.colcon_core.package_identification:_identify(LCD_web/portamail_ui/venv/lib/python3.12/site-packages/h11/__pycache__) by extension 'colcon_meta'
[1.608s] Level 1:colcon.colcon_core.package_identification:_identify(LCD_web/portamail_ui/venv/lib/python3.12/site-packages/h11/__pycache__) by extensions ['ros']
[1.608s] Level 1:colcon.colcon_core.package_identification:_identify(LCD_web/portamail_ui/venv/lib/python3.12/site-packages/h11/__pycache__) by extension 'ros'
[1.608s] Level 1:colcon.colcon_core.package_identification:_identify(LCD_web/portamail_ui/venv/lib/python3.12/site-packages/h11/__pycache__) by extensions ['cmake', 'python']
[1.608s] Level 1:colcon.colcon_core.package_identification:_identify(LCD_web/portamail_ui/venv/lib/python3.12/site-packages/h11/__pycache__) by extension 'cmake'
[1.608s] Level 1:colcon.colcon_core.package_identification:_identify(LCD_web/portamail_ui/venv/lib/python3.12/site-packages/h11/__pycache__) by extension 'python'
[1.608s] Level 1:colcon.colcon_core.package_identification:_identify(LCD_web/portamail_ui/venv/lib/python3.12/site-packages/h11/__pycache__) by extensions ['python_setup_py']
[1.608s] Level 1:colcon.colcon_core.package_identification:_identify(LCD_web/portamail_ui/venv/lib/python3.12/site-packages/h11/__pycache__) by extension 'python_setup_py'
[1.608s] Level 1:colcon.colcon_core.package_identification:_identify(LCD_web/portamail_ui/venv/lib/python3.12/site-packages/h11-0.16.0.dist-info) by extensions ['ignore', 'ignore_ament_install']
[1.609s] Level 1:colcon.colcon_core.package_identification:_identify(LCD_web/portamail_ui/venv/lib/python3.12/site-packages/h11-0.16.0.dist-info) by extension 'ignore'
[1.609s] Level 1:colcon.colcon_core.package_identification:_identify(LCD_web/portamail_ui/venv/lib/python3.12/site-packages/h11-0.16.0.dist-info) by extension 'ignore_ament_install'
[1.609s] Level 1:colcon.colcon_core.package_identification:_identify(LCD_web/portamail_ui/venv/lib/python3.12/site-packages/h11-0.16.0.dist-info) by extensions ['colcon_pkg']
[1.609s] Level 1:colcon.colcon_core.package_identification:_identify(LCD_web/portamail_ui/venv/lib/python3.12/site-packages/h11-0.16.0.dist-info) by extension 'colcon_pkg'
[1.609s] Level 1:colcon.colcon_core.package_identification:_identify(LCD_web/portamail_ui/venv/lib/python3.12/site-packages/h11-0.16.0.dist-info) by extensions ['colcon_meta']
[1.609s] Level 1:colcon.colcon_core.package_identification:_identify(LCD_web/portamail_ui/venv/lib/python3.12/site-packages/h11-0.16.0.dist-info) by extension 'colcon_meta'
[1.609s] Level 1:colcon.colcon_core.package_identification:_identify(LCD_web/portamail_ui/venv/lib/python3.12/site-packages/h11-0.16.0.dist-info) by extensions ['ros']
[1.609s] Level 1:colcon.colcon_core.package_identification:_identify(LCD_web/portamail_ui/venv/lib/python3.12/site-packages/h11-0.16.0.dist-info) by extension 'ros'
[1.609s] Level 1:colcon.colcon_core.package_identification:_identify(LCD_web/portamail_ui/venv/lib/python3.12/site-packages/h11-0.16.0.dist-info) by extensions ['cmake', 'python']
[1.609s] Level 1:colcon.colcon_core.package_identification:_identify(LCD_web/portamail_ui/venv/lib/python3.12/site-packages/h11-0.16.0.dist-info) by extension 'cmake'
[1.609s] Level 1:colcon.colcon_core.package_identification:_identify(LCD_web/portamail_ui/venv/lib/python3.12/site-packages/h11-0.16.0.dist-info) by extension 'python'
[1.609s] Level 1:colcon.colcon_core.package_identification:_identify(LCD_web/portamail_ui/venv/lib/python3.12/site-packages/h11-0.16.0.dist-info) by extensions ['python_setup_py']
[1.609s] Level 1:colcon.colcon_core.package_identification:_identify(LCD_web/portamail_ui/venv/lib/python3.12/site-packages/h11-0.16.0.dist-info) by extension 'python_setup_py'
[1.609s] Level 1:colcon.colcon_core.package_identification:_identify(LCD_web/portamail_ui/venv/lib/python3.12/site-packages/h11-0.16.0.dist-info/licenses) by extensions ['ignore', 'ignore_ament_install']
[1.609s] Level 1:colcon.colcon_core.package_identification:_identify(LCD_web/portamail_ui/venv/lib/python3.12/site-packages/h11-0.16.0.dist-info/licenses) by extension 'ignore'
[1.609s] Level 1:colcon.colcon_core.package_identification:_identify(LCD_web/portamail_ui/venv/lib/python3.12/site-packages/h11-0.16.0.dist-info/licenses) by extension 'ignore_ament_install'
[1.610s] Level 1:colcon.colcon_core.package_identification:_identify(LCD_web/portamail_ui/venv/lib/python3.12/site-packages/h11-0.16.0.dist-info/licenses) by extensions ['colcon_pkg']
[1.610s] Level 1:colcon.colcon_core.package_identification:_identify(LCD_web/portamail_ui/venv/lib/python3.12/site-packages/h11-0.16.0.dist-info/licenses) by extension 'colcon_pkg'
[1.610s] Level 1:colcon.colcon_core.package_identification:_identify(LCD_web/portamail_ui/venv/lib/python3.12/site-packages/h11-0.16.0.dist-info/licenses) by extensions ['colcon_meta']
[1.610s] Level 1:colcon.colcon_core.package_identification:_identify(LCD_web/portamail_ui/venv/lib/python3.12/site-packages/h11-0.16.0.dist-info/licenses) by extension 'colcon_meta'
[1.610s] Level 1:colcon.colcon_core.package_identification:_identify(LCD_web/portamail_ui/venv/lib/python3.12/site-packages/h11-0.16.0.dist-info/licenses) by extensions ['ros']
[1.610s] Level 1:colcon.colcon_core.package_identification:_identify(LCD_web/portamail_ui/venv/lib/python3.12/site-packages/h11-0.16.0.dist-info/licenses) by extension 'ros'
[1.611s] Level 1:colcon.colcon_core.package_identification:_identify(LCD_web/portamail_ui/venv/lib/python3.12/site-packages/h11-0.16.0.dist-info/licenses) by extensions ['cmake', 'python']
[1.611s] Level 1:colcon.colcon_core.package_identification:_identify(LCD_web/portamail_ui/venv/lib/python3.12/site-packages/h11-0.16.0.dist-info/licenses) by extension 'cmake'
[1.611s] Level 1:colcon.colcon_core.package_identification:_identify(LCD_web/portamail_ui/venv/lib/python3.12/site-packages/h11-0.16.0.dist-info/licenses) by extension 'python'
[1.611s] Level 1:colcon.colcon_core.package_identification:_identify(LCD_web/portamail_ui/venv/lib/python3.12/site-packages/h11-0.16.0.dist-info/licenses) by extensions ['python_setup_py']
[1.611s] Level 1:colcon.colcon_core.package_identification:_identify(LCD_web/portamail_ui/venv/lib/python3.12/site-packages/h11-0.16.0.dist-info/licenses) by extension 'python_setup_py'
[1.612s] Level 1:colcon.colcon_core.package_identification:_identify(LCD_web/portamail_ui/venv/lib/python3.12/site-packages/itsdangerous) by extensions ['ignore', 'ignore_ament_install']
[1.612s] Level 1:colcon.colcon_core.package_identification:_identify(LCD_web/portamail_ui/venv/lib/python3.12/site-packages/itsdangerous) by extension 'ignore'
[1.612s] Level 1:colcon.colcon_core.package_identification:_identify(LCD_web/portamail_ui/venv/lib/python3.12/site-packages/itsdangerous) by extension 'ignore_ament_install'
[1.612s] Level 1:colcon.colcon_core.package_identification:_identify(LCD_web/portamail_ui/venv/lib/python3.12/site-packages/itsdangerous) by extensions ['colcon_pkg']
[1.612s] Level 1:colcon.colcon_core.package_identification:_identify(LCD_web/portamail_ui/venv/lib/python3.12/site-packages/itsdangerous) by extension 'colcon_pkg'
[1.612s] Level 1:colcon.colcon_core.package_identification:_identify(LCD_web/portamail_ui/venv/lib/python3.12/site-packages/itsdangerous) by extensions ['colcon_meta']
[1.612s] Level 1:colcon.colcon_core.package_identification:_identify(LCD_web/portamail_ui/venv/lib/python3.12/site-packages/itsdangerous) by extension 'colcon_meta'
[1.612s] Level 1:colcon.colcon_core.package_identification:_identify(LCD_web/portamail_ui/venv/lib/python3.12/site-packages/itsdangerous) by extensions ['ros']
[1.613s] Level 1:colcon.colcon_core.package_identification:_identify(LCD_web/portamail_ui/venv/lib/python3.12/site-packages/itsdangerous) by extension 'ros'
[1.613s] Level 1:colcon.colcon_core.package_identification:_identify(LCD_web/portamail_ui/venv/lib/python3.12/site-packages/itsdangerous) by extensions ['cmake', 'python']
[1.613s] Level 1:colcon.colcon_core.package_identification:_identify(LCD_web/portamail_ui/venv/lib/python3.12/site-packages/itsdangerous) by extension 'cmake'
[1.613s] Level 1:colcon.colcon_core.package_identification:_identify(LCD_web/portamail_ui/venv/lib/python3.12/site-packages/itsdangerous) by extension 'python'
[1.613s] Level 1:colcon.colcon_core.package_identification:_identify(LCD_web/portamail_ui/venv/lib/python3.12/site-packages/itsdangerous) by extensions ['python_setup_py']
[1.613s] Level 1:colcon.colcon_core.package_identification:_identify(LCD_web/portamail_ui/venv/lib/python3.12/site-packages/itsdangerous) by extension 'python_setup_py'
[1.613s] Level 1:colcon.colcon_core.package_identification:_identify(LCD_web/portamail_ui/venv/lib/python3.12/site-packages/itsdangerous/__pycache__) by extensions ['ignore', 'ignore_ament_install']
[1.613s] Level 1:colcon.colcon_core.package_identification:_identify(LCD_web/portamail_ui/venv/lib/python3.12/site-packages/itsdangerous/__pycache__) by extension 'ignore'
[1.613s] Level 1:colcon.colcon_core.package_identification:_identify(LCD_web/portamail_ui/venv/lib/python3.12/site-packages/itsdangerous/__pycache__) by extension 'ignore_ament_install'
[1.613s] Level 1:colcon.colcon_core.package_identification:_identify(LCD_web/portamail_ui/venv/lib/python3.12/site-packages/itsdangerous/__pycache__) by extensions ['colcon_pkg']
[1.613s] Level 1:colcon.colcon_core.package_identification:_identify(LCD_web/portamail_ui/venv/lib/python3.12/site-packages/itsdangerous/__pycache__) by extension 'colcon_pkg'
[1.613s] Level 1:colcon.colcon_core.package_identification:_identify(LCD_web/portamail_ui/venv/lib/python3.12/site-packages/itsdangerous/__pycache__) by extensions ['colcon_meta']
[1.613s] Level 1:colcon.colcon_core.package_identification:_identify(LCD_web/portamail_ui/venv/lib/python3.12/site-packages/itsdangerous/__pycache__) by extension 'colcon_meta'
[1.613s] Level 1:colcon.colcon_core.package_identification:_identify(LCD_web/portamail_ui/venv/lib/python3.12/site-packages/itsdangerous/__pycache__) by extensions ['ros']
[1.613s] Level 1:colcon.colcon_core.package_identification:_identify(LCD_web/portamail_ui/venv/lib/python3.12/site-packages/itsdangerous/__pycache__) by extension 'ros'
[1.614s] Level 1:colcon.colcon_core.package_identification:_identify(LCD_web/portamail_ui/venv/lib/python3.12/site-packages/itsdangerous/__pycache__) by extensions ['cmake', 'python']
[1.614s] Level 1:colcon.colcon_core.package_identification:_identify(LCD_web/portamail_ui/venv/lib/python3.12/site-packages/itsdangerous/__pycache__) by extension 'cmake'
[1.614s] Level 1:colcon.colcon_core.package_identification:_identify(LCD_web/portamail_ui/venv/lib/python3.12/site-packages/itsdangerous/__pycache__) by extension 'python'
[1.614s] Level 1:colcon.colcon_core.package_identification:_identify(LCD_web/portamail_ui/venv/lib/python3.12/site-packages/itsdangerous/__pycache__) by extensions ['python_setup_py']
[1.614s] Level 1:colcon.colcon_core.package_identification:_identify(LCD_web/portamail_ui/venv/lib/python3.12/site-packages/itsdangerous/__pycache__) by extension 'python_setup_py'
[1.614s] Level 1:colcon.colcon_core.package_identification:_identify(LCD_web/portamail_ui/venv/lib/python3.12/site-packages/itsdangerous-2.2.0.dist-info) by extensions ['ignore', 'ignore_ament_install']
[1.614s] Level 1:colcon.colcon_core.package_identification:_identify(LCD_web/portamail_ui/venv/lib/python3.12/site-packages/itsdangerous-2.2.0.dist-info) by extension 'ignore'
[1.614s] Level 1:colcon.colcon_core.package_identification:_identify(LCD_web/portamail_ui/venv/lib/python3.12/site-packages/itsdangerous-2.2.0.dist-info) by extension 'ignore_ament_install'
[1.614s] Level 1:colcon.colcon_core.package_identification:_identify(LCD_web/portamail_ui/venv/lib/python3.12/site-packages/itsdangerous-2.2.0.dist-info) by extensions ['colcon_pkg']
[1.614s] Level 1:colcon.colcon_core.package_identification:_identify(LCD_web/portamail_ui/venv/lib/python3.12/site-packages/itsdangerous-2.2.0.dist-info) by extension 'colcon_pkg'
[1.614s] Level 1:colcon.colcon_core.package_identification:_identify(LCD_web/portamail_ui/venv/lib/python3.12/site-packages/itsdangerous-2.2.0.dist-info) by extensions ['colcon_meta']
[1.614s] Level 1:colcon.colcon_core.package_identification:_identify(LCD_web/portamail_ui/venv/lib/python3.12/site-packages/itsdangerous-2.2.0.dist-info) by extension 'colcon_meta'
[1.614s] Level 1:colcon.colcon_core.package_identification:_identify(LCD_web/portamail_ui/venv/lib/python3.12/site-packages/itsdangerous-2.2.0.dist-info) by extensions ['ros']
[1.614s] Level 1:colcon.colcon_core.package_identification:_identify(LCD_web/portamail_ui/venv/lib/python3.12/site-packages/itsdangerous-2.2.0.dist-info) by extension 'ros'
[1.614s] Level 1:colcon.colcon_core.package_identification:_identify(LCD_web/portamail_ui/venv/lib/python3.12/site-packages/itsdangerous-2.2.0.dist-info) by extensions ['cmake', 'python']
[1.614s] Level 1:colcon.colcon_core.package_identification:_identify(LCD_web/portamail_ui/venv/lib/python3.12/site-packages/itsdangerous-2.2.0.dist-info) by extension 'cmake'
[1.614s] Level 1:colcon.colcon_core.package_identification:_identify(LCD_web/portamail_ui/venv/lib/python3.12/site-packages/itsdangerous-2.2.0.dist-info) by extension 'python'
[1.615s] Level 1:colcon.colcon_core.package_identification:_identify(LCD_web/portamail_ui/venv/lib/python3.12/site-packages/itsdangerous-2.2.0.dist-info) by extensions ['python_setup_py']
[1.615s] Level 1:colcon.colcon_core.package_identification:_identify(LCD_web/portamail_ui/venv/lib/python3.12/site-packages/itsdangerous-2.2.0.dist-info) by extension 'python_setup_py'
[1.615s] Level 1:colcon.colcon_core.package_identification:_identify(LCD_web/portamail_ui/venv/lib/python3.12/site-packages/jinja2) by extensions ['ignore', 'ignore_ament_install']
[1.615s] Level 1:colcon.colcon_core.package_identification:_identify(LCD_web/portamail_ui/venv/lib/python3.12/site-packages/jinja2) by extension 'ignore'
[1.615s] Level 1:colcon.colcon_core.package_identification:_identify(LCD_web/portamail_ui/venv/lib/python3.12/site-packages/jinja2) by extension 'ignore_ament_install'
[1.615s] Level 1:colcon.colcon_core.package_identification:_identify(LCD_web/portamail_ui/venv/lib/python3.12/site-packages/jinja2) by extensions ['colcon_pkg']
[1.615s] Level 1:colcon.colcon_core.package_identification:_identify(LCD_web/portamail_ui/venv/lib/python3.12/site-packages/jinja2) by extension 'colcon_pkg'
[1.615s] Level 1:colcon.colcon_core.package_identification:_identify(LCD_web/portamail_ui/venv/lib/python3.12/site-packages/jinja2) by extensions ['colcon_meta']
[1.615s] Level 1:colcon.colcon_core.package_identification:_identify(LCD_web/portamail_ui/venv/lib/python3.12/site-packages/jinja2) by extension 'colcon_meta'
[1.615s] Level 1:colcon.colcon_core.package_identification:_identify(LCD_web/portamail_ui/venv/lib/python3.12/site-packages/jinja2) by extensions ['ros']
[1.615s] Level 1:colcon.colcon_core.package_identification:_identify(LCD_web/portamail_ui/venv/lib/python3.12/site-packages/jinja2) by extension 'ros'
[1.615s] Level 1:colcon.colcon_core.package_identification:_identify(LCD_web/portamail_ui/venv/lib/python3.12/site-packages/jinja2) by extensions ['cmake', 'python']
[1.615s] Level 1:colcon.colcon_core.package_identification:_identify(LCD_web/portamail_ui/venv/lib/python3.12/site-packages/jinja2) by extension 'cmake'
[1.615s] Level 1:colcon.colcon_core.package_identification:_identify(LCD_web/portamail_ui/venv/lib/python3.12/site-packages/jinja2) by extension 'python'
[1.616s] Level 1:colcon.colcon_core.package_identification:_identify(LCD_web/portamail_ui/venv/lib/python3.12/site-packages/jinja2) by extensions ['python_setup_py']
[1.616s] Level 1:colcon.colcon_core.package_identification:_identify(LCD_web/portamail_ui/venv/lib/python3.12/site-packages/jinja2) by extension 'python_setup_py'
[1.616s] Level 1:colcon.colcon_core.package_identification:_identify(LCD_web/portamail_ui/venv/lib/python3.12/site-packages/jinja2/__pycache__) by extensions ['ignore', 'ignore_ament_install']
[1.616s] Level 1:colcon.colcon_core.package_identification:_identify(LCD_web/portamail_ui/venv/lib/python3.12/site-packages/jinja2/__pycache__) by extension 'ignore'
[1.617s] Level 1:colcon.colcon_core.package_identification:_identify(LCD_web/portamail_ui/venv/lib/python3.12/site-packages/jinja2/__pycache__) by extension 'ignore_ament_install'
[1.617s] Level 1:colcon.colcon_core.package_identification:_identify(LCD_web/portamail_ui/venv/lib/python3.12/site-packages/jinja2/__pycache__) by extensions ['colcon_pkg']
[1.617s] Level 1:colcon.colcon_core.package_identification:_identify(LCD_web/portamail_ui/venv/lib/python3.12/site-packages/jinja2/__pycache__) by extension 'colcon_pkg'
[1.617s] Level 1:colcon.colcon_core.package_identification:_identify(LCD_web/portamail_ui/venv/lib/python3.12/site-packages/jinja2/__pycache__) by extensions ['colcon_meta']
[1.617s] Level 1:colcon.colcon_core.package_identification:_identify(LCD_web/portamail_ui/venv/lib/python3.12/site-packages/jinja2/__pycache__) by extension 'colcon_meta'
[1.617s] Level 1:colcon.colcon_core.package_identification:_identify(LCD_web/portamail_ui/venv/lib/python3.12/site-packages/jinja2/__pycache__) by extensions ['ros']
[1.617s] Level 1:colcon.colcon_core.package_identification:_identify(LCD_web/portamail_ui/venv/lib/python3.12/site-packages/jinja2/__pycache__) by extension 'ros'
[1.618s] Level 1:colcon.colcon_core.package_identification:_identify(LCD_web/portamail_ui/venv/lib/python3.12/site-packages/jinja2/__pycache__) by extensions ['cmake', 'python']
[1.618s] Level 1:colcon.colcon_core.package_identification:_identify(LCD_web/portamail_ui/venv/lib/python3.12/site-packages/jinja2/__pycache__) by extension 'cmake'
[1.618s] Level 1:colcon.colcon_core.package_identification:_identify(LCD_web/portamail_ui/venv/lib/python3.12/site-packages/jinja2/__pycache__) by extension 'python'
[1.618s] Level 1:colcon.colcon_core.package_identification:_identify(LCD_web/portamail_ui/venv/lib/python3.12/site-packages/jinja2/__pycache__) by extensions ['python_setup_py']
[1.618s] Level 1:colcon.colcon_core.package_identification:_identify(LCD_web/portamail_ui/venv/lib/python3.12/site-packages/jinja2/__pycache__) by extension 'python_setup_py'
[1.618s] Level 1:colcon.colcon_core.package_identification:_identify(LCD_web/portamail_ui/venv/lib/python3.12/site-packages/jinja2-3.1.6.dist-info) by extensions ['ignore', 'ignore_ament_install']
[1.618s] Level 1:colcon.colcon_core.package_identification:_identify(LCD_web/portamail_ui/venv/lib/python3.12/site-packages/jinja2-3.1.6.dist-info) by extension 'ignore'
[1.618s] Level 1:colcon.colcon_core.package_identification:_identify(LCD_web/portamail_ui/venv/lib/python3.12/site-packages/jinja2-3.1.6.dist-info) by extension 'ignore_ament_install'
[1.618s] Level 1:colcon.colcon_core.package_identification:_identify(LCD_web/portamail_ui/venv/lib/python3.12/site-packages/jinja2-3.1.6.dist-info) by extensions ['colcon_pkg']
[1.618s] Level 1:colcon.colcon_core.package_identification:_identify(LCD_web/portamail_ui/venv/lib/python3.12/site-packages/jinja2-3.1.6.dist-info) by extension 'colcon_pkg'
[1.618s] Level 1:colcon.colcon_core.package_identification:_identify(LCD_web/portamail_ui/venv/lib/python3.12/site-packages/jinja2-3.1.6.dist-info) by extensions ['colcon_meta']
[1.618s] Level 1:colcon.colcon_core.package_identification:_identify(LCD_web/portamail_ui/venv/lib/python3.12/site-packages/jinja2-3.1.6.dist-info) by extension 'colcon_meta'
[1.618s] Level 1:colcon.colcon_core.package_identification:_identify(LCD_web/portamail_ui/venv/lib/python3.12/site-packages/jinja2-3.1.6.dist-info) by extensions ['ros']
[1.618s] Level 1:colcon.colcon_core.package_identification:_identify(LCD_web/portamail_ui/venv/lib/python3.12/site-packages/jinja2-3.1.6.dist-info) by extension 'ros'
[1.619s] Level 1:colcon.colcon_core.package_identification:_identify(LCD_web/portamail_ui/venv/lib/python3.12/site-packages/jinja2-3.1.6.dist-info) by extensions ['cmake', 'python']
[1.619s] Level 1:colcon.colcon_core.package_identification:_identify(LCD_web/portamail_ui/venv/lib/python3.12/site-packages/jinja2-3.1.6.dist-info) by extension 'cmake'
[1.619s] Level 1:colcon.colcon_core.package_identification:_identify(LCD_web/portamail_ui/venv/lib/python3.12/site-packages/jinja2-3.1.6.dist-info) by extension 'python'
[1.619s] Level 1:colcon.colcon_core.package_identification:_identify(LCD_web/portamail_ui/venv/lib/python3.12/site-packages/jinja2-3.1.6.dist-info) by extensions ['python_setup_py']
[1.619s] Level 1:colcon.colcon_core.package_identification:_identify(LCD_web/portamail_ui/venv/lib/python3.12/site-packages/jinja2-3.1.6.dist-info) by extension 'python_setup_py'
[1.619s] Level 1:colcon.colcon_core.package_identification:_identify(LCD_web/portamail_ui/venv/lib/python3.12/site-packages/jinja2-3.1.6.dist-info/licenses) by extensions ['ignore', 'ignore_ament_install']
[1.619s] Level 1:colcon.colcon_core.package_identification:_identify(LCD_web/portamail_ui/venv/lib/python3.12/site-packages/jinja2-3.1.6.dist-info/licenses) by extension 'ignore'
[1.619s] Level 1:colcon.colcon_core.package_identification:_identify(LCD_web/portamail_ui/venv/lib/python3.12/site-packages/jinja2-3.1.6.dist-info/licenses) by extension 'ignore_ament_install'
[1.619s] Level 1:colcon.colcon_core.package_identification:_identify(LCD_web/portamail_ui/venv/lib/python3.12/site-packages/jinja2-3.1.6.dist-info/licenses) by extensions ['colcon_pkg']
[1.620s] Level 1:colcon.colcon_core.package_identification:_identify(LCD_web/portamail_ui/venv/lib/python3.12/site-packages/jinja2-3.1.6.dist-info/licenses) by extension 'colcon_pkg'
[1.620s] Level 1:colcon.colcon_core.package_identification:_identify(LCD_web/portamail_ui/venv/lib/python3.12/site-packages/jinja2-3.1.6.dist-info/licenses) by extensions ['colcon_meta']
[1.620s] Level 1:colcon.colcon_core.package_identification:_identify(LCD_web/portamail_ui/venv/lib/python3.12/site-packages/jinja2-3.1.6.dist-info/licenses) by extension 'colcon_meta'
[1.620s] Level 1:colcon.colcon_core.package_identification:_identify(LCD_web/portamail_ui/venv/lib/python3.12/site-packages/jinja2-3.1.6.dist-info/licenses) by extensions ['ros']
[1.620s] Level 1:colcon.colcon_core.package_identification:_identify(LCD_web/portamail_ui/venv/lib/python3.12/site-packages/jinja2-3.1.6.dist-info/licenses) by extension 'ros'
[1.620s] Level 1:colcon.colcon_core.package_identification:_identify(LCD_web/portamail_ui/venv/lib/python3.12/site-packages/jinja2-3.1.6.dist-info/licenses) by extensions ['cmake', 'python']
[1.620s] Level 1:colcon.colcon_core.package_identification:_identify(LCD_web/portamail_ui/venv/lib/python3.12/site-packages/jinja2-3.1.6.dist-info/licenses) by extension 'cmake'
[1.620s] Level 1:colcon.colcon_core.package_identification:_identify(LCD_web/portamail_ui/venv/lib/python3.12/site-packages/jinja2-3.1.6.dist-info/licenses) by extension 'python'
[1.620s] Level 1:colcon.colcon_core.package_identification:_identify(LCD_web/portamail_ui/venv/lib/python3.12/site-packages/jinja2-3.1.6.dist-info/licenses) by extensions ['python_setup_py']
[1.620s] Level 1:colcon.colcon_core.package_identification:_identify(LCD_web/portamail_ui/venv/lib/python3.12/site-packages/jinja2-3.1.6.dist-info/licenses) by extension 'python_setup_py'
[1.621s] Level 1:colcon.colcon_core.package_identification:_identify(LCD_web/portamail_ui/venv/lib/python3.12/site-packages/markupsafe) by extensions ['ignore', 'ignore_ament_install']
[1.621s] Level 1:colcon.colcon_core.package_identification:_identify(LCD_web/portamail_ui/venv/lib/python3.12/site-packages/markupsafe) by extension 'ignore'
[1.621s] Level 1:colcon.colcon_core.package_identification:_identify(LCD_web/portamail_ui/venv/lib/python3.12/site-packages/markupsafe) by extension 'ignore_ament_install'
[1.621s] Level 1:colcon.colcon_core.package_identification:_identify(LCD_web/portamail_ui/venv/lib/python3.12/site-packages/markupsafe) by extensions ['colcon_pkg']
[1.621s] Level 1:colcon.colcon_core.package_identification:_identify(LCD_web/portamail_ui/venv/lib/python3.12/site-packages/markupsafe) by extension 'colcon_pkg'
[1.621s] Level 1:colcon.colcon_core.package_identification:_identify(LCD_web/portamail_ui/venv/lib/python3.12/site-packages/markupsafe) by extensions ['colcon_meta']
[1.622s] Level 1:colcon.colcon_core.package_identification:_identify(LCD_web/portamail_ui/venv/lib/python3.12/site-packages/markupsafe) by extension 'colcon_meta'
[1.622s] Level 1:colcon.colcon_core.package_identification:_identify(LCD_web/portamail_ui/venv/lib/python3.12/site-packages/markupsafe) by extensions ['ros']
[1.622s] Level 1:colcon.colcon_core.package_identification:_identify(LCD_web/portamail_ui/venv/lib/python3.12/site-packages/markupsafe) by extension 'ros'
[1.622s] Level 1:colcon.colcon_core.package_identification:_identify(LCD_web/portamail_ui/venv/lib/python3.12/site-packages/markupsafe) by extensions ['cmake', 'python']
[1.622s] Level 1:colcon.colcon_core.package_identification:_identify(LCD_web/portamail_ui/venv/lib/python3.12/site-packages/markupsafe) by extension 'cmake'
[1.622s] Level 1:colcon.colcon_core.package_identification:_identify(LCD_web/portamail_ui/venv/lib/python3.12/site-packages/markupsafe) by extension 'python'
[1.622s] Level 1:colcon.colcon_core.package_identification:_identify(LCD_web/portamail_ui/venv/lib/python3.12/site-packages/markupsafe) by extensions ['python_setup_py']
[1.622s] Level 1:colcon.colcon_core.package_identification:_identify(LCD_web/portamail_ui/venv/lib/python3.12/site-packages/markupsafe) by extension 'python_setup_py'
[1.622s] Level 1:colcon.colcon_core.package_identification:_identify(LCD_web/portamail_ui/venv/lib/python3.12/site-packages/markupsafe/__pycache__) by extensions ['ignore', 'ignore_ament_install']
[1.622s] Level 1:colcon.colcon_core.package_identification:_identify(LCD_web/portamail_ui/venv/lib/python3.12/site-packages/markupsafe/__pycache__) by extension 'ignore'
[1.622s] Level 1:colcon.colcon_core.package_identification:_identify(LCD_web/portamail_ui/venv/lib/python3.12/site-packages/markupsafe/__pycache__) by extension 'ignore_ament_install'
[1.623s] Level 1:colcon.colcon_core.package_identification:_identify(LCD_web/portamail_ui/venv/lib/python3.12/site-packages/markupsafe/__pycache__) by extensions ['colcon_pkg']
[1.623s] Level 1:colcon.colcon_core.package_identification:_identify(LCD_web/portamail_ui/venv/lib/python3.12/site-packages/markupsafe/__pycache__) by extension 'colcon_pkg'
[1.623s] Level 1:colcon.colcon_core.package_identification:_identify(LCD_web/portamail_ui/venv/lib/python3.12/site-packages/markupsafe/__pycache__) by extensions ['colcon_meta']
[1.623s] Level 1:colcon.colcon_core.package_identification:_identify(LCD_web/portamail_ui/venv/lib/python3.12/site-packages/markupsafe/__pycache__) by extension 'colcon_meta'
[1.623s] Level 1:colcon.colcon_core.package_identification:_identify(LCD_web/portamail_ui/venv/lib/python3.12/site-packages/markupsafe/__pycache__) by extensions ['ros']
[1.623s] Level 1:colcon.colcon_core.package_identification:_identify(LCD_web/portamail_ui/venv/lib/python3.12/site-packages/markupsafe/__pycache__) by extension 'ros'
[1.623s] Level 1:colcon.colcon_core.package_identification:_identify(LCD_web/portamail_ui/venv/lib/python3.12/site-packages/markupsafe/__pycache__) by extensions ['cmake', 'python']
[1.623s] Level 1:colcon.colcon_core.package_identification:_identify(LCD_web/portamail_ui/venv/lib/python3.12/site-packages/markupsafe/__pycache__) by extension 'cmake'
[1.623s] Level 1:colcon.colcon_core.package_identification:_identify(LCD_web/portamail_ui/venv/lib/python3.12/site-packages/markupsafe/__pycache__) by extension 'python'
[1.623s] Level 1:colcon.colcon_core.package_identification:_identify(LCD_web/portamail_ui/venv/lib/python3.12/site-packages/markupsafe/__pycache__) by extensions ['python_setup_py']
[1.623s] Level 1:colcon.colcon_core.package_identification:_identify(LCD_web/portamail_ui/venv/lib/python3.12/site-packages/markupsafe/__pycache__) by extension 'python_setup_py'
[1.623s] Level 1:colcon.colcon_core.package_identification:_identify(LCD_web/portamail_ui/venv/lib/python3.12/site-packages/markupsafe-3.0.3.dist-info) by extensions ['ignore', 'ignore_ament_install']
[1.623s] Level 1:colcon.colcon_core.package_identification:_identify(LCD_web/portamail_ui/venv/lib/python3.12/site-packages/markupsafe-3.0.3.dist-info) by extension 'ignore'
[1.623s] Level 1:colcon.colcon_core.package_identification:_identify(LCD_web/portamail_ui/venv/lib/python3.12/site-packages/markupsafe-3.0.3.dist-info) by extension 'ignore_ament_install'
[1.623s] Level 1:colcon.colcon_core.package_identification:_identify(LCD_web/portamail_ui/venv/lib/python3.12/site-packages/markupsafe-3.0.3.dist-info) by extensions ['colcon_pkg']
[1.623s] Level 1:colcon.colcon_core.package_identification:_identify(LCD_web/portamail_ui/venv/lib/python3.12/site-packages/markupsafe-3.0.3.dist-info) by extension 'colcon_pkg'
[1.623s] Level 1:colcon.colcon_core.package_identification:_identify(LCD_web/portamail_ui/venv/lib/python3.12/site-packages/markupsafe-3.0.3.dist-info) by extensions ['colcon_meta']
[1.624s] Level 1:colcon.colcon_core.package_identification:_identify(LCD_web/portamail_ui/venv/lib/python3.12/site-packages/markupsafe-3.0.3.dist-info) by extension 'colcon_meta'
[1.624s] Level 1:colcon.colcon_core.package_identification:_identify(LCD_web/portamail_ui/venv/lib/python3.12/site-packages/markupsafe-3.0.3.dist-info) by extensions ['ros']
[1.624s] Level 1:colcon.colcon_core.package_identification:_identify(LCD_web/portamail_ui/venv/lib/python3.12/site-packages/markupsafe-3.0.3.dist-info) by extension 'ros'
[1.624s] Level 1:colcon.colcon_core.package_identification:_identify(LCD_web/portamail_ui/venv/lib/python3.12/site-packages/markupsafe-3.0.3.dist-info) by extensions ['cmake', 'python']
[1.624s] Level 1:colcon.colcon_core.package_identification:_identify(LCD_web/portamail_ui/venv/lib/python3.12/site-packages/markupsafe-3.0.3.dist-info) by extension 'cmake'
[1.624s] Level 1:colcon.colcon_core.package_identification:_identify(LCD_web/portamail_ui/venv/lib/python3.12/site-packages/markupsafe-3.0.3.dist-info) by extension 'python'
[1.624s] Level 1:colcon.colcon_core.package_identification:_identify(LCD_web/portamail_ui/venv/lib/python3.12/site-packages/markupsafe-3.0.3.dist-info) by extensions ['python_setup_py']
[1.624s] Level 1:colcon.colcon_core.package_identification:_identify(LCD_web/portamail_ui/venv/lib/python3.12/site-packages/markupsafe-3.0.3.dist-info) by extension 'python_setup_py'
[1.624s] Level 1:colcon.colcon_core.package_identification:_identify(LCD_web/portamail_ui/venv/lib/python3.12/site-packages/markupsafe-3.0.3.dist-info/licenses) by extensions ['ignore', 'ignore_ament_install']
[1.624s] Level 1:colcon.colcon_core.package_identification:_identify(LCD_web/portamail_ui/venv/lib/python3.12/site-packages/markupsafe-3.0.3.dist-info/licenses) by extension 'ignore'
[1.624s] Level 1:colcon.colcon_core.package_identification:_identify(LCD_web/portamail_ui/venv/lib/python3.12/site-packages/markupsafe-3.0.3.dist-info/licenses) by extension 'ignore_ament_install'
[1.624s] Level 1:colcon.colcon_core.package_identification:_identify(LCD_web/portamail_ui/venv/lib/python3.12/site-packages/markupsafe-3.0.3.dist-info/licenses) by extensions ['colcon_pkg']
[1.624s] Level 1:colcon.colcon_core.package_identification:_identify(LCD_web/portamail_ui/venv/lib/python3.12/site-packages/markupsafe-3.0.3.dist-info/licenses) by extension 'colcon_pkg'
[1.624s] Level 1:colcon.colcon_core.package_identification:_identify(LCD_web/portamail_ui/venv/lib/python3.12/site-packages/markupsafe-3.0.3.dist-info/licenses) by extensions ['colcon_meta']
[1.624s] Level 1:colcon.colcon_core.package_identification:_identify(LCD_web/portamail_ui/venv/lib/python3.12/site-packages/markupsafe-3.0.3.dist-info/licenses) by extension 'colcon_meta'
[1.624s] Level 1:colcon.colcon_core.package_identification:_identify(LCD_web/portamail_ui/venv/lib/python3.12/site-packages/markupsafe-3.0.3.dist-info/licenses) by extensions ['ros']
[1.625s] Level 1:colcon.colcon_core.package_identification:_identify(LCD_web/portamail_ui/venv/lib/python3.12/site-packages/markupsafe-3.0.3.dist-info/licenses) by extension 'ros'
[1.625s] Level 1:colcon.colcon_core.package_identification:_identify(LCD_web/portamail_ui/venv/lib/python3.12/site-packages/markupsafe-3.0.3.dist-info/licenses) by extensions ['cmake', 'python']
[1.625s] Level 1:colcon.colcon_core.package_identification:_identify(LCD_web/portamail_ui/venv/lib/python3.12/site-packages/markupsafe-3.0.3.dist-info/licenses) by extension 'cmake'
[1.625s] Level 1:colcon.colcon_core.package_identification:_identify(LCD_web/portamail_ui/venv/lib/python3.12/site-packages/markupsafe-3.0.3.dist-info/licenses) by extension 'python'
[1.625s] Level 1:colcon.colcon_core.package_identification:_identify(LCD_web/portamail_ui/venv/lib/python3.12/site-packages/markupsafe-3.0.3.dist-info/licenses) by extensions ['python_setup_py']
[1.625s] Level 1:colcon.colcon_core.package_identification:_identify(LCD_web/portamail_ui/venv/lib/python3.12/site-packages/markupsafe-3.0.3.dist-info/licenses) by extension 'python_setup_py'
[1.625s] Level 1:colcon.colcon_core.package_identification:_identify(LCD_web/portamail_ui/venv/lib/python3.12/site-packages/pip) by extensions ['ignore', 'ignore_ament_install']
[1.625s] Level 1:colcon.colcon_core.package_identification:_identify(LCD_web/portamail_ui/venv/lib/python3.12/site-packages/pip) by extension 'ignore'
[1.625s] Level 1:colcon.colcon_core.package_identification:_identify(LCD_web/portamail_ui/venv/lib/python3.12/site-packages/pip) by extension 'ignore_ament_install'
[1.625s] Level 1:colcon.colcon_core.package_identification:_identify(LCD_web/portamail_ui/venv/lib/python3.12/site-packages/pip) by extensions ['colcon_pkg']
[1.625s] Level 1:colcon.colcon_core.package_identification:_identify(LCD_web/portamail_ui/venv/lib/python3.12/site-packages/pip) by extension 'colcon_pkg'
[1.625s] Level 1:colcon.colcon_core.package_identification:_identify(LCD_web/portamail_ui/venv/lib/python3.12/site-packages/pip) by extensions ['colcon_meta']
[1.625s] Level 1:colcon.colcon_core.package_identification:_identify(LCD_web/portamail_ui/venv/lib/python3.12/site-packages/pip) by extension 'colcon_meta'
[1.625s] Level 1:colcon.colcon_core.package_identification:_identify(LCD_web/portamail_ui/venv/lib/python3.12/site-packages/pip) by extensions ['ros']
[1.625s] Level 1:colcon.colcon_core.package_identification:_identify(LCD_web/portamail_ui/venv/lib/python3.12/site-packages/pip) by extension 'ros'
[1.626s] Level 1:colcon.colcon_core.package_identification:_identify(LCD_web/portamail_ui/venv/lib/python3.12/site-packages/pip) by extensions ['cmake', 'python']
[1.626s] Level 1:colcon.colcon_core.package_identification:_identify(LCD_web/portamail_ui/venv/lib/python3.12/site-packages/pip) by extension 'cmake'
[1.626s] Level 1:colcon.colcon_core.package_identification:_identify(LCD_web/portamail_ui/venv/lib/python3.12/site-packages/pip) by extension 'python'
[1.626s] Level 1:colcon.colcon_core.package_identification:_identify(LCD_web/portamail_ui/venv/lib/python3.12/site-packages/pip) by extensions ['python_setup_py']
[1.626s] Level 1:colcon.colcon_core.package_identification:_identify(LCD_web/portamail_ui/venv/lib/python3.12/site-packages/pip) by extension 'python_setup_py'
[1.626s] Level 1:colcon.colcon_core.package_identification:_identify(LCD_web/portamail_ui/venv/lib/python3.12/site-packages/pip/__pycache__) by extensions ['ignore', 'ignore_ament_install']
[1.626s] Level 1:colcon.colcon_core.package_identification:_identify(LCD_web/portamail_ui/venv/lib/python3.12/site-packages/pip/__pycache__) by extension 'ignore'
[1.627s] Level 1:colcon.colcon_core.package_identification:_identify(LCD_web/portamail_ui/venv/lib/python3.12/site-packages/pip/__pycache__) by extension 'ignore_ament_install'
[1.627s] Level 1:colcon.colcon_core.package_identification:_identify(LCD_web/portamail_ui/venv/lib/python3.12/site-packages/pip/__pycache__) by extensions ['colcon_pkg']
[1.627s] Level 1:colcon.colcon_core.package_identification:_identify(LCD_web/portamail_ui/venv/lib/python3.12/site-packages/pip/__pycache__) by extension 'colcon_pkg'
[1.627s] Level 1:colcon.colcon_core.package_identification:_identify(LCD_web/portamail_ui/venv/lib/python3.12/site-packages/pip/__pycache__) by extensions ['colcon_meta']
[1.627s] Level 1:colcon.colcon_core.package_identification:_identify(LCD_web/portamail_ui/venv/lib/python3.12/site-packages/pip/__pycache__) by extension 'colcon_meta'
[1.628s] Level 1:colcon.colcon_core.package_identification:_identify(LCD_web/portamail_ui/venv/lib/python3.12/site-packages/pip/__pycache__) by extensions ['ros']
[1.628s] Level 1:colcon.colcon_core.package_identification:_identify(LCD_web/portamail_ui/venv/lib/python3.12/site-packages/pip/__pycache__) by extension 'ros'
[1.628s] Level 1:colcon.colcon_core.package_identification:_identify(LCD_web/portamail_ui/venv/lib/python3.12/site-packages/pip/__pycache__) by extensions ['cmake', 'python']
[1.628s] Level 1:colcon.colcon_core.package_identification:_identify(LCD_web/portamail_ui/venv/lib/python3.12/site-packages/pip/__pycache__) by extension 'cmake'
[1.628s] Level 1:colcon.colcon_core.package_identification:_identify(LCD_web/portamail_ui/venv/lib/python3.12/site-packages/pip/__pycache__) by extension 'python'
[1.628s] Level 1:colcon.colcon_core.package_identification:_identify(LCD_web/portamail_ui/venv/lib/python3.12/site-packages/pip/__pycache__) by extensions ['python_setup_py']
[1.628s] Level 1:colcon.colcon_core.package_identification:_identify(LCD_web/portamail_ui/venv/lib/python3.12/site-packages/pip/__pycache__) by extension 'python_setup_py'
[1.628s] Level 1:colcon.colcon_core.package_identification:_identify(LCD_web/portamail_ui/venv/lib/python3.12/site-packages/pip/_internal) by extensions ['ignore', 'ignore_ament_install']
[1.629s] Level 1:colcon.colcon_core.package_identification:_identify(LCD_web/portamail_ui/venv/lib/python3.12/site-packages/pip/_internal) by extension 'ignore'
[1.629s] Level 1:colcon.colcon_core.package_identification:_identify(LCD_web/portamail_ui/venv/lib/python3.12/site-packages/pip/_internal) by extension 'ignore_ament_install'
[1.629s] Level 1:colcon.colcon_core.package_identification:_identify(LCD_web/portamail_ui/venv/lib/python3.12/site-packages/pip/_internal) by extensions ['colcon_pkg']
[1.629s] Level 1:colcon.colcon_core.package_identification:_identify(LCD_web/portamail_ui/venv/lib/python3.12/site-packages/pip/_internal) by extension 'colcon_pkg'
[1.629s] Level 1:colcon.colcon_core.package_identification:_identify(LCD_web/portamail_ui/venv/lib/python3.12/site-packages/pip/_internal) by extensions ['colcon_meta']
[1.629s] Level 1:colcon.colcon_core.package_identification:_identify(LCD_web/portamail_ui/venv/lib/python3.12/site-packages/pip/_internal) by extension 'colcon_meta'
[1.629s] Level 1:colcon.colcon_core.package_identification:_identify(LCD_web/portamail_ui/venv/lib/python3.12/site-packages/pip/_internal) by extensions ['ros']
[1.629s] Level 1:colcon.colcon_core.package_identification:_identify(LCD_web/portamail_ui/venv/lib/python3.12/site-packages/pip/_internal) by extension 'ros'
[1.629s] Level 1:colcon.colcon_core.package_identification:_identify(LCD_web/portamail_ui/venv/lib/python3.12/site-packages/pip/_internal) by extensions ['cmake', 'python']
[1.629s] Level 1:colcon.colcon_core.package_identification:_identify(LCD_web/portamail_ui/venv/lib/python3.12/site-packages/pip/_internal) by extension 'cmake'
[1.629s] Level 1:colcon.colcon_core.package_identification:_identify(LCD_web/portamail_ui/venv/lib/python3.12/site-packages/pip/_internal) by extension 'python'
[1.629s] Level 1:colcon.colcon_core.package_identification:_identify(LCD_web/portamail_ui/venv/lib/python3.12/site-packages/pip/_internal) by extensions ['python_setup_py']
[1.629s] Level 1:colcon.colcon_core.package_identification:_identify(LCD_web/portamail_ui/venv/lib/python3.12/site-packages/pip/_internal) by extension 'python_setup_py'
[1.630s] Level 1:colcon.colcon_core.package_identification:_identify(LCD_web/portamail_ui/venv/lib/python3.12/site-packages/pip/_internal/__pycache__) by extensions ['ignore', 'ignore_ament_install']
[1.630s] Level 1:colcon.colcon_core.package_identification:_identify(LCD_web/portamail_ui/venv/lib/python3.12/site-packages/pip/_internal/__pycache__) by extension 'ignore'
[1.630s] Level 1:colcon.colcon_core.package_identification:_identify(LCD_web/portamail_ui/venv/lib/python3.12/site-packages/pip/_internal/__pycache__) by extension 'ignore_ament_install'
[1.630s] Level 1:colcon.colcon_core.package_identification:_identify(LCD_web/portamail_ui/venv/lib/python3.12/site-packages/pip/_internal/__pycache__) by extensions ['colcon_pkg']
[1.630s] Level 1:colcon.colcon_core.package_identification:_identify(LCD_web/portamail_ui/venv/lib/python3.12/site-packages/pip/_internal/__pycache__) by extension 'colcon_pkg'
[1.630s] Level 1:colcon.colcon_core.package_identification:_identify(LCD_web/portamail_ui/venv/lib/python3.12/site-packages/pip/_internal/__pycache__) by extensions ['colcon_meta']
[1.630s] Level 1:colcon.colcon_core.package_identification:_identify(LCD_web/portamail_ui/venv/lib/python3.12/site-packages/pip/_internal/__pycache__) by extension 'colcon_meta'
[1.630s] Level 1:colcon.colcon_core.package_identification:_identify(LCD_web/portamail_ui/venv/lib/python3.12/site-packages/pip/_internal/__pycache__) by extensions ['ros']
[1.630s] Level 1:colcon.colcon_core.package_identification:_identify(LCD_web/portamail_ui/venv/lib/python3.12/site-packages/pip/_internal/__pycache__) by extension 'ros'
[1.630s] Level 1:colcon.colcon_core.package_identification:_identify(LCD_web/portamail_ui/venv/lib/python3.12/site-packages/pip/_internal/__pycache__) by extensions ['cmake', 'python']
[1.630s] Level 1:colcon.colcon_core.package_identification:_identify(LCD_web/portamail_ui/venv/lib/python3.12/site-packages/pip/_internal/__pycache__) by extension 'cmake'
[1.631s] Level 1:colcon.colcon_core.package_identification:_identify(LCD_web/portamail_ui/venv/lib/python3.12/site-packages/pip/_internal/__pycache__) by extension 'python'
[1.631s] Level 1:colcon.colcon_core.package_identification:_identify(LCD_web/portamail_ui/venv/lib/python3.12/site-packages/pip/_internal/__pycache__) by extensions ['python_setup_py']
[1.631s] Level 1:colcon.colcon_core.package_identification:_identify(LCD_web/portamail_ui/venv/lib/python3.12/site-packages/pip/_internal/__pycache__) by extension 'python_setup_py'
[1.631s] Level 1:colcon.colcon_core.package_identification:_identify(LCD_web/portamail_ui/venv/lib/python3.12/site-packages/pip/_internal/cli) by extensions ['ignore', 'ignore_ament_install']
[1.631s] Level 1:colcon.colcon_core.package_identification:_identify(LCD_web/portamail_ui/venv/lib/python3.12/site-packages/pip/_internal/cli) by extension 'ignore'
[1.631s] Level 1:colcon.colcon_core.package_identification:_identify(LCD_web/portamail_ui/venv/lib/python3.12/site-packages/pip/_internal/cli) by extension 'ignore_ament_install'
[1.632s] Level 1:colcon.colcon_core.package_identification:_identify(LCD_web/portamail_ui/venv/lib/python3.12/site-packages/pip/_internal/cli) by extensions ['colcon_pkg']
[1.632s] Level 1:colcon.colcon_core.package_identification:_identify(LCD_web/portamail_ui/venv/lib/python3.12/site-packages/pip/_internal/cli) by extension 'colcon_pkg'
[1.632s] Level 1:colcon.colcon_core.package_identification:_identify(LCD_web/portamail_ui/venv/lib/python3.12/site-packages/pip/_internal/cli) by extensions ['colcon_meta']
[1.632s] Level 1:colcon.colcon_core.package_identification:_identify(LCD_web/portamail_ui/venv/lib/python3.12/site-packages/pip/_internal/cli) by extension 'colcon_meta'
[1.632s] Level 1:colcon.colcon_core.package_identification:_identify(LCD_web/portamail_ui/venv/lib/python3.12/site-packages/pip/_internal/cli) by extensions ['ros']
[1.632s] Level 1:colcon.colcon_core.package_identification:_identify(LCD_web/portamail_ui/venv/lib/python3.12/site-packages/pip/_internal/cli) by extension 'ros'
[1.633s] Level 1:colcon.colcon_core.package_identification:_identify(LCD_web/portamail_ui/venv/lib/python3.12/site-packages/pip/_internal/cli) by extensions ['cmake', 'python']
[1.633s] Level 1:colcon.colcon_core.package_identification:_identify(LCD_web/portamail_ui/venv/lib/python3.12/site-packages/pip/_internal/cli) by extension 'cmake'
[1.633s] Level 1:colcon.colcon_core.package_identification:_identify(LCD_web/portamail_ui/venv/lib/python3.12/site-packages/pip/_internal/cli) by extension 'python'
[1.633s] Level 1:colcon.colcon_core.package_identification:_identify(LCD_web/portamail_ui/venv/lib/python3.12/site-packages/pip/_internal/cli) by extensions ['python_setup_py']
[1.633s] Level 1:colcon.colcon_core.package_identification:_identify(LCD_web/portamail_ui/venv/lib/python3.12/site-packages/pip/_internal/cli) by extension 'python_setup_py'
[1.633s] Level 1:colcon.colcon_core.package_identification:_identify(LCD_web/portamail_ui/venv/lib/python3.12/site-packages/pip/_internal/cli/__pycache__) by extensions ['ignore', 'ignore_ament_install']
[1.633s] Level 1:colcon.colcon_core.package_identification:_identify(LCD_web/portamail_ui/venv/lib/python3.12/site-packages/pip/_internal/cli/__pycache__) by extension 'ignore'
[1.634s] Level 1:colcon.colcon_core.package_identification:_identify(LCD_web/portamail_ui/venv/lib/python3.12/site-packages/pip/_internal/cli/__pycache__) by extension 'ignore_ament_install'
[1.634s] Level 1:colcon.colcon_core.package_identification:_identify(LCD_web/portamail_ui/venv/lib/python3.12/site-packages/pip/_internal/cli/__pycache__) by extensions ['colcon_pkg']
[1.634s] Level 1:colcon.colcon_core.package_identification:_identify(LCD_web/portamail_ui/venv/lib/python3.12/site-packages/pip/_internal/cli/__pycache__) by extension 'colcon_pkg'
[1.634s] Level 1:colcon.colcon_core.package_identification:_identify(LCD_web/portamail_ui/venv/lib/python3.12/site-packages/pip/_internal/cli/__pycache__) by extensions ['colcon_meta']
[1.634s] Level 1:colcon.colcon_core.package_identification:_identify(LCD_web/portamail_ui/venv/lib/python3.12/site-packages/pip/_internal/cli/__pycache__) by extension 'colcon_meta'
[1.634s] Level 1:colcon.colcon_core.package_identification:_identify(LCD_web/portamail_ui/venv/lib/python3.12/site-packages/pip/_internal/cli/__pycache__) by extensions ['ros']
[1.634s] Level 1:colcon.colcon_core.package_identification:_identify(LCD_web/portamail_ui/venv/lib/python3.12/site-packages/pip/_internal/cli/__pycache__) by extension 'ros'
[1.634s] Level 1:colcon.colcon_core.package_identification:_identify(LCD_web/portamail_ui/venv/lib/python3.12/site-packages/pip/_internal/cli/__pycache__) by extensions ['cmake', 'python']
[1.634s] Level 1:colcon.colcon_core.package_identification:_identify(LCD_web/portamail_ui/venv/lib/python3.12/site-packages/pip/_internal/cli/__pycache__) by extension 'cmake'
[1.634s] Level 1:colcon.colcon_core.package_identification:_identify(LCD_web/portamail_ui/venv/lib/python3.12/site-packages/pip/_internal/cli/__pycache__) by extension 'python'
[1.634s] Level 1:colcon.colcon_core.package_identification:_identify(LCD_web/portamail_ui/venv/lib/python3.12/site-packages/pip/_internal/cli/__pycache__) by extensions ['python_setup_py']
[1.634s] Level 1:colcon.colcon_core.package_identification:_identify(LCD_web/portamail_ui/venv/lib/python3.12/site-packages/pip/_internal/cli/__pycache__) by extension 'python_setup_py'
[1.634s] Level 1:colcon.colcon_core.package_identification:_identify(LCD_web/portamail_ui/venv/lib/python3.12/site-packages/pip/_internal/commands) by extensions ['ignore', 'ignore_ament_install']
[1.634s] Level 1:colcon.colcon_core.package_identification:_identify(LCD_web/portamail_ui/venv/lib/python3.12/site-packages/pip/_internal/commands) by extension 'ignore'
[1.635s] Level 1:colcon.colcon_core.package_identification:_identify(LCD_web/portamail_ui/venv/lib/python3.12/site-packages/pip/_internal/commands) by extension 'ignore_ament_install'
[1.635s] Level 1:colcon.colcon_core.package_identification:_identify(LCD_web/portamail_ui/venv/lib/python3.12/site-packages/pip/_internal/commands) by extensions ['colcon_pkg']
[1.635s] Level 1:colcon.colcon_core.package_identification:_identify(LCD_web/portamail_ui/venv/lib/python3.12/site-packages/pip/_internal/commands) by extension 'colcon_pkg'
[1.635s] Level 1:colcon.colcon_core.package_identification:_identify(LCD_web/portamail_ui/venv/lib/python3.12/site-packages/pip/_internal/commands) by extensions ['colcon_meta']
[1.635s] Level 1:colcon.colcon_core.package_identification:_identify(LCD_web/portamail_ui/venv/lib/python3.12/site-packages/pip/_internal/commands) by extension 'colcon_meta'
[1.635s] Level 1:colcon.colcon_core.package_identification:_identify(LCD_web/portamail_ui/venv/lib/python3.12/site-packages/pip/_internal/commands) by extensions ['ros']
[1.635s] Level 1:colcon.colcon_core.package_identification:_identify(LCD_web/portamail_ui/venv/lib/python3.12/site-packages/pip/_internal/commands) by extension 'ros'
[1.635s] Level 1:colcon.colcon_core.package_identification:_identify(LCD_web/portamail_ui/venv/lib/python3.12/site-packages/pip/_internal/commands) by extensions ['cmake', 'python']
[1.635s] Level 1:colcon.colcon_core.package_identification:_identify(LCD_web/portamail_ui/venv/lib/python3.12/site-packages/pip/_internal/commands) by extension 'cmake'
[1.635s] Level 1:colcon.colcon_core.package_identification:_identify(LCD_web/portamail_ui/venv/lib/python3.12/site-packages/pip/_internal/commands) by extension 'python'
[1.635s] Level 1:colcon.colcon_core.package_identification:_identify(LCD_web/portamail_ui/venv/lib/python3.12/site-packages/pip/_internal/commands) by extensions ['python_setup_py']
[1.635s] Level 1:colcon.colcon_core.package_identification:_identify(LCD_web/portamail_ui/venv/lib/python3.12/site-packages/pip/_internal/commands) by extension 'python_setup_py'
[1.635s] Level 1:colcon.colcon_core.package_identification:_identify(LCD_web/portamail_ui/venv/lib/python3.12/site-packages/pip/_internal/commands/__pycache__) by extensions ['ignore', 'ignore_ament_install']
[1.635s] Level 1:colcon.colcon_core.package_identification:_identify(LCD_web/portamail_ui/venv/lib/python3.12/site-packages/pip/_internal/commands/__pycache__) by extension 'ignore'
[1.636s] Level 1:colcon.colcon_core.package_identification:_identify(LCD_web/portamail_ui/venv/lib/python3.12/site-packages/pip/_internal/commands/__pycache__) by extension 'ignore_ament_install'
[1.636s] Level 1:colcon.colcon_core.package_identification:_identify(LCD_web/portamail_ui/venv/lib/python3.12/site-packages/pip/_internal/commands/__pycache__) by extensions ['colcon_pkg']
[1.636s] Level 1:colcon.colcon_core.package_identification:_identify(LCD_web/portamail_ui/venv/lib/python3.12/site-packages/pip/_internal/commands/__pycache__) by extension 'colcon_pkg'
[1.636s] Level 1:colcon.colcon_core.package_identification:_identify(LCD_web/portamail_ui/venv/lib/python3.12/site-packages/pip/_internal/commands/__pycache__) by extensions ['colcon_meta']
[1.636s] Level 1:colcon.colcon_core.package_identification:_identify(LCD_web/portamail_ui/venv/lib/python3.12/site-packages/pip/_internal/commands/__pycache__) by extension 'colcon_meta'
[1.636s] Level 1:colcon.colcon_core.package_identification:_identify(LCD_web/portamail_ui/venv/lib/python3.12/site-packages/pip/_internal/commands/__pycache__) by extensions ['ros']
[1.636s] Level 1:colcon.colcon_core.package_identification:_identify(LCD_web/portamail_ui/venv/lib/python3.12/site-packages/pip/_internal/commands/__pycache__) by extension 'ros'
[1.636s] Level 1:colcon.colcon_core.package_identification:_identify(LCD_web/portamail_ui/venv/lib/python3.12/site-packages/pip/_internal/commands/__pycache__) by extensions ['cmake', 'python']
[1.636s] Level 1:colcon.colcon_core.package_identification:_identify(LCD_web/portamail_ui/venv/lib/python3.12/site-packages/pip/_internal/commands/__pycache__) by extension 'cmake'
[1.636s] Level 1:colcon.colcon_core.package_identification:_identify(LCD_web/portamail_ui/venv/lib/python3.12/site-packages/pip/_internal/commands/__pycache__) by extension 'python'
[1.636s] Level 1:colcon.colcon_core.package_identification:_identify(LCD_web/portamail_ui/venv/lib/python3.12/site-packages/pip/_internal/commands/__pycache__) by extensions ['python_setup_py']
[1.636s] Level 1:colcon.colcon_core.package_identification:_identify(LCD_web/portamail_ui/venv/lib/python3.12/site-packages/pip/_internal/commands/__pycache__) by extension 'python_setup_py'
[1.636s] Level 1:colcon.colcon_core.package_identification:_identify(LCD_web/portamail_ui/venv/lib/python3.12/site-packages/pip/_internal/distributions) by extensions ['ignore', 'ignore_ament_install']
[1.636s] Level 1:colcon.colcon_core.package_identification:_identify(LCD_web/portamail_ui/venv/lib/python3.12/site-packages/pip/_internal/distributions) by extension 'ignore'
[1.637s] Level 1:colcon.colcon_core.package_identification:_identify(LCD_web/portamail_ui/venv/lib/python3.12/site-packages/pip/_internal/distributions) by extension 'ignore_ament_install'
[1.637s] Level 1:colcon.colcon_core.package_identification:_identify(LCD_web/portamail_ui/venv/lib/python3.12/site-packages/pip/_internal/distributions) by extensions ['colcon_pkg']
[1.637s] Level 1:colcon.colcon_core.package_identification:_identify(LCD_web/portamail_ui/venv/lib/python3.12/site-packages/pip/_internal/distributions) by extension 'colcon_pkg'
[1.637s] Level 1:colcon.colcon_core.package_identification:_identify(LCD_web/portamail_ui/venv/lib/python3.12/site-packages/pip/_internal/distributions) by extensions ['colcon_meta']
[1.637s] Level 1:colcon.colcon_core.package_identification:_identify(LCD_web/portamail_ui/venv/lib/python3.12/site-packages/pip/_internal/distributions) by extension 'colcon_meta'
[1.637s] Level 1:colcon.colcon_core.package_identification:_identify(LCD_web/portamail_ui/venv/lib/python3.12/site-packages/pip/_internal/distributions) by extensions ['ros']
[1.637s] Level 1:colcon.colcon_core.package_identification:_identify(LCD_web/portamail_ui/venv/lib/python3.12/site-packages/pip/_internal/distributions) by extension 'ros'
[1.637s] Level 1:colcon.colcon_core.package_identification:_identify(LCD_web/portamail_ui/venv/lib/python3.12/site-packages/pip/_internal/distributions) by extensions ['cmake', 'python']
[1.638s] Level 1:colcon.colcon_core.package_identification:_identify(LCD_web/portamail_ui/venv/lib/python3.12/site-packages/pip/_internal/distributions) by extension 'cmake'
[1.638s] Level 1:colcon.colcon_core.package_identification:_identify(LCD_web/portamail_ui/venv/lib/python3.12/site-packages/pip/_internal/distributions) by extension 'python'
[1.638s] Level 1:colcon.colcon_core.package_identification:_identify(LCD_web/portamail_ui/venv/lib/python3.12/site-packages/pip/_internal/distributions) by extensions ['python_setup_py']
[1.638s] Level 1:colcon.colcon_core.package_identification:_identify(LCD_web/portamail_ui/venv/lib/python3.12/site-packages/pip/_internal/distributions) by extension 'python_setup_py'
[1.639s] Level 1:colcon.colcon_core.package_identification:_identify(LCD_web/portamail_ui/venv/lib/python3.12/site-packages/pip/_internal/distributions/__pycache__) by extensions ['ignore', 'ignore_ament_install']
[1.640s] Level 1:colcon.colcon_core.package_identification:_identify(LCD_web/portamail_ui/venv/lib/python3.12/site-packages/pip/_internal/distributions/__pycache__) by extension 'ignore'
[1.640s] Level 1:colcon.colcon_core.package_identification:_identify(LCD_web/portamail_ui/venv/lib/python3.12/site-packages/pip/_internal/distributions/__pycache__) by extension 'ignore_ament_install'
[1.640s] Level 1:colcon.colcon_core.package_identification:_identify(LCD_web/portamail_ui/venv/lib/python3.12/site-packages/pip/_internal/distributions/__pycache__) by extensions ['colcon_pkg']
[1.640s] Level 1:colcon.colcon_core.package_identification:_identify(LCD_web/portamail_ui/venv/lib/python3.12/site-packages/pip/_internal/distributions/__pycache__) by extension 'colcon_pkg'
[1.640s] Level 1:colcon.colcon_core.package_identification:_identify(LCD_web/portamail_ui/venv/lib/python3.12/site-packages/pip/_internal/distributions/__pycache__) by extensions ['colcon_meta']
[1.640s] Level 1:colcon.colcon_core.package_identification:_identify(LCD_web/portamail_ui/venv/lib/python3.12/site-packages/pip/_internal/distributions/__pycache__) by extension 'colcon_meta'
[1.641s] Level 1:colcon.colcon_core.package_identification:_identify(LCD_web/portamail_ui/venv/lib/python3.12/site-packages/pip/_internal/distributions/__pycache__) by extensions ['ros']
[1.641s] Level 1:colcon.colcon_core.package_identification:_identify(LCD_web/portamail_ui/venv/lib/python3.12/site-packages/pip/_internal/distributions/__pycache__) by extension 'ros'
[1.641s] Level 1:colcon.colcon_core.package_identification:_identify(LCD_web/portamail_ui/venv/lib/python3.12/site-packages/pip/_internal/distributions/__pycache__) by extensions ['cmake', 'python']
[1.641s] Level 1:colcon.colcon_core.package_identification:_identify(LCD_web/portamail_ui/venv/lib/python3.12/site-packages/pip/_internal/distributions/__pycache__) by extension 'cmake'
[1.641s] Level 1:colcon.colcon_core.package_identification:_identify(LCD_web/portamail_ui/venv/lib/python3.12/site-packages/pip/_internal/distributions/__pycache__) by extension 'python'
[1.641s] Level 1:colcon.colcon_core.package_identification:_identify(LCD_web/portamail_ui/venv/lib/python3.12/site-packages/pip/_internal/distributions/__pycache__) by extensions ['python_setup_py']
[1.641s] Level 1:colcon.colcon_core.package_identification:_identify(LCD_web/portamail_ui/venv/lib/python3.12/site-packages/pip/_internal/distributions/__pycache__) by extension 'python_setup_py'
[1.642s] Level 1:colcon.colcon_core.package_identification:_identify(LCD_web/portamail_ui/venv/lib/python3.12/site-packages/pip/_internal/index) by extensions ['ignore', 'ignore_ament_install']
[1.642s] Level 1:colcon.colcon_core.package_identification:_identify(LCD_web/portamail_ui/venv/lib/python3.12/site-packages/pip/_internal/index) by extension 'ignore'
[1.642s] Level 1:colcon.colcon_core.package_identification:_identify(LCD_web/portamail_ui/venv/lib/python3.12/site-packages/pip/_internal/index) by extension 'ignore_ament_install'
[1.642s] Level 1:colcon.colcon_core.package_identification:_identify(LCD_web/portamail_ui/venv/lib/python3.12/site-packages/pip/_internal/index) by extensions ['colcon_pkg']
[1.643s] Level 1:colcon.colcon_core.package_identification:_identify(LCD_web/portamail_ui/venv/lib/python3.12/site-packages/pip/_internal/index) by extension 'colcon_pkg'
[1.643s] Level 1:colcon.colcon_core.package_identification:_identify(LCD_web/portamail_ui/venv/lib/python3.12/site-packages/pip/_internal/index) by extensions ['colcon_meta']
[1.643s] Level 1:colcon.colcon_core.package_identification:_identify(LCD_web/portamail_ui/venv/lib/python3.12/site-packages/pip/_internal/index) by extension 'colcon_meta'
[1.643s] Level 1:colcon.colcon_core.package_identification:_identify(LCD_web/portamail_ui/venv/lib/python3.12/site-packages/pip/_internal/index) by extensions ['ros']
[1.643s] Level 1:colcon.colcon_core.package_identification:_identify(LCD_web/portamail_ui/venv/lib/python3.12/site-packages/pip/_internal/index) by extension 'ros'
[1.643s] Level 1:colcon.colcon_core.package_identification:_identify(LCD_web/portamail_ui/venv/lib/python3.12/site-packages/pip/_internal/index) by extensions ['cmake', 'python']
[1.644s] Level 1:colcon.colcon_core.package_identification:_identify(LCD_web/portamail_ui/venv/lib/python3.12/site-packages/pip/_internal/index) by extension 'cmake'
[1.644s] Level 1:colcon.colcon_core.package_identification:_identify(LCD_web/portamail_ui/venv/lib/python3.12/site-packages/pip/_internal/index) by extension 'python'
[1.644s] Level 1:colcon.colcon_core.package_identification:_identify(LCD_web/portamail_ui/venv/lib/python3.12/site-packages/pip/_internal/index) by extensions ['python_setup_py']
[1.644s] Level 1:colcon.colcon_core.package_identification:_identify(LCD_web/portamail_ui/venv/lib/python3.12/site-packages/pip/_internal/index) by extension 'python_setup_py'
[1.645s] Level 1:colcon.colcon_core.package_identification:_identify(LCD_web/portamail_ui/venv/lib/python3.12/site-packages/pip/_internal/index/__pycache__) by extensions ['ignore', 'ignore_ament_install']
[1.646s] Level 1:colcon.colcon_core.package_identification:_identify(LCD_web/portamail_ui/venv/lib/python3.12/site-packages/pip/_internal/index/__pycache__) by extension 'ignore'
[1.647s] Level 1:colcon.colcon_core.package_identification:_identify(LCD_web/portamail_ui/venv/lib/python3.12/site-packages/pip/_internal/index/__pycache__) by extension 'ignore_ament_install'
[1.647s] Level 1:colcon.colcon_core.package_identification:_identify(LCD_web/portamail_ui/venv/lib/python3.12/site-packages/pip/_internal/index/__pycache__) by extensions ['colcon_pkg']
[1.647s] Level 1:colcon.colcon_core.package_identification:_identify(LCD_web/portamail_ui/venv/lib/python3.12/site-packages/pip/_internal/index/__pycache__) by extension 'colcon_pkg'
[1.647s] Level 1:colcon.colcon_core.package_identification:_identify(LCD_web/portamail_ui/venv/lib/python3.12/site-packages/pip/_internal/index/__pycache__) by extensions ['colcon_meta']
[1.647s] Level 1:colcon.colcon_core.package_identification:_identify(LCD_web/portamail_ui/venv/lib/python3.12/site-packages/pip/_internal/index/__pycache__) by extension 'colcon_meta'
[1.647s] Level 1:colcon.colcon_core.package_identification:_identify(LCD_web/portamail_ui/venv/lib/python3.12/site-packages/pip/_internal/index/__pycache__) by extensions ['ros']
[1.647s] Level 1:colcon.colcon_core.package_identification:_identify(LCD_web/portamail_ui/venv/lib/python3.12/site-packages/pip/_internal/index/__pycache__) by extension 'ros'
[1.648s] Level 1:colcon.colcon_core.package_identification:_identify(LCD_web/portamail_ui/venv/lib/python3.12/site-packages/pip/_internal/index/__pycache__) by extensions ['cmake', 'python']
[1.648s] Level 1:colcon.colcon_core.package_identification:_identify(LCD_web/portamail_ui/venv/lib/python3.12/site-packages/pip/_internal/index/__pycache__) by extension 'cmake'
[1.648s] Level 1:colcon.colcon_core.package_identification:_identify(LCD_web/portamail_ui/venv/lib/python3.12/site-packages/pip/_internal/index/__pycache__) by extension 'python'
[1.648s] Level 1:colcon.colcon_core.package_identification:_identify(LCD_web/portamail_ui/venv/lib/python3.12/site-packages/pip/_internal/index/__pycache__) by extensions ['python_setup_py']
[1.648s] Level 1:colcon.colcon_core.package_identification:_identify(LCD_web/portamail_ui/venv/lib/python3.12/site-packages/pip/_internal/index/__pycache__) by extension 'python_setup_py'
[1.648s] Level 1:colcon.colcon_core.package_identification:_identify(LCD_web/portamail_ui/venv/lib/python3.12/site-packages/pip/_internal/locations) by extensions ['ignore', 'ignore_ament_install']
[1.648s] Level 1:colcon.colcon_core.package_identification:_identify(LCD_web/portamail_ui/venv/lib/python3.12/site-packages/pip/_internal/locations) by extension 'ignore'
[1.648s] Level 1:colcon.colcon_core.package_identification:_identify(LCD_web/portamail_ui/venv/lib/python3.12/site-packages/pip/_internal/locations) by extension 'ignore_ament_install'
[1.648s] Level 1:colcon.colcon_core.package_identification:_identify(LCD_web/portamail_ui/venv/lib/python3.12/site-packages/pip/_internal/locations) by extensions ['colcon_pkg']
[1.648s] Level 1:colcon.colcon_core.package_identification:_identify(LCD_web/portamail_ui/venv/lib/python3.12/site-packages/pip/_internal/locations) by extension 'colcon_pkg'
[1.648s] Level 1:colcon.colcon_core.package_identification:_identify(LCD_web/portamail_ui/venv/lib/python3.12/site-packages/pip/_internal/locations) by extensions ['colcon_meta']
[1.648s] Level 1:colcon.colcon_core.package_identification:_identify(LCD_web/portamail_ui/venv/lib/python3.12/site-packages/pip/_internal/locations) by extension 'colcon_meta'
[1.648s] Level 1:colcon.colcon_core.package_identification:_identify(LCD_web/portamail_ui/venv/lib/python3.12/site-packages/pip/_internal/locations) by extensions ['ros']
[1.649s] Level 1:colcon.colcon_core.package_identification:_identify(LCD_web/portamail_ui/venv/lib/python3.12/site-packages/pip/_internal/locations) by extension 'ros'
[1.649s] Level 1:colcon.colcon_core.package_identification:_identify(LCD_web/portamail_ui/venv/lib/python3.12/site-packages/pip/_internal/locations) by extensions ['cmake', 'python']
[1.649s] Level 1:colcon.colcon_core.package_identification:_identify(LCD_web/portamail_ui/venv/lib/python3.12/site-packages/pip/_internal/locations) by extension 'cmake'
[1.649s] Level 1:colcon.colcon_core.package_identification:_identify(LCD_web/portamail_ui/venv/lib/python3.12/site-packages/pip/_internal/locations) by extension 'python'
[1.649s] Level 1:colcon.colcon_core.package_identification:_identify(LCD_web/portamail_ui/venv/lib/python3.12/site-packages/pip/_internal/locations) by extensions ['python_setup_py']
[1.649s] Level 1:colcon.colcon_core.package_identification:_identify(LCD_web/portamail_ui/venv/lib/python3.12/site-packages/pip/_internal/locations) by extension 'python_setup_py'
[1.649s] Level 1:colcon.colcon_core.package_identification:_identify(LCD_web/portamail_ui/venv/lib/python3.12/site-packages/pip/_internal/locations/__pycache__) by extensions ['ignore', 'ignore_ament_install']
[1.649s] Level 1:colcon.colcon_core.package_identification:_identify(LCD_web/portamail_ui/venv/lib/python3.12/site-packages/pip/_internal/locations/__pycache__) by extension 'ignore'
[1.649s] Level 1:colcon.colcon_core.package_identification:_identify(LCD_web/portamail_ui/venv/lib/python3.12/site-packages/pip/_internal/locations/__pycache__) by extension 'ignore_ament_install'
[1.649s] Level 1:colcon.colcon_core.package_identification:_identify(LCD_web/portamail_ui/venv/lib/python3.12/site-packages/pip/_internal/locations/__pycache__) by extensions ['colcon_pkg']
[1.649s] Level 1:colcon.colcon_core.package_identification:_identify(LCD_web/portamail_ui/venv/lib/python3.12/site-packages/pip/_internal/locations/__pycache__) by extension 'colcon_pkg'
[1.649s] Level 1:colcon.colcon_core.package_identification:_identify(LCD_web/portamail_ui/venv/lib/python3.12/site-packages/pip/_internal/locations/__pycache__) by extensions ['colcon_meta']
[1.649s] Level 1:colcon.colcon_core.package_identification:_identify(LCD_web/portamail_ui/venv/lib/python3.12/site-packages/pip/_internal/locations/__pycache__) by extension 'colcon_meta'
[1.650s] Level 1:colcon.colcon_core.package_identification:_identify(LCD_web/portamail_ui/venv/lib/python3.12/site-packages/pip/_internal/locations/__pycache__) by extensions ['ros']
[1.650s] Level 1:colcon.colcon_core.package_identification:_identify(LCD_web/portamail_ui/venv/lib/python3.12/site-packages/pip/_internal/locations/__pycache__) by extension 'ros'
[1.650s] Level 1:colcon.colcon_core.package_identification:_identify(LCD_web/portamail_ui/venv/lib/python3.12/site-packages/pip/_internal/locations/__pycache__) by extensions ['cmake', 'python']
[1.650s] Level 1:colcon.colcon_core.package_identification:_identify(LCD_web/portamail_ui/venv/lib/python3.12/site-packages/pip/_internal/locations/__pycache__) by extension 'cmake'
[1.650s] Level 1:colcon.colcon_core.package_identification:_identify(LCD_web/portamail_ui/venv/lib/python3.12/site-packages/pip/_internal/locations/__pycache__) by extension 'python'
[1.650s] Level 1:colcon.colcon_core.package_identification:_identify(LCD_web/portamail_ui/venv/lib/python3.12/site-packages/pip/_internal/locations/__pycache__) by extensions ['python_setup_py']
[1.650s] Level 1:colcon.colcon_core.package_identification:_identify(LCD_web/portamail_ui/venv/lib/python3.12/site-packages/pip/_internal/locations/__pycache__) by extension 'python_setup_py'
[1.650s] Level 1:colcon.colcon_core.package_identification:_identify(LCD_web/portamail_ui/venv/lib/python3.12/site-packages/pip/_internal/metadata) by extensions ['ignore', 'ignore_ament_install']
[1.650s] Level 1:colcon.colcon_core.package_identification:_identify(LCD_web/portamail_ui/venv/lib/python3.12/site-packages/pip/_internal/metadata) by extension 'ignore'
[1.650s] Level 1:colcon.colcon_core.package_identification:_identify(LCD_web/portamail_ui/venv/lib/python3.12/site-packages/pip/_internal/metadata) by extension 'ignore_ament_install'
[1.650s] Level 1:colcon.colcon_core.package_identification:_identify(LCD_web/portamail_ui/venv/lib/python3.12/site-packages/pip/_internal/metadata) by extensions ['colcon_pkg']
[1.650s] Level 1:colcon.colcon_core.package_identification:_identify(LCD_web/portamail_ui/venv/lib/python3.12/site-packages/pip/_internal/metadata) by extension 'colcon_pkg'
[1.650s] Level 1:colcon.colcon_core.package_identification:_identify(LCD_web/portamail_ui/venv/lib/python3.12/site-packages/pip/_internal/metadata) by extensions ['colcon_meta']
[1.650s] Level 1:colcon.colcon_core.package_identification:_identify(LCD_web/portamail_ui/venv/lib/python3.12/site-packages/pip/_internal/metadata) by extension 'colcon_meta'
[1.651s] Level 1:colcon.colcon_core.package_identification:_identify(LCD_web/portamail_ui/venv/lib/python3.12/site-packages/pip/_internal/metadata) by extensions ['ros']
[1.651s] Level 1:colcon.colcon_core.package_identification:_identify(LCD_web/portamail_ui/venv/lib/python3.12/site-packages/pip/_internal/metadata) by extension 'ros'
[1.651s] Level 1:colcon.colcon_core.package_identification:_identify(LCD_web/portamail_ui/venv/lib/python3.12/site-packages/pip/_internal/metadata) by extensions ['cmake', 'python']
[1.651s] Level 1:colcon.colcon_core.package_identification:_identify(LCD_web/portamail_ui/venv/lib/python3.12/site-packages/pip/_internal/metadata) by extension 'cmake'
[1.651s] Level 1:colcon.colcon_core.package_identification:_identify(LCD_web/portamail_ui/venv/lib/python3.12/site-packages/pip/_internal/metadata) by extension 'python'
[1.651s] Level 1:colcon.colcon_core.package_identification:_identify(LCD_web/portamail_ui/venv/lib/python3.12/site-packages/pip/_internal/metadata) by extensions ['python_setup_py']
[1.651s] Level 1:colcon.colcon_core.package_identification:_identify(LCD_web/portamail_ui/venv/lib/python3.12/site-packages/pip/_internal/metadata) by extension 'python_setup_py'
[1.652s] Level 1:colcon.colcon_core.package_identification:_identify(LCD_web/portamail_ui/venv/lib/python3.12/site-packages/pip/_internal/metadata/__pycache__) by extensions ['ignore', 'ignore_ament_install']
[1.652s] Level 1:colcon.colcon_core.package_identification:_identify(LCD_web/portamail_ui/venv/lib/python3.12/site-packages/pip/_internal/metadata/__pycache__) by extension 'ignore'
[1.652s] Level 1:colcon.colcon_core.package_identification:_identify(LCD_web/portamail_ui/venv/lib/python3.12/site-packages/pip/_internal/metadata/__pycache__) by extension 'ignore_ament_install'
[1.653s] Level 1:colcon.colcon_core.package_identification:_identify(LCD_web/portamail_ui/venv/lib/python3.12/site-packages/pip/_internal/metadata/__pycache__) by extensions ['colcon_pkg']
[1.653s] Level 1:colcon.colcon_core.package_identification:_identify(LCD_web/portamail_ui/venv/lib/python3.12/site-packages/pip/_internal/metadata/__pycache__) by extension 'colcon_pkg'
[1.653s] Level 1:colcon.colcon_core.package_identification:_identify(LCD_web/portamail_ui/venv/lib/python3.12/site-packages/pip/_internal/metadata/__pycache__) by extensions ['colcon_meta']
[1.653s] Level 1:colcon.colcon_core.package_identification:_identify(LCD_web/portamail_ui/venv/lib/python3.12/site-packages/pip/_internal/metadata/__pycache__) by extension 'colcon_meta'
[1.653s] Level 1:colcon.colcon_core.package_identification:_identify(LCD_web/portamail_ui/venv/lib/python3.12/site-packages/pip/_internal/metadata/__pycache__) by extensions ['ros']
[1.653s] Level 1:colcon.colcon_core.package_identification:_identify(LCD_web/portamail_ui/venv/lib/python3.12/site-packages/pip/_internal/metadata/__pycache__) by extension 'ros'
[1.653s] Level 1:colcon.colcon_core.package_identification:_identify(LCD_web/portamail_ui/venv/lib/python3.12/site-packages/pip/_internal/metadata/__pycache__) by extensions ['cmake', 'python']
[1.653s] Level 1:colcon.colcon_core.package_identification:_identify(LCD_web/portamail_ui/venv/lib/python3.12/site-packages/pip/_internal/metadata/__pycache__) by extension 'cmake'
[1.653s] Level 1:colcon.colcon_core.package_identification:_identify(LCD_web/portamail_ui/venv/lib/python3.12/site-packages/pip/_internal/metadata/__pycache__) by extension 'python'
[1.654s] Level 1:colcon.colcon_core.package_identification:_identify(LCD_web/portamail_ui/venv/lib/python3.12/site-packages/pip/_internal/metadata/__pycache__) by extensions ['python_setup_py']
[1.654s] Level 1:colcon.colcon_core.package_identification:_identify(LCD_web/portamail_ui/venv/lib/python3.12/site-packages/pip/_internal/metadata/__pycache__) by extension 'python_setup_py'
[1.654s] Level 1:colcon.colcon_core.package_identification:_identify(LCD_web/portamail_ui/venv/lib/python3.12/site-packages/pip/_internal/metadata/importlib) by extensions ['ignore', 'ignore_ament_install']
[1.654s] Level 1:colcon.colcon_core.package_identification:_identify(LCD_web/portamail_ui/venv/lib/python3.12/site-packages/pip/_internal/metadata/importlib) by extension 'ignore'
[1.654s] Level 1:colcon.colcon_core.package_identification:_identify(LCD_web/portamail_ui/venv/lib/python3.12/site-packages/pip/_internal/metadata/importlib) by extension 'ignore_ament_install'
[1.654s] Level 1:colcon.colcon_core.package_identification:_identify(LCD_web/portamail_ui/venv/lib/python3.12/site-packages/pip/_internal/metadata/importlib) by extensions ['colcon_pkg']
[1.654s] Level 1:colcon.colcon_core.package_identification:_identify(LCD_web/portamail_ui/venv/lib/python3.12/site-packages/pip/_internal/metadata/importlib) by extension 'colcon_pkg'
[1.654s] Level 1:colcon.colcon_core.package_identification:_identify(LCD_web/portamail_ui/venv/lib/python3.12/site-packages/pip/_internal/metadata/importlib) by extensions ['colcon_meta']
[1.654s] Level 1:colcon.colcon_core.package_identification:_identify(LCD_web/portamail_ui/venv/lib/python3.12/site-packages/pip/_internal/metadata/importlib) by extension 'colcon_meta'
[1.654s] Level 1:colcon.colcon_core.package_identification:_identify(LCD_web/portamail_ui/venv/lib/python3.12/site-packages/pip/_internal/metadata/importlib) by extensions ['ros']
[1.654s] Level 1:colcon.colcon_core.package_identification:_identify(LCD_web/portamail_ui/venv/lib/python3.12/site-packages/pip/_internal/metadata/importlib) by extension 'ros'
[1.654s] Level 1:colcon.colcon_core.package_identification:_identify(LCD_web/portamail_ui/venv/lib/python3.12/site-packages/pip/_internal/metadata/importlib) by extensions ['cmake', 'python']
[1.654s] Level 1:colcon.colcon_core.package_identification:_identify(LCD_web/portamail_ui/venv/lib/python3.12/site-packages/pip/_internal/metadata/importlib) by extension 'cmake'
[1.654s] Level 1:colcon.colcon_core.package_identification:_identify(LCD_web/portamail_ui/venv/lib/python3.12/site-packages/pip/_internal/metadata/importlib) by extension 'python'
[1.654s] Level 1:colcon.colcon_core.package_identification:_identify(LCD_web/portamail_ui/venv/lib/python3.12/site-packages/pip/_internal/metadata/importlib) by extensions ['python_setup_py']
[1.655s] Level 1:colcon.colcon_core.package_identification:_identify(LCD_web/portamail_ui/venv/lib/python3.12/site-packages/pip/_internal/metadata/importlib) by extension 'python_setup_py'
[1.655s] Level 1:colcon.colcon_core.package_identification:_identify(LCD_web/portamail_ui/venv/lib/python3.12/site-packages/pip/_internal/metadata/importlib/__pycache__) by extensions ['ignore', 'ignore_ament_install']
[1.655s] Level 1:colcon.colcon_core.package_identification:_identify(LCD_web/portamail_ui/venv/lib/python3.12/site-packages/pip/_internal/metadata/importlib/__pycache__) by extension 'ignore'
[1.655s] Level 1:colcon.colcon_core.package_identification:_identify(LCD_web/portamail_ui/venv/lib/python3.12/site-packages/pip/_internal/metadata/importlib/__pycache__) by extension 'ignore_ament_install'
[1.655s] Level 1:colcon.colcon_core.package_identification:_identify(LCD_web/portamail_ui/venv/lib/python3.12/site-packages/pip/_internal/metadata/importlib/__pycache__) by extensions ['colcon_pkg']
[1.655s] Level 1:colcon.colcon_core.package_identification:_identify(LCD_web/portamail_ui/venv/lib/python3.12/site-packages/pip/_internal/metadata/importlib/__pycache__) by extension 'colcon_pkg'
[1.655s] Level 1:colcon.colcon_core.package_identification:_identify(LCD_web/portamail_ui/venv/lib/python3.12/site-packages/pip/_internal/metadata/importlib/__pycache__) by extensions ['colcon_meta']
[1.655s] Level 1:colcon.colcon_core.package_identification:_identify(LCD_web/portamail_ui/venv/lib/python3.12/site-packages/pip/_internal/metadata/importlib/__pycache__) by extension 'colcon_meta'
[1.655s] Level 1:colcon.colcon_core.package_identification:_identify(LCD_web/portamail_ui/venv/lib/python3.12/site-packages/pip/_internal/metadata/importlib/__pycache__) by extensions ['ros']
[1.655s] Level 1:colcon.colcon_core.package_identification:_identify(LCD_web/portamail_ui/venv/lib/python3.12/site-packages/pip/_internal/metadata/importlib/__pycache__) by extension 'ros'
[1.655s] Level 1:colcon.colcon_core.package_identification:_identify(LCD_web/portamail_ui/venv/lib/python3.12/site-packages/pip/_internal/metadata/importlib/__pycache__) by extensions ['cmake', 'python']
[1.655s] Level 1:colcon.colcon_core.package_identification:_identify(LCD_web/portamail_ui/venv/lib/python3.12/site-packages/pip/_internal/metadata/importlib/__pycache__) by extension 'cmake'
[1.655s] Level 1:colcon.colcon_core.package_identification:_identify(LCD_web/portamail_ui/venv/lib/python3.12/site-packages/pip/_internal/metadata/importlib/__pycache__) by extension 'python'
[1.655s] Level 1:colcon.colcon_core.package_identification:_identify(LCD_web/portamail_ui/venv/lib/python3.12/site-packages/pip/_internal/metadata/importlib/__pycache__) by extensions ['python_setup_py']
[1.655s] Level 1:colcon.colcon_core.package_identification:_identify(LCD_web/portamail_ui/venv/lib/python3.12/site-packages/pip/_internal/metadata/importlib/__pycache__) by extension 'python_setup_py'
[1.656s] Level 1:colcon.colcon_core.package_identification:_identify(LCD_web/portamail_ui/venv/lib/python3.12/site-packages/pip/_internal/models) by extensions ['ignore', 'ignore_ament_install']
[1.656s] Level 1:colcon.colcon_core.package_identification:_identify(LCD_web/portamail_ui/venv/lib/python3.12/site-packages/pip/_internal/models) by extension 'ignore'
[1.656s] Level 1:colcon.colcon_core.package_identification:_identify(LCD_web/portamail_ui/venv/lib/python3.12/site-packages/pip/_internal/models) by extension 'ignore_ament_install'
[1.656s] Level 1:colcon.colcon_core.package_identification:_identify(LCD_web/portamail_ui/venv/lib/python3.12/site-packages/pip/_internal/models) by extensions ['colcon_pkg']
[1.656s] Level 1:colcon.colcon_core.package_identification:_identify(LCD_web/portamail_ui/venv/lib/python3.12/site-packages/pip/_internal/models) by extension 'colcon_pkg'
[1.656s] Level 1:colcon.colcon_core.package_identification:_identify(LCD_web/portamail_ui/venv/lib/python3.12/site-packages/pip/_internal/models) by extensions ['colcon_meta']
[1.656s] Level 1:colcon.colcon_core.package_identification:_identify(LCD_web/portamail_ui/venv/lib/python3.12/site-packages/pip/_internal/models) by extension 'colcon_meta'
[1.656s] Level 1:colcon.colcon_core.package_identification:_identify(LCD_web/portamail_ui/venv/lib/python3.12/site-packages/pip/_internal/models) by extensions ['ros']
[1.656s] Level 1:colcon.colcon_core.package_identification:_identify(LCD_web/portamail_ui/venv/lib/python3.12/site-packages/pip/_internal/models) by extension 'ros'
[1.656s] Level 1:colcon.colcon_core.package_identification:_identify(LCD_web/portamail_ui/venv/lib/python3.12/site-packages/pip/_internal/models) by extensions ['cmake', 'python']
[1.656s] Level 1:colcon.colcon_core.package_identification:_identify(LCD_web/portamail_ui/venv/lib/python3.12/site-packages/pip/_internal/models) by extension 'cmake'
[1.656s] Level 1:colcon.colcon_core.package_identification:_identify(LCD_web/portamail_ui/venv/lib/python3.12/site-packages/pip/_internal/models) by extension 'python'
[1.656s] Level 1:colcon.colcon_core.package_identification:_identify(LCD_web/portamail_ui/venv/lib/python3.12/site-packages/pip/_internal/models) by extensions ['python_setup_py']
[1.656s] Level 1:colcon.colcon_core.package_identification:_identify(LCD_web/portamail_ui/venv/lib/python3.12/site-packages/pip/_internal/models) by extension 'python_setup_py'
[1.657s] Level 1:colcon.colcon_core.package_identification:_identify(LCD_web/portamail_ui/venv/lib/python3.12/site-packages/pip/_internal/models/__pycache__) by extensions ['ignore', 'ignore_ament_install']
[1.657s] Level 1:colcon.colcon_core.package_identification:_identify(LCD_web/portamail_ui/venv/lib/python3.12/site-packages/pip/_internal/models/__pycache__) by extension 'ignore'
[1.657s] Level 1:colcon.colcon_core.package_identification:_identify(LCD_web/portamail_ui/venv/lib/python3.12/site-packages/pip/_internal/models/__pycache__) by extension 'ignore_ament_install'
[1.658s] Level 1:colcon.colcon_core.package_identification:_identify(LCD_web/portamail_ui/venv/lib/python3.12/site-packages/pip/_internal/models/__pycache__) by extensions ['colcon_pkg']
[1.658s] Level 1:colcon.colcon_core.package_identification:_identify(LCD_web/portamail_ui/venv/lib/python3.12/site-packages/pip/_internal/models/__pycache__) by extension 'colcon_pkg'
[1.658s] Level 1:colcon.colcon_core.package_identification:_identify(LCD_web/portamail_ui/venv/lib/python3.12/site-packages/pip/_internal/models/__pycache__) by extensions ['colcon_meta']
[1.658s] Level 1:colcon.colcon_core.package_identification:_identify(LCD_web/portamail_ui/venv/lib/python3.12/site-packages/pip/_internal/models/__pycache__) by extension 'colcon_meta'
[1.658s] Level 1:colcon.colcon_core.package_identification:_identify(LCD_web/portamail_ui/venv/lib/python3.12/site-packages/pip/_internal/models/__pycache__) by extensions ['ros']
[1.659s] Level 1:colcon.colcon_core.package_identification:_identify(LCD_web/portamail_ui/venv/lib/python3.12/site-packages/pip/_internal/models/__pycache__) by extension 'ros'
[1.659s] Level 1:colcon.colcon_core.package_identification:_identify(LCD_web/portamail_ui/venv/lib/python3.12/site-packages/pip/_internal/models/__pycache__) by extensions ['cmake', 'python']
[1.659s] Level 1:colcon.colcon_core.package_identification:_identify(LCD_web/portamail_ui/venv/lib/python3.12/site-packages/pip/_internal/models/__pycache__) by extension 'cmake'
[1.659s] Level 1:colcon.colcon_core.package_identification:_identify(LCD_web/portamail_ui/venv/lib/python3.12/site-packages/pip/_internal/models/__pycache__) by extension 'python'
[1.659s] Level 1:colcon.colcon_core.package_identification:_identify(LCD_web/portamail_ui/venv/lib/python3.12/site-packages/pip/_internal/models/__pycache__) by extensions ['python_setup_py']
[1.660s] Level 1:colcon.colcon_core.package_identification:_identify(LCD_web/portamail_ui/venv/lib/python3.12/site-packages/pip/_internal/models/__pycache__) by extension 'python_setup_py'
[1.660s] Level 1:colcon.colcon_core.package_identification:_identify(LCD_web/portamail_ui/venv/lib/python3.12/site-packages/pip/_internal/network) by extensions ['ignore', 'ignore_ament_install']
[1.660s] Level 1:colcon.colcon_core.package_identification:_identify(LCD_web/portamail_ui/venv/lib/python3.12/site-packages/pip/_internal/network) by extension 'ignore'
[1.660s] Level 1:colcon.colcon_core.package_identification:_identify(LCD_web/portamail_ui/venv/lib/python3.12/site-packages/pip/_internal/network) by extension 'ignore_ament_install'
[1.660s] Level 1:colcon.colcon_core.package_identification:_identify(LCD_web/portamail_ui/venv/lib/python3.12/site-packages/pip/_internal/network) by extensions ['colcon_pkg']
[1.660s] Level 1:colcon.colcon_core.package_identification:_identify(LCD_web/portamail_ui/venv/lib/python3.12/site-packages/pip/_internal/network) by extension 'colcon_pkg'
[1.660s] Level 1:colcon.colcon_core.package_identification:_identify(LCD_web/portamail_ui/venv/lib/python3.12/site-packages/pip/_internal/network) by extensions ['colcon_meta']
[1.660s] Level 1:colcon.colcon_core.package_identification:_identify(LCD_web/portamail_ui/venv/lib/python3.12/site-packages/pip/_internal/network) by extension 'colcon_meta'
[1.660s] Level 1:colcon.colcon_core.package_identification:_identify(LCD_web/portamail_ui/venv/lib/python3.12/site-packages/pip/_internal/network) by extensions ['ros']
[1.660s] Level 1:colcon.colcon_core.package_identification:_identify(LCD_web/portamail_ui/venv/lib/python3.12/site-packages/pip/_internal/network) by extension 'ros'
[1.660s] Level 1:colcon.colcon_core.package_identification:_identify(LCD_web/portamail_ui/venv/lib/python3.12/site-packages/pip/_internal/network) by extensions ['cmake', 'python']
[1.660s] Level 1:colcon.colcon_core.package_identification:_identify(LCD_web/portamail_ui/venv/lib/python3.12/site-packages/pip/_internal/network) by extension 'cmake'
[1.660s] Level 1:colcon.colcon_core.package_identification:_identify(LCD_web/portamail_ui/venv/lib/python3.12/site-packages/pip/_internal/network) by extension 'python'
[1.660s] Level 1:colcon.colcon_core.package_identification:_identify(LCD_web/portamail_ui/venv/lib/python3.12/site-packages/pip/_internal/network) by extensions ['python_setup_py']
[1.661s] Level 1:colcon.colcon_core.package_identification:_identify(LCD_web/portamail_ui/venv/lib/python3.12/site-packages/pip/_internal/network) by extension 'python_setup_py'
[1.661s] Level 1:colcon.colcon_core.package_identification:_identify(LCD_web/portamail_ui/venv/lib/python3.12/site-packages/pip/_internal/network/__pycache__) by extensions ['ignore', 'ignore_ament_install']
[1.661s] Level 1:colcon.colcon_core.package_identification:_identify(LCD_web/portamail_ui/venv/lib/python3.12/site-packages/pip/_internal/network/__pycache__) by extension 'ignore'
[1.661s] Level 1:colcon.colcon_core.package_identification:_identify(LCD_web/portamail_ui/venv/lib/python3.12/site-packages/pip/_internal/network/__pycache__) by extension 'ignore_ament_install'
[1.661s] Level 1:colcon.colcon_core.package_identification:_identify(LCD_web/portamail_ui/venv/lib/python3.12/site-packages/pip/_internal/network/__pycache__) by extensions ['colcon_pkg']
[1.661s] Level 1:colcon.colcon_core.package_identification:_identify(LCD_web/portamail_ui/venv/lib/python3.12/site-packages/pip/_internal/network/__pycache__) by extension 'colcon_pkg'
[1.661s] Level 1:colcon.colcon_core.package_identification:_identify(LCD_web/portamail_ui/venv/lib/python3.12/site-packages/pip/_internal/network/__pycache__) by extensions ['colcon_meta']
[1.661s] Level 1:colcon.colcon_core.package_identification:_identify(LCD_web/portamail_ui/venv/lib/python3.12/site-packages/pip/_internal/network/__pycache__) by extension 'colcon_meta'
[1.661s] Level 1:colcon.colcon_core.package_identification:_identify(LCD_web/portamail_ui/venv/lib/python3.12/site-packages/pip/_internal/network/__pycache__) by extensions ['ros']
[1.661s] Level 1:colcon.colcon_core.package_identification:_identify(LCD_web/portamail_ui/venv/lib/python3.12/site-packages/pip/_internal/network/__pycache__) by extension 'ros'
[1.661s] Level 1:colcon.colcon_core.package_identification:_identify(LCD_web/portamail_ui/venv/lib/python3.12/site-packages/pip/_internal/network/__pycache__) by extensions ['cmake', 'python']
[1.661s] Level 1:colcon.colcon_core.package_identification:_identify(LCD_web/portamail_ui/venv/lib/python3.12/site-packages/pip/_internal/network/__pycache__) by extension 'cmake'
[1.661s] Level 1:colcon.colcon_core.package_identification:_identify(LCD_web/portamail_ui/venv/lib/python3.12/site-packages/pip/_internal/network/__pycache__) by extension 'python'
[1.661s] Level 1:colcon.colcon_core.package_identification:_identify(LCD_web/portamail_ui/venv/lib/python3.12/site-packages/pip/_internal/network/__pycache__) by extensions ['python_setup_py']
[1.661s] Level 1:colcon.colcon_core.package_identification:_identify(LCD_web/portamail_ui/venv/lib/python3.12/site-packages/pip/_internal/network/__pycache__) by extension 'python_setup_py'
[1.662s] Level 1:colcon.colcon_core.package_identification:_identify(LCD_web/portamail_ui/venv/lib/python3.12/site-packages/pip/_internal/operations) by extensions ['ignore', 'ignore_ament_install']
[1.662s] Level 1:colcon.colcon_core.package_identification:_identify(LCD_web/portamail_ui/venv/lib/python3.12/site-packages/pip/_internal/operations) by extension 'ignore'
[1.662s] Level 1:colcon.colcon_core.package_identification:_identify(LCD_web/portamail_ui/venv/lib/python3.12/site-packages/pip/_internal/operations) by extension 'ignore_ament_install'
[1.662s] Level 1:colcon.colcon_core.package_identification:_identify(LCD_web/portamail_ui/venv/lib/python3.12/site-packages/pip/_internal/operations) by extensions ['colcon_pkg']
[1.662s] Level 1:colcon.colcon_core.package_identification:_identify(LCD_web/portamail_ui/venv/lib/python3.12/site-packages/pip/_internal/operations) by extension 'colcon_pkg'
[1.662s] Level 1:colcon.colcon_core.package_identification:_identify(LCD_web/portamail_ui/venv/lib/python3.12/site-packages/pip/_internal/operations) by extensions ['colcon_meta']
[1.662s] Level 1:colcon.colcon_core.package_identification:_identify(LCD_web/portamail_ui/venv/lib/python3.12/site-packages/pip/_internal/operations) by extension 'colcon_meta'
[1.662s] Level 1:colcon.colcon_core.package_identification:_identify(LCD_web/portamail_ui/venv/lib/python3.12/site-packages/pip/_internal/operations) by extensions ['ros']
[1.662s] Level 1:colcon.colcon_core.package_identification:_identify(LCD_web/portamail_ui/venv/lib/python3.12/site-packages/pip/_internal/operations) by extension 'ros'
[1.663s] Level 1:colcon.colcon_core.package_identification:_identify(LCD_web/portamail_ui/venv/lib/python3.12/site-packages/pip/_internal/operations) by extensions ['cmake', 'python']
[1.663s] Level 1:colcon.colcon_core.package_identification:_identify(LCD_web/portamail_ui/venv/lib/python3.12/site-packages/pip/_internal/operations) by extension 'cmake'
[1.663s] Level 1:colcon.colcon_core.package_identification:_identify(LCD_web/portamail_ui/venv/lib/python3.12/site-packages/pip/_internal/operations) by extension 'python'
[1.663s] Level 1:colcon.colcon_core.package_identification:_identify(LCD_web/portamail_ui/venv/lib/python3.12/site-packages/pip/_internal/operations) by extensions ['python_setup_py']
[1.663s] Level 1:colcon.colcon_core.package_identification:_identify(LCD_web/portamail_ui/venv/lib/python3.12/site-packages/pip/_internal/operations) by extension 'python_setup_py'
[1.663s] Level 1:colcon.colcon_core.package_identification:_identify(LCD_web/portamail_ui/venv/lib/python3.12/site-packages/pip/_internal/operations/__pycache__) by extensions ['ignore', 'ignore_ament_install']
[1.663s] Level 1:colcon.colcon_core.package_identification:_identify(LCD_web/portamail_ui/venv/lib/python3.12/site-packages/pip/_internal/operations/__pycache__) by extension 'ignore'
[1.663s] Level 1:colcon.colcon_core.package_identification:_identify(LCD_web/portamail_ui/venv/lib/python3.12/site-packages/pip/_internal/operations/__pycache__) by extension 'ignore_ament_install'
[1.664s] Level 1:colcon.colcon_core.package_identification:_identify(LCD_web/portamail_ui/venv/lib/python3.12/site-packages/pip/_internal/operations/__pycache__) by extensions ['colcon_pkg']
[1.664s] Level 1:colcon.colcon_core.package_identification:_identify(LCD_web/portamail_ui/venv/lib/python3.12/site-packages/pip/_internal/operations/__pycache__) by extension 'colcon_pkg'
[1.664s] Level 1:colcon.colcon_core.package_identification:_identify(LCD_web/portamail_ui/venv/lib/python3.12/site-packages/pip/_internal/operations/__pycache__) by extensions ['colcon_meta']
[1.664s] Level 1:colcon.colcon_core.package_identification:_identify(LCD_web/portamail_ui/venv/lib/python3.12/site-packages/pip/_internal/operations/__pycache__) by extension 'colcon_meta'
[1.664s] Level 1:colcon.colcon_core.package_identification:_identify(LCD_web/portamail_ui/venv/lib/python3.12/site-packages/pip/_internal/operations/__pycache__) by extensions ['ros']
[1.665s] Level 1:colcon.colcon_core.package_identification:_identify(LCD_web/portamail_ui/venv/lib/python3.12/site-packages/pip/_internal/operations/__pycache__) by extension 'ros'
[1.665s] Level 1:colcon.colcon_core.package_identification:_identify(LCD_web/portamail_ui/venv/lib/python3.12/site-packages/pip/_internal/operations/__pycache__) by extensions ['cmake', 'python']
[1.665s] Level 1:colcon.colcon_core.package_identification:_identify(LCD_web/portamail_ui/venv/lib/python3.12/site-packages/pip/_internal/operations/__pycache__) by extension 'cmake'
[1.666s] Level 1:colcon.colcon_core.package_identification:_identify(LCD_web/portamail_ui/venv/lib/python3.12/site-packages/pip/_internal/operations/__pycache__) by extension 'python'
[1.666s] Level 1:colcon.colcon_core.package_identification:_identify(LCD_web/portamail_ui/venv/lib/python3.12/site-packages/pip/_internal/operations/__pycache__) by extensions ['python_setup_py']
[1.666s] Level 1:colcon.colcon_core.package_identification:_identify(LCD_web/portamail_ui/venv/lib/python3.12/site-packages/pip/_internal/operations/__pycache__) by extension 'python_setup_py'
[1.666s] Level 1:colcon.colcon_core.package_identification:_identify(LCD_web/portamail_ui/venv/lib/python3.12/site-packages/pip/_internal/operations/build) by extensions ['ignore', 'ignore_ament_install']
[1.666s] Level 1:colcon.colcon_core.package_identification:_identify(LCD_web/portamail_ui/venv/lib/python3.12/site-packages/pip/_internal/operations/build) by extension 'ignore'
[1.666s] Level 1:colcon.colcon_core.package_identification:_identify(LCD_web/portamail_ui/venv/lib/python3.12/site-packages/pip/_internal/operations/build) by extension 'ignore_ament_install'
[1.666s] Level 1:colcon.colcon_core.package_identification:_identify(LCD_web/portamail_ui/venv/lib/python3.12/site-packages/pip/_internal/operations/build) by extensions ['colcon_pkg']
[1.667s] Level 1:colcon.colcon_core.package_identification:_identify(LCD_web/portamail_ui/venv/lib/python3.12/site-packages/pip/_internal/operations/build) by extension 'colcon_pkg'
[1.667s] Level 1:colcon.colcon_core.package_identification:_identify(LCD_web/portamail_ui/venv/lib/python3.12/site-packages/pip/_internal/operations/build) by extensions ['colcon_meta']
[1.667s] Level 1:colcon.colcon_core.package_identification:_identify(LCD_web/portamail_ui/venv/lib/python3.12/site-packages/pip/_internal/operations/build) by extension 'colcon_meta'
[1.667s] Level 1:colcon.colcon_core.package_identification:_identify(LCD_web/portamail_ui/venv/lib/python3.12/site-packages/pip/_internal/operations/build) by extensions ['ros']
[1.667s] Level 1:colcon.colcon_core.package_identification:_identify(LCD_web/portamail_ui/venv/lib/python3.12/site-packages/pip/_internal/operations/build) by extension 'ros'
[1.667s] Level 1:colcon.colcon_core.package_identification:_identify(LCD_web/portamail_ui/venv/lib/python3.12/site-packages/pip/_internal/operations/build) by extensions ['cmake', 'python']
[1.667s] Level 1:colcon.colcon_core.package_identification:_identify(LCD_web/portamail_ui/venv/lib/python3.12/site-packages/pip/_internal/operations/build) by extension 'cmake'
[1.667s] Level 1:colcon.colcon_core.package_identification:_identify(LCD_web/portamail_ui/venv/lib/python3.12/site-packages/pip/_internal/operations/build) by extension 'python'
[1.667s] Level 1:colcon.colcon_core.package_identification:_identify(LCD_web/portamail_ui/venv/lib/python3.12/site-packages/pip/_internal/operations/build) by extensions ['python_setup_py']
[1.667s] Level 1:colcon.colcon_core.package_identification:_identify(LCD_web/portamail_ui/venv/lib/python3.12/site-packages/pip/_internal/operations/build) by extension 'python_setup_py'
[1.667s] Level 1:colcon.colcon_core.package_identification:_identify(LCD_web/portamail_ui/venv/lib/python3.12/site-packages/pip/_internal/operations/build/__pycache__) by extensions ['ignore', 'ignore_ament_install']
[1.667s] Level 1:colcon.colcon_core.package_identification:_identify(LCD_web/portamail_ui/venv/lib/python3.12/site-packages/pip/_internal/operations/build/__pycache__) by extension 'ignore'
[1.667s] Level 1:colcon.colcon_core.package_identification:_identify(LCD_web/portamail_ui/venv/lib/python3.12/site-packages/pip/_internal/operations/build/__pycache__) by extension 'ignore_ament_install'
[1.667s] Level 1:colcon.colcon_core.package_identification:_identify(LCD_web/portamail_ui/venv/lib/python3.12/site-packages/pip/_internal/operations/build/__pycache__) by extensions ['colcon_pkg']
[1.668s] Level 1:colcon.colcon_core.package_identification:_identify(LCD_web/portamail_ui/venv/lib/python3.12/site-packages/pip/_internal/operations/build/__pycache__) by extension 'colcon_pkg'
[1.668s] Level 1:colcon.colcon_core.package_identification:_identify(LCD_web/portamail_ui/venv/lib/python3.12/site-packages/pip/_internal/operations/build/__pycache__) by extensions ['colcon_meta']
[1.668s] Level 1:colcon.colcon_core.package_identification:_identify(LCD_web/portamail_ui/venv/lib/python3.12/site-packages/pip/_internal/operations/build/__pycache__) by extension 'colcon_meta'
[1.668s] Level 1:colcon.colcon_core.package_identification:_identify(LCD_web/portamail_ui/venv/lib/python3.12/site-packages/pip/_internal/operations/build/__pycache__) by extensions ['ros']
[1.668s] Level 1:colcon.colcon_core.package_identification:_identify(LCD_web/portamail_ui/venv/lib/python3.12/site-packages/pip/_internal/operations/build/__pycache__) by extension 'ros'
[1.668s] Level 1:colcon.colcon_core.package_identification:_identify(LCD_web/portamail_ui/venv/lib/python3.12/site-packages/pip/_internal/operations/build/__pycache__) by extensions ['cmake', 'python']
[1.668s] Level 1:colcon.colcon_core.package_identification:_identify(LCD_web/portamail_ui/venv/lib/python3.12/site-packages/pip/_internal/operations/build/__pycache__) by extension 'cmake'
[1.668s] Level 1:colcon.colcon_core.package_identification:_identify(LCD_web/portamail_ui/venv/lib/python3.12/site-packages/pip/_internal/operations/build/__pycache__) by extension 'python'
[1.668s] Level 1:colcon.colcon_core.package_identification:_identify(LCD_web/portamail_ui/venv/lib/python3.12/site-packages/pip/_internal/operations/build/__pycache__) by extensions ['python_setup_py']
[1.668s] Level 1:colcon.colcon_core.package_identification:_identify(LCD_web/portamail_ui/venv/lib/python3.12/site-packages/pip/_internal/operations/build/__pycache__) by extension 'python_setup_py'
[1.668s] Level 1:colcon.colcon_core.package_identification:_identify(LCD_web/portamail_ui/venv/lib/python3.12/site-packages/pip/_internal/operations/install) by extensions ['ignore', 'ignore_ament_install']
[1.668s] Level 1:colcon.colcon_core.package_identification:_identify(LCD_web/portamail_ui/venv/lib/python3.12/site-packages/pip/_internal/operations/install) by extension 'ignore'
[1.669s] Level 1:colcon.colcon_core.package_identification:_identify(LCD_web/portamail_ui/venv/lib/python3.12/site-packages/pip/_internal/operations/install) by extension 'ignore_ament_install'
[1.669s] Level 1:colcon.colcon_core.package_identification:_identify(LCD_web/portamail_ui/venv/lib/python3.12/site-packages/pip/_internal/operations/install) by extensions ['colcon_pkg']
[1.669s] Level 1:colcon.colcon_core.package_identification:_identify(LCD_web/portamail_ui/venv/lib/python3.12/site-packages/pip/_internal/operations/install) by extension 'colcon_pkg'
[1.669s] Level 1:colcon.colcon_core.package_identification:_identify(LCD_web/portamail_ui/venv/lib/python3.12/site-packages/pip/_internal/operations/install) by extensions ['colcon_meta']
[1.669s] Level 1:colcon.colcon_core.package_identification:_identify(LCD_web/portamail_ui/venv/lib/python3.12/site-packages/pip/_internal/operations/install) by extension 'colcon_meta'
[1.669s] Level 1:colcon.colcon_core.package_identification:_identify(LCD_web/portamail_ui/venv/lib/python3.12/site-packages/pip/_internal/operations/install) by extensions ['ros']
[1.669s] Level 1:colcon.colcon_core.package_identification:_identify(LCD_web/portamail_ui/venv/lib/python3.12/site-packages/pip/_internal/operations/install) by extension 'ros'
[1.669s] Level 1:colcon.colcon_core.package_identification:_identify(LCD_web/portamail_ui/venv/lib/python3.12/site-packages/pip/_internal/operations/install) by extensions ['cmake', 'python']
[1.669s] Level 1:colcon.colcon_core.package_identification:_identify(LCD_web/portamail_ui/venv/lib/python3.12/site-packages/pip/_internal/operations/install) by extension 'cmake'
[1.669s] Level 1:colcon.colcon_core.package_identification:_identify(LCD_web/portamail_ui/venv/lib/python3.12/site-packages/pip/_internal/operations/install) by extension 'python'
[1.670s] Level 1:colcon.colcon_core.package_identification:_identify(LCD_web/portamail_ui/venv/lib/python3.12/site-packages/pip/_internal/operations/install) by extensions ['python_setup_py']
[1.670s] Level 1:colcon.colcon_core.package_identification:_identify(LCD_web/portamail_ui/venv/lib/python3.12/site-packages/pip/_internal/operations/install) by extension 'python_setup_py'
[1.670s] Level 1:colcon.colcon_core.package_identification:_identify(LCD_web/portamail_ui/venv/lib/python3.12/site-packages/pip/_internal/operations/install/__pycache__) by extensions ['ignore', 'ignore_ament_install']
[1.671s] Level 1:colcon.colcon_core.package_identification:_identify(LCD_web/portamail_ui/venv/lib/python3.12/site-packages/pip/_internal/operations/install/__pycache__) by extension 'ignore'
[1.671s] Level 1:colcon.colcon_core.package_identification:_identify(LCD_web/portamail_ui/venv/lib/python3.12/site-packages/pip/_internal/operations/install/__pycache__) by extension 'ignore_ament_install'
[1.671s] Level 1:colcon.colcon_core.package_identification:_identify(LCD_web/portamail_ui/venv/lib/python3.12/site-packages/pip/_internal/operations/install/__pycache__) by extensions ['colcon_pkg']
[1.671s] Level 1:colcon.colcon_core.package_identification:_identify(LCD_web/portamail_ui/venv/lib/python3.12/site-packages/pip/_internal/operations/install/__pycache__) by extension 'colcon_pkg'
[1.672s] Level 1:colcon.colcon_core.package_identification:_identify(LCD_web/portamail_ui/venv/lib/python3.12/site-packages/pip/_internal/operations/install/__pycache__) by extensions ['colcon_meta']
[1.672s] Level 1:colcon.colcon_core.package_identification:_identify(LCD_web/portamail_ui/venv/lib/python3.12/site-packages/pip/_internal/operations/install/__pycache__) by extension 'colcon_meta'
[1.672s] Level 1:colcon.colcon_core.package_identification:_identify(LCD_web/portamail_ui/venv/lib/python3.12/site-packages/pip/_internal/operations/install/__pycache__) by extensions ['ros']
[1.672s] Level 1:colcon.colcon_core.package_identification:_identify(LCD_web/portamail_ui/venv/lib/python3.12/site-packages/pip/_internal/operations/install/__pycache__) by extension 'ros'
[1.672s] Level 1:colcon.colcon_core.package_identification:_identify(LCD_web/portamail_ui/venv/lib/python3.12/site-packages/pip/_internal/operations/install/__pycache__) by extensions ['cmake', 'python']
[1.672s] Level 1:colcon.colcon_core.package_identification:_identify(LCD_web/portamail_ui/venv/lib/python3.12/site-packages/pip/_internal/operations/install/__pycache__) by extension 'cmake'
[1.672s] Level 1:colcon.colcon_core.package_identification:_identify(LCD_web/portamail_ui/venv/lib/python3.12/site-packages/pip/_internal/operations/install/__pycache__) by extension 'python'
[1.672s] Level 1:colcon.colcon_core.package_identification:_identify(LCD_web/portamail_ui/venv/lib/python3.12/site-packages/pip/_internal/operations/install/__pycache__) by extensions ['python_setup_py']
[1.672s] Level 1:colcon.colcon_core.package_identification:_identify(LCD_web/portamail_ui/venv/lib/python3.12/site-packages/pip/_internal/operations/install/__pycache__) by extension 'python_setup_py'
[1.672s] Level 1:colcon.colcon_core.package_identification:_identify(LCD_web/portamail_ui/venv/lib/python3.12/site-packages/pip/_internal/req) by extensions ['ignore', 'ignore_ament_install']
[1.672s] Level 1:colcon.colcon_core.package_identification:_identify(LCD_web/portamail_ui/venv/lib/python3.12/site-packages/pip/_internal/req) by extension 'ignore'
[1.672s] Level 1:colcon.colcon_core.package_identification:_identify(LCD_web/portamail_ui/venv/lib/python3.12/site-packages/pip/_internal/req) by extension 'ignore_ament_install'
[1.672s] Level 1:colcon.colcon_core.package_identification:_identify(LCD_web/portamail_ui/venv/lib/python3.12/site-packages/pip/_internal/req) by extensions ['colcon_pkg']
[1.673s] Level 1:colcon.colcon_core.package_identification:_identify(LCD_web/portamail_ui/venv/lib/python3.12/site-packages/pip/_internal/req) by extension 'colcon_pkg'
[1.673s] Level 1:colcon.colcon_core.package_identification:_identify(LCD_web/portamail_ui/venv/lib/python3.12/site-packages/pip/_internal/req) by extensions ['colcon_meta']
[1.673s] Level 1:colcon.colcon_core.package_identification:_identify(LCD_web/portamail_ui/venv/lib/python3.12/site-packages/pip/_internal/req) by extension 'colcon_meta'
[1.673s] Level 1:colcon.colcon_core.package_identification:_identify(LCD_web/portamail_ui/venv/lib/python3.12/site-packages/pip/_internal/req) by extensions ['ros']
[1.673s] Level 1:colcon.colcon_core.package_identification:_identify(LCD_web/portamail_ui/venv/lib/python3.12/site-packages/pip/_internal/req) by extension 'ros'
[1.673s] Level 1:colcon.colcon_core.package_identification:_identify(LCD_web/portamail_ui/venv/lib/python3.12/site-packages/pip/_internal/req) by extensions ['cmake', 'python']
[1.673s] Level 1:colcon.colcon_core.package_identification:_identify(LCD_web/portamail_ui/venv/lib/python3.12/site-packages/pip/_internal/req) by extension 'cmake'
[1.673s] Level 1:colcon.colcon_core.package_identification:_identify(LCD_web/portamail_ui/venv/lib/python3.12/site-packages/pip/_internal/req) by extension 'python'
[1.673s] Level 1:colcon.colcon_core.package_identification:_identify(LCD_web/portamail_ui/venv/lib/python3.12/site-packages/pip/_internal/req) by extensions ['python_setup_py']
[1.673s] Level 1:colcon.colcon_core.package_identification:_identify(LCD_web/portamail_ui/venv/lib/python3.12/site-packages/pip/_internal/req) by extension 'python_setup_py'
[1.673s] Level 1:colcon.colcon_core.package_identification:_identify(LCD_web/portamail_ui/venv/lib/python3.12/site-packages/pip/_internal/req/__pycache__) by extensions ['ignore', 'ignore_ament_install']
[1.673s] Level 1:colcon.colcon_core.package_identification:_identify(LCD_web/portamail_ui/venv/lib/python3.12/site-packages/pip/_internal/req/__pycache__) by extension 'ignore'
[1.673s] Level 1:colcon.colcon_core.package_identification:_identify(LCD_web/portamail_ui/venv/lib/python3.12/site-packages/pip/_internal/req/__pycache__) by extension 'ignore_ament_install'
[1.674s] Level 1:colcon.colcon_core.package_identification:_identify(LCD_web/portamail_ui/venv/lib/python3.12/site-packages/pip/_internal/req/__pycache__) by extensions ['colcon_pkg']
[1.674s] Level 1:colcon.colcon_core.package_identification:_identify(LCD_web/portamail_ui/venv/lib/python3.12/site-packages/pip/_internal/req/__pycache__) by extension 'colcon_pkg'
[1.674s] Level 1:colcon.colcon_core.package_identification:_identify(LCD_web/portamail_ui/venv/lib/python3.12/site-packages/pip/_internal/req/__pycache__) by extensions ['colcon_meta']
[1.674s] Level 1:colcon.colcon_core.package_identification:_identify(LCD_web/portamail_ui/venv/lib/python3.12/site-packages/pip/_internal/req/__pycache__) by extension 'colcon_meta'
[1.674s] Level 1:colcon.colcon_core.package_identification:_identify(LCD_web/portamail_ui/venv/lib/python3.12/site-packages/pip/_internal/req/__pycache__) by extensions ['ros']
[1.674s] Level 1:colcon.colcon_core.package_identification:_identify(LCD_web/portamail_ui/venv/lib/python3.12/site-packages/pip/_internal/req/__pycache__) by extension 'ros'
[1.674s] Level 1:colcon.colcon_core.package_identification:_identify(LCD_web/portamail_ui/venv/lib/python3.12/site-packages/pip/_internal/req/__pycache__) by extensions ['cmake', 'python']
[1.674s] Level 1:colcon.colcon_core.package_identification:_identify(LCD_web/portamail_ui/venv/lib/python3.12/site-packages/pip/_internal/req/__pycache__) by extension 'cmake'
[1.674s] Level 1:colcon.colcon_core.package_identification:_identify(LCD_web/portamail_ui/venv/lib/python3.12/site-packages/pip/_internal/req/__pycache__) by extension 'python'
[1.674s] Level 1:colcon.colcon_core.package_identification:_identify(LCD_web/portamail_ui/venv/lib/python3.12/site-packages/pip/_internal/req/__pycache__) by extensions ['python_setup_py']
[1.674s] Level 1:colcon.colcon_core.package_identification:_identify(LCD_web/portamail_ui/venv/lib/python3.12/site-packages/pip/_internal/req/__pycache__) by extension 'python_setup_py'
[1.674s] Level 1:colcon.colcon_core.package_identification:_identify(LCD_web/portamail_ui/venv/lib/python3.12/site-packages/pip/_internal/resolution) by extensions ['ignore', 'ignore_ament_install']
[1.674s] Level 1:colcon.colcon_core.package_identification:_identify(LCD_web/portamail_ui/venv/lib/python3.12/site-packages/pip/_internal/resolution) by extension 'ignore'
[1.675s] Level 1:colcon.colcon_core.package_identification:_identify(LCD_web/portamail_ui/venv/lib/python3.12/site-packages/pip/_internal/resolution) by extension 'ignore_ament_install'
[1.675s] Level 1:colcon.colcon_core.package_identification:_identify(LCD_web/portamail_ui/venv/lib/python3.12/site-packages/pip/_internal/resolution) by extensions ['colcon_pkg']
[1.675s] Level 1:colcon.colcon_core.package_identification:_identify(LCD_web/portamail_ui/venv/lib/python3.12/site-packages/pip/_internal/resolution) by extension 'colcon_pkg'
[1.675s] Level 1:colcon.colcon_core.package_identification:_identify(LCD_web/portamail_ui/venv/lib/python3.12/site-packages/pip/_internal/resolution) by extensions ['colcon_meta']
[1.675s] Level 1:colcon.colcon_core.package_identification:_identify(LCD_web/portamail_ui/venv/lib/python3.12/site-packages/pip/_internal/resolution) by extension 'colcon_meta'
[1.675s] Level 1:colcon.colcon_core.package_identification:_identify(LCD_web/portamail_ui/venv/lib/python3.12/site-packages/pip/_internal/resolution) by extensions ['ros']
[1.675s] Level 1:colcon.colcon_core.package_identification:_identify(LCD_web/portamail_ui/venv/lib/python3.12/site-packages/pip/_internal/resolution) by extension 'ros'
[1.675s] Level 1:colcon.colcon_core.package_identification:_identify(LCD_web/portamail_ui/venv/lib/python3.12/site-packages/pip/_internal/resolution) by extensions ['cmake', 'python']
[1.675s] Level 1:colcon.colcon_core.package_identification:_identify(LCD_web/portamail_ui/venv/lib/python3.12/site-packages/pip/_internal/resolution) by extension 'cmake'
[1.676s] Level 1:colcon.colcon_core.package_identification:_identify(LCD_web/portamail_ui/venv/lib/python3.12/site-packages/pip/_internal/resolution) by extension 'python'
[1.676s] Level 1:colcon.colcon_core.package_identification:_identify(LCD_web/portamail_ui/venv/lib/python3.12/site-packages/pip/_internal/resolution) by extensions ['python_setup_py']
[1.676s] Level 1:colcon.colcon_core.package_identification:_identify(LCD_web/portamail_ui/venv/lib/python3.12/site-packages/pip/_internal/resolution) by extension 'python_setup_py'
[1.676s] Level 1:colcon.colcon_core.package_identification:_identify(LCD_web/portamail_ui/venv/lib/python3.12/site-packages/pip/_internal/resolution/__pycache__) by extensions ['ignore', 'ignore_ament_install']
[1.677s] Level 1:colcon.colcon_core.package_identification:_identify(LCD_web/portamail_ui/venv/lib/python3.12/site-packages/pip/_internal/resolution/__pycache__) by extension 'ignore'
[1.677s] Level 1:colcon.colcon_core.package_identification:_identify(LCD_web/portamail_ui/venv/lib/python3.12/site-packages/pip/_internal/resolution/__pycache__) by extension 'ignore_ament_install'
[1.677s] Level 1:colcon.colcon_core.package_identification:_identify(LCD_web/portamail_ui/venv/lib/python3.12/site-packages/pip/_internal/resolution/__pycache__) by extensions ['colcon_pkg']
[1.677s] Level 1:colcon.colcon_core.package_identification:_identify(LCD_web/portamail_ui/venv/lib/python3.12/site-packages/pip/_internal/resolution/__pycache__) by extension 'colcon_pkg'
[1.678s] Level 1:colcon.colcon_core.package_identification:_identify(LCD_web/portamail_ui/venv/lib/python3.12/site-packages/pip/_internal/resolution/__pycache__) by extensions ['colcon_meta']
[1.678s] Level 1:colcon.colcon_core.package_identification:_identify(LCD_web/portamail_ui/venv/lib/python3.12/site-packages/pip/_internal/resolution/__pycache__) by extension 'colcon_meta'
[1.678s] Level 1:colcon.colcon_core.package_identification:_identify(LCD_web/portamail_ui/venv/lib/python3.12/site-packages/pip/_internal/resolution/__pycache__) by extensions ['ros']
[1.678s] Level 1:colcon.colcon_core.package_identification:_identify(LCD_web/portamail_ui/venv/lib/python3.12/site-packages/pip/_internal/resolution/__pycache__) by extension 'ros'
[1.678s] Level 1:colcon.colcon_core.package_identification:_identify(LCD_web/portamail_ui/venv/lib/python3.12/site-packages/pip/_internal/resolution/__pycache__) by extensions ['cmake', 'python']
[1.678s] Level 1:colcon.colcon_core.package_identification:_identify(LCD_web/portamail_ui/venv/lib/python3.12/site-packages/pip/_internal/resolution/__pycache__) by extension 'cmake'
[1.678s] Level 1:colcon.colcon_core.package_identification:_identify(LCD_web/portamail_ui/venv/lib/python3.12/site-packages/pip/_internal/resolution/__pycache__) by extension 'python'
[1.678s] Level 1:colcon.colcon_core.package_identification:_identify(LCD_web/portamail_ui/venv/lib/python3.12/site-packages/pip/_internal/resolution/__pycache__) by extensions ['python_setup_py']
[1.678s] Level 1:colcon.colcon_core.package_identification:_identify(LCD_web/portamail_ui/venv/lib/python3.12/site-packages/pip/_internal/resolution/__pycache__) by extension 'python_setup_py'
[1.678s] Level 1:colcon.colcon_core.package_identification:_identify(LCD_web/portamail_ui/venv/lib/python3.12/site-packages/pip/_internal/resolution/legacy) by extensions ['ignore', 'ignore_ament_install']
[1.678s] Level 1:colcon.colcon_core.package_identification:_identify(LCD_web/portamail_ui/venv/lib/python3.12/site-packages/pip/_internal/resolution/legacy) by extension 'ignore'
[1.679s] Level 1:colcon.colcon_core.package_identification:_identify(LCD_web/portamail_ui/venv/lib/python3.12/site-packages/pip/_internal/resolution/legacy) by extension 'ignore_ament_install'
[1.679s] Level 1:colcon.colcon_core.package_identification:_identify(LCD_web/portamail_ui/venv/lib/python3.12/site-packages/pip/_internal/resolution/legacy) by extensions ['colcon_pkg']
[1.679s] Level 1:colcon.colcon_core.package_identification:_identify(LCD_web/portamail_ui/venv/lib/python3.12/site-packages/pip/_internal/resolution/legacy) by extension 'colcon_pkg'
[1.679s] Level 1:colcon.colcon_core.package_identification:_identify(LCD_web/portamail_ui/venv/lib/python3.12/site-packages/pip/_internal/resolution/legacy) by extensions ['colcon_meta']
[1.679s] Level 1:colcon.colcon_core.package_identification:_identify(LCD_web/portamail_ui/venv/lib/python3.12/site-packages/pip/_internal/resolution/legacy) by extension 'colcon_meta'
[1.679s] Level 1:colcon.colcon_core.package_identification:_identify(LCD_web/portamail_ui/venv/lib/python3.12/site-packages/pip/_internal/resolution/legacy) by extensions ['ros']
[1.679s] Level 1:colcon.colcon_core.package_identification:_identify(LCD_web/portamail_ui/venv/lib/python3.12/site-packages/pip/_internal/resolution/legacy) by extension 'ros'
[1.679s] Level 1:colcon.colcon_core.package_identification:_identify(LCD_web/portamail_ui/venv/lib/python3.12/site-packages/pip/_internal/resolution/legacy) by extensions ['cmake', 'python']
[1.679s] Level 1:colcon.colcon_core.package_identification:_identify(LCD_web/portamail_ui/venv/lib/python3.12/site-packages/pip/_internal/resolution/legacy) by extension 'cmake'
[1.679s] Level 1:colcon.colcon_core.package_identification:_identify(LCD_web/portamail_ui/venv/lib/python3.12/site-packages/pip/_internal/resolution/legacy) by extension 'python'
[1.679s] Level 1:colcon.colcon_core.package_identification:_identify(LCD_web/portamail_ui/venv/lib/python3.12/site-packages/pip/_internal/resolution/legacy) by extensions ['python_setup_py']
[1.679s] Level 1:colcon.colcon_core.package_identification:_identify(LCD_web/portamail_ui/venv/lib/python3.12/site-packages/pip/_internal/resolution/legacy) by extension 'python_setup_py'
[1.680s] Level 1:colcon.colcon_core.package_identification:_identify(LCD_web/portamail_ui/venv/lib/python3.12/site-packages/pip/_internal/resolution/legacy/__pycache__) by extensions ['ignore', 'ignore_ament_install']
[1.680s] Level 1:colcon.colcon_core.package_identification:_identify(LCD_web/portamail_ui/venv/lib/python3.12/site-packages/pip/_internal/resolution/legacy/__pycache__) by extension 'ignore'
[1.680s] Level 1:colcon.colcon_core.package_identification:_identify(LCD_web/portamail_ui/venv/lib/python3.12/site-packages/pip/_internal/resolution/legacy/__pycache__) by extension 'ignore_ament_install'
[1.680s] Level 1:colcon.colcon_core.package_identification:_identify(LCD_web/portamail_ui/venv/lib/python3.12/site-packages/pip/_internal/resolution/legacy/__pycache__) by extensions ['colcon_pkg']
[1.680s] Level 1:colcon.colcon_core.package_identification:_identify(LCD_web/portamail_ui/venv/lib/python3.12/site-packages/pip/_internal/resolution/legacy/__pycache__) by extension 'colcon_pkg'
[1.680s] Level 1:colcon.colcon_core.package_identification:_identify(LCD_web/portamail_ui/venv/lib/python3.12/site-packages/pip/_internal/resolution/legacy/__pycache__) by extensions ['colcon_meta']
[1.680s] Level 1:colcon.colcon_core.package_identification:_identify(LCD_web/portamail_ui/venv/lib/python3.12/site-packages/pip/_internal/resolution/legacy/__pycache__) by extension 'colcon_meta'
[1.680s] Level 1:colcon.colcon_core.package_identification:_identify(LCD_web/portamail_ui/venv/lib/python3.12/site-packages/pip/_internal/resolution/legacy/__pycache__) by extensions ['ros']
[1.680s] Level 1:colcon.colcon_core.package_identification:_identify(LCD_web/portamail_ui/venv/lib/python3.12/site-packages/pip/_internal/resolution/legacy/__pycache__) by extension 'ros'
[1.681s] Level 1:colcon.colcon_core.package_identification:_identify(LCD_web/portamail_ui/venv/lib/python3.12/site-packages/pip/_internal/resolution/legacy/__pycache__) by extensions ['cmake', 'python']
[1.681s] Level 1:colcon.colcon_core.package_identification:_identify(LCD_web/portamail_ui/venv/lib/python3.12/site-packages/pip/_internal/resolution/legacy/__pycache__) by extension 'cmake'
[1.681s] Level 1:colcon.colcon_core.package_identification:_identify(LCD_web/portamail_ui/venv/lib/python3.12/site-packages/pip/_internal/resolution/legacy/__pycache__) by extension 'python'
[1.681s] Level 1:colcon.colcon_core.package_identification:_identify(LCD_web/portamail_ui/venv/lib/python3.12/site-packages/pip/_internal/resolution/legacy/__pycache__) by extensions ['python_setup_py']
[1.681s] Level 1:colcon.colcon_core.package_identification:_identify(LCD_web/portamail_ui/venv/lib/python3.12/site-packages/pip/_internal/resolution/legacy/__pycache__) by extension 'python_setup_py'
[1.681s] Level 1:colcon.colcon_core.package_identification:_identify(LCD_web/portamail_ui/venv/lib/python3.12/site-packages/pip/_internal/resolution/resolvelib) by extensions ['ignore', 'ignore_ament_install']
[1.681s] Level 1:colcon.colcon_core.package_identification:_identify(LCD_web/portamail_ui/venv/lib/python3.12/site-packages/pip/_internal/resolution/resolvelib) by extension 'ignore'
[1.681s] Level 1:colcon.colcon_core.package_identification:_identify(LCD_web/portamail_ui/venv/lib/python3.12/site-packages/pip/_internal/resolution/resolvelib) by extension 'ignore_ament_install'
[1.682s] Level 1:colcon.colcon_core.package_identification:_identify(LCD_web/portamail_ui/venv/lib/python3.12/site-packages/pip/_internal/resolution/resolvelib) by extensions ['colcon_pkg']
[1.682s] Level 1:colcon.colcon_core.package_identification:_identify(LCD_web/portamail_ui/venv/lib/python3.12/site-packages/pip/_internal/resolution/resolvelib) by extension 'colcon_pkg'
[1.682s] Level 1:colcon.colcon_core.package_identification:_identify(LCD_web/portamail_ui/venv/lib/python3.12/site-packages/pip/_internal/resolution/resolvelib) by extensions ['colcon_meta']
[1.682s] Level 1:colcon.colcon_core.package_identification:_identify(LCD_web/portamail_ui/venv/lib/python3.12/site-packages/pip/_internal/resolution/resolvelib) by extension 'colcon_meta'
[1.682s] Level 1:colcon.colcon_core.package_identification:_identify(LCD_web/portamail_ui/venv/lib/python3.12/site-packages/pip/_internal/resolution/resolvelib) by extensions ['ros']
[1.682s] Level 1:colcon.colcon_core.package_identification:_identify(LCD_web/portamail_ui/venv/lib/python3.12/site-packages/pip/_internal/resolution/resolvelib) by extension 'ros'
[1.682s] Level 1:colcon.colcon_core.package_identification:_identify(LCD_web/portamail_ui/venv/lib/python3.12/site-packages/pip/_internal/resolution/resolvelib) by extensions ['cmake', 'python']
[1.682s] Level 1:colcon.colcon_core.package_identification:_identify(LCD_web/portamail_ui/venv/lib/python3.12/site-packages/pip/_internal/resolution/resolvelib) by extension 'cmake'
[1.682s] Level 1:colcon.colcon_core.package_identification:_identify(LCD_web/portamail_ui/venv/lib/python3.12/site-packages/pip/_internal/resolution/resolvelib) by extension 'python'
[1.682s] Level 1:colcon.colcon_core.package_identification:_identify(LCD_web/portamail_ui/venv/lib/python3.12/site-packages/pip/_internal/resolution/resolvelib) by extensions ['python_setup_py']
[1.682s] Level 1:colcon.colcon_core.package_identification:_identify(LCD_web/portamail_ui/venv/lib/python3.12/site-packages/pip/_internal/resolution/resolvelib) by extension 'python_setup_py'
[1.683s] Level 1:colcon.colcon_core.package_identification:_identify(LCD_web/portamail_ui/venv/lib/python3.12/site-packages/pip/_internal/resolution/resolvelib/__pycache__) by extensions ['ignore', 'ignore_ament_install']
[1.683s] Level 1:colcon.colcon_core.package_identification:_identify(LCD_web/portamail_ui/venv/lib/python3.12/site-packages/pip/_internal/resolution/resolvelib/__pycache__) by extension 'ignore'
[1.683s] Level 1:colcon.colcon_core.package_identification:_identify(LCD_web/portamail_ui/venv/lib/python3.12/site-packages/pip/_internal/resolution/resolvelib/__pycache__) by extension 'ignore_ament_install'
[1.683s] Level 1:colcon.colcon_core.package_identification:_identify(LCD_web/portamail_ui/venv/lib/python3.12/site-packages/pip/_internal/resolution/resolvelib/__pycache__) by extensions ['colcon_pkg']
[1.683s] Level 1:colcon.colcon_core.package_identification:_identify(LCD_web/portamail_ui/venv/lib/python3.12/site-packages/pip/_internal/resolution/resolvelib/__pycache__) by extension 'colcon_pkg'
[1.683s] Level 1:colcon.colcon_core.package_identification:_identify(LCD_web/portamail_ui/venv/lib/python3.12/site-packages/pip/_internal/resolution/resolvelib/__pycache__) by extensions ['colcon_meta']
[1.683s] Level 1:colcon.colcon_core.package_identification:_identify(LCD_web/portamail_ui/venv/lib/python3.12/site-packages/pip/_internal/resolution/resolvelib/__pycache__) by extension 'colcon_meta'
[1.683s] Level 1:colcon.colcon_core.package_identification:_identify(LCD_web/portamail_ui/venv/lib/python3.12/site-packages/pip/_internal/resolution/resolvelib/__pycache__) by extensions ['ros']
[1.683s] Level 1:colcon.colcon_core.package_identification:_identify(LCD_web/portamail_ui/venv/lib/python3.12/site-packages/pip/_internal/resolution/resolvelib/__pycache__) by extension 'ros'
[1.683s] Level 1:colcon.colcon_core.package_identification:_identify(LCD_web/portamail_ui/venv/lib/python3.12/site-packages/pip/_internal/resolution/resolvelib/__pycache__) by extensions ['cmake', 'python']
[1.683s] Level 1:colcon.colcon_core.package_identification:_identify(LCD_web/portamail_ui/venv/lib/python3.12/site-packages/pip/_internal/resolution/resolvelib/__pycache__) by extension 'cmake'
[1.684s] Level 1:colcon.colcon_core.package_identification:_identify(LCD_web/portamail_ui/venv/lib/python3.12/site-packages/pip/_internal/resolution/resolvelib/__pycache__) by extension 'python'
[1.684s] Level 1:colcon.colcon_core.package_identification:_identify(LCD_web/portamail_ui/venv/lib/python3.12/site-packages/pip/_internal/resolution/resolvelib/__pycache__) by extensions ['python_setup_py']
[1.684s] Level 1:colcon.colcon_core.package_identification:_identify(LCD_web/portamail_ui/venv/lib/python3.12/site-packages/pip/_internal/resolution/resolvelib/__pycache__) by extension 'python_setup_py'
[1.684s] Level 1:colcon.colcon_core.package_identification:_identify(LCD_web/portamail_ui/venv/lib/python3.12/site-packages/pip/_internal/utils) by extensions ['ignore', 'ignore_ament_install']
[1.685s] Level 1:colcon.colcon_core.package_identification:_identify(LCD_web/portamail_ui/venv/lib/python3.12/site-packages/pip/_internal/utils) by extension 'ignore'
[1.685s] Level 1:colcon.colcon_core.package_identification:_identify(LCD_web/portamail_ui/venv/lib/python3.12/site-packages/pip/_internal/utils) by extension 'ignore_ament_install'
[1.685s] Level 1:colcon.colcon_core.package_identification:_identify(LCD_web/portamail_ui/venv/lib/python3.12/site-packages/pip/_internal/utils) by extensions ['colcon_pkg']
[1.685s] Level 1:colcon.colcon_core.package_identification:_identify(LCD_web/portamail_ui/venv/lib/python3.12/site-packages/pip/_internal/utils) by extension 'colcon_pkg'
[1.685s] Level 1:colcon.colcon_core.package_identification:_identify(LCD_web/portamail_ui/venv/lib/python3.12/site-packages/pip/_internal/utils) by extensions ['colcon_meta']
[1.685s] Level 1:colcon.colcon_core.package_identification:_identify(LCD_web/portamail_ui/venv/lib/python3.12/site-packages/pip/_internal/utils) by extension 'colcon_meta'
[1.685s] Level 1:colcon.colcon_core.package_identification:_identify(LCD_web/portamail_ui/venv/lib/python3.12/site-packages/pip/_internal/utils) by extensions ['ros']
[1.685s] Level 1:colcon.colcon_core.package_identification:_identify(LCD_web/portamail_ui/venv/lib/python3.12/site-packages/pip/_internal/utils) by extension 'ros'
[1.686s] Level 1:colcon.colcon_core.package_identification:_identify(LCD_web/portamail_ui/venv/lib/python3.12/site-packages/pip/_internal/utils) by extensions ['cmake', 'python']
[1.686s] Level 1:colcon.colcon_core.package_identification:_identify(LCD_web/portamail_ui/venv/lib/python3.12/site-packages/pip/_internal/utils) by extension 'cmake'
[1.686s] Level 1:colcon.colcon_core.package_identification:_identify(LCD_web/portamail_ui/venv/lib/python3.12/site-packages/pip/_internal/utils) by extension 'python'
[1.686s] Level 1:colcon.colcon_core.package_identification:_identify(LCD_web/portamail_ui/venv/lib/python3.12/site-packages/pip/_internal/utils) by extensions ['python_setup_py']
[1.686s] Level 1:colcon.colcon_core.package_identification:_identify(LCD_web/portamail_ui/venv/lib/python3.12/site-packages/pip/_internal/utils) by extension 'python_setup_py'
[1.686s] Level 1:colcon.colcon_core.package_identification:_identify(LCD_web/portamail_ui/venv/lib/python3.12/site-packages/pip/_internal/utils/__pycache__) by extensions ['ignore', 'ignore_ament_install']
[1.686s] Level 1:colcon.colcon_core.package_identification:_identify(LCD_web/portamail_ui/venv/lib/python3.12/site-packages/pip/_internal/utils/__pycache__) by extension 'ignore'
[1.686s] Level 1:colcon.colcon_core.package_identification:_identify(LCD_web/portamail_ui/venv/lib/python3.12/site-packages/pip/_internal/utils/__pycache__) by extension 'ignore_ament_install'
[1.686s] Level 1:colcon.colcon_core.package_identification:_identify(LCD_web/portamail_ui/venv/lib/python3.12/site-packages/pip/_internal/utils/__pycache__) by extensions ['colcon_pkg']
[1.686s] Level 1:colcon.colcon_core.package_identification:_identify(LCD_web/portamail_ui/venv/lib/python3.12/site-packages/pip/_internal/utils/__pycache__) by extension 'colcon_pkg'
[1.687s] Level 1:colcon.colcon_core.package_identification:_identify(LCD_web/portamail_ui/venv/lib/python3.12/site-packages/pip/_internal/utils/__pycache__) by extensions ['colcon_meta']
[1.687s] Level 1:colcon.colcon_core.package_identification:_identify(LCD_web/portamail_ui/venv/lib/python3.12/site-packages/pip/_internal/utils/__pycache__) by extension 'colcon_meta'
[1.687s] Level 1:colcon.colcon_core.package_identification:_identify(LCD_web/portamail_ui/venv/lib/python3.12/site-packages/pip/_internal/utils/__pycache__) by extensions ['ros']
[1.687s] Level 1:colcon.colcon_core.package_identification:_identify(LCD_web/portamail_ui/venv/lib/python3.12/site-packages/pip/_internal/utils/__pycache__) by extension 'ros'
[1.687s] Level 1:colcon.colcon_core.package_identification:_identify(LCD_web/portamail_ui/venv/lib/python3.12/site-packages/pip/_internal/utils/__pycache__) by extensions ['cmake', 'python']
[1.687s] Level 1:colcon.colcon_core.package_identification:_identify(LCD_web/portamail_ui/venv/lib/python3.12/site-packages/pip/_internal/utils/__pycache__) by extension 'cmake'
[1.687s] Level 1:colcon.colcon_core.package_identification:_identify(LCD_web/portamail_ui/venv/lib/python3.12/site-packages/pip/_internal/utils/__pycache__) by extension 'python'
[1.687s] Level 1:colcon.colcon_core.package_identification:_identify(LCD_web/portamail_ui/venv/lib/python3.12/site-packages/pip/_internal/utils/__pycache__) by extensions ['python_setup_py']
[1.687s] Level 1:colcon.colcon_core.package_identification:_identify(LCD_web/portamail_ui/venv/lib/python3.12/site-packages/pip/_internal/utils/__pycache__) by extension 'python_setup_py'
[1.688s] Level 1:colcon.colcon_core.package_identification:_identify(LCD_web/portamail_ui/venv/lib/python3.12/site-packages/pip/_internal/vcs) by extensions ['ignore', 'ignore_ament_install']
[1.688s] Level 1:colcon.colcon_core.package_identification:_identify(LCD_web/portamail_ui/venv/lib/python3.12/site-packages/pip/_internal/vcs) by extension 'ignore'
[1.688s] Level 1:colcon.colcon_core.package_identification:_identify(LCD_web/portamail_ui/venv/lib/python3.12/site-packages/pip/_internal/vcs) by extension 'ignore_ament_install'
[1.688s] Level 1:colcon.colcon_core.package_identification:_identify(LCD_web/portamail_ui/venv/lib/python3.12/site-packages/pip/_internal/vcs) by extensions ['colcon_pkg']
[1.688s] Level 1:colcon.colcon_core.package_identification:_identify(LCD_web/portamail_ui/venv/lib/python3.12/site-packages/pip/_internal/vcs) by extension 'colcon_pkg'
[1.688s] Level 1:colcon.colcon_core.package_identification:_identify(LCD_web/portamail_ui/venv/lib/python3.12/site-packages/pip/_internal/vcs) by extensions ['colcon_meta']
[1.688s] Level 1:colcon.colcon_core.package_identification:_identify(LCD_web/portamail_ui/venv/lib/python3.12/site-packages/pip/_internal/vcs) by extension 'colcon_meta'
[1.689s] Level 1:colcon.colcon_core.package_identification:_identify(LCD_web/portamail_ui/venv/lib/python3.12/site-packages/pip/_internal/vcs) by extensions ['ros']
[1.689s] Level 1:colcon.colcon_core.package_identification:_identify(LCD_web/portamail_ui/venv/lib/python3.12/site-packages/pip/_internal/vcs) by extension 'ros'
[1.689s] Level 1:colcon.colcon_core.package_identification:_identify(LCD_web/portamail_ui/venv/lib/python3.12/site-packages/pip/_internal/vcs) by extensions ['cmake', 'python']
[1.689s] Level 1:colcon.colcon_core.package_identification:_identify(LCD_web/portamail_ui/venv/lib/python3.12/site-packages/pip/_internal/vcs) by extension 'cmake'
[1.689s] Level 1:colcon.colcon_core.package_identification:_identify(LCD_web/portamail_ui/venv/lib/python3.12/site-packages/pip/_internal/vcs) by extension 'python'
[1.689s] Level 1:colcon.colcon_core.package_identification:_identify(LCD_web/portamail_ui/venv/lib/python3.12/site-packages/pip/_internal/vcs) by extensions ['python_setup_py']
[1.689s] Level 1:colcon.colcon_core.package_identification:_identify(LCD_web/portamail_ui/venv/lib/python3.12/site-packages/pip/_internal/vcs) by extension 'python_setup_py'
[1.689s] Level 1:colcon.colcon_core.package_identification:_identify(LCD_web/portamail_ui/venv/lib/python3.12/site-packages/pip/_internal/vcs/__pycache__) by extensions ['ignore', 'ignore_ament_install']
[1.689s] Level 1:colcon.colcon_core.package_identification:_identify(LCD_web/portamail_ui/venv/lib/python3.12/site-packages/pip/_internal/vcs/__pycache__) by extension 'ignore'
[1.689s] Level 1:colcon.colcon_core.package_identification:_identify(LCD_web/portamail_ui/venv/lib/python3.12/site-packages/pip/_internal/vcs/__pycache__) by extension 'ignore_ament_install'
[1.689s] Level 1:colcon.colcon_core.package_identification:_identify(LCD_web/portamail_ui/venv/lib/python3.12/site-packages/pip/_internal/vcs/__pycache__) by extensions ['colcon_pkg']
[1.689s] Level 1:colcon.colcon_core.package_identification:_identify(LCD_web/portamail_ui/venv/lib/python3.12/site-packages/pip/_internal/vcs/__pycache__) by extension 'colcon_pkg'
[1.690s] Level 1:colcon.colcon_core.package_identification:_identify(LCD_web/portamail_ui/venv/lib/python3.12/site-packages/pip/_internal/vcs/__pycache__) by extensions ['colcon_meta']
[1.690s] Level 1:colcon.colcon_core.package_identification:_identify(LCD_web/portamail_ui/venv/lib/python3.12/site-packages/pip/_internal/vcs/__pycache__) by extension 'colcon_meta'
[1.690s] Level 1:colcon.colcon_core.package_identification:_identify(LCD_web/portamail_ui/venv/lib/python3.12/site-packages/pip/_internal/vcs/__pycache__) by extensions ['ros']
[1.690s] Level 1:colcon.colcon_core.package_identification:_identify(LCD_web/portamail_ui/venv/lib/python3.12/site-packages/pip/_internal/vcs/__pycache__) by extension 'ros'
[1.690s] Level 1:colcon.colcon_core.package_identification:_identify(LCD_web/portamail_ui/venv/lib/python3.12/site-packages/pip/_internal/vcs/__pycache__) by extensions ['cmake', 'python']
[1.690s] Level 1:colcon.colcon_core.package_identification:_identify(LCD_web/portamail_ui/venv/lib/python3.12/site-packages/pip/_internal/vcs/__pycache__) by extension 'cmake'
[1.690s] Level 1:colcon.colcon_core.package_identification:_identify(LCD_web/portamail_ui/venv/lib/python3.12/site-packages/pip/_internal/vcs/__pycache__) by extension 'python'
[1.690s] Level 1:colcon.colcon_core.package_identification:_identify(LCD_web/portamail_ui/venv/lib/python3.12/site-packages/pip/_internal/vcs/__pycache__) by extensions ['python_setup_py']
[1.690s] Level 1:colcon.colcon_core.package_identification:_identify(LCD_web/portamail_ui/venv/lib/python3.12/site-packages/pip/_internal/vcs/__pycache__) by extension 'python_setup_py'
[1.690s] Level 1:colcon.colcon_core.package_identification:_identify(LCD_web/portamail_ui/venv/lib/python3.12/site-packages/pip/_vendor) by extensions ['ignore', 'ignore_ament_install']
[1.690s] Level 1:colcon.colcon_core.package_identification:_identify(LCD_web/portamail_ui/venv/lib/python3.12/site-packages/pip/_vendor) by extension 'ignore'
[1.690s] Level 1:colcon.colcon_core.package_identification:_identify(LCD_web/portamail_ui/venv/lib/python3.12/site-packages/pip/_vendor) by extension 'ignore_ament_install'
[1.690s] Level 1:colcon.colcon_core.package_identification:_identify(LCD_web/portamail_ui/venv/lib/python3.12/site-packages/pip/_vendor) by extensions ['colcon_pkg']
[1.691s] Level 1:colcon.colcon_core.package_identification:_identify(LCD_web/portamail_ui/venv/lib/python3.12/site-packages/pip/_vendor) by extension 'colcon_pkg'
[1.691s] Level 1:colcon.colcon_core.package_identification:_identify(LCD_web/portamail_ui/venv/lib/python3.12/site-packages/pip/_vendor) by extensions ['colcon_meta']
[1.691s] Level 1:colcon.colcon_core.package_identification:_identify(LCD_web/portamail_ui/venv/lib/python3.12/site-packages/pip/_vendor) by extension 'colcon_meta'
[1.691s] Level 1:colcon.colcon_core.package_identification:_identify(LCD_web/portamail_ui/venv/lib/python3.12/site-packages/pip/_vendor) by extensions ['ros']
[1.691s] Level 1:colcon.colcon_core.package_identification:_identify(LCD_web/portamail_ui/venv/lib/python3.12/site-packages/pip/_vendor) by extension 'ros'
[1.691s] Level 1:colcon.colcon_core.package_identification:_identify(LCD_web/portamail_ui/venv/lib/python3.12/site-packages/pip/_vendor) by extensions ['cmake', 'python']
[1.691s] Level 1:colcon.colcon_core.package_identification:_identify(LCD_web/portamail_ui/venv/lib/python3.12/site-packages/pip/_vendor) by extension 'cmake'
[1.691s] Level 1:colcon.colcon_core.package_identification:_identify(LCD_web/portamail_ui/venv/lib/python3.12/site-packages/pip/_vendor) by extension 'python'
[1.691s] Level 1:colcon.colcon_core.package_identification:_identify(LCD_web/portamail_ui/venv/lib/python3.12/site-packages/pip/_vendor) by extensions ['python_setup_py']
[1.691s] Level 1:colcon.colcon_core.package_identification:_identify(LCD_web/portamail_ui/venv/lib/python3.12/site-packages/pip/_vendor) by extension 'python_setup_py'
[1.691s] Level 1:colcon.colcon_core.package_identification:_identify(LCD_web/portamail_ui/venv/lib/python3.12/site-packages/pip/_vendor/__pycache__) by extensions ['ignore', 'ignore_ament_install']
[1.691s] Level 1:colcon.colcon_core.package_identification:_identify(LCD_web/portamail_ui/venv/lib/python3.12/site-packages/pip/_vendor/__pycache__) by extension 'ignore'
[1.692s] Level 1:colcon.colcon_core.package_identification:_identify(LCD_web/portamail_ui/venv/lib/python3.12/site-packages/pip/_vendor/__pycache__) by extension 'ignore_ament_install'
[1.692s] Level 1:colcon.colcon_core.package_identification:_identify(LCD_web/portamail_ui/venv/lib/python3.12/site-packages/pip/_vendor/__pycache__) by extensions ['colcon_pkg']
[1.692s] Level 1:colcon.colcon_core.package_identification:_identify(LCD_web/portamail_ui/venv/lib/python3.12/site-packages/pip/_vendor/__pycache__) by extension 'colcon_pkg'
[1.692s] Level 1:colcon.colcon_core.package_identification:_identify(LCD_web/portamail_ui/venv/lib/python3.12/site-packages/pip/_vendor/__pycache__) by extensions ['colcon_meta']
[1.692s] Level 1:colcon.colcon_core.package_identification:_identify(LCD_web/portamail_ui/venv/lib/python3.12/site-packages/pip/_vendor/__pycache__) by extension 'colcon_meta'
[1.692s] Level 1:colcon.colcon_core.package_identification:_identify(LCD_web/portamail_ui/venv/lib/python3.12/site-packages/pip/_vendor/__pycache__) by extensions ['ros']
[1.692s] Level 1:colcon.colcon_core.package_identification:_identify(LCD_web/portamail_ui/venv/lib/python3.12/site-packages/pip/_vendor/__pycache__) by extension 'ros'
[1.692s] Level 1:colcon.colcon_core.package_identification:_identify(LCD_web/portamail_ui/venv/lib/python3.12/site-packages/pip/_vendor/__pycache__) by extensions ['cmake', 'python']
[1.692s] Level 1:colcon.colcon_core.package_identification:_identify(LCD_web/portamail_ui/venv/lib/python3.12/site-packages/pip/_vendor/__pycache__) by extension 'cmake'
[1.692s] Level 1:colcon.colcon_core.package_identification:_identify(LCD_web/portamail_ui/venv/lib/python3.12/site-packages/pip/_vendor/__pycache__) by extension 'python'
[1.692s] Level 1:colcon.colcon_core.package_identification:_identify(LCD_web/portamail_ui/venv/lib/python3.12/site-packages/pip/_vendor/__pycache__) by extensions ['python_setup_py']
[1.692s] Level 1:colcon.colcon_core.package_identification:_identify(LCD_web/portamail_ui/venv/lib/python3.12/site-packages/pip/_vendor/__pycache__) by extension 'python_setup_py'
[1.692s] Level 1:colcon.colcon_core.package_identification:_identify(LCD_web/portamail_ui/venv/lib/python3.12/site-packages/pip/_vendor/cachecontrol) by extensions ['ignore', 'ignore_ament_install']
[1.693s] Level 1:colcon.colcon_core.package_identification:_identify(LCD_web/portamail_ui/venv/lib/python3.12/site-packages/pip/_vendor/cachecontrol) by extension 'ignore'
[1.693s] Level 1:colcon.colcon_core.package_identification:_identify(LCD_web/portamail_ui/venv/lib/python3.12/site-packages/pip/_vendor/cachecontrol) by extension 'ignore_ament_install'
[1.693s] Level 1:colcon.colcon_core.package_identification:_identify(LCD_web/portamail_ui/venv/lib/python3.12/site-packages/pip/_vendor/cachecontrol) by extensions ['colcon_pkg']
[1.693s] Level 1:colcon.colcon_core.package_identification:_identify(LCD_web/portamail_ui/venv/lib/python3.12/site-packages/pip/_vendor/cachecontrol) by extension 'colcon_pkg'
[1.693s] Level 1:colcon.colcon_core.package_identification:_identify(LCD_web/portamail_ui/venv/lib/python3.12/site-packages/pip/_vendor/cachecontrol) by extensions ['colcon_meta']
[1.693s] Level 1:colcon.colcon_core.package_identification:_identify(LCD_web/portamail_ui/venv/lib/python3.12/site-packages/pip/_vendor/cachecontrol) by extension 'colcon_meta'
[1.693s] Level 1:colcon.colcon_core.package_identification:_identify(LCD_web/portamail_ui/venv/lib/python3.12/site-packages/pip/_vendor/cachecontrol) by extensions ['ros']
[1.693s] Level 1:colcon.colcon_core.package_identification:_identify(LCD_web/portamail_ui/venv/lib/python3.12/site-packages/pip/_vendor/cachecontrol) by extension 'ros'
[1.694s] Level 1:colcon.colcon_core.package_identification:_identify(LCD_web/portamail_ui/venv/lib/python3.12/site-packages/pip/_vendor/cachecontrol) by extensions ['cmake', 'python']
[1.694s] Level 1:colcon.colcon_core.package_identification:_identify(LCD_web/portamail_ui/venv/lib/python3.12/site-packages/pip/_vendor/cachecontrol) by extension 'cmake'
[1.694s] Level 1:colcon.colcon_core.package_identification:_identify(LCD_web/portamail_ui/venv/lib/python3.12/site-packages/pip/_vendor/cachecontrol) by extension 'python'
[1.694s] Level 1:colcon.colcon_core.package_identification:_identify(LCD_web/portamail_ui/venv/lib/python3.12/site-packages/pip/_vendor/cachecontrol) by extensions ['python_setup_py']
[1.694s] Level 1:colcon.colcon_core.package_identification:_identify(LCD_web/portamail_ui/venv/lib/python3.12/site-packages/pip/_vendor/cachecontrol) by extension 'python_setup_py'
[1.695s] Level 1:colcon.colcon_core.package_identification:_identify(LCD_web/portamail_ui/venv/lib/python3.12/site-packages/pip/_vendor/cachecontrol/__pycache__) by extensions ['ignore', 'ignore_ament_install']
[1.695s] Level 1:colcon.colcon_core.package_identification:_identify(LCD_web/portamail_ui/venv/lib/python3.12/site-packages/pip/_vendor/cachecontrol/__pycache__) by extension 'ignore'
[1.695s] Level 1:colcon.colcon_core.package_identification:_identify(LCD_web/portamail_ui/venv/lib/python3.12/site-packages/pip/_vendor/cachecontrol/__pycache__) by extension 'ignore_ament_install'
[1.695s] Level 1:colcon.colcon_core.package_identification:_identify(LCD_web/portamail_ui/venv/lib/python3.12/site-packages/pip/_vendor/cachecontrol/__pycache__) by extensions ['colcon_pkg']
[1.695s] Level 1:colcon.colcon_core.package_identification:_identify(LCD_web/portamail_ui/venv/lib/python3.12/site-packages/pip/_vendor/cachecontrol/__pycache__) by extension 'colcon_pkg'
[1.695s] Level 1:colcon.colcon_core.package_identification:_identify(LCD_web/portamail_ui/venv/lib/python3.12/site-packages/pip/_vendor/cachecontrol/__pycache__) by extensions ['colcon_meta']
[1.695s] Level 1:colcon.colcon_core.package_identification:_identify(LCD_web/portamail_ui/venv/lib/python3.12/site-packages/pip/_vendor/cachecontrol/__pycache__) by extension 'colcon_meta'
[1.695s] Level 1:colcon.colcon_core.package_identification:_identify(LCD_web/portamail_ui/venv/lib/python3.12/site-packages/pip/_vendor/cachecontrol/__pycache__) by extensions ['ros']
[1.695s] Level 1:colcon.colcon_core.package_identification:_identify(LCD_web/portamail_ui/venv/lib/python3.12/site-packages/pip/_vendor/cachecontrol/__pycache__) by extension 'ros'
[1.696s] Level 1:colcon.colcon_core.package_identification:_identify(LCD_web/portamail_ui/venv/lib/python3.12/site-packages/pip/_vendor/cachecontrol/__pycache__) by extensions ['cmake', 'python']
[1.696s] Level 1:colcon.colcon_core.package_identification:_identify(LCD_web/portamail_ui/venv/lib/python3.12/site-packages/pip/_vendor/cachecontrol/__pycache__) by extension 'cmake'
[1.696s] Level 1:colcon.colcon_core.package_identification:_identify(LCD_web/portamail_ui/venv/lib/python3.12/site-packages/pip/_vendor/cachecontrol/__pycache__) by extension 'python'
[1.696s] Level 1:colcon.colcon_core.package_identification:_identify(LCD_web/portamail_ui/venv/lib/python3.12/site-packages/pip/_vendor/cachecontrol/__pycache__) by extensions ['python_setup_py']
[1.696s] Level 1:colcon.colcon_core.package_identification:_identify(LCD_web/portamail_ui/venv/lib/python3.12/site-packages/pip/_vendor/cachecontrol/__pycache__) by extension 'python_setup_py'
[1.697s] Level 1:colcon.colcon_core.package_identification:_identify(LCD_web/portamail_ui/venv/lib/python3.12/site-packages/pip/_vendor/cachecontrol/caches) by extensions ['ignore', 'ignore_ament_install']
[1.697s] Level 1:colcon.colcon_core.package_identification:_identify(LCD_web/portamail_ui/venv/lib/python3.12/site-packages/pip/_vendor/cachecontrol/caches) by extension 'ignore'
[1.697s] Level 1:colcon.colcon_core.package_identification:_identify(LCD_web/portamail_ui/venv/lib/python3.12/site-packages/pip/_vendor/cachecontrol/caches) by extension 'ignore_ament_install'
[1.697s] Level 1:colcon.colcon_core.package_identification:_identify(LCD_web/portamail_ui/venv/lib/python3.12/site-packages/pip/_vendor/cachecontrol/caches) by extensions ['colcon_pkg']
[1.697s] Level 1:colcon.colcon_core.package_identification:_identify(LCD_web/portamail_ui/venv/lib/python3.12/site-packages/pip/_vendor/cachecontrol/caches) by extension 'colcon_pkg'
[1.698s] Level 1:colcon.colcon_core.package_identification:_identify(LCD_web/portamail_ui/venv/lib/python3.12/site-packages/pip/_vendor/cachecontrol/caches) by extensions ['colcon_meta']
[1.698s] Level 1:colcon.colcon_core.package_identification:_identify(LCD_web/portamail_ui/venv/lib/python3.12/site-packages/pip/_vendor/cachecontrol/caches) by extension 'colcon_meta'
[1.698s] Level 1:colcon.colcon_core.package_identification:_identify(LCD_web/portamail_ui/venv/lib/python3.12/site-packages/pip/_vendor/cachecontrol/caches) by extensions ['ros']
[1.698s] Level 1:colcon.colcon_core.package_identification:_identify(LCD_web/portamail_ui/venv/lib/python3.12/site-packages/pip/_vendor/cachecontrol/caches) by extension 'ros'
[1.698s] Level 1:colcon.colcon_core.package_identification:_identify(LCD_web/portamail_ui/venv/lib/python3.12/site-packages/pip/_vendor/cachecontrol/caches) by extensions ['cmake', 'python']
[1.698s] Level 1:colcon.colcon_core.package_identification:_identify(LCD_web/portamail_ui/venv/lib/python3.12/site-packages/pip/_vendor/cachecontrol/caches) by extension 'cmake'
[1.699s] Level 1:colcon.colcon_core.package_identification:_identify(LCD_web/portamail_ui/venv/lib/python3.12/site-packages/pip/_vendor/cachecontrol/caches) by extension 'python'
[1.699s] Level 1:colcon.colcon_core.package_identification:_identify(LCD_web/portamail_ui/venv/lib/python3.12/site-packages/pip/_vendor/cachecontrol/caches) by extensions ['python_setup_py']
[1.699s] Level 1:colcon.colcon_core.package_identification:_identify(LCD_web/portamail_ui/venv/lib/python3.12/site-packages/pip/_vendor/cachecontrol/caches) by extension 'python_setup_py'
[1.699s] Level 1:colcon.colcon_core.package_identification:_identify(LCD_web/portamail_ui/venv/lib/python3.12/site-packages/pip/_vendor/cachecontrol/caches/__pycache__) by extensions ['ignore', 'ignore_ament_install']
[1.699s] Level 1:colcon.colcon_core.package_identification:_identify(LCD_web/portamail_ui/venv/lib/python3.12/site-packages/pip/_vendor/cachecontrol/caches/__pycache__) by extension 'ignore'
[1.700s] Level 1:colcon.colcon_core.package_identification:_identify(LCD_web/portamail_ui/venv/lib/python3.12/site-packages/pip/_vendor/cachecontrol/caches/__pycache__) by extension 'ignore_ament_install'
[1.700s] Level 1:colcon.colcon_core.package_identification:_identify(LCD_web/portamail_ui/venv/lib/python3.12/site-packages/pip/_vendor/cachecontrol/caches/__pycache__) by extensions ['colcon_pkg']
[1.700s] Level 1:colcon.colcon_core.package_identification:_identify(LCD_web/portamail_ui/venv/lib/python3.12/site-packages/pip/_vendor/cachecontrol/caches/__pycache__) by extension 'colcon_pkg'
[1.700s] Level 1:colcon.colcon_core.package_identification:_identify(LCD_web/portamail_ui/venv/lib/python3.12/site-packages/pip/_vendor/cachecontrol/caches/__pycache__) by extensions ['colcon_meta']
[1.700s] Level 1:colcon.colcon_core.package_identification:_identify(LCD_web/portamail_ui/venv/lib/python3.12/site-packages/pip/_vendor/cachecontrol/caches/__pycache__) by extension 'colcon_meta'
[1.700s] Level 1:colcon.colcon_core.package_identification:_identify(LCD_web/portamail_ui/venv/lib/python3.12/site-packages/pip/_vendor/cachecontrol/caches/__pycache__) by extensions ['ros']
[1.700s] Level 1:colcon.colcon_core.package_identification:_identify(LCD_web/portamail_ui/venv/lib/python3.12/site-packages/pip/_vendor/cachecontrol/caches/__pycache__) by extension 'ros'
[1.701s] Level 1:colcon.colcon_core.package_identification:_identify(LCD_web/portamail_ui/venv/lib/python3.12/site-packages/pip/_vendor/cachecontrol/caches/__pycache__) by extensions ['cmake', 'python']
[1.701s] Level 1:colcon.colcon_core.package_identification:_identify(LCD_web/portamail_ui/venv/lib/python3.12/site-packages/pip/_vendor/cachecontrol/caches/__pycache__) by extension 'cmake'
[1.701s] Level 1:colcon.colcon_core.package_identification:_identify(LCD_web/portamail_ui/venv/lib/python3.12/site-packages/pip/_vendor/cachecontrol/caches/__pycache__) by extension 'python'
[1.701s] Level 1:colcon.colcon_core.package_identification:_identify(LCD_web/portamail_ui/venv/lib/python3.12/site-packages/pip/_vendor/cachecontrol/caches/__pycache__) by extensions ['python_setup_py']
[1.701s] Level 1:colcon.colcon_core.package_identification:_identify(LCD_web/portamail_ui/venv/lib/python3.12/site-packages/pip/_vendor/cachecontrol/caches/__pycache__) by extension 'python_setup_py'
[1.702s] Level 1:colcon.colcon_core.package_identification:_identify(LCD_web/portamail_ui/venv/lib/python3.12/site-packages/pip/_vendor/certifi) by extensions ['ignore', 'ignore_ament_install']
[1.702s] Level 1:colcon.colcon_core.package_identification:_identify(LCD_web/portamail_ui/venv/lib/python3.12/site-packages/pip/_vendor/certifi) by extension 'ignore'
[1.702s] Level 1:colcon.colcon_core.package_identification:_identify(LCD_web/portamail_ui/venv/lib/python3.12/site-packages/pip/_vendor/certifi) by extension 'ignore_ament_install'
[1.702s] Level 1:colcon.colcon_core.package_identification:_identify(LCD_web/portamail_ui/venv/lib/python3.12/site-packages/pip/_vendor/certifi) by extensions ['colcon_pkg']
[1.702s] Level 1:colcon.colcon_core.package_identification:_identify(LCD_web/portamail_ui/venv/lib/python3.12/site-packages/pip/_vendor/certifi) by extension 'colcon_pkg'
[1.702s] Level 1:colcon.colcon_core.package_identification:_identify(LCD_web/portamail_ui/venv/lib/python3.12/site-packages/pip/_vendor/certifi) by extensions ['colcon_meta']
[1.703s] Level 1:colcon.colcon_core.package_identification:_identify(LCD_web/portamail_ui/venv/lib/python3.12/site-packages/pip/_vendor/certifi) by extension 'colcon_meta'
[1.703s] Level 1:colcon.colcon_core.package_identification:_identify(LCD_web/portamail_ui/venv/lib/python3.12/site-packages/pip/_vendor/certifi) by extensions ['ros']
[1.703s] Level 1:colcon.colcon_core.package_identification:_identify(LCD_web/portamail_ui/venv/lib/python3.12/site-packages/pip/_vendor/certifi) by extension 'ros'
[1.703s] Level 1:colcon.colcon_core.package_identification:_identify(LCD_web/portamail_ui/venv/lib/python3.12/site-packages/pip/_vendor/certifi) by extensions ['cmake', 'python']
[1.703s] Level 1:colcon.colcon_core.package_identification:_identify(LCD_web/portamail_ui/venv/lib/python3.12/site-packages/pip/_vendor/certifi) by extension 'cmake'
[1.703s] Level 1:colcon.colcon_core.package_identification:_identify(LCD_web/portamail_ui/venv/lib/python3.12/site-packages/pip/_vendor/certifi) by extension 'python'
[1.704s] Level 1:colcon.colcon_core.package_identification:_identify(LCD_web/portamail_ui/venv/lib/python3.12/site-packages/pip/_vendor/certifi) by extensions ['python_setup_py']
[1.704s] Level 1:colcon.colcon_core.package_identification:_identify(LCD_web/portamail_ui/venv/lib/python3.12/site-packages/pip/_vendor/certifi) by extension 'python_setup_py'
[1.704s] Level 1:colcon.colcon_core.package_identification:_identify(LCD_web/portamail_ui/venv/lib/python3.12/site-packages/pip/_vendor/certifi/__pycache__) by extensions ['ignore', 'ignore_ament_install']
[1.705s] Level 1:colcon.colcon_core.package_identification:_identify(LCD_web/portamail_ui/venv/lib/python3.12/site-packages/pip/_vendor/certifi/__pycache__) by extension 'ignore'
[1.705s] Level 1:colcon.colcon_core.package_identification:_identify(LCD_web/portamail_ui/venv/lib/python3.12/site-packages/pip/_vendor/certifi/__pycache__) by extension 'ignore_ament_install'
[1.705s] Level 1:colcon.colcon_core.package_identification:_identify(LCD_web/portamail_ui/venv/lib/python3.12/site-packages/pip/_vendor/certifi/__pycache__) by extensions ['colcon_pkg']
[1.705s] Level 1:colcon.colcon_core.package_identification:_identify(LCD_web/portamail_ui/venv/lib/python3.12/site-packages/pip/_vendor/certifi/__pycache__) by extension 'colcon_pkg'
[1.705s] Level 1:colcon.colcon_core.package_identification:_identify(LCD_web/portamail_ui/venv/lib/python3.12/site-packages/pip/_vendor/certifi/__pycache__) by extensions ['colcon_meta']
[1.706s] Level 1:colcon.colcon_core.package_identification:_identify(LCD_web/portamail_ui/venv/lib/python3.12/site-packages/pip/_vendor/certifi/__pycache__) by extension 'colcon_meta'
[1.706s] Level 1:colcon.colcon_core.package_identification:_identify(LCD_web/portamail_ui/venv/lib/python3.12/site-packages/pip/_vendor/certifi/__pycache__) by extensions ['ros']
[1.706s] Level 1:colcon.colcon_core.package_identification:_identify(LCD_web/portamail_ui/venv/lib/python3.12/site-packages/pip/_vendor/certifi/__pycache__) by extension 'ros'
[1.707s] Level 1:colcon.colcon_core.package_identification:_identify(LCD_web/portamail_ui/venv/lib/python3.12/site-packages/pip/_vendor/certifi/__pycache__) by extensions ['cmake', 'python']
[1.707s] Level 1:colcon.colcon_core.package_identification:_identify(LCD_web/portamail_ui/venv/lib/python3.12/site-packages/pip/_vendor/certifi/__pycache__) by extension 'cmake'
[1.708s] Level 1:colcon.colcon_core.package_identification:_identify(LCD_web/portamail_ui/venv/lib/python3.12/site-packages/pip/_vendor/certifi/__pycache__) by extension 'python'
[1.708s] Level 1:colcon.colcon_core.package_identification:_identify(LCD_web/portamail_ui/venv/lib/python3.12/site-packages/pip/_vendor/certifi/__pycache__) by extensions ['python_setup_py']
[1.708s] Level 1:colcon.colcon_core.package_identification:_identify(LCD_web/portamail_ui/venv/lib/python3.12/site-packages/pip/_vendor/certifi/__pycache__) by extension 'python_setup_py'
[1.709s] Level 1:colcon.colcon_core.package_identification:_identify(LCD_web/portamail_ui/venv/lib/python3.12/site-packages/pip/_vendor/chardet) by extensions ['ignore', 'ignore_ament_install']
[1.710s] Level 1:colcon.colcon_core.package_identification:_identify(LCD_web/portamail_ui/venv/lib/python3.12/site-packages/pip/_vendor/chardet) by extension 'ignore'
[1.710s] Level 1:colcon.colcon_core.package_identification:_identify(LCD_web/portamail_ui/venv/lib/python3.12/site-packages/pip/_vendor/chardet) by extension 'ignore_ament_install'
[1.711s] Level 1:colcon.colcon_core.package_identification:_identify(LCD_web/portamail_ui/venv/lib/python3.12/site-packages/pip/_vendor/chardet) by extensions ['colcon_pkg']
[1.711s] Level 1:colcon.colcon_core.package_identification:_identify(LCD_web/portamail_ui/venv/lib/python3.12/site-packages/pip/_vendor/chardet) by extension 'colcon_pkg'
[1.711s] Level 1:colcon.colcon_core.package_identification:_identify(LCD_web/portamail_ui/venv/lib/python3.12/site-packages/pip/_vendor/chardet) by extensions ['colcon_meta']
[1.711s] Level 1:colcon.colcon_core.package_identification:_identify(LCD_web/portamail_ui/venv/lib/python3.12/site-packages/pip/_vendor/chardet) by extension 'colcon_meta'
[1.712s] Level 1:colcon.colcon_core.package_identification:_identify(LCD_web/portamail_ui/venv/lib/python3.12/site-packages/pip/_vendor/chardet) by extensions ['ros']
[1.712s] Level 1:colcon.colcon_core.package_identification:_identify(LCD_web/portamail_ui/venv/lib/python3.12/site-packages/pip/_vendor/chardet) by extension 'ros'
[1.712s] Level 1:colcon.colcon_core.package_identification:_identify(LCD_web/portamail_ui/venv/lib/python3.12/site-packages/pip/_vendor/chardet) by extensions ['cmake', 'python']
[1.712s] Level 1:colcon.colcon_core.package_identification:_identify(LCD_web/portamail_ui/venv/lib/python3.12/site-packages/pip/_vendor/chardet) by extension 'cmake'
[1.713s] Level 1:colcon.colcon_core.package_identification:_identify(LCD_web/portamail_ui/venv/lib/python3.12/site-packages/pip/_vendor/chardet) by extension 'python'
[1.713s] Level 1:colcon.colcon_core.package_identification:_identify(LCD_web/portamail_ui/venv/lib/python3.12/site-packages/pip/_vendor/chardet) by extensions ['python_setup_py']
[1.713s] Level 1:colcon.colcon_core.package_identification:_identify(LCD_web/portamail_ui/venv/lib/python3.12/site-packages/pip/_vendor/chardet) by extension 'python_setup_py'
[1.713s] Level 1:colcon.colcon_core.package_identification:_identify(LCD_web/portamail_ui/venv/lib/python3.12/site-packages/pip/_vendor/chardet/__pycache__) by extensions ['ignore', 'ignore_ament_install']
[1.714s] Level 1:colcon.colcon_core.package_identification:_identify(LCD_web/portamail_ui/venv/lib/python3.12/site-packages/pip/_vendor/chardet/__pycache__) by extension 'ignore'
[1.714s] Level 1:colcon.colcon_core.package_identification:_identify(LCD_web/portamail_ui/venv/lib/python3.12/site-packages/pip/_vendor/chardet/__pycache__) by extension 'ignore_ament_install'
[1.714s] Level 1:colcon.colcon_core.package_identification:_identify(LCD_web/portamail_ui/venv/lib/python3.12/site-packages/pip/_vendor/chardet/__pycache__) by extensions ['colcon_pkg']
[1.714s] Level 1:colcon.colcon_core.package_identification:_identify(LCD_web/portamail_ui/venv/lib/python3.12/site-packages/pip/_vendor/chardet/__pycache__) by extension 'colcon_pkg'
[1.714s] Level 1:colcon.colcon_core.package_identification:_identify(LCD_web/portamail_ui/venv/lib/python3.12/site-packages/pip/_vendor/chardet/__pycache__) by extensions ['colcon_meta']
[1.715s] Level 1:colcon.colcon_core.package_identification:_identify(LCD_web/portamail_ui/venv/lib/python3.12/site-packages/pip/_vendor/chardet/__pycache__) by extension 'colcon_meta'
[1.715s] Level 1:colcon.colcon_core.package_identification:_identify(LCD_web/portamail_ui/venv/lib/python3.12/site-packages/pip/_vendor/chardet/__pycache__) by extensions ['ros']
[1.715s] Level 1:colcon.colcon_core.package_identification:_identify(LCD_web/portamail_ui/venv/lib/python3.12/site-packages/pip/_vendor/chardet/__pycache__) by extension 'ros'
[1.715s] Level 1:colcon.colcon_core.package_identification:_identify(LCD_web/portamail_ui/venv/lib/python3.12/site-packages/pip/_vendor/chardet/__pycache__) by extensions ['cmake', 'python']
[1.715s] Level 1:colcon.colcon_core.package_identification:_identify(LCD_web/portamail_ui/venv/lib/python3.12/site-packages/pip/_vendor/chardet/__pycache__) by extension 'cmake'
[1.715s] Level 1:colcon.colcon_core.package_identification:_identify(LCD_web/portamail_ui/venv/lib/python3.12/site-packages/pip/_vendor/chardet/__pycache__) by extension 'python'
[1.716s] Level 1:colcon.colcon_core.package_identification:_identify(LCD_web/portamail_ui/venv/lib/python3.12/site-packages/pip/_vendor/chardet/__pycache__) by extensions ['python_setup_py']
[1.716s] Level 1:colcon.colcon_core.package_identification:_identify(LCD_web/portamail_ui/venv/lib/python3.12/site-packages/pip/_vendor/chardet/__pycache__) by extension 'python_setup_py'
[1.716s] Level 1:colcon.colcon_core.package_identification:_identify(LCD_web/portamail_ui/venv/lib/python3.12/site-packages/pip/_vendor/chardet/cli) by extensions ['ignore', 'ignore_ament_install']
[1.717s] Level 1:colcon.colcon_core.package_identification:_identify(LCD_web/portamail_ui/venv/lib/python3.12/site-packages/pip/_vendor/chardet/cli) by extension 'ignore'
[1.717s] Level 1:colcon.colcon_core.package_identification:_identify(LCD_web/portamail_ui/venv/lib/python3.12/site-packages/pip/_vendor/chardet/cli) by extension 'ignore_ament_install'
[1.717s] Level 1:colcon.colcon_core.package_identification:_identify(LCD_web/portamail_ui/venv/lib/python3.12/site-packages/pip/_vendor/chardet/cli) by extensions ['colcon_pkg']
[1.717s] Level 1:colcon.colcon_core.package_identification:_identify(LCD_web/portamail_ui/venv/lib/python3.12/site-packages/pip/_vendor/chardet/cli) by extension 'colcon_pkg'
[1.717s] Level 1:colcon.colcon_core.package_identification:_identify(LCD_web/portamail_ui/venv/lib/python3.12/site-packages/pip/_vendor/chardet/cli) by extensions ['colcon_meta']
[1.717s] Level 1:colcon.colcon_core.package_identification:_identify(LCD_web/portamail_ui/venv/lib/python3.12/site-packages/pip/_vendor/chardet/cli) by extension 'colcon_meta'
[1.718s] Level 1:colcon.colcon_core.package_identification:_identify(LCD_web/portamail_ui/venv/lib/python3.12/site-packages/pip/_vendor/chardet/cli) by extensions ['ros']
[1.718s] Level 1:colcon.colcon_core.package_identification:_identify(LCD_web/portamail_ui/venv/lib/python3.12/site-packages/pip/_vendor/chardet/cli) by extension 'ros'
[1.718s] Level 1:colcon.colcon_core.package_identification:_identify(LCD_web/portamail_ui/venv/lib/python3.12/site-packages/pip/_vendor/chardet/cli) by extensions ['cmake', 'python']
[1.718s] Level 1:colcon.colcon_core.package_identification:_identify(LCD_web/portamail_ui/venv/lib/python3.12/site-packages/pip/_vendor/chardet/cli) by extension 'cmake'
[1.718s] Level 1:colcon.colcon_core.package_identification:_identify(LCD_web/portamail_ui/venv/lib/python3.12/site-packages/pip/_vendor/chardet/cli) by extension 'python'
[1.718s] Level 1:colcon.colcon_core.package_identification:_identify(LCD_web/portamail_ui/venv/lib/python3.12/site-packages/pip/_vendor/chardet/cli) by extensions ['python_setup_py']
[1.718s] Level 1:colcon.colcon_core.package_identification:_identify(LCD_web/portamail_ui/venv/lib/python3.12/site-packages/pip/_vendor/chardet/cli) by extension 'python_setup_py'
[1.719s] Level 1:colcon.colcon_core.package_identification:_identify(LCD_web/portamail_ui/venv/lib/python3.12/site-packages/pip/_vendor/chardet/cli/__pycache__) by extensions ['ignore', 'ignore_ament_install']
[1.719s] Level 1:colcon.colcon_core.package_identification:_identify(LCD_web/portamail_ui/venv/lib/python3.12/site-packages/pip/_vendor/chardet/cli/__pycache__) by extension 'ignore'
[1.719s] Level 1:colcon.colcon_core.package_identification:_identify(LCD_web/portamail_ui/venv/lib/python3.12/site-packages/pip/_vendor/chardet/cli/__pycache__) by extension 'ignore_ament_install'
[1.720s] Level 1:colcon.colcon_core.package_identification:_identify(LCD_web/portamail_ui/venv/lib/python3.12/site-packages/pip/_vendor/chardet/cli/__pycache__) by extensions ['colcon_pkg']
[1.720s] Level 1:colcon.colcon_core.package_identification:_identify(LCD_web/portamail_ui/venv/lib/python3.12/site-packages/pip/_vendor/chardet/cli/__pycache__) by extension 'colcon_pkg'
[1.720s] Level 1:colcon.colcon_core.package_identification:_identify(LCD_web/portamail_ui/venv/lib/python3.12/site-packages/pip/_vendor/chardet/cli/__pycache__) by extensions ['colcon_meta']
[1.720s] Level 1:colcon.colcon_core.package_identification:_identify(LCD_web/portamail_ui/venv/lib/python3.12/site-packages/pip/_vendor/chardet/cli/__pycache__) by extension 'colcon_meta'
[1.720s] Level 1:colcon.colcon_core.package_identification:_identify(LCD_web/portamail_ui/venv/lib/python3.12/site-packages/pip/_vendor/chardet/cli/__pycache__) by extensions ['ros']
[1.720s] Level 1:colcon.colcon_core.package_identification:_identify(LCD_web/portamail_ui/venv/lib/python3.12/site-packages/pip/_vendor/chardet/cli/__pycache__) by extension 'ros'
[1.721s] Level 1:colcon.colcon_core.package_identification:_identify(LCD_web/portamail_ui/venv/lib/python3.12/site-packages/pip/_vendor/chardet/cli/__pycache__) by extensions ['cmake', 'python']
[1.721s] Level 1:colcon.colcon_core.package_identification:_identify(LCD_web/portamail_ui/venv/lib/python3.12/site-packages/pip/_vendor/chardet/cli/__pycache__) by extension 'cmake'
[1.721s] Level 1:colcon.colcon_core.package_identification:_identify(LCD_web/portamail_ui/venv/lib/python3.12/site-packages/pip/_vendor/chardet/cli/__pycache__) by extension 'python'
[1.721s] Level 1:colcon.colcon_core.package_identification:_identify(LCD_web/portamail_ui/venv/lib/python3.12/site-packages/pip/_vendor/chardet/cli/__pycache__) by extensions ['python_setup_py']
[1.722s] Level 1:colcon.colcon_core.package_identification:_identify(LCD_web/portamail_ui/venv/lib/python3.12/site-packages/pip/_vendor/chardet/cli/__pycache__) by extension 'python_setup_py'
[1.722s] Level 1:colcon.colcon_core.package_identification:_identify(LCD_web/portamail_ui/venv/lib/python3.12/site-packages/pip/_vendor/chardet/metadata) by extensions ['ignore', 'ignore_ament_install']
[1.723s] Level 1:colcon.colcon_core.package_identification:_identify(LCD_web/portamail_ui/venv/lib/python3.12/site-packages/pip/_vendor/chardet/metadata) by extension 'ignore'
[1.723s] Level 1:colcon.colcon_core.package_identification:_identify(LCD_web/portamail_ui/venv/lib/python3.12/site-packages/pip/_vendor/chardet/metadata) by extension 'ignore_ament_install'
[1.723s] Level 1:colcon.colcon_core.package_identification:_identify(LCD_web/portamail_ui/venv/lib/python3.12/site-packages/pip/_vendor/chardet/metadata) by extensions ['colcon_pkg']
[1.723s] Level 1:colcon.colcon_core.package_identification:_identify(LCD_web/portamail_ui/venv/lib/python3.12/site-packages/pip/_vendor/chardet/metadata) by extension 'colcon_pkg'
[1.723s] Level 1:colcon.colcon_core.package_identification:_identify(LCD_web/portamail_ui/venv/lib/python3.12/site-packages/pip/_vendor/chardet/metadata) by extensions ['colcon_meta']
[1.723s] Level 1:colcon.colcon_core.package_identification:_identify(LCD_web/portamail_ui/venv/lib/python3.12/site-packages/pip/_vendor/chardet/metadata) by extension 'colcon_meta'
[1.724s] Level 1:colcon.colcon_core.package_identification:_identify(LCD_web/portamail_ui/venv/lib/python3.12/site-packages/pip/_vendor/chardet/metadata) by extensions ['ros']
[1.724s] Level 1:colcon.colcon_core.package_identification:_identify(LCD_web/portamail_ui/venv/lib/python3.12/site-packages/pip/_vendor/chardet/metadata) by extension 'ros'
[1.725s] Level 1:colcon.colcon_core.package_identification:_identify(LCD_web/portamail_ui/venv/lib/python3.12/site-packages/pip/_vendor/chardet/metadata) by extensions ['cmake', 'python']
[1.725s] Level 1:colcon.colcon_core.package_identification:_identify(LCD_web/portamail_ui/venv/lib/python3.12/site-packages/pip/_vendor/chardet/metadata) by extension 'cmake'
[1.725s] Level 1:colcon.colcon_core.package_identification:_identify(LCD_web/portamail_ui/venv/lib/python3.12/site-packages/pip/_vendor/chardet/metadata) by extension 'python'
[1.725s] Level 1:colcon.colcon_core.package_identification:_identify(LCD_web/portamail_ui/venv/lib/python3.12/site-packages/pip/_vendor/chardet/metadata) by extensions ['python_setup_py']
[1.725s] Level 1:colcon.colcon_core.package_identification:_identify(LCD_web/portamail_ui/venv/lib/python3.12/site-packages/pip/_vendor/chardet/metadata) by extension 'python_setup_py'
[1.726s] Level 1:colcon.colcon_core.package_identification:_identify(LCD_web/portamail_ui/venv/lib/python3.12/site-packages/pip/_vendor/chardet/metadata/__pycache__) by extensions ['ignore', 'ignore_ament_install']
[1.726s] Level 1:colcon.colcon_core.package_identification:_identify(LCD_web/portamail_ui/venv/lib/python3.12/site-packages/pip/_vendor/chardet/metadata/__pycache__) by extension 'ignore'
[1.726s] Level 1:colcon.colcon_core.package_identification:_identify(LCD_web/portamail_ui/venv/lib/python3.12/site-packages/pip/_vendor/chardet/metadata/__pycache__) by extension 'ignore_ament_install'
[1.726s] Level 1:colcon.colcon_core.package_identification:_identify(LCD_web/portamail_ui/venv/lib/python3.12/site-packages/pip/_vendor/chardet/metadata/__pycache__) by extensions ['colcon_pkg']
[1.727s] Level 1:colcon.colcon_core.package_identification:_identify(LCD_web/portamail_ui/venv/lib/python3.12/site-packages/pip/_vendor/chardet/metadata/__pycache__) by extension 'colcon_pkg'
[1.727s] Level 1:colcon.colcon_core.package_identification:_identify(LCD_web/portamail_ui/venv/lib/python3.12/site-packages/pip/_vendor/chardet/metadata/__pycache__) by extensions ['colcon_meta']
[1.727s] Level 1:colcon.colcon_core.package_identification:_identify(LCD_web/portamail_ui/venv/lib/python3.12/site-packages/pip/_vendor/chardet/metadata/__pycache__) by extension 'colcon_meta'
[1.727s] Level 1:colcon.colcon_core.package_identification:_identify(LCD_web/portamail_ui/venv/lib/python3.12/site-packages/pip/_vendor/chardet/metadata/__pycache__) by extensions ['ros']
[1.727s] Level 1:colcon.colcon_core.package_identification:_identify(LCD_web/portamail_ui/venv/lib/python3.12/site-packages/pip/_vendor/chardet/metadata/__pycache__) by extension 'ros'
[1.728s] Level 1:colcon.colcon_core.package_identification:_identify(LCD_web/portamail_ui/venv/lib/python3.12/site-packages/pip/_vendor/chardet/metadata/__pycache__) by extensions ['cmake', 'python']
[1.728s] Level 1:colcon.colcon_core.package_identification:_identify(LCD_web/portamail_ui/venv/lib/python3.12/site-packages/pip/_vendor/chardet/metadata/__pycache__) by extension 'cmake'
[1.729s] Level 1:colcon.colcon_core.package_identification:_identify(LCD_web/portamail_ui/venv/lib/python3.12/site-packages/pip/_vendor/chardet/metadata/__pycache__) by extension 'python'
[1.729s] Level 1:colcon.colcon_core.package_identification:_identify(LCD_web/portamail_ui/venv/lib/python3.12/site-packages/pip/_vendor/chardet/metadata/__pycache__) by extensions ['python_setup_py']
[1.729s] Level 1:colcon.colcon_core.package_identification:_identify(LCD_web/portamail_ui/venv/lib/python3.12/site-packages/pip/_vendor/chardet/metadata/__pycache__) by extension 'python_setup_py'
[1.730s] Level 1:colcon.colcon_core.package_identification:_identify(LCD_web/portamail_ui/venv/lib/python3.12/site-packages/pip/_vendor/colorama) by extensions ['ignore', 'ignore_ament_install']
[1.730s] Level 1:colcon.colcon_core.package_identification:_identify(LCD_web/portamail_ui/venv/lib/python3.12/site-packages/pip/_vendor/colorama) by extension 'ignore'
[1.730s] Level 1:colcon.colcon_core.package_identification:_identify(LCD_web/portamail_ui/venv/lib/python3.12/site-packages/pip/_vendor/colorama) by extension 'ignore_ament_install'
[1.731s] Level 1:colcon.colcon_core.package_identification:_identify(LCD_web/portamail_ui/venv/lib/python3.12/site-packages/pip/_vendor/colorama) by extensions ['colcon_pkg']
[1.731s] Level 1:colcon.colcon_core.package_identification:_identify(LCD_web/portamail_ui/venv/lib/python3.12/site-packages/pip/_vendor/colorama) by extension 'colcon_pkg'
[1.731s] Level 1:colcon.colcon_core.package_identification:_identify(LCD_web/portamail_ui/venv/lib/python3.12/site-packages/pip/_vendor/colorama) by extensions ['colcon_meta']
[1.731s] Level 1:colcon.colcon_core.package_identification:_identify(LCD_web/portamail_ui/venv/lib/python3.12/site-packages/pip/_vendor/colorama) by extension 'colcon_meta'
[1.731s] Level 1:colcon.colcon_core.package_identification:_identify(LCD_web/portamail_ui/venv/lib/python3.12/site-packages/pip/_vendor/colorama) by extensions ['ros']
[1.731s] Level 1:colcon.colcon_core.package_identification:_identify(LCD_web/portamail_ui/venv/lib/python3.12/site-packages/pip/_vendor/colorama) by extension 'ros'
[1.732s] Level 1:colcon.colcon_core.package_identification:_identify(LCD_web/portamail_ui/venv/lib/python3.12/site-packages/pip/_vendor/colorama) by extensions ['cmake', 'python']
[1.732s] Level 1:colcon.colcon_core.package_identification:_identify(LCD_web/portamail_ui/venv/lib/python3.12/site-packages/pip/_vendor/colorama) by extension 'cmake'
[1.732s] Level 1:colcon.colcon_core.package_identification:_identify(LCD_web/portamail_ui/venv/lib/python3.12/site-packages/pip/_vendor/colorama) by extension 'python'
[1.732s] Level 1:colcon.colcon_core.package_identification:_identify(LCD_web/portamail_ui/venv/lib/python3.12/site-packages/pip/_vendor/colorama) by extensions ['python_setup_py']
[1.732s] Level 1:colcon.colcon_core.package_identification:_identify(LCD_web/portamail_ui/venv/lib/python3.12/site-packages/pip/_vendor/colorama) by extension 'python_setup_py'
[1.733s] Level 1:colcon.colcon_core.package_identification:_identify(LCD_web/portamail_ui/venv/lib/python3.12/site-packages/pip/_vendor/colorama/__pycache__) by extensions ['ignore', 'ignore_ament_install']
[1.733s] Level 1:colcon.colcon_core.package_identification:_identify(LCD_web/portamail_ui/venv/lib/python3.12/site-packages/pip/_vendor/colorama/__pycache__) by extension 'ignore'
[1.733s] Level 1:colcon.colcon_core.package_identification:_identify(LCD_web/portamail_ui/venv/lib/python3.12/site-packages/pip/_vendor/colorama/__pycache__) by extension 'ignore_ament_install'
[1.733s] Level 1:colcon.colcon_core.package_identification:_identify(LCD_web/portamail_ui/venv/lib/python3.12/site-packages/pip/_vendor/colorama/__pycache__) by extensions ['colcon_pkg']
[1.733s] Level 1:colcon.colcon_core.package_identification:_identify(LCD_web/portamail_ui/venv/lib/python3.12/site-packages/pip/_vendor/colorama/__pycache__) by extension 'colcon_pkg'
[1.734s] Level 1:colcon.colcon_core.package_identification:_identify(LCD_web/portamail_ui/venv/lib/python3.12/site-packages/pip/_vendor/colorama/__pycache__) by extensions ['colcon_meta']
[1.734s] Level 1:colcon.colcon_core.package_identification:_identify(LCD_web/portamail_ui/venv/lib/python3.12/site-packages/pip/_vendor/colorama/__pycache__) by extension 'colcon_meta'
[1.734s] Level 1:colcon.colcon_core.package_identification:_identify(LCD_web/portamail_ui/venv/lib/python3.12/site-packages/pip/_vendor/colorama/__pycache__) by extensions ['ros']
[1.734s] Level 1:colcon.colcon_core.package_identification:_identify(LCD_web/portamail_ui/venv/lib/python3.12/site-packages/pip/_vendor/colorama/__pycache__) by extension 'ros'
[1.734s] Level 1:colcon.colcon_core.package_identification:_identify(LCD_web/portamail_ui/venv/lib/python3.12/site-packages/pip/_vendor/colorama/__pycache__) by extensions ['cmake', 'python']
[1.734s] Level 1:colcon.colcon_core.package_identification:_identify(LCD_web/portamail_ui/venv/lib/python3.12/site-packages/pip/_vendor/colorama/__pycache__) by extension 'cmake'
[1.735s] Level 1:colcon.colcon_core.package_identification:_identify(LCD_web/portamail_ui/venv/lib/python3.12/site-packages/pip/_vendor/colorama/__pycache__) by extension 'python'
[1.735s] Level 1:colcon.colcon_core.package_identification:_identify(LCD_web/portamail_ui/venv/lib/python3.12/site-packages/pip/_vendor/colorama/__pycache__) by extensions ['python_setup_py']
[1.735s] Level 1:colcon.colcon_core.package_identification:_identify(LCD_web/portamail_ui/venv/lib/python3.12/site-packages/pip/_vendor/colorama/__pycache__) by extension 'python_setup_py'
[1.735s] Level 1:colcon.colcon_core.package_identification:_identify(LCD_web/portamail_ui/venv/lib/python3.12/site-packages/pip/_vendor/colorama/tests) by extensions ['ignore', 'ignore_ament_install']
[1.735s] Level 1:colcon.colcon_core.package_identification:_identify(LCD_web/portamail_ui/venv/lib/python3.12/site-packages/pip/_vendor/colorama/tests) by extension 'ignore'
[1.735s] Level 1:colcon.colcon_core.package_identification:_identify(LCD_web/portamail_ui/venv/lib/python3.12/site-packages/pip/_vendor/colorama/tests) by extension 'ignore_ament_install'
[1.735s] Level 1:colcon.colcon_core.package_identification:_identify(LCD_web/portamail_ui/venv/lib/python3.12/site-packages/pip/_vendor/colorama/tests) by extensions ['colcon_pkg']
[1.735s] Level 1:colcon.colcon_core.package_identification:_identify(LCD_web/portamail_ui/venv/lib/python3.12/site-packages/pip/_vendor/colorama/tests) by extension 'colcon_pkg'
[1.736s] Level 1:colcon.colcon_core.package_identification:_identify(LCD_web/portamail_ui/venv/lib/python3.12/site-packages/pip/_vendor/colorama/tests) by extensions ['colcon_meta']
[1.736s] Level 1:colcon.colcon_core.package_identification:_identify(LCD_web/portamail_ui/venv/lib/python3.12/site-packages/pip/_vendor/colorama/tests) by extension 'colcon_meta'
[1.736s] Level 1:colcon.colcon_core.package_identification:_identify(LCD_web/portamail_ui/venv/lib/python3.12/site-packages/pip/_vendor/colorama/tests) by extensions ['ros']
[1.736s] Level 1:colcon.colcon_core.package_identification:_identify(LCD_web/portamail_ui/venv/lib/python3.12/site-packages/pip/_vendor/colorama/tests) by extension 'ros'
[1.736s] Level 1:colcon.colcon_core.package_identification:_identify(LCD_web/portamail_ui/venv/lib/python3.12/site-packages/pip/_vendor/colorama/tests) by extensions ['cmake', 'python']
[1.736s] Level 1:colcon.colcon_core.package_identification:_identify(LCD_web/portamail_ui/venv/lib/python3.12/site-packages/pip/_vendor/colorama/tests) by extension 'cmake'
[1.736s] Level 1:colcon.colcon_core.package_identification:_identify(LCD_web/portamail_ui/venv/lib/python3.12/site-packages/pip/_vendor/colorama/tests) by extension 'python'
[1.736s] Level 1:colcon.colcon_core.package_identification:_identify(LCD_web/portamail_ui/venv/lib/python3.12/site-packages/pip/_vendor/colorama/tests) by extensions ['python_setup_py']
[1.736s] Level 1:colcon.colcon_core.package_identification:_identify(LCD_web/portamail_ui/venv/lib/python3.12/site-packages/pip/_vendor/colorama/tests) by extension 'python_setup_py'
[1.736s] Level 1:colcon.colcon_core.package_identification:_identify(LCD_web/portamail_ui/venv/lib/python3.12/site-packages/pip/_vendor/colorama/tests/__pycache__) by extensions ['ignore', 'ignore_ament_install']
[1.736s] Level 1:colcon.colcon_core.package_identification:_identify(LCD_web/portamail_ui/venv/lib/python3.12/site-packages/pip/_vendor/colorama/tests/__pycache__) by extension 'ignore'
[1.737s] Level 1:colcon.colcon_core.package_identification:_identify(LCD_web/portamail_ui/venv/lib/python3.12/site-packages/pip/_vendor/colorama/tests/__pycache__) by extension 'ignore_ament_install'
[1.737s] Level 1:colcon.colcon_core.package_identification:_identify(LCD_web/portamail_ui/venv/lib/python3.12/site-packages/pip/_vendor/colorama/tests/__pycache__) by extensions ['colcon_pkg']
[1.737s] Level 1:colcon.colcon_core.package_identification:_identify(LCD_web/portamail_ui/venv/lib/python3.12/site-packages/pip/_vendor/colorama/tests/__pycache__) by extension 'colcon_pkg'
[1.737s] Level 1:colcon.colcon_core.package_identification:_identify(LCD_web/portamail_ui/venv/lib/python3.12/site-packages/pip/_vendor/colorama/tests/__pycache__) by extensions ['colcon_meta']
[1.737s] Level 1:colcon.colcon_core.package_identification:_identify(LCD_web/portamail_ui/venv/lib/python3.12/site-packages/pip/_vendor/colorama/tests/__pycache__) by extension 'colcon_meta'
[1.737s] Level 1:colcon.colcon_core.package_identification:_identify(LCD_web/portamail_ui/venv/lib/python3.12/site-packages/pip/_vendor/colorama/tests/__pycache__) by extensions ['ros']
[1.737s] Level 1:colcon.colcon_core.package_identification:_identify(LCD_web/portamail_ui/venv/lib/python3.12/site-packages/pip/_vendor/colorama/tests/__pycache__) by extension 'ros'
[1.737s] Level 1:colcon.colcon_core.package_identification:_identify(LCD_web/portamail_ui/venv/lib/python3.12/site-packages/pip/_vendor/colorama/tests/__pycache__) by extensions ['cmake', 'python']
[1.737s] Level 1:colcon.colcon_core.package_identification:_identify(LCD_web/portamail_ui/venv/lib/python3.12/site-packages/pip/_vendor/colorama/tests/__pycache__) by extension 'cmake'
[1.737s] Level 1:colcon.colcon_core.package_identification:_identify(LCD_web/portamail_ui/venv/lib/python3.12/site-packages/pip/_vendor/colorama/tests/__pycache__) by extension 'python'
[1.737s] Level 1:colcon.colcon_core.package_identification:_identify(LCD_web/portamail_ui/venv/lib/python3.12/site-packages/pip/_vendor/colorama/tests/__pycache__) by extensions ['python_setup_py']
[1.737s] Level 1:colcon.colcon_core.package_identification:_identify(LCD_web/portamail_ui/venv/lib/python3.12/site-packages/pip/_vendor/colorama/tests/__pycache__) by extension 'python_setup_py'
[1.738s] Level 1:colcon.colcon_core.package_identification:_identify(LCD_web/portamail_ui/venv/lib/python3.12/site-packages/pip/_vendor/distlib) by extensions ['ignore', 'ignore_ament_install']
[1.738s] Level 1:colcon.colcon_core.package_identification:_identify(LCD_web/portamail_ui/venv/lib/python3.12/site-packages/pip/_vendor/distlib) by extension 'ignore'
[1.738s] Level 1:colcon.colcon_core.package_identification:_identify(LCD_web/portamail_ui/venv/lib/python3.12/site-packages/pip/_vendor/distlib) by extension 'ignore_ament_install'
[1.738s] Level 1:colcon.colcon_core.package_identification:_identify(LCD_web/portamail_ui/venv/lib/python3.12/site-packages/pip/_vendor/distlib) by extensions ['colcon_pkg']
[1.738s] Level 1:colcon.colcon_core.package_identification:_identify(LCD_web/portamail_ui/venv/lib/python3.12/site-packages/pip/_vendor/distlib) by extension 'colcon_pkg'
[1.738s] Level 1:colcon.colcon_core.package_identification:_identify(LCD_web/portamail_ui/venv/lib/python3.12/site-packages/pip/_vendor/distlib) by extensions ['colcon_meta']
[1.738s] Level 1:colcon.colcon_core.package_identification:_identify(LCD_web/portamail_ui/venv/lib/python3.12/site-packages/pip/_vendor/distlib) by extension 'colcon_meta'
[1.738s] Level 1:colcon.colcon_core.package_identification:_identify(LCD_web/portamail_ui/venv/lib/python3.12/site-packages/pip/_vendor/distlib) by extensions ['ros']
[1.738s] Level 1:colcon.colcon_core.package_identification:_identify(LCD_web/portamail_ui/venv/lib/python3.12/site-packages/pip/_vendor/distlib) by extension 'ros'
[1.739s] Level 1:colcon.colcon_core.package_identification:_identify(LCD_web/portamail_ui/venv/lib/python3.12/site-packages/pip/_vendor/distlib) by extensions ['cmake', 'python']
[1.739s] Level 1:colcon.colcon_core.package_identification:_identify(LCD_web/portamail_ui/venv/lib/python3.12/site-packages/pip/_vendor/distlib) by extension 'cmake'
[1.739s] Level 1:colcon.colcon_core.package_identification:_identify(LCD_web/portamail_ui/venv/lib/python3.12/site-packages/pip/_vendor/distlib) by extension 'python'
[1.739s] Level 1:colcon.colcon_core.package_identification:_identify(LCD_web/portamail_ui/venv/lib/python3.12/site-packages/pip/_vendor/distlib) by extensions ['python_setup_py']
[1.739s] Level 1:colcon.colcon_core.package_identification:_identify(LCD_web/portamail_ui/venv/lib/python3.12/site-packages/pip/_vendor/distlib) by extension 'python_setup_py'
[1.739s] Level 1:colcon.colcon_core.package_identification:_identify(LCD_web/portamail_ui/venv/lib/python3.12/site-packages/pip/_vendor/distlib/__pycache__) by extensions ['ignore', 'ignore_ament_install']
[1.740s] Level 1:colcon.colcon_core.package_identification:_identify(LCD_web/portamail_ui/venv/lib/python3.12/site-packages/pip/_vendor/distlib/__pycache__) by extension 'ignore'
[1.740s] Level 1:colcon.colcon_core.package_identification:_identify(LCD_web/portamail_ui/venv/lib/python3.12/site-packages/pip/_vendor/distlib/__pycache__) by extension 'ignore_ament_install'
[1.740s] Level 1:colcon.colcon_core.package_identification:_identify(LCD_web/portamail_ui/venv/lib/python3.12/site-packages/pip/_vendor/distlib/__pycache__) by extensions ['colcon_pkg']
[1.740s] Level 1:colcon.colcon_core.package_identification:_identify(LCD_web/portamail_ui/venv/lib/python3.12/site-packages/pip/_vendor/distlib/__pycache__) by extension 'colcon_pkg'
[1.740s] Level 1:colcon.colcon_core.package_identification:_identify(LCD_web/portamail_ui/venv/lib/python3.12/site-packages/pip/_vendor/distlib/__pycache__) by extensions ['colcon_meta']
[1.740s] Level 1:colcon.colcon_core.package_identification:_identify(LCD_web/portamail_ui/venv/lib/python3.12/site-packages/pip/_vendor/distlib/__pycache__) by extension 'colcon_meta'
[1.740s] Level 1:colcon.colcon_core.package_identification:_identify(LCD_web/portamail_ui/venv/lib/python3.12/site-packages/pip/_vendor/distlib/__pycache__) by extensions ['ros']
[1.741s] Level 1:colcon.colcon_core.package_identification:_identify(LCD_web/portamail_ui/venv/lib/python3.12/site-packages/pip/_vendor/distlib/__pycache__) by extension 'ros'
[1.741s] Level 1:colcon.colcon_core.package_identification:_identify(LCD_web/portamail_ui/venv/lib/python3.12/site-packages/pip/_vendor/distlib/__pycache__) by extensions ['cmake', 'python']
[1.741s] Level 1:colcon.colcon_core.package_identification:_identify(LCD_web/portamail_ui/venv/lib/python3.12/site-packages/pip/_vendor/distlib/__pycache__) by extension 'cmake'
[1.741s] Level 1:colcon.colcon_core.package_identification:_identify(LCD_web/portamail_ui/venv/lib/python3.12/site-packages/pip/_vendor/distlib/__pycache__) by extension 'python'
[1.741s] Level 1:colcon.colcon_core.package_identification:_identify(LCD_web/portamail_ui/venv/lib/python3.12/site-packages/pip/_vendor/distlib/__pycache__) by extensions ['python_setup_py']
[1.741s] Level 1:colcon.colcon_core.package_identification:_identify(LCD_web/portamail_ui/venv/lib/python3.12/site-packages/pip/_vendor/distlib/__pycache__) by extension 'python_setup_py'
[1.742s] Level 1:colcon.colcon_core.package_identification:_identify(LCD_web/portamail_ui/venv/lib/python3.12/site-packages/pip/_vendor/distro) by extensions ['ignore', 'ignore_ament_install']
[1.743s] Level 1:colcon.colcon_core.package_identification:_identify(LCD_web/portamail_ui/venv/lib/python3.12/site-packages/pip/_vendor/distro) by extension 'ignore'
[1.743s] Level 1:colcon.colcon_core.package_identification:_identify(LCD_web/portamail_ui/venv/lib/python3.12/site-packages/pip/_vendor/distro) by extension 'ignore_ament_install'
[1.744s] Level 1:colcon.colcon_core.package_identification:_identify(LCD_web/portamail_ui/venv/lib/python3.12/site-packages/pip/_vendor/distro) by extensions ['colcon_pkg']
[1.744s] Level 1:colcon.colcon_core.package_identification:_identify(LCD_web/portamail_ui/venv/lib/python3.12/site-packages/pip/_vendor/distro) by extension 'colcon_pkg'
[1.745s] Level 1:colcon.colcon_core.package_identification:_identify(LCD_web/portamail_ui/venv/lib/python3.12/site-packages/pip/_vendor/distro) by extensions ['colcon_meta']
[1.745s] Level 1:colcon.colcon_core.package_identification:_identify(LCD_web/portamail_ui/venv/lib/python3.12/site-packages/pip/_vendor/distro) by extension 'colcon_meta'
[1.745s] Level 1:colcon.colcon_core.package_identification:_identify(LCD_web/portamail_ui/venv/lib/python3.12/site-packages/pip/_vendor/distro) by extensions ['ros']
[1.745s] Level 1:colcon.colcon_core.package_identification:_identify(LCD_web/portamail_ui/venv/lib/python3.12/site-packages/pip/_vendor/distro) by extension 'ros'
[1.746s] Level 1:colcon.colcon_core.package_identification:_identify(LCD_web/portamail_ui/venv/lib/python3.12/site-packages/pip/_vendor/distro) by extensions ['cmake', 'python']
[1.746s] Level 1:colcon.colcon_core.package_identification:_identify(LCD_web/portamail_ui/venv/lib/python3.12/site-packages/pip/_vendor/distro) by extension 'cmake'
[1.747s] Level 1:colcon.colcon_core.package_identification:_identify(LCD_web/portamail_ui/venv/lib/python3.12/site-packages/pip/_vendor/distro) by extension 'python'
[1.747s] Level 1:colcon.colcon_core.package_identification:_identify(LCD_web/portamail_ui/venv/lib/python3.12/site-packages/pip/_vendor/distro) by extensions ['python_setup_py']
[1.747s] Level 1:colcon.colcon_core.package_identification:_identify(LCD_web/portamail_ui/venv/lib/python3.12/site-packages/pip/_vendor/distro) by extension 'python_setup_py'
[1.748s] Level 1:colcon.colcon_core.package_identification:_identify(LCD_web/portamail_ui/venv/lib/python3.12/site-packages/pip/_vendor/distro/__pycache__) by extensions ['ignore', 'ignore_ament_install']
[1.749s] Level 1:colcon.colcon_core.package_identification:_identify(LCD_web/portamail_ui/venv/lib/python3.12/site-packages/pip/_vendor/distro/__pycache__) by extension 'ignore'
[1.749s] Level 1:colcon.colcon_core.package_identification:_identify(LCD_web/portamail_ui/venv/lib/python3.12/site-packages/pip/_vendor/distro/__pycache__) by extension 'ignore_ament_install'
[1.750s] Level 1:colcon.colcon_core.package_identification:_identify(LCD_web/portamail_ui/venv/lib/python3.12/site-packages/pip/_vendor/distro/__pycache__) by extensions ['colcon_pkg']
[1.750s] Level 1:colcon.colcon_core.package_identification:_identify(LCD_web/portamail_ui/venv/lib/python3.12/site-packages/pip/_vendor/distro/__pycache__) by extension 'colcon_pkg'
[1.751s] Level 1:colcon.colcon_core.package_identification:_identify(LCD_web/portamail_ui/venv/lib/python3.12/site-packages/pip/_vendor/distro/__pycache__) by extensions ['colcon_meta']
[1.751s] Level 1:colcon.colcon_core.package_identification:_identify(LCD_web/portamail_ui/venv/lib/python3.12/site-packages/pip/_vendor/distro/__pycache__) by extension 'colcon_meta'
[1.751s] Level 1:colcon.colcon_core.package_identification:_identify(LCD_web/portamail_ui/venv/lib/python3.12/site-packages/pip/_vendor/distro/__pycache__) by extensions ['ros']
[1.752s] Level 1:colcon.colcon_core.package_identification:_identify(LCD_web/portamail_ui/venv/lib/python3.12/site-packages/pip/_vendor/distro/__pycache__) by extension 'ros'
[1.753s] Level 1:colcon.colcon_core.package_identification:_identify(LCD_web/portamail_ui/venv/lib/python3.12/site-packages/pip/_vendor/distro/__pycache__) by extensions ['cmake', 'python']
[1.753s] Level 1:colcon.colcon_core.package_identification:_identify(LCD_web/portamail_ui/venv/lib/python3.12/site-packages/pip/_vendor/distro/__pycache__) by extension 'cmake'
[1.754s] Level 1:colcon.colcon_core.package_identification:_identify(LCD_web/portamail_ui/venv/lib/python3.12/site-packages/pip/_vendor/distro/__pycache__) by extension 'python'
[1.755s] Level 1:colcon.colcon_core.package_identification:_identify(LCD_web/portamail_ui/venv/lib/python3.12/site-packages/pip/_vendor/distro/__pycache__) by extensions ['python_setup_py']
[1.755s] Level 1:colcon.colcon_core.package_identification:_identify(LCD_web/portamail_ui/venv/lib/python3.12/site-packages/pip/_vendor/distro/__pycache__) by extension 'python_setup_py'
[1.756s] Level 1:colcon.colcon_core.package_identification:_identify(LCD_web/portamail_ui/venv/lib/python3.12/site-packages/pip/_vendor/idna) by extensions ['ignore', 'ignore_ament_install']
[1.757s] Level 1:colcon.colcon_core.package_identification:_identify(LCD_web/portamail_ui/venv/lib/python3.12/site-packages/pip/_vendor/idna) by extension 'ignore'
[1.758s] Level 1:colcon.colcon_core.package_identification:_identify(LCD_web/portamail_ui/venv/lib/python3.12/site-packages/pip/_vendor/idna) by extension 'ignore_ament_install'
[1.759s] Level 1:colcon.colcon_core.package_identification:_identify(LCD_web/portamail_ui/venv/lib/python3.12/site-packages/pip/_vendor/idna) by extensions ['colcon_pkg']
[1.759s] Level 1:colcon.colcon_core.package_identification:_identify(LCD_web/portamail_ui/venv/lib/python3.12/site-packages/pip/_vendor/idna) by extension 'colcon_pkg'
[1.759s] Level 1:colcon.colcon_core.package_identification:_identify(LCD_web/portamail_ui/venv/lib/python3.12/site-packages/pip/_vendor/idna) by extensions ['colcon_meta']
[1.759s] Level 1:colcon.colcon_core.package_identification:_identify(LCD_web/portamail_ui/venv/lib/python3.12/site-packages/pip/_vendor/idna) by extension 'colcon_meta'
[1.759s] Level 1:colcon.colcon_core.package_identification:_identify(LCD_web/portamail_ui/venv/lib/python3.12/site-packages/pip/_vendor/idna) by extensions ['ros']
[1.759s] Level 1:colcon.colcon_core.package_identification:_identify(LCD_web/portamail_ui/venv/lib/python3.12/site-packages/pip/_vendor/idna) by extension 'ros'
[1.759s] Level 1:colcon.colcon_core.package_identification:_identify(LCD_web/portamail_ui/venv/lib/python3.12/site-packages/pip/_vendor/idna) by extensions ['cmake', 'python']
[1.759s] Level 1:colcon.colcon_core.package_identification:_identify(LCD_web/portamail_ui/venv/lib/python3.12/site-packages/pip/_vendor/idna) by extension 'cmake'
[1.759s] Level 1:colcon.colcon_core.package_identification:_identify(LCD_web/portamail_ui/venv/lib/python3.12/site-packages/pip/_vendor/idna) by extension 'python'
[1.759s] Level 1:colcon.colcon_core.package_identification:_identify(LCD_web/portamail_ui/venv/lib/python3.12/site-packages/pip/_vendor/idna) by extensions ['python_setup_py']
[1.759s] Level 1:colcon.colcon_core.package_identification:_identify(LCD_web/portamail_ui/venv/lib/python3.12/site-packages/pip/_vendor/idna) by extension 'python_setup_py'
[1.760s] Level 1:colcon.colcon_core.package_identification:_identify(LCD_web/portamail_ui/venv/lib/python3.12/site-packages/pip/_vendor/idna/__pycache__) by extensions ['ignore', 'ignore_ament_install']
[1.760s] Level 1:colcon.colcon_core.package_identification:_identify(LCD_web/portamail_ui/venv/lib/python3.12/site-packages/pip/_vendor/idna/__pycache__) by extension 'ignore'
[1.760s] Level 1:colcon.colcon_core.package_identification:_identify(LCD_web/portamail_ui/venv/lib/python3.12/site-packages/pip/_vendor/idna/__pycache__) by extension 'ignore_ament_install'
[1.760s] Level 1:colcon.colcon_core.package_identification:_identify(LCD_web/portamail_ui/venv/lib/python3.12/site-packages/pip/_vendor/idna/__pycache__) by extensions ['colcon_pkg']
[1.760s] Level 1:colcon.colcon_core.package_identification:_identify(LCD_web/portamail_ui/venv/lib/python3.12/site-packages/pip/_vendor/idna/__pycache__) by extension 'colcon_pkg'
[1.761s] Level 1:colcon.colcon_core.package_identification:_identify(LCD_web/portamail_ui/venv/lib/python3.12/site-packages/pip/_vendor/idna/__pycache__) by extensions ['colcon_meta']
[1.761s] Level 1:colcon.colcon_core.package_identification:_identify(LCD_web/portamail_ui/venv/lib/python3.12/site-packages/pip/_vendor/idna/__pycache__) by extension 'colcon_meta'
[1.761s] Level 1:colcon.colcon_core.package_identification:_identify(LCD_web/portamail_ui/venv/lib/python3.12/site-packages/pip/_vendor/idna/__pycache__) by extensions ['ros']
[1.761s] Level 1:colcon.colcon_core.package_identification:_identify(LCD_web/portamail_ui/venv/lib/python3.12/site-packages/pip/_vendor/idna/__pycache__) by extension 'ros'
[1.761s] Level 1:colcon.colcon_core.package_identification:_identify(LCD_web/portamail_ui/venv/lib/python3.12/site-packages/pip/_vendor/idna/__pycache__) by extensions ['cmake', 'python']
[1.761s] Level 1:colcon.colcon_core.package_identification:_identify(LCD_web/portamail_ui/venv/lib/python3.12/site-packages/pip/_vendor/idna/__pycache__) by extension 'cmake'
[1.762s] Level 1:colcon.colcon_core.package_identification:_identify(LCD_web/portamail_ui/venv/lib/python3.12/site-packages/pip/_vendor/idna/__pycache__) by extension 'python'
[1.762s] Level 1:colcon.colcon_core.package_identification:_identify(LCD_web/portamail_ui/venv/lib/python3.12/site-packages/pip/_vendor/idna/__pycache__) by extensions ['python_setup_py']
[1.762s] Level 1:colcon.colcon_core.package_identification:_identify(LCD_web/portamail_ui/venv/lib/python3.12/site-packages/pip/_vendor/idna/__pycache__) by extension 'python_setup_py'
[1.763s] Level 1:colcon.colcon_core.package_identification:_identify(LCD_web/portamail_ui/venv/lib/python3.12/site-packages/pip/_vendor/msgpack) by extensions ['ignore', 'ignore_ament_install']
[1.764s] Level 1:colcon.colcon_core.package_identification:_identify(LCD_web/portamail_ui/venv/lib/python3.12/site-packages/pip/_vendor/msgpack) by extension 'ignore'
[1.764s] Level 1:colcon.colcon_core.package_identification:_identify(LCD_web/portamail_ui/venv/lib/python3.12/site-packages/pip/_vendor/msgpack) by extension 'ignore_ament_install'
[1.765s] Level 1:colcon.colcon_core.package_identification:_identify(LCD_web/portamail_ui/venv/lib/python3.12/site-packages/pip/_vendor/msgpack) by extensions ['colcon_pkg']
[1.765s] Level 1:colcon.colcon_core.package_identification:_identify(LCD_web/portamail_ui/venv/lib/python3.12/site-packages/pip/_vendor/msgpack) by extension 'colcon_pkg'
[1.765s] Level 1:colcon.colcon_core.package_identification:_identify(LCD_web/portamail_ui/venv/lib/python3.12/site-packages/pip/_vendor/msgpack) by extensions ['colcon_meta']
[1.766s] Level 1:colcon.colcon_core.package_identification:_identify(LCD_web/portamail_ui/venv/lib/python3.12/site-packages/pip/_vendor/msgpack) by extension 'colcon_meta'
[1.766s] Level 1:colcon.colcon_core.package_identification:_identify(LCD_web/portamail_ui/venv/lib/python3.12/site-packages/pip/_vendor/msgpack) by extensions ['ros']
[1.766s] Level 1:colcon.colcon_core.package_identification:_identify(LCD_web/portamail_ui/venv/lib/python3.12/site-packages/pip/_vendor/msgpack) by extension 'ros'
[1.766s] Level 1:colcon.colcon_core.package_identification:_identify(LCD_web/portamail_ui/venv/lib/python3.12/site-packages/pip/_vendor/msgpack) by extensions ['cmake', 'python']
[1.766s] Level 1:colcon.colcon_core.package_identification:_identify(LCD_web/portamail_ui/venv/lib/python3.12/site-packages/pip/_vendor/msgpack) by extension 'cmake'
[1.766s] Level 1:colcon.colcon_core.package_identification:_identify(LCD_web/portamail_ui/venv/lib/python3.12/site-packages/pip/_vendor/msgpack) by extension 'python'
[1.766s] Level 1:colcon.colcon_core.package_identification:_identify(LCD_web/portamail_ui/venv/lib/python3.12/site-packages/pip/_vendor/msgpack) by extensions ['python_setup_py']
[1.766s] Level 1:colcon.colcon_core.package_identification:_identify(LCD_web/portamail_ui/venv/lib/python3.12/site-packages/pip/_vendor/msgpack) by extension 'python_setup_py'
[1.767s] Level 1:colcon.colcon_core.package_identification:_identify(LCD_web/portamail_ui/venv/lib/python3.12/site-packages/pip/_vendor/msgpack/__pycache__) by extensions ['ignore', 'ignore_ament_install']
[1.767s] Level 1:colcon.colcon_core.package_identification:_identify(LCD_web/portamail_ui/venv/lib/python3.12/site-packages/pip/_vendor/msgpack/__pycache__) by extension 'ignore'
[1.767s] Level 1:colcon.colcon_core.package_identification:_identify(LCD_web/portamail_ui/venv/lib/python3.12/site-packages/pip/_vendor/msgpack/__pycache__) by extension 'ignore_ament_install'
[1.768s] Level 1:colcon.colcon_core.package_identification:_identify(LCD_web/portamail_ui/venv/lib/python3.12/site-packages/pip/_vendor/msgpack/__pycache__) by extensions ['colcon_pkg']
[1.768s] Level 1:colcon.colcon_core.package_identification:_identify(LCD_web/portamail_ui/venv/lib/python3.12/site-packages/pip/_vendor/msgpack/__pycache__) by extension 'colcon_pkg'
[1.769s] Level 1:colcon.colcon_core.package_identification:_identify(LCD_web/portamail_ui/venv/lib/python3.12/site-packages/pip/_vendor/msgpack/__pycache__) by extensions ['colcon_meta']
[1.769s] Level 1:colcon.colcon_core.package_identification:_identify(LCD_web/portamail_ui/venv/lib/python3.12/site-packages/pip/_vendor/msgpack/__pycache__) by extension 'colcon_meta'
[1.769s] Level 1:colcon.colcon_core.package_identification:_identify(LCD_web/portamail_ui/venv/lib/python3.12/site-packages/pip/_vendor/msgpack/__pycache__) by extensions ['ros']
[1.770s] Level 1:colcon.colcon_core.package_identification:_identify(LCD_web/portamail_ui/venv/lib/python3.12/site-packages/pip/_vendor/msgpack/__pycache__) by extension 'ros'
[1.770s] Level 1:colcon.colcon_core.package_identification:_identify(LCD_web/portamail_ui/venv/lib/python3.12/site-packages/pip/_vendor/msgpack/__pycache__) by extensions ['cmake', 'python']
[1.770s] Level 1:colcon.colcon_core.package_identification:_identify(LCD_web/portamail_ui/venv/lib/python3.12/site-packages/pip/_vendor/msgpack/__pycache__) by extension 'cmake'
[1.770s] Level 1:colcon.colcon_core.package_identification:_identify(LCD_web/portamail_ui/venv/lib/python3.12/site-packages/pip/_vendor/msgpack/__pycache__) by extension 'python'
[1.770s] Level 1:colcon.colcon_core.package_identification:_identify(LCD_web/portamail_ui/venv/lib/python3.12/site-packages/pip/_vendor/msgpack/__pycache__) by extensions ['python_setup_py']
[1.770s] Level 1:colcon.colcon_core.package_identification:_identify(LCD_web/portamail_ui/venv/lib/python3.12/site-packages/pip/_vendor/msgpack/__pycache__) by extension 'python_setup_py'
[1.770s] Level 1:colcon.colcon_core.package_identification:_identify(LCD_web/portamail_ui/venv/lib/python3.12/site-packages/pip/_vendor/packaging) by extensions ['ignore', 'ignore_ament_install']
[1.770s] Level 1:colcon.colcon_core.package_identification:_identify(LCD_web/portamail_ui/venv/lib/python3.12/site-packages/pip/_vendor/packaging) by extension 'ignore'
[1.771s] Level 1:colcon.colcon_core.package_identification:_identify(LCD_web/portamail_ui/venv/lib/python3.12/site-packages/pip/_vendor/packaging) by extension 'ignore_ament_install'
[1.771s] Level 1:colcon.colcon_core.package_identification:_identify(LCD_web/portamail_ui/venv/lib/python3.12/site-packages/pip/_vendor/packaging) by extensions ['colcon_pkg']
[1.771s] Level 1:colcon.colcon_core.package_identification:_identify(LCD_web/portamail_ui/venv/lib/python3.12/site-packages/pip/_vendor/packaging) by extension 'colcon_pkg'
[1.771s] Level 1:colcon.colcon_core.package_identification:_identify(LCD_web/portamail_ui/venv/lib/python3.12/site-packages/pip/_vendor/packaging) by extensions ['colcon_meta']
[1.771s] Level 1:colcon.colcon_core.package_identification:_identify(LCD_web/portamail_ui/venv/lib/python3.12/site-packages/pip/_vendor/packaging) by extension 'colcon_meta'
[1.771s] Level 1:colcon.colcon_core.package_identification:_identify(LCD_web/portamail_ui/venv/lib/python3.12/site-packages/pip/_vendor/packaging) by extensions ['ros']
[1.771s] Level 1:colcon.colcon_core.package_identification:_identify(LCD_web/portamail_ui/venv/lib/python3.12/site-packages/pip/_vendor/packaging) by extension 'ros'
[1.771s] Level 1:colcon.colcon_core.package_identification:_identify(LCD_web/portamail_ui/venv/lib/python3.12/site-packages/pip/_vendor/packaging) by extensions ['cmake', 'python']
[1.771s] Level 1:colcon.colcon_core.package_identification:_identify(LCD_web/portamail_ui/venv/lib/python3.12/site-packages/pip/_vendor/packaging) by extension 'cmake'
[1.771s] Level 1:colcon.colcon_core.package_identification:_identify(LCD_web/portamail_ui/venv/lib/python3.12/site-packages/pip/_vendor/packaging) by extension 'python'
[1.771s] Level 1:colcon.colcon_core.package_identification:_identify(LCD_web/portamail_ui/venv/lib/python3.12/site-packages/pip/_vendor/packaging) by extensions ['python_setup_py']
[1.771s] Level 1:colcon.colcon_core.package_identification:_identify(LCD_web/portamail_ui/venv/lib/python3.12/site-packages/pip/_vendor/packaging) by extension 'python_setup_py'
[1.772s] Level 1:colcon.colcon_core.package_identification:_identify(LCD_web/portamail_ui/venv/lib/python3.12/site-packages/pip/_vendor/packaging/__pycache__) by extensions ['ignore', 'ignore_ament_install']
[1.772s] Level 1:colcon.colcon_core.package_identification:_identify(LCD_web/portamail_ui/venv/lib/python3.12/site-packages/pip/_vendor/packaging/__pycache__) by extension 'ignore'
[1.772s] Level 1:colcon.colcon_core.package_identification:_identify(LCD_web/portamail_ui/venv/lib/python3.12/site-packages/pip/_vendor/packaging/__pycache__) by extension 'ignore_ament_install'
[1.773s] Level 1:colcon.colcon_core.package_identification:_identify(LCD_web/portamail_ui/venv/lib/python3.12/site-packages/pip/_vendor/packaging/__pycache__) by extensions ['colcon_pkg']
[1.773s] Level 1:colcon.colcon_core.package_identification:_identify(LCD_web/portamail_ui/venv/lib/python3.12/site-packages/pip/_vendor/packaging/__pycache__) by extension 'colcon_pkg'
[1.773s] Level 1:colcon.colcon_core.package_identification:_identify(LCD_web/portamail_ui/venv/lib/python3.12/site-packages/pip/_vendor/packaging/__pycache__) by extensions ['colcon_meta']
[1.773s] Level 1:colcon.colcon_core.package_identification:_identify(LCD_web/portamail_ui/venv/lib/python3.12/site-packages/pip/_vendor/packaging/__pycache__) by extension 'colcon_meta'
[1.774s] Level 1:colcon.colcon_core.package_identification:_identify(LCD_web/portamail_ui/venv/lib/python3.12/site-packages/pip/_vendor/packaging/__pycache__) by extensions ['ros']
[1.774s] Level 1:colcon.colcon_core.package_identification:_identify(LCD_web/portamail_ui/venv/lib/python3.12/site-packages/pip/_vendor/packaging/__pycache__) by extension 'ros'
[1.775s] Level 1:colcon.colcon_core.package_identification:_identify(LCD_web/portamail_ui/venv/lib/python3.12/site-packages/pip/_vendor/packaging/__pycache__) by extensions ['cmake', 'python']
[1.775s] Level 1:colcon.colcon_core.package_identification:_identify(LCD_web/portamail_ui/venv/lib/python3.12/site-packages/pip/_vendor/packaging/__pycache__) by extension 'cmake'
[1.777s] Level 1:colcon.colcon_core.package_identification:_identify(LCD_web/portamail_ui/venv/lib/python3.12/site-packages/pip/_vendor/packaging/__pycache__) by extension 'python'
[1.778s] Level 1:colcon.colcon_core.package_identification:_identify(LCD_web/portamail_ui/venv/lib/python3.12/site-packages/pip/_vendor/packaging/__pycache__) by extensions ['python_setup_py']
[1.778s] Level 1:colcon.colcon_core.package_identification:_identify(LCD_web/portamail_ui/venv/lib/python3.12/site-packages/pip/_vendor/packaging/__pycache__) by extension 'python_setup_py'
[1.779s] Level 1:colcon.colcon_core.package_identification:_identify(LCD_web/portamail_ui/venv/lib/python3.12/site-packages/pip/_vendor/pkg_resources) by extensions ['ignore', 'ignore_ament_install']
[1.780s] Level 1:colcon.colcon_core.package_identification:_identify(LCD_web/portamail_ui/venv/lib/python3.12/site-packages/pip/_vendor/pkg_resources) by extension 'ignore'
[1.780s] Level 1:colcon.colcon_core.package_identification:_identify(LCD_web/portamail_ui/venv/lib/python3.12/site-packages/pip/_vendor/pkg_resources) by extension 'ignore_ament_install'
[1.780s] Level 1:colcon.colcon_core.package_identification:_identify(LCD_web/portamail_ui/venv/lib/python3.12/site-packages/pip/_vendor/pkg_resources) by extensions ['colcon_pkg']
[1.781s] Level 1:colcon.colcon_core.package_identification:_identify(LCD_web/portamail_ui/venv/lib/python3.12/site-packages/pip/_vendor/pkg_resources) by extension 'colcon_pkg'
[1.781s] Level 1:colcon.colcon_core.package_identification:_identify(LCD_web/portamail_ui/venv/lib/python3.12/site-packages/pip/_vendor/pkg_resources) by extensions ['colcon_meta']
[1.781s] Level 1:colcon.colcon_core.package_identification:_identify(LCD_web/portamail_ui/venv/lib/python3.12/site-packages/pip/_vendor/pkg_resources) by extension 'colcon_meta'
[1.781s] Level 1:colcon.colcon_core.package_identification:_identify(LCD_web/portamail_ui/venv/lib/python3.12/site-packages/pip/_vendor/pkg_resources) by extensions ['ros']
[1.781s] Level 1:colcon.colcon_core.package_identification:_identify(LCD_web/portamail_ui/venv/lib/python3.12/site-packages/pip/_vendor/pkg_resources) by extension 'ros'
[1.782s] Level 1:colcon.colcon_core.package_identification:_identify(LCD_web/portamail_ui/venv/lib/python3.12/site-packages/pip/_vendor/pkg_resources) by extensions ['cmake', 'python']
[1.782s] Level 1:colcon.colcon_core.package_identification:_identify(LCD_web/portamail_ui/venv/lib/python3.12/site-packages/pip/_vendor/pkg_resources) by extension 'cmake'
[1.782s] Level 1:colcon.colcon_core.package_identification:_identify(LCD_web/portamail_ui/venv/lib/python3.12/site-packages/pip/_vendor/pkg_resources) by extension 'python'
[1.782s] Level 1:colcon.colcon_core.package_identification:_identify(LCD_web/portamail_ui/venv/lib/python3.12/site-packages/pip/_vendor/pkg_resources) by extensions ['python_setup_py']
[1.782s] Level 1:colcon.colcon_core.package_identification:_identify(LCD_web/portamail_ui/venv/lib/python3.12/site-packages/pip/_vendor/pkg_resources) by extension 'python_setup_py'
[1.782s] Level 1:colcon.colcon_core.package_identification:_identify(LCD_web/portamail_ui/venv/lib/python3.12/site-packages/pip/_vendor/pkg_resources/__pycache__) by extensions ['ignore', 'ignore_ament_install']
[1.783s] Level 1:colcon.colcon_core.package_identification:_identify(LCD_web/portamail_ui/venv/lib/python3.12/site-packages/pip/_vendor/pkg_resources/__pycache__) by extension 'ignore'
[1.783s] Level 1:colcon.colcon_core.package_identification:_identify(LCD_web/portamail_ui/venv/lib/python3.12/site-packages/pip/_vendor/pkg_resources/__pycache__) by extension 'ignore_ament_install'
[1.784s] Level 1:colcon.colcon_core.package_identification:_identify(LCD_web/portamail_ui/venv/lib/python3.12/site-packages/pip/_vendor/pkg_resources/__pycache__) by extensions ['colcon_pkg']
[1.784s] Level 1:colcon.colcon_core.package_identification:_identify(LCD_web/portamail_ui/venv/lib/python3.12/site-packages/pip/_vendor/pkg_resources/__pycache__) by extension 'colcon_pkg'
[1.785s] Level 1:colcon.colcon_core.package_identification:_identify(LCD_web/portamail_ui/venv/lib/python3.12/site-packages/pip/_vendor/pkg_resources/__pycache__) by extensions ['colcon_meta']
[1.785s] Level 1:colcon.colcon_core.package_identification:_identify(LCD_web/portamail_ui/venv/lib/python3.12/site-packages/pip/_vendor/pkg_resources/__pycache__) by extension 'colcon_meta'
[1.786s] Level 1:colcon.colcon_core.package_identification:_identify(LCD_web/portamail_ui/venv/lib/python3.12/site-packages/pip/_vendor/pkg_resources/__pycache__) by extensions ['ros']
[1.786s] Level 1:colcon.colcon_core.package_identification:_identify(LCD_web/portamail_ui/venv/lib/python3.12/site-packages/pip/_vendor/pkg_resources/__pycache__) by extension 'ros'
[1.787s] Level 1:colcon.colcon_core.package_identification:_identify(LCD_web/portamail_ui/venv/lib/python3.12/site-packages/pip/_vendor/pkg_resources/__pycache__) by extensions ['cmake', 'python']
[1.787s] Level 1:colcon.colcon_core.package_identification:_identify(LCD_web/portamail_ui/venv/lib/python3.12/site-packages/pip/_vendor/pkg_resources/__pycache__) by extension 'cmake'
[1.787s] Level 1:colcon.colcon_core.package_identification:_identify(LCD_web/portamail_ui/venv/lib/python3.12/site-packages/pip/_vendor/pkg_resources/__pycache__) by extension 'python'
[1.787s] Level 1:colcon.colcon_core.package_identification:_identify(LCD_web/portamail_ui/venv/lib/python3.12/site-packages/pip/_vendor/pkg_resources/__pycache__) by extensions ['python_setup_py']
[1.787s] Level 1:colcon.colcon_core.package_identification:_identify(LCD_web/portamail_ui/venv/lib/python3.12/site-packages/pip/_vendor/pkg_resources/__pycache__) by extension 'python_setup_py'
[1.787s] Level 1:colcon.colcon_core.package_identification:_identify(LCD_web/portamail_ui/venv/lib/python3.12/site-packages/pip/_vendor/platformdirs) by extensions ['ignore', 'ignore_ament_install']
[1.788s] Level 1:colcon.colcon_core.package_identification:_identify(LCD_web/portamail_ui/venv/lib/python3.12/site-packages/pip/_vendor/platformdirs) by extension 'ignore'
[1.788s] Level 1:colcon.colcon_core.package_identification:_identify(LCD_web/portamail_ui/venv/lib/python3.12/site-packages/pip/_vendor/platformdirs) by extension 'ignore_ament_install'
[1.788s] Level 1:colcon.colcon_core.package_identification:_identify(LCD_web/portamail_ui/venv/lib/python3.12/site-packages/pip/_vendor/platformdirs) by extensions ['colcon_pkg']
[1.788s] Level 1:colcon.colcon_core.package_identification:_identify(LCD_web/portamail_ui/venv/lib/python3.12/site-packages/pip/_vendor/platformdirs) by extension 'colcon_pkg'
[1.788s] Level 1:colcon.colcon_core.package_identification:_identify(LCD_web/portamail_ui/venv/lib/python3.12/site-packages/pip/_vendor/platformdirs) by extensions ['colcon_meta']
[1.788s] Level 1:colcon.colcon_core.package_identification:_identify(LCD_web/portamail_ui/venv/lib/python3.12/site-packages/pip/_vendor/platformdirs) by extension 'colcon_meta'
[1.789s] Level 1:colcon.colcon_core.package_identification:_identify(LCD_web/portamail_ui/venv/lib/python3.12/site-packages/pip/_vendor/platformdirs) by extensions ['ros']
[1.789s] Level 1:colcon.colcon_core.package_identification:_identify(LCD_web/portamail_ui/venv/lib/python3.12/site-packages/pip/_vendor/platformdirs) by extension 'ros'
[1.789s] Level 1:colcon.colcon_core.package_identification:_identify(LCD_web/portamail_ui/venv/lib/python3.12/site-packages/pip/_vendor/platformdirs) by extensions ['cmake', 'python']
[1.789s] Level 1:colcon.colcon_core.package_identification:_identify(LCD_web/portamail_ui/venv/lib/python3.12/site-packages/pip/_vendor/platformdirs) by extension 'cmake'
[1.789s] Level 1:colcon.colcon_core.package_identification:_identify(LCD_web/portamail_ui/venv/lib/python3.12/site-packages/pip/_vendor/platformdirs) by extension 'python'
[1.789s] Level 1:colcon.colcon_core.package_identification:_identify(LCD_web/portamail_ui/venv/lib/python3.12/site-packages/pip/_vendor/platformdirs) by extensions ['python_setup_py']
[1.789s] Level 1:colcon.colcon_core.package_identification:_identify(LCD_web/portamail_ui/venv/lib/python3.12/site-packages/pip/_vendor/platformdirs) by extension 'python_setup_py'
[1.789s] Level 1:colcon.colcon_core.package_identification:_identify(LCD_web/portamail_ui/venv/lib/python3.12/site-packages/pip/_vendor/platformdirs/__pycache__) by extensions ['ignore', 'ignore_ament_install']
[1.790s] Level 1:colcon.colcon_core.package_identification:_identify(LCD_web/portamail_ui/venv/lib/python3.12/site-packages/pip/_vendor/platformdirs/__pycache__) by extension 'ignore'
[1.790s] Level 1:colcon.colcon_core.package_identification:_identify(LCD_web/portamail_ui/venv/lib/python3.12/site-packages/pip/_vendor/platformdirs/__pycache__) by extension 'ignore_ament_install'
[1.790s] Level 1:colcon.colcon_core.package_identification:_identify(LCD_web/portamail_ui/venv/lib/python3.12/site-packages/pip/_vendor/platformdirs/__pycache__) by extensions ['colcon_pkg']
[1.790s] Level 1:colcon.colcon_core.package_identification:_identify(LCD_web/portamail_ui/venv/lib/python3.12/site-packages/pip/_vendor/platformdirs/__pycache__) by extension 'colcon_pkg'
[1.790s] Level 1:colcon.colcon_core.package_identification:_identify(LCD_web/portamail_ui/venv/lib/python3.12/site-packages/pip/_vendor/platformdirs/__pycache__) by extensions ['colcon_meta']
[1.790s] Level 1:colcon.colcon_core.package_identification:_identify(LCD_web/portamail_ui/venv/lib/python3.12/site-packages/pip/_vendor/platformdirs/__pycache__) by extension 'colcon_meta'
[1.791s] Level 1:colcon.colcon_core.package_identification:_identify(LCD_web/portamail_ui/venv/lib/python3.12/site-packages/pip/_vendor/platformdirs/__pycache__) by extensions ['ros']
[1.791s] Level 1:colcon.colcon_core.package_identification:_identify(LCD_web/portamail_ui/venv/lib/python3.12/site-packages/pip/_vendor/platformdirs/__pycache__) by extension 'ros'
[1.792s] Level 1:colcon.colcon_core.package_identification:_identify(LCD_web/portamail_ui/venv/lib/python3.12/site-packages/pip/_vendor/platformdirs/__pycache__) by extensions ['cmake', 'python']
[1.793s] Level 1:colcon.colcon_core.package_identification:_identify(LCD_web/portamail_ui/venv/lib/python3.12/site-packages/pip/_vendor/platformdirs/__pycache__) by extension 'cmake'
[1.794s] Level 1:colcon.colcon_core.package_identification:_identify(LCD_web/portamail_ui/venv/lib/python3.12/site-packages/pip/_vendor/platformdirs/__pycache__) by extension 'python'
[1.794s] Level 1:colcon.colcon_core.package_identification:_identify(LCD_web/portamail_ui/venv/lib/python3.12/site-packages/pip/_vendor/platformdirs/__pycache__) by extensions ['python_setup_py']
[1.794s] Level 1:colcon.colcon_core.package_identification:_identify(LCD_web/portamail_ui/venv/lib/python3.12/site-packages/pip/_vendor/platformdirs/__pycache__) by extension 'python_setup_py'
[1.794s] Level 1:colcon.colcon_core.package_identification:_identify(LCD_web/portamail_ui/venv/lib/python3.12/site-packages/pip/_vendor/pygments) by extensions ['ignore', 'ignore_ament_install']
[1.794s] Level 1:colcon.colcon_core.package_identification:_identify(LCD_web/portamail_ui/venv/lib/python3.12/site-packages/pip/_vendor/pygments) by extension 'ignore'
[1.795s] Level 1:colcon.colcon_core.package_identification:_identify(LCD_web/portamail_ui/venv/lib/python3.12/site-packages/pip/_vendor/pygments) by extension 'ignore_ament_install'
[1.795s] Level 1:colcon.colcon_core.package_identification:_identify(LCD_web/portamail_ui/venv/lib/python3.12/site-packages/pip/_vendor/pygments) by extensions ['colcon_pkg']
[1.795s] Level 1:colcon.colcon_core.package_identification:_identify(LCD_web/portamail_ui/venv/lib/python3.12/site-packages/pip/_vendor/pygments) by extension 'colcon_pkg'
[1.795s] Level 1:colcon.colcon_core.package_identification:_identify(LCD_web/portamail_ui/venv/lib/python3.12/site-packages/pip/_vendor/pygments) by extensions ['colcon_meta']
[1.795s] Level 1:colcon.colcon_core.package_identification:_identify(LCD_web/portamail_ui/venv/lib/python3.12/site-packages/pip/_vendor/pygments) by extension 'colcon_meta'
[1.795s] Level 1:colcon.colcon_core.package_identification:_identify(LCD_web/portamail_ui/venv/lib/python3.12/site-packages/pip/_vendor/pygments) by extensions ['ros']
[1.795s] Level 1:colcon.colcon_core.package_identification:_identify(LCD_web/portamail_ui/venv/lib/python3.12/site-packages/pip/_vendor/pygments) by extension 'ros'
[1.795s] Level 1:colcon.colcon_core.package_identification:_identify(LCD_web/portamail_ui/venv/lib/python3.12/site-packages/pip/_vendor/pygments) by extensions ['cmake', 'python']
[1.795s] Level 1:colcon.colcon_core.package_identification:_identify(LCD_web/portamail_ui/venv/lib/python3.12/site-packages/pip/_vendor/pygments) by extension 'cmake'
[1.795s] Level 1:colcon.colcon_core.package_identification:_identify(LCD_web/portamail_ui/venv/lib/python3.12/site-packages/pip/_vendor/pygments) by extension 'python'
[1.796s] Level 1:colcon.colcon_core.package_identification:_identify(LCD_web/portamail_ui/venv/lib/python3.12/site-packages/pip/_vendor/pygments) by extensions ['python_setup_py']
[1.796s] Level 1:colcon.colcon_core.package_identification:_identify(LCD_web/portamail_ui/venv/lib/python3.12/site-packages/pip/_vendor/pygments) by extension 'python_setup_py'
[1.796s] Level 1:colcon.colcon_core.package_identification:_identify(LCD_web/portamail_ui/venv/lib/python3.12/site-packages/pip/_vendor/pygments/__pycache__) by extensions ['ignore', 'ignore_ament_install']
[1.796s] Level 1:colcon.colcon_core.package_identification:_identify(LCD_web/portamail_ui/venv/lib/python3.12/site-packages/pip/_vendor/pygments/__pycache__) by extension 'ignore'
[1.796s] Level 1:colcon.colcon_core.package_identification:_identify(LCD_web/portamail_ui/venv/lib/python3.12/site-packages/pip/_vendor/pygments/__pycache__) by extension 'ignore_ament_install'
[1.796s] Level 1:colcon.colcon_core.package_identification:_identify(LCD_web/portamail_ui/venv/lib/python3.12/site-packages/pip/_vendor/pygments/__pycache__) by extensions ['colcon_pkg']
[1.796s] Level 1:colcon.colcon_core.package_identification:_identify(LCD_web/portamail_ui/venv/lib/python3.12/site-packages/pip/_vendor/pygments/__pycache__) by extension 'colcon_pkg'
[1.797s] Level 1:colcon.colcon_core.package_identification:_identify(LCD_web/portamail_ui/venv/lib/python3.12/site-packages/pip/_vendor/pygments/__pycache__) by extensions ['colcon_meta']
[1.797s] Level 1:colcon.colcon_core.package_identification:_identify(LCD_web/portamail_ui/venv/lib/python3.12/site-packages/pip/_vendor/pygments/__pycache__) by extension 'colcon_meta'
[1.797s] Level 1:colcon.colcon_core.package_identification:_identify(LCD_web/portamail_ui/venv/lib/python3.12/site-packages/pip/_vendor/pygments/__pycache__) by extensions ['ros']
[1.797s] Level 1:colcon.colcon_core.package_identification:_identify(LCD_web/portamail_ui/venv/lib/python3.12/site-packages/pip/_vendor/pygments/__pycache__) by extension 'ros'
[1.797s] Level 1:colcon.colcon_core.package_identification:_identify(LCD_web/portamail_ui/venv/lib/python3.12/site-packages/pip/_vendor/pygments/__pycache__) by extensions ['cmake', 'python']
[1.797s] Level 1:colcon.colcon_core.package_identification:_identify(LCD_web/portamail_ui/venv/lib/python3.12/site-packages/pip/_vendor/pygments/__pycache__) by extension 'cmake'
[1.797s] Level 1:colcon.colcon_core.package_identification:_identify(LCD_web/portamail_ui/venv/lib/python3.12/site-packages/pip/_vendor/pygments/__pycache__) by extension 'python'
[1.798s] Level 1:colcon.colcon_core.package_identification:_identify(LCD_web/portamail_ui/venv/lib/python3.12/site-packages/pip/_vendor/pygments/__pycache__) by extensions ['python_setup_py']
[1.798s] Level 1:colcon.colcon_core.package_identification:_identify(LCD_web/portamail_ui/venv/lib/python3.12/site-packages/pip/_vendor/pygments/__pycache__) by extension 'python_setup_py'
[1.799s] Level 1:colcon.colcon_core.package_identification:_identify(LCD_web/portamail_ui/venv/lib/python3.12/site-packages/pip/_vendor/pygments/filters) by extensions ['ignore', 'ignore_ament_install']
[1.800s] Level 1:colcon.colcon_core.package_identification:_identify(LCD_web/portamail_ui/venv/lib/python3.12/site-packages/pip/_vendor/pygments/filters) by extension 'ignore'
[1.800s] Level 1:colcon.colcon_core.package_identification:_identify(LCD_web/portamail_ui/venv/lib/python3.12/site-packages/pip/_vendor/pygments/filters) by extension 'ignore_ament_install'
[1.801s] Level 1:colcon.colcon_core.package_identification:_identify(LCD_web/portamail_ui/venv/lib/python3.12/site-packages/pip/_vendor/pygments/filters) by extensions ['colcon_pkg']
[1.801s] Level 1:colcon.colcon_core.package_identification:_identify(LCD_web/portamail_ui/venv/lib/python3.12/site-packages/pip/_vendor/pygments/filters) by extension 'colcon_pkg'
[1.801s] Level 1:colcon.colcon_core.package_identification:_identify(LCD_web/portamail_ui/venv/lib/python3.12/site-packages/pip/_vendor/pygments/filters) by extensions ['colcon_meta']
[1.801s] Level 1:colcon.colcon_core.package_identification:_identify(LCD_web/portamail_ui/venv/lib/python3.12/site-packages/pip/_vendor/pygments/filters) by extension 'colcon_meta'
[1.801s] Level 1:colcon.colcon_core.package_identification:_identify(LCD_web/portamail_ui/venv/lib/python3.12/site-packages/pip/_vendor/pygments/filters) by extensions ['ros']
[1.801s] Level 1:colcon.colcon_core.package_identification:_identify(LCD_web/portamail_ui/venv/lib/python3.12/site-packages/pip/_vendor/pygments/filters) by extension 'ros'
[1.801s] Level 1:colcon.colcon_core.package_identification:_identify(LCD_web/portamail_ui/venv/lib/python3.12/site-packages/pip/_vendor/pygments/filters) by extensions ['cmake', 'python']
[1.801s] Level 1:colcon.colcon_core.package_identification:_identify(LCD_web/portamail_ui/venv/lib/python3.12/site-packages/pip/_vendor/pygments/filters) by extension 'cmake'
[1.801s] Level 1:colcon.colcon_core.package_identification:_identify(LCD_web/portamail_ui/venv/lib/python3.12/site-packages/pip/_vendor/pygments/filters) by extension 'python'
[1.801s] Level 1:colcon.colcon_core.package_identification:_identify(LCD_web/portamail_ui/venv/lib/python3.12/site-packages/pip/_vendor/pygments/filters) by extensions ['python_setup_py']
[1.801s] Level 1:colcon.colcon_core.package_identification:_identify(LCD_web/portamail_ui/venv/lib/python3.12/site-packages/pip/_vendor/pygments/filters) by extension 'python_setup_py'
[1.802s] Level 1:colcon.colcon_core.package_identification:_identify(LCD_web/portamail_ui/venv/lib/python3.12/site-packages/pip/_vendor/pygments/filters/__pycache__) by extensions ['ignore', 'ignore_ament_install']
[1.802s] Level 1:colcon.colcon_core.package_identification:_identify(LCD_web/portamail_ui/venv/lib/python3.12/site-packages/pip/_vendor/pygments/filters/__pycache__) by extension 'ignore'
[1.802s] Level 1:colcon.colcon_core.package_identification:_identify(LCD_web/portamail_ui/venv/lib/python3.12/site-packages/pip/_vendor/pygments/filters/__pycache__) by extension 'ignore_ament_install'
[1.802s] Level 1:colcon.colcon_core.package_identification:_identify(LCD_web/portamail_ui/venv/lib/python3.12/site-packages/pip/_vendor/pygments/filters/__pycache__) by extensions ['colcon_pkg']
[1.802s] Level 1:colcon.colcon_core.package_identification:_identify(LCD_web/portamail_ui/venv/lib/python3.12/site-packages/pip/_vendor/pygments/filters/__pycache__) by extension 'colcon_pkg'
[1.802s] Level 1:colcon.colcon_core.package_identification:_identify(LCD_web/portamail_ui/venv/lib/python3.12/site-packages/pip/_vendor/pygments/filters/__pycache__) by extensions ['colcon_meta']
[1.802s] Level 1:colcon.colcon_core.package_identification:_identify(LCD_web/portamail_ui/venv/lib/python3.12/site-packages/pip/_vendor/pygments/filters/__pycache__) by extension 'colcon_meta'
[1.802s] Level 1:colcon.colcon_core.package_identification:_identify(LCD_web/portamail_ui/venv/lib/python3.12/site-packages/pip/_vendor/pygments/filters/__pycache__) by extensions ['ros']
[1.803s] Level 1:colcon.colcon_core.package_identification:_identify(LCD_web/portamail_ui/venv/lib/python3.12/site-packages/pip/_vendor/pygments/filters/__pycache__) by extension 'ros'
[1.803s] Level 1:colcon.colcon_core.package_identification:_identify(LCD_web/portamail_ui/venv/lib/python3.12/site-packages/pip/_vendor/pygments/filters/__pycache__) by extensions ['cmake', 'python']
[1.803s] Level 1:colcon.colcon_core.package_identification:_identify(LCD_web/portamail_ui/venv/lib/python3.12/site-packages/pip/_vendor/pygments/filters/__pycache__) by extension 'cmake'
[1.803s] Level 1:colcon.colcon_core.package_identification:_identify(LCD_web/portamail_ui/venv/lib/python3.12/site-packages/pip/_vendor/pygments/filters/__pycache__) by extension 'python'
[1.803s] Level 1:colcon.colcon_core.package_identification:_identify(LCD_web/portamail_ui/venv/lib/python3.12/site-packages/pip/_vendor/pygments/filters/__pycache__) by extensions ['python_setup_py']
[1.803s] Level 1:colcon.colcon_core.package_identification:_identify(LCD_web/portamail_ui/venv/lib/python3.12/site-packages/pip/_vendor/pygments/filters/__pycache__) by extension 'python_setup_py'
[1.803s] Level 1:colcon.colcon_core.package_identification:_identify(LCD_web/portamail_ui/venv/lib/python3.12/site-packages/pip/_vendor/pygments/formatters) by extensions ['ignore', 'ignore_ament_install']
[1.804s] Level 1:colcon.colcon_core.package_identification:_identify(LCD_web/portamail_ui/venv/lib/python3.12/site-packages/pip/_vendor/pygments/formatters) by extension 'ignore'
[1.804s] Level 1:colcon.colcon_core.package_identification:_identify(LCD_web/portamail_ui/venv/lib/python3.12/site-packages/pip/_vendor/pygments/formatters) by extension 'ignore_ament_install'
[1.804s] Level 1:colcon.colcon_core.package_identification:_identify(LCD_web/portamail_ui/venv/lib/python3.12/site-packages/pip/_vendor/pygments/formatters) by extensions ['colcon_pkg']
[1.804s] Level 1:colcon.colcon_core.package_identification:_identify(LCD_web/portamail_ui/venv/lib/python3.12/site-packages/pip/_vendor/pygments/formatters) by extension 'colcon_pkg'
[1.804s] Level 1:colcon.colcon_core.package_identification:_identify(LCD_web/portamail_ui/venv/lib/python3.12/site-packages/pip/_vendor/pygments/formatters) by extensions ['colcon_meta']
[1.804s] Level 1:colcon.colcon_core.package_identification:_identify(LCD_web/portamail_ui/venv/lib/python3.12/site-packages/pip/_vendor/pygments/formatters) by extension 'colcon_meta'
[1.804s] Level 1:colcon.colcon_core.package_identification:_identify(LCD_web/portamail_ui/venv/lib/python3.12/site-packages/pip/_vendor/pygments/formatters) by extensions ['ros']
[1.804s] Level 1:colcon.colcon_core.package_identification:_identify(LCD_web/portamail_ui/venv/lib/python3.12/site-packages/pip/_vendor/pygments/formatters) by extension 'ros'
[1.805s] Level 1:colcon.colcon_core.package_identification:_identify(LCD_web/portamail_ui/venv/lib/python3.12/site-packages/pip/_vendor/pygments/formatters) by extensions ['cmake', 'python']
[1.805s] Level 1:colcon.colcon_core.package_identification:_identify(LCD_web/portamail_ui/venv/lib/python3.12/site-packages/pip/_vendor/pygments/formatters) by extension 'cmake'
[1.806s] Level 1:colcon.colcon_core.package_identification:_identify(LCD_web/portamail_ui/venv/lib/python3.12/site-packages/pip/_vendor/pygments/formatters) by extension 'python'
[1.806s] Level 1:colcon.colcon_core.package_identification:_identify(LCD_web/portamail_ui/venv/lib/python3.12/site-packages/pip/_vendor/pygments/formatters) by extensions ['python_setup_py']
[1.806s] Level 1:colcon.colcon_core.package_identification:_identify(LCD_web/portamail_ui/venv/lib/python3.12/site-packages/pip/_vendor/pygments/formatters) by extension 'python_setup_py'
[1.807s] Level 1:colcon.colcon_core.package_identification:_identify(LCD_web/portamail_ui/venv/lib/python3.12/site-packages/pip/_vendor/pygments/formatters/__pycache__) by extensions ['ignore', 'ignore_ament_install']
[1.807s] Level 1:colcon.colcon_core.package_identification:_identify(LCD_web/portamail_ui/venv/lib/python3.12/site-packages/pip/_vendor/pygments/formatters/__pycache__) by extension 'ignore'
[1.807s] Level 1:colcon.colcon_core.package_identification:_identify(LCD_web/portamail_ui/venv/lib/python3.12/site-packages/pip/_vendor/pygments/formatters/__pycache__) by extension 'ignore_ament_install'
[1.807s] Level 1:colcon.colcon_core.package_identification:_identify(LCD_web/portamail_ui/venv/lib/python3.12/site-packages/pip/_vendor/pygments/formatters/__pycache__) by extensions ['colcon_pkg']
[1.807s] Level 1:colcon.colcon_core.package_identification:_identify(LCD_web/portamail_ui/venv/lib/python3.12/site-packages/pip/_vendor/pygments/formatters/__pycache__) by extension 'colcon_pkg'
[1.808s] Level 1:colcon.colcon_core.package_identification:_identify(LCD_web/portamail_ui/venv/lib/python3.12/site-packages/pip/_vendor/pygments/formatters/__pycache__) by extensions ['colcon_meta']
[1.808s] Level 1:colcon.colcon_core.package_identification:_identify(LCD_web/portamail_ui/venv/lib/python3.12/site-packages/pip/_vendor/pygments/formatters/__pycache__) by extension 'colcon_meta'
[1.808s] Level 1:colcon.colcon_core.package_identification:_identify(LCD_web/portamail_ui/venv/lib/python3.12/site-packages/pip/_vendor/pygments/formatters/__pycache__) by extensions ['ros']
[1.808s] Level 1:colcon.colcon_core.package_identification:_identify(LCD_web/portamail_ui/venv/lib/python3.12/site-packages/pip/_vendor/pygments/formatters/__pycache__) by extension 'ros'
[1.808s] Level 1:colcon.colcon_core.package_identification:_identify(LCD_web/portamail_ui/venv/lib/python3.12/site-packages/pip/_vendor/pygments/formatters/__pycache__) by extensions ['cmake', 'python']
[1.808s] Level 1:colcon.colcon_core.package_identification:_identify(LCD_web/portamail_ui/venv/lib/python3.12/site-packages/pip/_vendor/pygments/formatters/__pycache__) by extension 'cmake'
[1.808s] Level 1:colcon.colcon_core.package_identification:_identify(LCD_web/portamail_ui/venv/lib/python3.12/site-packages/pip/_vendor/pygments/formatters/__pycache__) by extension 'python'
[1.808s] Level 1:colcon.colcon_core.package_identification:_identify(LCD_web/portamail_ui/venv/lib/python3.12/site-packages/pip/_vendor/pygments/formatters/__pycache__) by extensions ['python_setup_py']
[1.808s] Level 1:colcon.colcon_core.package_identification:_identify(LCD_web/portamail_ui/venv/lib/python3.12/site-packages/pip/_vendor/pygments/formatters/__pycache__) by extension 'python_setup_py'
[1.809s] Level 1:colcon.colcon_core.package_identification:_identify(LCD_web/portamail_ui/venv/lib/python3.12/site-packages/pip/_vendor/pygments/lexers) by extensions ['ignore', 'ignore_ament_install']
[1.809s] Level 1:colcon.colcon_core.package_identification:_identify(LCD_web/portamail_ui/venv/lib/python3.12/site-packages/pip/_vendor/pygments/lexers) by extension 'ignore'
[1.809s] Level 1:colcon.colcon_core.package_identification:_identify(LCD_web/portamail_ui/venv/lib/python3.12/site-packages/pip/_vendor/pygments/lexers) by extension 'ignore_ament_install'
[1.809s] Level 1:colcon.colcon_core.package_identification:_identify(LCD_web/portamail_ui/venv/lib/python3.12/site-packages/pip/_vendor/pygments/lexers) by extensions ['colcon_pkg']
[1.809s] Level 1:colcon.colcon_core.package_identification:_identify(LCD_web/portamail_ui/venv/lib/python3.12/site-packages/pip/_vendor/pygments/lexers) by extension 'colcon_pkg'
[1.809s] Level 1:colcon.colcon_core.package_identification:_identify(LCD_web/portamail_ui/venv/lib/python3.12/site-packages/pip/_vendor/pygments/lexers) by extensions ['colcon_meta']
[1.809s] Level 1:colcon.colcon_core.package_identification:_identify(LCD_web/portamail_ui/venv/lib/python3.12/site-packages/pip/_vendor/pygments/lexers) by extension 'colcon_meta'
[1.809s] Level 1:colcon.colcon_core.package_identification:_identify(LCD_web/portamail_ui/venv/lib/python3.12/site-packages/pip/_vendor/pygments/lexers) by extensions ['ros']
[1.809s] Level 1:colcon.colcon_core.package_identification:_identify(LCD_web/portamail_ui/venv/lib/python3.12/site-packages/pip/_vendor/pygments/lexers) by extension 'ros'
[1.810s] Level 1:colcon.colcon_core.package_identification:_identify(LCD_web/portamail_ui/venv/lib/python3.12/site-packages/pip/_vendor/pygments/lexers) by extensions ['cmake', 'python']
[1.810s] Level 1:colcon.colcon_core.package_identification:_identify(LCD_web/portamail_ui/venv/lib/python3.12/site-packages/pip/_vendor/pygments/lexers) by extension 'cmake'
[1.810s] Level 1:colcon.colcon_core.package_identification:_identify(LCD_web/portamail_ui/venv/lib/python3.12/site-packages/pip/_vendor/pygments/lexers) by extension 'python'
[1.810s] Level 1:colcon.colcon_core.package_identification:_identify(LCD_web/portamail_ui/venv/lib/python3.12/site-packages/pip/_vendor/pygments/lexers) by extensions ['python_setup_py']
[1.810s] Level 1:colcon.colcon_core.package_identification:_identify(LCD_web/portamail_ui/venv/lib/python3.12/site-packages/pip/_vendor/pygments/lexers) by extension 'python_setup_py'
[1.810s] Level 1:colcon.colcon_core.package_identification:_identify(LCD_web/portamail_ui/venv/lib/python3.12/site-packages/pip/_vendor/pygments/lexers/__pycache__) by extensions ['ignore', 'ignore_ament_install']
[1.810s] Level 1:colcon.colcon_core.package_identification:_identify(LCD_web/portamail_ui/venv/lib/python3.12/site-packages/pip/_vendor/pygments/lexers/__pycache__) by extension 'ignore'
[1.811s] Level 1:colcon.colcon_core.package_identification:_identify(LCD_web/portamail_ui/venv/lib/python3.12/site-packages/pip/_vendor/pygments/lexers/__pycache__) by extension 'ignore_ament_install'
[1.812s] Level 1:colcon.colcon_core.package_identification:_identify(LCD_web/portamail_ui/venv/lib/python3.12/site-packages/pip/_vendor/pygments/lexers/__pycache__) by extensions ['colcon_pkg']
[1.812s] Level 1:colcon.colcon_core.package_identification:_identify(LCD_web/portamail_ui/venv/lib/python3.12/site-packages/pip/_vendor/pygments/lexers/__pycache__) by extension 'colcon_pkg'
[1.813s] Level 1:colcon.colcon_core.package_identification:_identify(LCD_web/portamail_ui/venv/lib/python3.12/site-packages/pip/_vendor/pygments/lexers/__pycache__) by extensions ['colcon_meta']
[1.813s] Level 1:colcon.colcon_core.package_identification:_identify(LCD_web/portamail_ui/venv/lib/python3.12/site-packages/pip/_vendor/pygments/lexers/__pycache__) by extension 'colcon_meta'
[1.813s] Level 1:colcon.colcon_core.package_identification:_identify(LCD_web/portamail_ui/venv/lib/python3.12/site-packages/pip/_vendor/pygments/lexers/__pycache__) by extensions ['ros']
[1.814s] Level 1:colcon.colcon_core.package_identification:_identify(LCD_web/portamail_ui/venv/lib/python3.12/site-packages/pip/_vendor/pygments/lexers/__pycache__) by extension 'ros'
[1.814s] Level 1:colcon.colcon_core.package_identification:_identify(LCD_web/portamail_ui/venv/lib/python3.12/site-packages/pip/_vendor/pygments/lexers/__pycache__) by extensions ['cmake', 'python']
[1.814s] Level 1:colcon.colcon_core.package_identification:_identify(LCD_web/portamail_ui/venv/lib/python3.12/site-packages/pip/_vendor/pygments/lexers/__pycache__) by extension 'cmake'
[1.814s] Level 1:colcon.colcon_core.package_identification:_identify(LCD_web/portamail_ui/venv/lib/python3.12/site-packages/pip/_vendor/pygments/lexers/__pycache__) by extension 'python'
[1.814s] Level 1:colcon.colcon_core.package_identification:_identify(LCD_web/portamail_ui/venv/lib/python3.12/site-packages/pip/_vendor/pygments/lexers/__pycache__) by extensions ['python_setup_py']
[1.814s] Level 1:colcon.colcon_core.package_identification:_identify(LCD_web/portamail_ui/venv/lib/python3.12/site-packages/pip/_vendor/pygments/lexers/__pycache__) by extension 'python_setup_py'
[1.814s] Level 1:colcon.colcon_core.package_identification:_identify(LCD_web/portamail_ui/venv/lib/python3.12/site-packages/pip/_vendor/pygments/styles) by extensions ['ignore', 'ignore_ament_install']
[1.814s] Level 1:colcon.colcon_core.package_identification:_identify(LCD_web/portamail_ui/venv/lib/python3.12/site-packages/pip/_vendor/pygments/styles) by extension 'ignore'
[1.815s] Level 1:colcon.colcon_core.package_identification:_identify(LCD_web/portamail_ui/venv/lib/python3.12/site-packages/pip/_vendor/pygments/styles) by extension 'ignore_ament_install'
[1.815s] Level 1:colcon.colcon_core.package_identification:_identify(LCD_web/portamail_ui/venv/lib/python3.12/site-packages/pip/_vendor/pygments/styles) by extensions ['colcon_pkg']
[1.815s] Level 1:colcon.colcon_core.package_identification:_identify(LCD_web/portamail_ui/venv/lib/python3.12/site-packages/pip/_vendor/pygments/styles) by extension 'colcon_pkg'
[1.815s] Level 1:colcon.colcon_core.package_identification:_identify(LCD_web/portamail_ui/venv/lib/python3.12/site-packages/pip/_vendor/pygments/styles) by extensions ['colcon_meta']
[1.815s] Level 1:colcon.colcon_core.package_identification:_identify(LCD_web/portamail_ui/venv/lib/python3.12/site-packages/pip/_vendor/pygments/styles) by extension 'colcon_meta'
[1.815s] Level 1:colcon.colcon_core.package_identification:_identify(LCD_web/portamail_ui/venv/lib/python3.12/site-packages/pip/_vendor/pygments/styles) by extensions ['ros']
[1.815s] Level 1:colcon.colcon_core.package_identification:_identify(LCD_web/portamail_ui/venv/lib/python3.12/site-packages/pip/_vendor/pygments/styles) by extension 'ros'
[1.815s] Level 1:colcon.colcon_core.package_identification:_identify(LCD_web/portamail_ui/venv/lib/python3.12/site-packages/pip/_vendor/pygments/styles) by extensions ['cmake', 'python']
[1.815s] Level 1:colcon.colcon_core.package_identification:_identify(LCD_web/portamail_ui/venv/lib/python3.12/site-packages/pip/_vendor/pygments/styles) by extension 'cmake'
[1.815s] Level 1:colcon.colcon_core.package_identification:_identify(LCD_web/portamail_ui/venv/lib/python3.12/site-packages/pip/_vendor/pygments/styles) by extension 'python'
[1.815s] Level 1:colcon.colcon_core.package_identification:_identify(LCD_web/portamail_ui/venv/lib/python3.12/site-packages/pip/_vendor/pygments/styles) by extensions ['python_setup_py']
[1.816s] Level 1:colcon.colcon_core.package_identification:_identify(LCD_web/portamail_ui/venv/lib/python3.12/site-packages/pip/_vendor/pygments/styles) by extension 'python_setup_py'
[1.816s] Level 1:colcon.colcon_core.package_identification:_identify(LCD_web/portamail_ui/venv/lib/python3.12/site-packages/pip/_vendor/pygments/styles/__pycache__) by extensions ['ignore', 'ignore_ament_install']
[1.816s] Level 1:colcon.colcon_core.package_identification:_identify(LCD_web/portamail_ui/venv/lib/python3.12/site-packages/pip/_vendor/pygments/styles/__pycache__) by extension 'ignore'
[1.816s] Level 1:colcon.colcon_core.package_identification:_identify(LCD_web/portamail_ui/venv/lib/python3.12/site-packages/pip/_vendor/pygments/styles/__pycache__) by extension 'ignore_ament_install'
[1.816s] Level 1:colcon.colcon_core.package_identification:_identify(LCD_web/portamail_ui/venv/lib/python3.12/site-packages/pip/_vendor/pygments/styles/__pycache__) by extensions ['colcon_pkg']
[1.816s] Level 1:colcon.colcon_core.package_identification:_identify(LCD_web/portamail_ui/venv/lib/python3.12/site-packages/pip/_vendor/pygments/styles/__pycache__) by extension 'colcon_pkg'
[1.816s] Level 1:colcon.colcon_core.package_identification:_identify(LCD_web/portamail_ui/venv/lib/python3.12/site-packages/pip/_vendor/pygments/styles/__pycache__) by extensions ['colcon_meta']
[1.816s] Level 1:colcon.colcon_core.package_identification:_identify(LCD_web/portamail_ui/venv/lib/python3.12/site-packages/pip/_vendor/pygments/styles/__pycache__) by extension 'colcon_meta'
[1.817s] Level 1:colcon.colcon_core.package_identification:_identify(LCD_web/portamail_ui/venv/lib/python3.12/site-packages/pip/_vendor/pygments/styles/__pycache__) by extensions ['ros']
[1.817s] Level 1:colcon.colcon_core.package_identification:_identify(LCD_web/portamail_ui/venv/lib/python3.12/site-packages/pip/_vendor/pygments/styles/__pycache__) by extension 'ros'
[1.817s] Level 1:colcon.colcon_core.package_identification:_identify(LCD_web/portamail_ui/venv/lib/python3.12/site-packages/pip/_vendor/pygments/styles/__pycache__) by extensions ['cmake', 'python']
[1.817s] Level 1:colcon.colcon_core.package_identification:_identify(LCD_web/portamail_ui/venv/lib/python3.12/site-packages/pip/_vendor/pygments/styles/__pycache__) by extension 'cmake'
[1.817s] Level 1:colcon.colcon_core.package_identification:_identify(LCD_web/portamail_ui/venv/lib/python3.12/site-packages/pip/_vendor/pygments/styles/__pycache__) by extension 'python'
[1.817s] Level 1:colcon.colcon_core.package_identification:_identify(LCD_web/portamail_ui/venv/lib/python3.12/site-packages/pip/_vendor/pygments/styles/__pycache__) by extensions ['python_setup_py']
[1.817s] Level 1:colcon.colcon_core.package_identification:_identify(LCD_web/portamail_ui/venv/lib/python3.12/site-packages/pip/_vendor/pygments/styles/__pycache__) by extension 'python_setup_py'
[1.818s] Level 1:colcon.colcon_core.package_identification:_identify(LCD_web/portamail_ui/venv/lib/python3.12/site-packages/pip/_vendor/pyparsing) by extensions ['ignore', 'ignore_ament_install']
[1.818s] Level 1:colcon.colcon_core.package_identification:_identify(LCD_web/portamail_ui/venv/lib/python3.12/site-packages/pip/_vendor/pyparsing) by extension 'ignore'
[1.819s] Level 1:colcon.colcon_core.package_identification:_identify(LCD_web/portamail_ui/venv/lib/python3.12/site-packages/pip/_vendor/pyparsing) by extension 'ignore_ament_install'
[1.820s] Level 1:colcon.colcon_core.package_identification:_identify(LCD_web/portamail_ui/venv/lib/python3.12/site-packages/pip/_vendor/pyparsing) by extensions ['colcon_pkg']
[1.820s] Level 1:colcon.colcon_core.package_identification:_identify(LCD_web/portamail_ui/venv/lib/python3.12/site-packages/pip/_vendor/pyparsing) by extension 'colcon_pkg'
[1.820s] Level 1:colcon.colcon_core.package_identification:_identify(LCD_web/portamail_ui/venv/lib/python3.12/site-packages/pip/_vendor/pyparsing) by extensions ['colcon_meta']
[1.820s] Level 1:colcon.colcon_core.package_identification:_identify(LCD_web/portamail_ui/venv/lib/python3.12/site-packages/pip/_vendor/pyparsing) by extension 'colcon_meta'
[1.820s] Level 1:colcon.colcon_core.package_identification:_identify(LCD_web/portamail_ui/venv/lib/python3.12/site-packages/pip/_vendor/pyparsing) by extensions ['ros']
[1.820s] Level 1:colcon.colcon_core.package_identification:_identify(LCD_web/portamail_ui/venv/lib/python3.12/site-packages/pip/_vendor/pyparsing) by extension 'ros'
[1.821s] Level 1:colcon.colcon_core.package_identification:_identify(LCD_web/portamail_ui/venv/lib/python3.12/site-packages/pip/_vendor/pyparsing) by extensions ['cmake', 'python']
[1.821s] Level 1:colcon.colcon_core.package_identification:_identify(LCD_web/portamail_ui/venv/lib/python3.12/site-packages/pip/_vendor/pyparsing) by extension 'cmake'
[1.821s] Level 1:colcon.colcon_core.package_identification:_identify(LCD_web/portamail_ui/venv/lib/python3.12/site-packages/pip/_vendor/pyparsing) by extension 'python'
[1.821s] Level 1:colcon.colcon_core.package_identification:_identify(LCD_web/portamail_ui/venv/lib/python3.12/site-packages/pip/_vendor/pyparsing) by extensions ['python_setup_py']
[1.821s] Level 1:colcon.colcon_core.package_identification:_identify(LCD_web/portamail_ui/venv/lib/python3.12/site-packages/pip/_vendor/pyparsing) by extension 'python_setup_py'
[1.821s] Level 1:colcon.colcon_core.package_identification:_identify(LCD_web/portamail_ui/venv/lib/python3.12/site-packages/pip/_vendor/pyparsing/__pycache__) by extensions ['ignore', 'ignore_ament_install']
[1.821s] Level 1:colcon.colcon_core.package_identification:_identify(LCD_web/portamail_ui/venv/lib/python3.12/site-packages/pip/_vendor/pyparsing/__pycache__) by extension 'ignore'
[1.822s] Level 1:colcon.colcon_core.package_identification:_identify(LCD_web/portamail_ui/venv/lib/python3.12/site-packages/pip/_vendor/pyparsing/__pycache__) by extension 'ignore_ament_install'
[1.822s] Level 1:colcon.colcon_core.package_identification:_identify(LCD_web/portamail_ui/venv/lib/python3.12/site-packages/pip/_vendor/pyparsing/__pycache__) by extensions ['colcon_pkg']
[1.822s] Level 1:colcon.colcon_core.package_identification:_identify(LCD_web/portamail_ui/venv/lib/python3.12/site-packages/pip/_vendor/pyparsing/__pycache__) by extension 'colcon_pkg'
[1.822s] Level 1:colcon.colcon_core.package_identification:_identify(LCD_web/portamail_ui/venv/lib/python3.12/site-packages/pip/_vendor/pyparsing/__pycache__) by extensions ['colcon_meta']
[1.822s] Level 1:colcon.colcon_core.package_identification:_identify(LCD_web/portamail_ui/venv/lib/python3.12/site-packages/pip/_vendor/pyparsing/__pycache__) by extension 'colcon_meta'
[1.822s] Level 1:colcon.colcon_core.package_identification:_identify(LCD_web/portamail_ui/venv/lib/python3.12/site-packages/pip/_vendor/pyparsing/__pycache__) by extensions ['ros']
[1.822s] Level 1:colcon.colcon_core.package_identification:_identify(LCD_web/portamail_ui/venv/lib/python3.12/site-packages/pip/_vendor/pyparsing/__pycache__) by extension 'ros'
[1.823s] Level 1:colcon.colcon_core.package_identification:_identify(LCD_web/portamail_ui/venv/lib/python3.12/site-packages/pip/_vendor/pyparsing/__pycache__) by extensions ['cmake', 'python']
[1.823s] Level 1:colcon.colcon_core.package_identification:_identify(LCD_web/portamail_ui/venv/lib/python3.12/site-packages/pip/_vendor/pyparsing/__pycache__) by extension 'cmake'
[1.823s] Level 1:colcon.colcon_core.package_identification:_identify(LCD_web/portamail_ui/venv/lib/python3.12/site-packages/pip/_vendor/pyparsing/__pycache__) by extension 'python'
[1.823s] Level 1:colcon.colcon_core.package_identification:_identify(LCD_web/portamail_ui/venv/lib/python3.12/site-packages/pip/_vendor/pyparsing/__pycache__) by extensions ['python_setup_py']
[1.823s] Level 1:colcon.colcon_core.package_identification:_identify(LCD_web/portamail_ui/venv/lib/python3.12/site-packages/pip/_vendor/pyparsing/__pycache__) by extension 'python_setup_py'
[1.823s] Level 1:colcon.colcon_core.package_identification:_identify(LCD_web/portamail_ui/venv/lib/python3.12/site-packages/pip/_vendor/pyparsing/diagram) by extensions ['ignore', 'ignore_ament_install']
[1.823s] Level 1:colcon.colcon_core.package_identification:_identify(LCD_web/portamail_ui/venv/lib/python3.12/site-packages/pip/_vendor/pyparsing/diagram) by extension 'ignore'
[1.824s] Level 1:colcon.colcon_core.package_identification:_identify(LCD_web/portamail_ui/venv/lib/python3.12/site-packages/pip/_vendor/pyparsing/diagram) by extension 'ignore_ament_install'
[1.824s] Level 1:colcon.colcon_core.package_identification:_identify(LCD_web/portamail_ui/venv/lib/python3.12/site-packages/pip/_vendor/pyparsing/diagram) by extensions ['colcon_pkg']
[1.824s] Level 1:colcon.colcon_core.package_identification:_identify(LCD_web/portamail_ui/venv/lib/python3.12/site-packages/pip/_vendor/pyparsing/diagram) by extension 'colcon_pkg'
[1.824s] Level 1:colcon.colcon_core.package_identification:_identify(LCD_web/portamail_ui/venv/lib/python3.12/site-packages/pip/_vendor/pyparsing/diagram) by extensions ['colcon_meta']
[1.825s] Level 1:colcon.colcon_core.package_identification:_identify(LCD_web/portamail_ui/venv/lib/python3.12/site-packages/pip/_vendor/pyparsing/diagram) by extension 'colcon_meta'
[1.825s] Level 1:colcon.colcon_core.package_identification:_identify(LCD_web/portamail_ui/venv/lib/python3.12/site-packages/pip/_vendor/pyparsing/diagram) by extensions ['ros']
[1.825s] Level 1:colcon.colcon_core.package_identification:_identify(LCD_web/portamail_ui/venv/lib/python3.12/site-packages/pip/_vendor/pyparsing/diagram) by extension 'ros'
[1.826s] Level 1:colcon.colcon_core.package_identification:_identify(LCD_web/portamail_ui/venv/lib/python3.12/site-packages/pip/_vendor/pyparsing/diagram) by extensions ['cmake', 'python']
[1.826s] Level 1:colcon.colcon_core.package_identification:_identify(LCD_web/portamail_ui/venv/lib/python3.12/site-packages/pip/_vendor/pyparsing/diagram) by extension 'cmake'
[1.827s] Level 1:colcon.colcon_core.package_identification:_identify(LCD_web/portamail_ui/venv/lib/python3.12/site-packages/pip/_vendor/pyparsing/diagram) by extension 'python'
[1.827s] Level 1:colcon.colcon_core.package_identification:_identify(LCD_web/portamail_ui/venv/lib/python3.12/site-packages/pip/_vendor/pyparsing/diagram) by extensions ['python_setup_py']
[1.827s] Level 1:colcon.colcon_core.package_identification:_identify(LCD_web/portamail_ui/venv/lib/python3.12/site-packages/pip/_vendor/pyparsing/diagram) by extension 'python_setup_py'
[1.827s] Level 1:colcon.colcon_core.package_identification:_identify(LCD_web/portamail_ui/venv/lib/python3.12/site-packages/pip/_vendor/pyparsing/diagram/__pycache__) by extensions ['ignore', 'ignore_ament_install']
[1.828s] Level 1:colcon.colcon_core.package_identification:_identify(LCD_web/portamail_ui/venv/lib/python3.12/site-packages/pip/_vendor/pyparsing/diagram/__pycache__) by extension 'ignore'
[1.828s] Level 1:colcon.colcon_core.package_identification:_identify(LCD_web/portamail_ui/venv/lib/python3.12/site-packages/pip/_vendor/pyparsing/diagram/__pycache__) by extension 'ignore_ament_install'
[1.828s] Level 1:colcon.colcon_core.package_identification:_identify(LCD_web/portamail_ui/venv/lib/python3.12/site-packages/pip/_vendor/pyparsing/diagram/__pycache__) by extensions ['colcon_pkg']
[1.828s] Level 1:colcon.colcon_core.package_identification:_identify(LCD_web/portamail_ui/venv/lib/python3.12/site-packages/pip/_vendor/pyparsing/diagram/__pycache__) by extension 'colcon_pkg'
[1.828s] Level 1:colcon.colcon_core.package_identification:_identify(LCD_web/portamail_ui/venv/lib/python3.12/site-packages/pip/_vendor/pyparsing/diagram/__pycache__) by extensions ['colcon_meta']
[1.828s] Level 1:colcon.colcon_core.package_identification:_identify(LCD_web/portamail_ui/venv/lib/python3.12/site-packages/pip/_vendor/pyparsing/diagram/__pycache__) by extension 'colcon_meta'
[1.828s] Level 1:colcon.colcon_core.package_identification:_identify(LCD_web/portamail_ui/venv/lib/python3.12/site-packages/pip/_vendor/pyparsing/diagram/__pycache__) by extensions ['ros']
[1.828s] Level 1:colcon.colcon_core.package_identification:_identify(LCD_web/portamail_ui/venv/lib/python3.12/site-packages/pip/_vendor/pyparsing/diagram/__pycache__) by extension 'ros'
[1.828s] Level 1:colcon.colcon_core.package_identification:_identify(LCD_web/portamail_ui/venv/lib/python3.12/site-packages/pip/_vendor/pyparsing/diagram/__pycache__) by extensions ['cmake', 'python']
[1.829s] Level 1:colcon.colcon_core.package_identification:_identify(LCD_web/portamail_ui/venv/lib/python3.12/site-packages/pip/_vendor/pyparsing/diagram/__pycache__) by extension 'cmake'
[1.829s] Level 1:colcon.colcon_core.package_identification:_identify(LCD_web/portamail_ui/venv/lib/python3.12/site-packages/pip/_vendor/pyparsing/diagram/__pycache__) by extension 'python'
[1.829s] Level 1:colcon.colcon_core.package_identification:_identify(LCD_web/portamail_ui/venv/lib/python3.12/site-packages/pip/_vendor/pyparsing/diagram/__pycache__) by extensions ['python_setup_py']
[1.829s] Level 1:colcon.colcon_core.package_identification:_identify(LCD_web/portamail_ui/venv/lib/python3.12/site-packages/pip/_vendor/pyparsing/diagram/__pycache__) by extension 'python_setup_py'
[1.829s] Level 1:colcon.colcon_core.package_identification:_identify(LCD_web/portamail_ui/venv/lib/python3.12/site-packages/pip/_vendor/pyproject_hooks) by extensions ['ignore', 'ignore_ament_install']
[1.830s] Level 1:colcon.colcon_core.package_identification:_identify(LCD_web/portamail_ui/venv/lib/python3.12/site-packages/pip/_vendor/pyproject_hooks) by extension 'ignore'
[1.830s] Level 1:colcon.colcon_core.package_identification:_identify(LCD_web/portamail_ui/venv/lib/python3.12/site-packages/pip/_vendor/pyproject_hooks) by extension 'ignore_ament_install'
[1.830s] Level 1:colcon.colcon_core.package_identification:_identify(LCD_web/portamail_ui/venv/lib/python3.12/site-packages/pip/_vendor/pyproject_hooks) by extensions ['colcon_pkg']
[1.830s] Level 1:colcon.colcon_core.package_identification:_identify(LCD_web/portamail_ui/venv/lib/python3.12/site-packages/pip/_vendor/pyproject_hooks) by extension 'colcon_pkg'
[1.830s] Level 1:colcon.colcon_core.package_identification:_identify(LCD_web/portamail_ui/venv/lib/python3.12/site-packages/pip/_vendor/pyproject_hooks) by extensions ['colcon_meta']
[1.830s] Level 1:colcon.colcon_core.package_identification:_identify(LCD_web/portamail_ui/venv/lib/python3.12/site-packages/pip/_vendor/pyproject_hooks) by extension 'colcon_meta'
[1.830s] Level 1:colcon.colcon_core.package_identification:_identify(LCD_web/portamail_ui/venv/lib/python3.12/site-packages/pip/_vendor/pyproject_hooks) by extensions ['ros']
[1.830s] Level 1:colcon.colcon_core.package_identification:_identify(LCD_web/portamail_ui/venv/lib/python3.12/site-packages/pip/_vendor/pyproject_hooks) by extension 'ros'
[1.830s] Level 1:colcon.colcon_core.package_identification:_identify(LCD_web/portamail_ui/venv/lib/python3.12/site-packages/pip/_vendor/pyproject_hooks) by extensions ['cmake', 'python']
[1.831s] Level 1:colcon.colcon_core.package_identification:_identify(LCD_web/portamail_ui/venv/lib/python3.12/site-packages/pip/_vendor/pyproject_hooks) by extension 'cmake'
[1.831s] Level 1:colcon.colcon_core.package_identification:_identify(LCD_web/portamail_ui/venv/lib/python3.12/site-packages/pip/_vendor/pyproject_hooks) by extension 'python'
[1.831s] Level 1:colcon.colcon_core.package_identification:_identify(LCD_web/portamail_ui/venv/lib/python3.12/site-packages/pip/_vendor/pyproject_hooks) by extensions ['python_setup_py']
[1.831s] Level 1:colcon.colcon_core.package_identification:_identify(LCD_web/portamail_ui/venv/lib/python3.12/site-packages/pip/_vendor/pyproject_hooks) by extension 'python_setup_py'
[1.832s] Level 1:colcon.colcon_core.package_identification:_identify(LCD_web/portamail_ui/venv/lib/python3.12/site-packages/pip/_vendor/pyproject_hooks/__pycache__) by extensions ['ignore', 'ignore_ament_install']
[1.833s] Level 1:colcon.colcon_core.package_identification:_identify(LCD_web/portamail_ui/venv/lib/python3.12/site-packages/pip/_vendor/pyproject_hooks/__pycache__) by extension 'ignore'
[1.833s] Level 1:colcon.colcon_core.package_identification:_identify(LCD_web/portamail_ui/venv/lib/python3.12/site-packages/pip/_vendor/pyproject_hooks/__pycache__) by extension 'ignore_ament_install'
[1.834s] Level 1:colcon.colcon_core.package_identification:_identify(LCD_web/portamail_ui/venv/lib/python3.12/site-packages/pip/_vendor/pyproject_hooks/__pycache__) by extensions ['colcon_pkg']
[1.834s] Level 1:colcon.colcon_core.package_identification:_identify(LCD_web/portamail_ui/venv/lib/python3.12/site-packages/pip/_vendor/pyproject_hooks/__pycache__) by extension 'colcon_pkg'
[1.834s] Level 1:colcon.colcon_core.package_identification:_identify(LCD_web/portamail_ui/venv/lib/python3.12/site-packages/pip/_vendor/pyproject_hooks/__pycache__) by extensions ['colcon_meta']
[1.834s] Level 1:colcon.colcon_core.package_identification:_identify(LCD_web/portamail_ui/venv/lib/python3.12/site-packages/pip/_vendor/pyproject_hooks/__pycache__) by extension 'colcon_meta'
[1.834s] Level 1:colcon.colcon_core.package_identification:_identify(LCD_web/portamail_ui/venv/lib/python3.12/site-packages/pip/_vendor/pyproject_hooks/__pycache__) by extensions ['ros']
[1.834s] Level 1:colcon.colcon_core.package_identification:_identify(LCD_web/portamail_ui/venv/lib/python3.12/site-packages/pip/_vendor/pyproject_hooks/__pycache__) by extension 'ros'
[1.834s] Level 1:colcon.colcon_core.package_identification:_identify(LCD_web/portamail_ui/venv/lib/python3.12/site-packages/pip/_vendor/pyproject_hooks/__pycache__) by extensions ['cmake', 'python']
[1.834s] Level 1:colcon.colcon_core.package_identification:_identify(LCD_web/portamail_ui/venv/lib/python3.12/site-packages/pip/_vendor/pyproject_hooks/__pycache__) by extension 'cmake'
[1.835s] Level 1:colcon.colcon_core.package_identification:_identify(LCD_web/portamail_ui/venv/lib/python3.12/site-packages/pip/_vendor/pyproject_hooks/__pycache__) by extension 'python'
[1.835s] Level 1:colcon.colcon_core.package_identification:_identify(LCD_web/portamail_ui/venv/lib/python3.12/site-packages/pip/_vendor/pyproject_hooks/__pycache__) by extensions ['python_setup_py']
[1.835s] Level 1:colcon.colcon_core.package_identification:_identify(LCD_web/portamail_ui/venv/lib/python3.12/site-packages/pip/_vendor/pyproject_hooks/__pycache__) by extension 'python_setup_py'
[1.835s] Level 1:colcon.colcon_core.package_identification:_identify(LCD_web/portamail_ui/venv/lib/python3.12/site-packages/pip/_vendor/pyproject_hooks/_in_process) by extensions ['ignore', 'ignore_ament_install']
[1.835s] Level 1:colcon.colcon_core.package_identification:_identify(LCD_web/portamail_ui/venv/lib/python3.12/site-packages/pip/_vendor/pyproject_hooks/_in_process) by extension 'ignore'
[1.836s] Level 1:colcon.colcon_core.package_identification:_identify(LCD_web/portamail_ui/venv/lib/python3.12/site-packages/pip/_vendor/pyproject_hooks/_in_process) by extension 'ignore_ament_install'
[1.836s] Level 1:colcon.colcon_core.package_identification:_identify(LCD_web/portamail_ui/venv/lib/python3.12/site-packages/pip/_vendor/pyproject_hooks/_in_process) by extensions ['colcon_pkg']
[1.836s] Level 1:colcon.colcon_core.package_identification:_identify(LCD_web/portamail_ui/venv/lib/python3.12/site-packages/pip/_vendor/pyproject_hooks/_in_process) by extension 'colcon_pkg'
[1.837s] Level 1:colcon.colcon_core.package_identification:_identify(LCD_web/portamail_ui/venv/lib/python3.12/site-packages/pip/_vendor/pyproject_hooks/_in_process) by extensions ['colcon_meta']
[1.837s] Level 1:colcon.colcon_core.package_identification:_identify(LCD_web/portamail_ui/venv/lib/python3.12/site-packages/pip/_vendor/pyproject_hooks/_in_process) by extension 'colcon_meta'
[1.837s] Level 1:colcon.colcon_core.package_identification:_identify(LCD_web/portamail_ui/venv/lib/python3.12/site-packages/pip/_vendor/pyproject_hooks/_in_process) by extensions ['ros']
[1.837s] Level 1:colcon.colcon_core.package_identification:_identify(LCD_web/portamail_ui/venv/lib/python3.12/site-packages/pip/_vendor/pyproject_hooks/_in_process) by extension 'ros'
[1.838s] Level 1:colcon.colcon_core.package_identification:_identify(LCD_web/portamail_ui/venv/lib/python3.12/site-packages/pip/_vendor/pyproject_hooks/_in_process) by extensions ['cmake', 'python']
[1.838s] Level 1:colcon.colcon_core.package_identification:_identify(LCD_web/portamail_ui/venv/lib/python3.12/site-packages/pip/_vendor/pyproject_hooks/_in_process) by extension 'cmake'
[1.839s] Level 1:colcon.colcon_core.package_identification:_identify(LCD_web/portamail_ui/venv/lib/python3.12/site-packages/pip/_vendor/pyproject_hooks/_in_process) by extension 'python'
[1.839s] Level 1:colcon.colcon_core.package_identification:_identify(LCD_web/portamail_ui/venv/lib/python3.12/site-packages/pip/_vendor/pyproject_hooks/_in_process) by extensions ['python_setup_py']
[1.839s] Level 1:colcon.colcon_core.package_identification:_identify(LCD_web/portamail_ui/venv/lib/python3.12/site-packages/pip/_vendor/pyproject_hooks/_in_process) by extension 'python_setup_py'
[1.840s] Level 1:colcon.colcon_core.package_identification:_identify(LCD_web/portamail_ui/venv/lib/python3.12/site-packages/pip/_vendor/pyproject_hooks/_in_process/__pycache__) by extensions ['ignore', 'ignore_ament_install']
[1.840s] Level 1:colcon.colcon_core.package_identification:_identify(LCD_web/portamail_ui/venv/lib/python3.12/site-packages/pip/_vendor/pyproject_hooks/_in_process/__pycache__) by extension 'ignore'
[1.841s] Level 1:colcon.colcon_core.package_identification:_identify(LCD_web/portamail_ui/venv/lib/python3.12/site-packages/pip/_vendor/pyproject_hooks/_in_process/__pycache__) by extension 'ignore_ament_install'
[1.842s] Level 1:colcon.colcon_core.package_identification:_identify(LCD_web/portamail_ui/venv/lib/python3.12/site-packages/pip/_vendor/pyproject_hooks/_in_process/__pycache__) by extensions ['colcon_pkg']
[1.843s] Level 1:colcon.colcon_core.package_identification:_identify(LCD_web/portamail_ui/venv/lib/python3.12/site-packages/pip/_vendor/pyproject_hooks/_in_process/__pycache__) by extension 'colcon_pkg'
[1.843s] Level 1:colcon.colcon_core.package_identification:_identify(LCD_web/portamail_ui/venv/lib/python3.12/site-packages/pip/_vendor/pyproject_hooks/_in_process/__pycache__) by extensions ['colcon_meta']
[1.843s] Level 1:colcon.colcon_core.package_identification:_identify(LCD_web/portamail_ui/venv/lib/python3.12/site-packages/pip/_vendor/pyproject_hooks/_in_process/__pycache__) by extension 'colcon_meta'
[1.843s] Level 1:colcon.colcon_core.package_identification:_identify(LCD_web/portamail_ui/venv/lib/python3.12/site-packages/pip/_vendor/pyproject_hooks/_in_process/__pycache__) by extensions ['ros']
[1.843s] Level 1:colcon.colcon_core.package_identification:_identify(LCD_web/portamail_ui/venv/lib/python3.12/site-packages/pip/_vendor/pyproject_hooks/_in_process/__pycache__) by extension 'ros'
[1.844s] Level 1:colcon.colcon_core.package_identification:_identify(LCD_web/portamail_ui/venv/lib/python3.12/site-packages/pip/_vendor/pyproject_hooks/_in_process/__pycache__) by extensions ['cmake', 'python']
[1.844s] Level 1:colcon.colcon_core.package_identification:_identify(LCD_web/portamail_ui/venv/lib/python3.12/site-packages/pip/_vendor/pyproject_hooks/_in_process/__pycache__) by extension 'cmake'
[1.844s] Level 1:colcon.colcon_core.package_identification:_identify(LCD_web/portamail_ui/venv/lib/python3.12/site-packages/pip/_vendor/pyproject_hooks/_in_process/__pycache__) by extension 'python'
[1.844s] Level 1:colcon.colcon_core.package_identification:_identify(LCD_web/portamail_ui/venv/lib/python3.12/site-packages/pip/_vendor/pyproject_hooks/_in_process/__pycache__) by extensions ['python_setup_py']
[1.844s] Level 1:colcon.colcon_core.package_identification:_identify(LCD_web/portamail_ui/venv/lib/python3.12/site-packages/pip/_vendor/pyproject_hooks/_in_process/__pycache__) by extension 'python_setup_py'
[1.844s] Level 1:colcon.colcon_core.package_identification:_identify(LCD_web/portamail_ui/venv/lib/python3.12/site-packages/pip/_vendor/requests) by extensions ['ignore', 'ignore_ament_install']
[1.845s] Level 1:colcon.colcon_core.package_identification:_identify(LCD_web/portamail_ui/venv/lib/python3.12/site-packages/pip/_vendor/requests) by extension 'ignore'
[1.845s] Level 1:colcon.colcon_core.package_identification:_identify(LCD_web/portamail_ui/venv/lib/python3.12/site-packages/pip/_vendor/requests) by extension 'ignore_ament_install'
[1.845s] Level 1:colcon.colcon_core.package_identification:_identify(LCD_web/portamail_ui/venv/lib/python3.12/site-packages/pip/_vendor/requests) by extensions ['colcon_pkg']
[1.845s] Level 1:colcon.colcon_core.package_identification:_identify(LCD_web/portamail_ui/venv/lib/python3.12/site-packages/pip/_vendor/requests) by extension 'colcon_pkg'
[1.845s] Level 1:colcon.colcon_core.package_identification:_identify(LCD_web/portamail_ui/venv/lib/python3.12/site-packages/pip/_vendor/requests) by extensions ['colcon_meta']
[1.845s] Level 1:colcon.colcon_core.package_identification:_identify(LCD_web/portamail_ui/venv/lib/python3.12/site-packages/pip/_vendor/requests) by extension 'colcon_meta'
[1.845s] Level 1:colcon.colcon_core.package_identification:_identify(LCD_web/portamail_ui/venv/lib/python3.12/site-packages/pip/_vendor/requests) by extensions ['ros']
[1.845s] Level 1:colcon.colcon_core.package_identification:_identify(LCD_web/portamail_ui/venv/lib/python3.12/site-packages/pip/_vendor/requests) by extension 'ros'
[1.845s] Level 1:colcon.colcon_core.package_identification:_identify(LCD_web/portamail_ui/venv/lib/python3.12/site-packages/pip/_vendor/requests) by extensions ['cmake', 'python']
[1.846s] Level 1:colcon.colcon_core.package_identification:_identify(LCD_web/portamail_ui/venv/lib/python3.12/site-packages/pip/_vendor/requests) by extension 'cmake'
[1.846s] Level 1:colcon.colcon_core.package_identification:_identify(LCD_web/portamail_ui/venv/lib/python3.12/site-packages/pip/_vendor/requests) by extension 'python'
[1.846s] Level 1:colcon.colcon_core.package_identification:_identify(LCD_web/portamail_ui/venv/lib/python3.12/site-packages/pip/_vendor/requests) by extensions ['python_setup_py']
[1.846s] Level 1:colcon.colcon_core.package_identification:_identify(LCD_web/portamail_ui/venv/lib/python3.12/site-packages/pip/_vendor/requests) by extension 'python_setup_py'
[1.846s] Level 1:colcon.colcon_core.package_identification:_identify(LCD_web/portamail_ui/venv/lib/python3.12/site-packages/pip/_vendor/requests/__pycache__) by extensions ['ignore', 'ignore_ament_install']
[1.847s] Level 1:colcon.colcon_core.package_identification:_identify(LCD_web/portamail_ui/venv/lib/python3.12/site-packages/pip/_vendor/requests/__pycache__) by extension 'ignore'
[1.848s] Level 1:colcon.colcon_core.package_identification:_identify(LCD_web/portamail_ui/venv/lib/python3.12/site-packages/pip/_vendor/requests/__pycache__) by extension 'ignore_ament_install'
[1.849s] Level 1:colcon.colcon_core.package_identification:_identify(LCD_web/portamail_ui/venv/lib/python3.12/site-packages/pip/_vendor/requests/__pycache__) by extensions ['colcon_pkg']
[1.849s] Level 1:colcon.colcon_core.package_identification:_identify(LCD_web/portamail_ui/venv/lib/python3.12/site-packages/pip/_vendor/requests/__pycache__) by extension 'colcon_pkg'
[1.850s] Level 1:colcon.colcon_core.package_identification:_identify(LCD_web/portamail_ui/venv/lib/python3.12/site-packages/pip/_vendor/requests/__pycache__) by extensions ['colcon_meta']
[1.850s] Level 1:colcon.colcon_core.package_identification:_identify(LCD_web/portamail_ui/venv/lib/python3.12/site-packages/pip/_vendor/requests/__pycache__) by extension 'colcon_meta'
[1.850s] Level 1:colcon.colcon_core.package_identification:_identify(LCD_web/portamail_ui/venv/lib/python3.12/site-packages/pip/_vendor/requests/__pycache__) by extensions ['ros']
[1.850s] Level 1:colcon.colcon_core.package_identification:_identify(LCD_web/portamail_ui/venv/lib/python3.12/site-packages/pip/_vendor/requests/__pycache__) by extension 'ros'
[1.851s] Level 1:colcon.colcon_core.package_identification:_identify(LCD_web/portamail_ui/venv/lib/python3.12/site-packages/pip/_vendor/requests/__pycache__) by extensions ['cmake', 'python']
[1.852s] Level 1:colcon.colcon_core.package_identification:_identify(LCD_web/portamail_ui/venv/lib/python3.12/site-packages/pip/_vendor/requests/__pycache__) by extension 'cmake'
[1.853s] Level 1:colcon.colcon_core.package_identification:_identify(LCD_web/portamail_ui/venv/lib/python3.12/site-packages/pip/_vendor/requests/__pycache__) by extension 'python'
[1.854s] Level 1:colcon.colcon_core.package_identification:_identify(LCD_web/portamail_ui/venv/lib/python3.12/site-packages/pip/_vendor/requests/__pycache__) by extensions ['python_setup_py']
[1.854s] Level 1:colcon.colcon_core.package_identification:_identify(LCD_web/portamail_ui/venv/lib/python3.12/site-packages/pip/_vendor/requests/__pycache__) by extension 'python_setup_py'
[1.856s] Level 1:colcon.colcon_core.package_identification:_identify(LCD_web/portamail_ui/venv/lib/python3.12/site-packages/pip/_vendor/resolvelib) by extensions ['ignore', 'ignore_ament_install']
[1.857s] Level 1:colcon.colcon_core.package_identification:_identify(LCD_web/portamail_ui/venv/lib/python3.12/site-packages/pip/_vendor/resolvelib) by extension 'ignore'
[1.858s] Level 1:colcon.colcon_core.package_identification:_identify(LCD_web/portamail_ui/venv/lib/python3.12/site-packages/pip/_vendor/resolvelib) by extension 'ignore_ament_install'
[1.859s] Level 1:colcon.colcon_core.package_identification:_identify(LCD_web/portamail_ui/venv/lib/python3.12/site-packages/pip/_vendor/resolvelib) by extensions ['colcon_pkg']
[1.859s] Level 1:colcon.colcon_core.package_identification:_identify(LCD_web/portamail_ui/venv/lib/python3.12/site-packages/pip/_vendor/resolvelib) by extension 'colcon_pkg'
[1.860s] Level 1:colcon.colcon_core.package_identification:_identify(LCD_web/portamail_ui/venv/lib/python3.12/site-packages/pip/_vendor/resolvelib) by extensions ['colcon_meta']
[1.861s] Level 1:colcon.colcon_core.package_identification:_identify(LCD_web/portamail_ui/venv/lib/python3.12/site-packages/pip/_vendor/resolvelib) by extension 'colcon_meta'
[1.861s] Level 1:colcon.colcon_core.package_identification:_identify(LCD_web/portamail_ui/venv/lib/python3.12/site-packages/pip/_vendor/resolvelib) by extensions ['ros']
[1.861s] Level 1:colcon.colcon_core.package_identification:_identify(LCD_web/portamail_ui/venv/lib/python3.12/site-packages/pip/_vendor/resolvelib) by extension 'ros'
[1.862s] Level 1:colcon.colcon_core.package_identification:_identify(LCD_web/portamail_ui/venv/lib/python3.12/site-packages/pip/_vendor/resolvelib) by extensions ['cmake', 'python']
[1.862s] Level 1:colcon.colcon_core.package_identification:_identify(LCD_web/portamail_ui/venv/lib/python3.12/site-packages/pip/_vendor/resolvelib) by extension 'cmake'
[1.863s] Level 1:colcon.colcon_core.package_identification:_identify(LCD_web/portamail_ui/venv/lib/python3.12/site-packages/pip/_vendor/resolvelib) by extension 'python'
[1.863s] Level 1:colcon.colcon_core.package_identification:_identify(LCD_web/portamail_ui/venv/lib/python3.12/site-packages/pip/_vendor/resolvelib) by extensions ['python_setup_py']
[1.863s] Level 1:colcon.colcon_core.package_identification:_identify(LCD_web/portamail_ui/venv/lib/python3.12/site-packages/pip/_vendor/resolvelib) by extension 'python_setup_py'
[1.864s] Level 1:colcon.colcon_core.package_identification:_identify(LCD_web/portamail_ui/venv/lib/python3.12/site-packages/pip/_vendor/resolvelib/__pycache__) by extensions ['ignore', 'ignore_ament_install']
[1.866s] Level 1:colcon.colcon_core.package_identification:_identify(LCD_web/portamail_ui/venv/lib/python3.12/site-packages/pip/_vendor/resolvelib/__pycache__) by extension 'ignore'
[1.867s] Level 1:colcon.colcon_core.package_identification:_identify(LCD_web/portamail_ui/venv/lib/python3.12/site-packages/pip/_vendor/resolvelib/__pycache__) by extension 'ignore_ament_install'
[1.868s] Level 1:colcon.colcon_core.package_identification:_identify(LCD_web/portamail_ui/venv/lib/python3.12/site-packages/pip/_vendor/resolvelib/__pycache__) by extensions ['colcon_pkg']
[1.868s] Level 1:colcon.colcon_core.package_identification:_identify(LCD_web/portamail_ui/venv/lib/python3.12/site-packages/pip/_vendor/resolvelib/__pycache__) by extension 'colcon_pkg'
[1.869s] Level 1:colcon.colcon_core.package_identification:_identify(LCD_web/portamail_ui/venv/lib/python3.12/site-packages/pip/_vendor/resolvelib/__pycache__) by extensions ['colcon_meta']
[1.869s] Level 1:colcon.colcon_core.package_identification:_identify(LCD_web/portamail_ui/venv/lib/python3.12/site-packages/pip/_vendor/resolvelib/__pycache__) by extension 'colcon_meta'
[1.870s] Level 1:colcon.colcon_core.package_identification:_identify(LCD_web/portamail_ui/venv/lib/python3.12/site-packages/pip/_vendor/resolvelib/__pycache__) by extensions ['ros']
[1.871s] Level 1:colcon.colcon_core.package_identification:_identify(LCD_web/portamail_ui/venv/lib/python3.12/site-packages/pip/_vendor/resolvelib/__pycache__) by extension 'ros'
[1.872s] Level 1:colcon.colcon_core.package_identification:_identify(LCD_web/portamail_ui/venv/lib/python3.12/site-packages/pip/_vendor/resolvelib/__pycache__) by extensions ['cmake', 'python']
[1.873s] Level 1:colcon.colcon_core.package_identification:_identify(LCD_web/portamail_ui/venv/lib/python3.12/site-packages/pip/_vendor/resolvelib/__pycache__) by extension 'cmake'
[1.873s] Level 1:colcon.colcon_core.package_identification:_identify(LCD_web/portamail_ui/venv/lib/python3.12/site-packages/pip/_vendor/resolvelib/__pycache__) by extension 'python'
[1.874s] Level 1:colcon.colcon_core.package_identification:_identify(LCD_web/portamail_ui/venv/lib/python3.12/site-packages/pip/_vendor/resolvelib/__pycache__) by extensions ['python_setup_py']
[1.874s] Level 1:colcon.colcon_core.package_identification:_identify(LCD_web/portamail_ui/venv/lib/python3.12/site-packages/pip/_vendor/resolvelib/__pycache__) by extension 'python_setup_py'
[1.875s] Level 1:colcon.colcon_core.package_identification:_identify(LCD_web/portamail_ui/venv/lib/python3.12/site-packages/pip/_vendor/resolvelib/compat) by extensions ['ignore', 'ignore_ament_install']
[1.875s] Level 1:colcon.colcon_core.package_identification:_identify(LCD_web/portamail_ui/venv/lib/python3.12/site-packages/pip/_vendor/resolvelib/compat) by extension 'ignore'
[1.875s] Level 1:colcon.colcon_core.package_identification:_identify(LCD_web/portamail_ui/venv/lib/python3.12/site-packages/pip/_vendor/resolvelib/compat) by extension 'ignore_ament_install'
[1.876s] Level 1:colcon.colcon_core.package_identification:_identify(LCD_web/portamail_ui/venv/lib/python3.12/site-packages/pip/_vendor/resolvelib/compat) by extensions ['colcon_pkg']
[1.877s] Level 1:colcon.colcon_core.package_identification:_identify(LCD_web/portamail_ui/venv/lib/python3.12/site-packages/pip/_vendor/resolvelib/compat) by extension 'colcon_pkg'
[1.878s] Level 1:colcon.colcon_core.package_identification:_identify(LCD_web/portamail_ui/venv/lib/python3.12/site-packages/pip/_vendor/resolvelib/compat) by extensions ['colcon_meta']
[1.878s] Level 1:colcon.colcon_core.package_identification:_identify(LCD_web/portamail_ui/venv/lib/python3.12/site-packages/pip/_vendor/resolvelib/compat) by extension 'colcon_meta'
[1.879s] Level 1:colcon.colcon_core.package_identification:_identify(LCD_web/portamail_ui/venv/lib/python3.12/site-packages/pip/_vendor/resolvelib/compat) by extensions ['ros']
[1.879s] Level 1:colcon.colcon_core.package_identification:_identify(LCD_web/portamail_ui/venv/lib/python3.12/site-packages/pip/_vendor/resolvelib/compat) by extension 'ros'
[1.880s] Level 1:colcon.colcon_core.package_identification:_identify(LCD_web/portamail_ui/venv/lib/python3.12/site-packages/pip/_vendor/resolvelib/compat) by extensions ['cmake', 'python']
[1.880s] Level 1:colcon.colcon_core.package_identification:_identify(LCD_web/portamail_ui/venv/lib/python3.12/site-packages/pip/_vendor/resolvelib/compat) by extension 'cmake'
[1.880s] Level 1:colcon.colcon_core.package_identification:_identify(LCD_web/portamail_ui/venv/lib/python3.12/site-packages/pip/_vendor/resolvelib/compat) by extension 'python'
[1.881s] Level 1:colcon.colcon_core.package_identification:_identify(LCD_web/portamail_ui/venv/lib/python3.12/site-packages/pip/_vendor/resolvelib/compat) by extensions ['python_setup_py']
[1.881s] Level 1:colcon.colcon_core.package_identification:_identify(LCD_web/portamail_ui/venv/lib/python3.12/site-packages/pip/_vendor/resolvelib/compat) by extension 'python_setup_py'
[1.881s] Level 1:colcon.colcon_core.package_identification:_identify(LCD_web/portamail_ui/venv/lib/python3.12/site-packages/pip/_vendor/resolvelib/compat/__pycache__) by extensions ['ignore', 'ignore_ament_install']
[1.882s] Level 1:colcon.colcon_core.package_identification:_identify(LCD_web/portamail_ui/venv/lib/python3.12/site-packages/pip/_vendor/resolvelib/compat/__pycache__) by extension 'ignore'
[1.882s] Level 1:colcon.colcon_core.package_identification:_identify(LCD_web/portamail_ui/venv/lib/python3.12/site-packages/pip/_vendor/resolvelib/compat/__pycache__) by extension 'ignore_ament_install'
[1.883s] Level 1:colcon.colcon_core.package_identification:_identify(LCD_web/portamail_ui/venv/lib/python3.12/site-packages/pip/_vendor/resolvelib/compat/__pycache__) by extensions ['colcon_pkg']
[1.883s] Level 1:colcon.colcon_core.package_identification:_identify(LCD_web/portamail_ui/venv/lib/python3.12/site-packages/pip/_vendor/resolvelib/compat/__pycache__) by extension 'colcon_pkg'
[1.883s] Level 1:colcon.colcon_core.package_identification:_identify(LCD_web/portamail_ui/venv/lib/python3.12/site-packages/pip/_vendor/resolvelib/compat/__pycache__) by extensions ['colcon_meta']
[1.883s] Level 1:colcon.colcon_core.package_identification:_identify(LCD_web/portamail_ui/venv/lib/python3.12/site-packages/pip/_vendor/resolvelib/compat/__pycache__) by extension 'colcon_meta'
[1.883s] Level 1:colcon.colcon_core.package_identification:_identify(LCD_web/portamail_ui/venv/lib/python3.12/site-packages/pip/_vendor/resolvelib/compat/__pycache__) by extensions ['ros']
[1.884s] Level 1:colcon.colcon_core.package_identification:_identify(LCD_web/portamail_ui/venv/lib/python3.12/site-packages/pip/_vendor/resolvelib/compat/__pycache__) by extension 'ros'
[1.884s] Level 1:colcon.colcon_core.package_identification:_identify(LCD_web/portamail_ui/venv/lib/python3.12/site-packages/pip/_vendor/resolvelib/compat/__pycache__) by extensions ['cmake', 'python']
[1.884s] Level 1:colcon.colcon_core.package_identification:_identify(LCD_web/portamail_ui/venv/lib/python3.12/site-packages/pip/_vendor/resolvelib/compat/__pycache__) by extension 'cmake'
[1.884s] Level 1:colcon.colcon_core.package_identification:_identify(LCD_web/portamail_ui/venv/lib/python3.12/site-packages/pip/_vendor/resolvelib/compat/__pycache__) by extension 'python'
[1.884s] Level 1:colcon.colcon_core.package_identification:_identify(LCD_web/portamail_ui/venv/lib/python3.12/site-packages/pip/_vendor/resolvelib/compat/__pycache__) by extensions ['python_setup_py']
[1.884s] Level 1:colcon.colcon_core.package_identification:_identify(LCD_web/portamail_ui/venv/lib/python3.12/site-packages/pip/_vendor/resolvelib/compat/__pycache__) by extension 'python_setup_py'
[1.886s] Level 1:colcon.colcon_core.package_identification:_identify(LCD_web/portamail_ui/venv/lib/python3.12/site-packages/pip/_vendor/rich) by extensions ['ignore', 'ignore_ament_install']
[1.887s] Level 1:colcon.colcon_core.package_identification:_identify(LCD_web/portamail_ui/venv/lib/python3.12/site-packages/pip/_vendor/rich) by extension 'ignore'
[1.887s] Level 1:colcon.colcon_core.package_identification:_identify(LCD_web/portamail_ui/venv/lib/python3.12/site-packages/pip/_vendor/rich) by extension 'ignore_ament_install'
[1.888s] Level 1:colcon.colcon_core.package_identification:_identify(LCD_web/portamail_ui/venv/lib/python3.12/site-packages/pip/_vendor/rich) by extensions ['colcon_pkg']
[1.888s] Level 1:colcon.colcon_core.package_identification:_identify(LCD_web/portamail_ui/venv/lib/python3.12/site-packages/pip/_vendor/rich) by extension 'colcon_pkg'
[1.888s] Level 1:colcon.colcon_core.package_identification:_identify(LCD_web/portamail_ui/venv/lib/python3.12/site-packages/pip/_vendor/rich) by extensions ['colcon_meta']
[1.888s] Level 1:colcon.colcon_core.package_identification:_identify(LCD_web/portamail_ui/venv/lib/python3.12/site-packages/pip/_vendor/rich) by extension 'colcon_meta'
[1.888s] Level 1:colcon.colcon_core.package_identification:_identify(LCD_web/portamail_ui/venv/lib/python3.12/site-packages/pip/_vendor/rich) by extensions ['ros']
[1.888s] Level 1:colcon.colcon_core.package_identification:_identify(LCD_web/portamail_ui/venv/lib/python3.12/site-packages/pip/_vendor/rich) by extension 'ros'
[1.888s] Level 1:colcon.colcon_core.package_identification:_identify(LCD_web/portamail_ui/venv/lib/python3.12/site-packages/pip/_vendor/rich) by extensions ['cmake', 'python']
[1.888s] Level 1:colcon.colcon_core.package_identification:_identify(LCD_web/portamail_ui/venv/lib/python3.12/site-packages/pip/_vendor/rich) by extension 'cmake'
[1.888s] Level 1:colcon.colcon_core.package_identification:_identify(LCD_web/portamail_ui/venv/lib/python3.12/site-packages/pip/_vendor/rich) by extension 'python'
[1.889s] Level 1:colcon.colcon_core.package_identification:_identify(LCD_web/portamail_ui/venv/lib/python3.12/site-packages/pip/_vendor/rich) by extensions ['python_setup_py']
[1.889s] Level 1:colcon.colcon_core.package_identification:_identify(LCD_web/portamail_ui/venv/lib/python3.12/site-packages/pip/_vendor/rich) by extension 'python_setup_py'
[1.889s] Level 1:colcon.colcon_core.package_identification:_identify(LCD_web/portamail_ui/venv/lib/python3.12/site-packages/pip/_vendor/rich/__pycache__) by extensions ['ignore', 'ignore_ament_install']
[1.889s] Level 1:colcon.colcon_core.package_identification:_identify(LCD_web/portamail_ui/venv/lib/python3.12/site-packages/pip/_vendor/rich/__pycache__) by extension 'ignore'
[1.889s] Level 1:colcon.colcon_core.package_identification:_identify(LCD_web/portamail_ui/venv/lib/python3.12/site-packages/pip/_vendor/rich/__pycache__) by extension 'ignore_ament_install'
[1.890s] Level 1:colcon.colcon_core.package_identification:_identify(LCD_web/portamail_ui/venv/lib/python3.12/site-packages/pip/_vendor/rich/__pycache__) by extensions ['colcon_pkg']
[1.890s] Level 1:colcon.colcon_core.package_identification:_identify(LCD_web/portamail_ui/venv/lib/python3.12/site-packages/pip/_vendor/rich/__pycache__) by extension 'colcon_pkg'
[1.890s] Level 1:colcon.colcon_core.package_identification:_identify(LCD_web/portamail_ui/venv/lib/python3.12/site-packages/pip/_vendor/rich/__pycache__) by extensions ['colcon_meta']
[1.890s] Level 1:colcon.colcon_core.package_identification:_identify(LCD_web/portamail_ui/venv/lib/python3.12/site-packages/pip/_vendor/rich/__pycache__) by extension 'colcon_meta'
[1.890s] Level 1:colcon.colcon_core.package_identification:_identify(LCD_web/portamail_ui/venv/lib/python3.12/site-packages/pip/_vendor/rich/__pycache__) by extensions ['ros']
[1.890s] Level 1:colcon.colcon_core.package_identification:_identify(LCD_web/portamail_ui/venv/lib/python3.12/site-packages/pip/_vendor/rich/__pycache__) by extension 'ros'
[1.891s] Level 1:colcon.colcon_core.package_identification:_identify(LCD_web/portamail_ui/venv/lib/python3.12/site-packages/pip/_vendor/rich/__pycache__) by extensions ['cmake', 'python']
[1.891s] Level 1:colcon.colcon_core.package_identification:_identify(LCD_web/portamail_ui/venv/lib/python3.12/site-packages/pip/_vendor/rich/__pycache__) by extension 'cmake'
[1.891s] Level 1:colcon.colcon_core.package_identification:_identify(LCD_web/portamail_ui/venv/lib/python3.12/site-packages/pip/_vendor/rich/__pycache__) by extension 'python'
[1.891s] Level 1:colcon.colcon_core.package_identification:_identify(LCD_web/portamail_ui/venv/lib/python3.12/site-packages/pip/_vendor/rich/__pycache__) by extensions ['python_setup_py']
[1.891s] Level 1:colcon.colcon_core.package_identification:_identify(LCD_web/portamail_ui/venv/lib/python3.12/site-packages/pip/_vendor/rich/__pycache__) by extension 'python_setup_py'
[1.892s] Level 1:colcon.colcon_core.package_identification:_identify(LCD_web/portamail_ui/venv/lib/python3.12/site-packages/pip/_vendor/tenacity) by extensions ['ignore', 'ignore_ament_install']
[1.894s] Level 1:colcon.colcon_core.package_identification:_identify(LCD_web/portamail_ui/venv/lib/python3.12/site-packages/pip/_vendor/tenacity) by extension 'ignore'
[1.895s] Level 1:colcon.colcon_core.package_identification:_identify(LCD_web/portamail_ui/venv/lib/python3.12/site-packages/pip/_vendor/tenacity) by extension 'ignore_ament_install'
[1.895s] Level 1:colcon.colcon_core.package_identification:_identify(LCD_web/portamail_ui/venv/lib/python3.12/site-packages/pip/_vendor/tenacity) by extensions ['colcon_pkg']
[1.896s] Level 1:colcon.colcon_core.package_identification:_identify(LCD_web/portamail_ui/venv/lib/python3.12/site-packages/pip/_vendor/tenacity) by extension 'colcon_pkg'
[1.896s] Level 1:colcon.colcon_core.package_identification:_identify(LCD_web/portamail_ui/venv/lib/python3.12/site-packages/pip/_vendor/tenacity) by extensions ['colcon_meta']
[1.896s] Level 1:colcon.colcon_core.package_identification:_identify(LCD_web/portamail_ui/venv/lib/python3.12/site-packages/pip/_vendor/tenacity) by extension 'colcon_meta'
[1.896s] Level 1:colcon.colcon_core.package_identification:_identify(LCD_web/portamail_ui/venv/lib/python3.12/site-packages/pip/_vendor/tenacity) by extensions ['ros']
[1.896s] Level 1:colcon.colcon_core.package_identification:_identify(LCD_web/portamail_ui/venv/lib/python3.12/site-packages/pip/_vendor/tenacity) by extension 'ros'
[1.897s] Level 1:colcon.colcon_core.package_identification:_identify(LCD_web/portamail_ui/venv/lib/python3.12/site-packages/pip/_vendor/tenacity) by extensions ['cmake', 'python']
[1.897s] Level 1:colcon.colcon_core.package_identification:_identify(LCD_web/portamail_ui/venv/lib/python3.12/site-packages/pip/_vendor/tenacity) by extension 'cmake'
[1.897s] Level 1:colcon.colcon_core.package_identification:_identify(LCD_web/portamail_ui/venv/lib/python3.12/site-packages/pip/_vendor/tenacity) by extension 'python'
[1.897s] Level 1:colcon.colcon_core.package_identification:_identify(LCD_web/portamail_ui/venv/lib/python3.12/site-packages/pip/_vendor/tenacity) by extensions ['python_setup_py']
[1.897s] Level 1:colcon.colcon_core.package_identification:_identify(LCD_web/portamail_ui/venv/lib/python3.12/site-packages/pip/_vendor/tenacity) by extension 'python_setup_py'
[1.898s] Level 1:colcon.colcon_core.package_identification:_identify(LCD_web/portamail_ui/venv/lib/python3.12/site-packages/pip/_vendor/tenacity/__pycache__) by extensions ['ignore', 'ignore_ament_install']
[1.899s] Level 1:colcon.colcon_core.package_identification:_identify(LCD_web/portamail_ui/venv/lib/python3.12/site-packages/pip/_vendor/tenacity/__pycache__) by extension 'ignore'
[1.901s] Level 1:colcon.colcon_core.package_identification:_identify(LCD_web/portamail_ui/venv/lib/python3.12/site-packages/pip/_vendor/tenacity/__pycache__) by extension 'ignore_ament_install'
[1.905s] Level 1:colcon.colcon_core.package_identification:_identify(LCD_web/portamail_ui/venv/lib/python3.12/site-packages/pip/_vendor/tenacity/__pycache__) by extensions ['colcon_pkg']
[1.905s] Level 1:colcon.colcon_core.package_identification:_identify(LCD_web/portamail_ui/venv/lib/python3.12/site-packages/pip/_vendor/tenacity/__pycache__) by extension 'colcon_pkg'
[1.905s] Level 1:colcon.colcon_core.package_identification:_identify(LCD_web/portamail_ui/venv/lib/python3.12/site-packages/pip/_vendor/tenacity/__pycache__) by extensions ['colcon_meta']
[1.905s] Level 1:colcon.colcon_core.package_identification:_identify(LCD_web/portamail_ui/venv/lib/python3.12/site-packages/pip/_vendor/tenacity/__pycache__) by extension 'colcon_meta'
[1.906s] Level 1:colcon.colcon_core.package_identification:_identify(LCD_web/portamail_ui/venv/lib/python3.12/site-packages/pip/_vendor/tenacity/__pycache__) by extensions ['ros']
[1.906s] Level 1:colcon.colcon_core.package_identification:_identify(LCD_web/portamail_ui/venv/lib/python3.12/site-packages/pip/_vendor/tenacity/__pycache__) by extension 'ros'
[1.906s] Level 1:colcon.colcon_core.package_identification:_identify(LCD_web/portamail_ui/venv/lib/python3.12/site-packages/pip/_vendor/tenacity/__pycache__) by extensions ['cmake', 'python']
[1.906s] Level 1:colcon.colcon_core.package_identification:_identify(LCD_web/portamail_ui/venv/lib/python3.12/site-packages/pip/_vendor/tenacity/__pycache__) by extension 'cmake'
[1.906s] Level 1:colcon.colcon_core.package_identification:_identify(LCD_web/portamail_ui/venv/lib/python3.12/site-packages/pip/_vendor/tenacity/__pycache__) by extension 'python'
[1.907s] Level 1:colcon.colcon_core.package_identification:_identify(LCD_web/portamail_ui/venv/lib/python3.12/site-packages/pip/_vendor/tenacity/__pycache__) by extensions ['python_setup_py']
[1.907s] Level 1:colcon.colcon_core.package_identification:_identify(LCD_web/portamail_ui/venv/lib/python3.12/site-packages/pip/_vendor/tenacity/__pycache__) by extension 'python_setup_py'
[1.911s] Level 1:colcon.colcon_core.package_identification:_identify(LCD_web/portamail_ui/venv/lib/python3.12/site-packages/pip/_vendor/tomli) by extensions ['ignore', 'ignore_ament_install']
[1.911s] Level 1:colcon.colcon_core.package_identification:_identify(LCD_web/portamail_ui/venv/lib/python3.12/site-packages/pip/_vendor/tomli) by extension 'ignore'
[1.911s] Level 1:colcon.colcon_core.package_identification:_identify(LCD_web/portamail_ui/venv/lib/python3.12/site-packages/pip/_vendor/tomli) by extension 'ignore_ament_install'
[1.912s] Level 1:colcon.colcon_core.package_identification:_identify(LCD_web/portamail_ui/venv/lib/python3.12/site-packages/pip/_vendor/tomli) by extensions ['colcon_pkg']
[1.912s] Level 1:colcon.colcon_core.package_identification:_identify(LCD_web/portamail_ui/venv/lib/python3.12/site-packages/pip/_vendor/tomli) by extension 'colcon_pkg'
[1.912s] Level 1:colcon.colcon_core.package_identification:_identify(LCD_web/portamail_ui/venv/lib/python3.12/site-packages/pip/_vendor/tomli) by extensions ['colcon_meta']
[1.912s] Level 1:colcon.colcon_core.package_identification:_identify(LCD_web/portamail_ui/venv/lib/python3.12/site-packages/pip/_vendor/tomli) by extension 'colcon_meta'
[1.912s] Level 1:colcon.colcon_core.package_identification:_identify(LCD_web/portamail_ui/venv/lib/python3.12/site-packages/pip/_vendor/tomli) by extensions ['ros']
[1.912s] Level 1:colcon.colcon_core.package_identification:_identify(LCD_web/portamail_ui/venv/lib/python3.12/site-packages/pip/_vendor/tomli) by extension 'ros'
[1.913s] Level 1:colcon.colcon_core.package_identification:_identify(LCD_web/portamail_ui/venv/lib/python3.12/site-packages/pip/_vendor/tomli) by extensions ['cmake', 'python']
[1.916s] Level 1:colcon.colcon_core.package_identification:_identify(LCD_web/portamail_ui/venv/lib/python3.12/site-packages/pip/_vendor/tomli) by extension 'cmake'
[1.916s] Level 1:colcon.colcon_core.package_identification:_identify(LCD_web/portamail_ui/venv/lib/python3.12/site-packages/pip/_vendor/tomli) by extension 'python'
[1.917s] Level 1:colcon.colcon_core.package_identification:_identify(LCD_web/portamail_ui/venv/lib/python3.12/site-packages/pip/_vendor/tomli) by extensions ['python_setup_py']
[1.917s] Level 1:colcon.colcon_core.package_identification:_identify(LCD_web/portamail_ui/venv/lib/python3.12/site-packages/pip/_vendor/tomli) by extension 'python_setup_py'
[1.917s] Level 1:colcon.colcon_core.package_identification:_identify(LCD_web/portamail_ui/venv/lib/python3.12/site-packages/pip/_vendor/tomli/__pycache__) by extensions ['ignore', 'ignore_ament_install']
[1.917s] Level 1:colcon.colcon_core.package_identification:_identify(LCD_web/portamail_ui/venv/lib/python3.12/site-packages/pip/_vendor/tomli/__pycache__) by extension 'ignore'
[1.917s] Level 1:colcon.colcon_core.package_identification:_identify(LCD_web/portamail_ui/venv/lib/python3.12/site-packages/pip/_vendor/tomli/__pycache__) by extension 'ignore_ament_install'
[1.917s] Level 1:colcon.colcon_core.package_identification:_identify(LCD_web/portamail_ui/venv/lib/python3.12/site-packages/pip/_vendor/tomli/__pycache__) by extensions ['colcon_pkg']
[1.917s] Level 1:colcon.colcon_core.package_identification:_identify(LCD_web/portamail_ui/venv/lib/python3.12/site-packages/pip/_vendor/tomli/__pycache__) by extension 'colcon_pkg'
[1.917s] Level 1:colcon.colcon_core.package_identification:_identify(LCD_web/portamail_ui/venv/lib/python3.12/site-packages/pip/_vendor/tomli/__pycache__) by extensions ['colcon_meta']
[1.917s] Level 1:colcon.colcon_core.package_identification:_identify(LCD_web/portamail_ui/venv/lib/python3.12/site-packages/pip/_vendor/tomli/__pycache__) by extension 'colcon_meta'
[1.918s] Level 1:colcon.colcon_core.package_identification:_identify(LCD_web/portamail_ui/venv/lib/python3.12/site-packages/pip/_vendor/tomli/__pycache__) by extensions ['ros']
[1.918s] Level 1:colcon.colcon_core.package_identification:_identify(LCD_web/portamail_ui/venv/lib/python3.12/site-packages/pip/_vendor/tomli/__pycache__) by extension 'ros'
[1.918s] Level 1:colcon.colcon_core.package_identification:_identify(LCD_web/portamail_ui/venv/lib/python3.12/site-packages/pip/_vendor/tomli/__pycache__) by extensions ['cmake', 'python']
[1.918s] Level 1:colcon.colcon_core.package_identification:_identify(LCD_web/portamail_ui/venv/lib/python3.12/site-packages/pip/_vendor/tomli/__pycache__) by extension 'cmake'
[1.918s] Level 1:colcon.colcon_core.package_identification:_identify(LCD_web/portamail_ui/venv/lib/python3.12/site-packages/pip/_vendor/tomli/__pycache__) by extension 'python'
[1.918s] Level 1:colcon.colcon_core.package_identification:_identify(LCD_web/portamail_ui/venv/lib/python3.12/site-packages/pip/_vendor/tomli/__pycache__) by extensions ['python_setup_py']
[1.918s] Level 1:colcon.colcon_core.package_identification:_identify(LCD_web/portamail_ui/venv/lib/python3.12/site-packages/pip/_vendor/tomli/__pycache__) by extension 'python_setup_py'
[1.918s] Level 1:colcon.colcon_core.package_identification:_identify(LCD_web/portamail_ui/venv/lib/python3.12/site-packages/pip/_vendor/truststore) by extensions ['ignore', 'ignore_ament_install']
[1.918s] Level 1:colcon.colcon_core.package_identification:_identify(LCD_web/portamail_ui/venv/lib/python3.12/site-packages/pip/_vendor/truststore) by extension 'ignore'
[1.919s] Level 1:colcon.colcon_core.package_identification:_identify(LCD_web/portamail_ui/venv/lib/python3.12/site-packages/pip/_vendor/truststore) by extension 'ignore_ament_install'
[1.919s] Level 1:colcon.colcon_core.package_identification:_identify(LCD_web/portamail_ui/venv/lib/python3.12/site-packages/pip/_vendor/truststore) by extensions ['colcon_pkg']
[1.919s] Level 1:colcon.colcon_core.package_identification:_identify(LCD_web/portamail_ui/venv/lib/python3.12/site-packages/pip/_vendor/truststore) by extension 'colcon_pkg'
[1.919s] Level 1:colcon.colcon_core.package_identification:_identify(LCD_web/portamail_ui/venv/lib/python3.12/site-packages/pip/_vendor/truststore) by extensions ['colcon_meta']
[1.919s] Level 1:colcon.colcon_core.package_identification:_identify(LCD_web/portamail_ui/venv/lib/python3.12/site-packages/pip/_vendor/truststore) by extension 'colcon_meta'
[1.919s] Level 1:colcon.colcon_core.package_identification:_identify(LCD_web/portamail_ui/venv/lib/python3.12/site-packages/pip/_vendor/truststore) by extensions ['ros']
[1.919s] Level 1:colcon.colcon_core.package_identification:_identify(LCD_web/portamail_ui/venv/lib/python3.12/site-packages/pip/_vendor/truststore) by extension 'ros'
[1.919s] Level 1:colcon.colcon_core.package_identification:_identify(LCD_web/portamail_ui/venv/lib/python3.12/site-packages/pip/_vendor/truststore) by extensions ['cmake', 'python']
[1.919s] Level 1:colcon.colcon_core.package_identification:_identify(LCD_web/portamail_ui/venv/lib/python3.12/site-packages/pip/_vendor/truststore) by extension 'cmake'
[1.919s] Level 1:colcon.colcon_core.package_identification:_identify(LCD_web/portamail_ui/venv/lib/python3.12/site-packages/pip/_vendor/truststore) by extension 'python'
[1.919s] Level 1:colcon.colcon_core.package_identification:_identify(LCD_web/portamail_ui/venv/lib/python3.12/site-packages/pip/_vendor/truststore) by extensions ['python_setup_py']
[1.919s] Level 1:colcon.colcon_core.package_identification:_identify(LCD_web/portamail_ui/venv/lib/python3.12/site-packages/pip/_vendor/truststore) by extension 'python_setup_py'
[1.920s] Level 1:colcon.colcon_core.package_identification:_identify(LCD_web/portamail_ui/venv/lib/python3.12/site-packages/pip/_vendor/truststore/__pycache__) by extensions ['ignore', 'ignore_ament_install']
[1.920s] Level 1:colcon.colcon_core.package_identification:_identify(LCD_web/portamail_ui/venv/lib/python3.12/site-packages/pip/_vendor/truststore/__pycache__) by extension 'ignore'
[1.920s] Level 1:colcon.colcon_core.package_identification:_identify(LCD_web/portamail_ui/venv/lib/python3.12/site-packages/pip/_vendor/truststore/__pycache__) by extension 'ignore_ament_install'
[1.920s] Level 1:colcon.colcon_core.package_identification:_identify(LCD_web/portamail_ui/venv/lib/python3.12/site-packages/pip/_vendor/truststore/__pycache__) by extensions ['colcon_pkg']
[1.920s] Level 1:colcon.colcon_core.package_identification:_identify(LCD_web/portamail_ui/venv/lib/python3.12/site-packages/pip/_vendor/truststore/__pycache__) by extension 'colcon_pkg'
[1.920s] Level 1:colcon.colcon_core.package_identification:_identify(LCD_web/portamail_ui/venv/lib/python3.12/site-packages/pip/_vendor/truststore/__pycache__) by extensions ['colcon_meta']
[1.920s] Level 1:colcon.colcon_core.package_identification:_identify(LCD_web/portamail_ui/venv/lib/python3.12/site-packages/pip/_vendor/truststore/__pycache__) by extension 'colcon_meta'
[1.920s] Level 1:colcon.colcon_core.package_identification:_identify(LCD_web/portamail_ui/venv/lib/python3.12/site-packages/pip/_vendor/truststore/__pycache__) by extensions ['ros']
[1.920s] Level 1:colcon.colcon_core.package_identification:_identify(LCD_web/portamail_ui/venv/lib/python3.12/site-packages/pip/_vendor/truststore/__pycache__) by extension 'ros'
[1.921s] Level 1:colcon.colcon_core.package_identification:_identify(LCD_web/portamail_ui/venv/lib/python3.12/site-packages/pip/_vendor/truststore/__pycache__) by extensions ['cmake', 'python']
[1.921s] Level 1:colcon.colcon_core.package_identification:_identify(LCD_web/portamail_ui/venv/lib/python3.12/site-packages/pip/_vendor/truststore/__pycache__) by extension 'cmake'
[1.921s] Level 1:colcon.colcon_core.package_identification:_identify(LCD_web/portamail_ui/venv/lib/python3.12/site-packages/pip/_vendor/truststore/__pycache__) by extension 'python'
[1.921s] Level 1:colcon.colcon_core.package_identification:_identify(LCD_web/portamail_ui/venv/lib/python3.12/site-packages/pip/_vendor/truststore/__pycache__) by extensions ['python_setup_py']
[1.921s] Level 1:colcon.colcon_core.package_identification:_identify(LCD_web/portamail_ui/venv/lib/python3.12/site-packages/pip/_vendor/truststore/__pycache__) by extension 'python_setup_py'
[1.921s] Level 1:colcon.colcon_core.package_identification:_identify(LCD_web/portamail_ui/venv/lib/python3.12/site-packages/pip/_vendor/urllib3) by extensions ['ignore', 'ignore_ament_install']
[1.921s] Level 1:colcon.colcon_core.package_identification:_identify(LCD_web/portamail_ui/venv/lib/python3.12/site-packages/pip/_vendor/urllib3) by extension 'ignore'
[1.921s] Level 1:colcon.colcon_core.package_identification:_identify(LCD_web/portamail_ui/venv/lib/python3.12/site-packages/pip/_vendor/urllib3) by extension 'ignore_ament_install'
[1.921s] Level 1:colcon.colcon_core.package_identification:_identify(LCD_web/portamail_ui/venv/lib/python3.12/site-packages/pip/_vendor/urllib3) by extensions ['colcon_pkg']
[1.922s] Level 1:colcon.colcon_core.package_identification:_identify(LCD_web/portamail_ui/venv/lib/python3.12/site-packages/pip/_vendor/urllib3) by extension 'colcon_pkg'
[1.922s] Level 1:colcon.colcon_core.package_identification:_identify(LCD_web/portamail_ui/venv/lib/python3.12/site-packages/pip/_vendor/urllib3) by extensions ['colcon_meta']
[1.922s] Level 1:colcon.colcon_core.package_identification:_identify(LCD_web/portamail_ui/venv/lib/python3.12/site-packages/pip/_vendor/urllib3) by extension 'colcon_meta'
[1.922s] Level 1:colcon.colcon_core.package_identification:_identify(LCD_web/portamail_ui/venv/lib/python3.12/site-packages/pip/_vendor/urllib3) by extensions ['ros']
[1.922s] Level 1:colcon.colcon_core.package_identification:_identify(LCD_web/portamail_ui/venv/lib/python3.12/site-packages/pip/_vendor/urllib3) by extension 'ros'
[1.922s] Level 1:colcon.colcon_core.package_identification:_identify(LCD_web/portamail_ui/venv/lib/python3.12/site-packages/pip/_vendor/urllib3) by extensions ['cmake', 'python']
[1.922s] Level 1:colcon.colcon_core.package_identification:_identify(LCD_web/portamail_ui/venv/lib/python3.12/site-packages/pip/_vendor/urllib3) by extension 'cmake'
[1.922s] Level 1:colcon.colcon_core.package_identification:_identify(LCD_web/portamail_ui/venv/lib/python3.12/site-packages/pip/_vendor/urllib3) by extension 'python'
[1.922s] Level 1:colcon.colcon_core.package_identification:_identify(LCD_web/portamail_ui/venv/lib/python3.12/site-packages/pip/_vendor/urllib3) by extensions ['python_setup_py']
[1.922s] Level 1:colcon.colcon_core.package_identification:_identify(LCD_web/portamail_ui/venv/lib/python3.12/site-packages/pip/_vendor/urllib3) by extension 'python_setup_py'
[1.922s] Level 1:colcon.colcon_core.package_identification:_identify(LCD_web/portamail_ui/venv/lib/python3.12/site-packages/pip/_vendor/urllib3/__pycache__) by extensions ['ignore', 'ignore_ament_install']
[1.923s] Level 1:colcon.colcon_core.package_identification:_identify(LCD_web/portamail_ui/venv/lib/python3.12/site-packages/pip/_vendor/urllib3/__pycache__) by extension 'ignore'
[1.923s] Level 1:colcon.colcon_core.package_identification:_identify(LCD_web/portamail_ui/venv/lib/python3.12/site-packages/pip/_vendor/urllib3/__pycache__) by extension 'ignore_ament_install'
[1.923s] Level 1:colcon.colcon_core.package_identification:_identify(LCD_web/portamail_ui/venv/lib/python3.12/site-packages/pip/_vendor/urllib3/__pycache__) by extensions ['colcon_pkg']
[1.923s] Level 1:colcon.colcon_core.package_identification:_identify(LCD_web/portamail_ui/venv/lib/python3.12/site-packages/pip/_vendor/urllib3/__pycache__) by extension 'colcon_pkg'
[1.923s] Level 1:colcon.colcon_core.package_identification:_identify(LCD_web/portamail_ui/venv/lib/python3.12/site-packages/pip/_vendor/urllib3/__pycache__) by extensions ['colcon_meta']
[1.923s] Level 1:colcon.colcon_core.package_identification:_identify(LCD_web/portamail_ui/venv/lib/python3.12/site-packages/pip/_vendor/urllib3/__pycache__) by extension 'colcon_meta'
[1.923s] Level 1:colcon.colcon_core.package_identification:_identify(LCD_web/portamail_ui/venv/lib/python3.12/site-packages/pip/_vendor/urllib3/__pycache__) by extensions ['ros']
[1.923s] Level 1:colcon.colcon_core.package_identification:_identify(LCD_web/portamail_ui/venv/lib/python3.12/site-packages/pip/_vendor/urllib3/__pycache__) by extension 'ros'
[1.924s] Level 1:colcon.colcon_core.package_identification:_identify(LCD_web/portamail_ui/venv/lib/python3.12/site-packages/pip/_vendor/urllib3/__pycache__) by extensions ['cmake', 'python']
[1.924s] Level 1:colcon.colcon_core.package_identification:_identify(LCD_web/portamail_ui/venv/lib/python3.12/site-packages/pip/_vendor/urllib3/__pycache__) by extension 'cmake'
[1.924s] Level 1:colcon.colcon_core.package_identification:_identify(LCD_web/portamail_ui/venv/lib/python3.12/site-packages/pip/_vendor/urllib3/__pycache__) by extension 'python'
[1.924s] Level 1:colcon.colcon_core.package_identification:_identify(LCD_web/portamail_ui/venv/lib/python3.12/site-packages/pip/_vendor/urllib3/__pycache__) by extensions ['python_setup_py']
[1.924s] Level 1:colcon.colcon_core.package_identification:_identify(LCD_web/portamail_ui/venv/lib/python3.12/site-packages/pip/_vendor/urllib3/__pycache__) by extension 'python_setup_py'
[1.924s] Level 1:colcon.colcon_core.package_identification:_identify(LCD_web/portamail_ui/venv/lib/python3.12/site-packages/pip/_vendor/urllib3/contrib) by extensions ['ignore', 'ignore_ament_install']
[1.924s] Level 1:colcon.colcon_core.package_identification:_identify(LCD_web/portamail_ui/venv/lib/python3.12/site-packages/pip/_vendor/urllib3/contrib) by extension 'ignore'
[1.924s] Level 1:colcon.colcon_core.package_identification:_identify(LCD_web/portamail_ui/venv/lib/python3.12/site-packages/pip/_vendor/urllib3/contrib) by extension 'ignore_ament_install'
[1.924s] Level 1:colcon.colcon_core.package_identification:_identify(LCD_web/portamail_ui/venv/lib/python3.12/site-packages/pip/_vendor/urllib3/contrib) by extensions ['colcon_pkg']
[1.924s] Level 1:colcon.colcon_core.package_identification:_identify(LCD_web/portamail_ui/venv/lib/python3.12/site-packages/pip/_vendor/urllib3/contrib) by extension 'colcon_pkg'
[1.925s] Level 1:colcon.colcon_core.package_identification:_identify(LCD_web/portamail_ui/venv/lib/python3.12/site-packages/pip/_vendor/urllib3/contrib) by extensions ['colcon_meta']
[1.925s] Level 1:colcon.colcon_core.package_identification:_identify(LCD_web/portamail_ui/venv/lib/python3.12/site-packages/pip/_vendor/urllib3/contrib) by extension 'colcon_meta'
[1.925s] Level 1:colcon.colcon_core.package_identification:_identify(LCD_web/portamail_ui/venv/lib/python3.12/site-packages/pip/_vendor/urllib3/contrib) by extensions ['ros']
[1.925s] Level 1:colcon.colcon_core.package_identification:_identify(LCD_web/portamail_ui/venv/lib/python3.12/site-packages/pip/_vendor/urllib3/contrib) by extension 'ros'
[1.925s] Level 1:colcon.colcon_core.package_identification:_identify(LCD_web/portamail_ui/venv/lib/python3.12/site-packages/pip/_vendor/urllib3/contrib) by extensions ['cmake', 'python']
[1.925s] Level 1:colcon.colcon_core.package_identification:_identify(LCD_web/portamail_ui/venv/lib/python3.12/site-packages/pip/_vendor/urllib3/contrib) by extension 'cmake'
[1.925s] Level 1:colcon.colcon_core.package_identification:_identify(LCD_web/portamail_ui/venv/lib/python3.12/site-packages/pip/_vendor/urllib3/contrib) by extension 'python'
[1.925s] Level 1:colcon.colcon_core.package_identification:_identify(LCD_web/portamail_ui/venv/lib/python3.12/site-packages/pip/_vendor/urllib3/contrib) by extensions ['python_setup_py']
[1.925s] Level 1:colcon.colcon_core.package_identification:_identify(LCD_web/portamail_ui/venv/lib/python3.12/site-packages/pip/_vendor/urllib3/contrib) by extension 'python_setup_py'
[1.925s] Level 1:colcon.colcon_core.package_identification:_identify(LCD_web/portamail_ui/venv/lib/python3.12/site-packages/pip/_vendor/urllib3/contrib/__pycache__) by extensions ['ignore', 'ignore_ament_install']
[1.925s] Level 1:colcon.colcon_core.package_identification:_identify(LCD_web/portamail_ui/venv/lib/python3.12/site-packages/pip/_vendor/urllib3/contrib/__pycache__) by extension 'ignore'
[1.925s] Level 1:colcon.colcon_core.package_identification:_identify(LCD_web/portamail_ui/venv/lib/python3.12/site-packages/pip/_vendor/urllib3/contrib/__pycache__) by extension 'ignore_ament_install'
[1.926s] Level 1:colcon.colcon_core.package_identification:_identify(LCD_web/portamail_ui/venv/lib/python3.12/site-packages/pip/_vendor/urllib3/contrib/__pycache__) by extensions ['colcon_pkg']
[1.926s] Level 1:colcon.colcon_core.package_identification:_identify(LCD_web/portamail_ui/venv/lib/python3.12/site-packages/pip/_vendor/urllib3/contrib/__pycache__) by extension 'colcon_pkg'
[1.926s] Level 1:colcon.colcon_core.package_identification:_identify(LCD_web/portamail_ui/venv/lib/python3.12/site-packages/pip/_vendor/urllib3/contrib/__pycache__) by extensions ['colcon_meta']
[1.926s] Level 1:colcon.colcon_core.package_identification:_identify(LCD_web/portamail_ui/venv/lib/python3.12/site-packages/pip/_vendor/urllib3/contrib/__pycache__) by extension 'colcon_meta'
[1.926s] Level 1:colcon.colcon_core.package_identification:_identify(LCD_web/portamail_ui/venv/lib/python3.12/site-packages/pip/_vendor/urllib3/contrib/__pycache__) by extensions ['ros']
[1.926s] Level 1:colcon.colcon_core.package_identification:_identify(LCD_web/portamail_ui/venv/lib/python3.12/site-packages/pip/_vendor/urllib3/contrib/__pycache__) by extension 'ros'
[1.926s] Level 1:colcon.colcon_core.package_identification:_identify(LCD_web/portamail_ui/venv/lib/python3.12/site-packages/pip/_vendor/urllib3/contrib/__pycache__) by extensions ['cmake', 'python']
[1.926s] Level 1:colcon.colcon_core.package_identification:_identify(LCD_web/portamail_ui/venv/lib/python3.12/site-packages/pip/_vendor/urllib3/contrib/__pycache__) by extension 'cmake'
[1.926s] Level 1:colcon.colcon_core.package_identification:_identify(LCD_web/portamail_ui/venv/lib/python3.12/site-packages/pip/_vendor/urllib3/contrib/__pycache__) by extension 'python'
[1.926s] Level 1:colcon.colcon_core.package_identification:_identify(LCD_web/portamail_ui/venv/lib/python3.12/site-packages/pip/_vendor/urllib3/contrib/__pycache__) by extensions ['python_setup_py']
[1.926s] Level 1:colcon.colcon_core.package_identification:_identify(LCD_web/portamail_ui/venv/lib/python3.12/site-packages/pip/_vendor/urllib3/contrib/__pycache__) by extension 'python_setup_py'
[1.927s] Level 1:colcon.colcon_core.package_identification:_identify(LCD_web/portamail_ui/venv/lib/python3.12/site-packages/pip/_vendor/urllib3/contrib/_securetransport) by extensions ['ignore', 'ignore_ament_install']
[1.927s] Level 1:colcon.colcon_core.package_identification:_identify(LCD_web/portamail_ui/venv/lib/python3.12/site-packages/pip/_vendor/urllib3/contrib/_securetransport) by extension 'ignore'
[1.927s] Level 1:colcon.colcon_core.package_identification:_identify(LCD_web/portamail_ui/venv/lib/python3.12/site-packages/pip/_vendor/urllib3/contrib/_securetransport) by extension 'ignore_ament_install'
[1.927s] Level 1:colcon.colcon_core.package_identification:_identify(LCD_web/portamail_ui/venv/lib/python3.12/site-packages/pip/_vendor/urllib3/contrib/_securetransport) by extensions ['colcon_pkg']
[1.927s] Level 1:colcon.colcon_core.package_identification:_identify(LCD_web/portamail_ui/venv/lib/python3.12/site-packages/pip/_vendor/urllib3/contrib/_securetransport) by extension 'colcon_pkg'
[1.927s] Level 1:colcon.colcon_core.package_identification:_identify(LCD_web/portamail_ui/venv/lib/python3.12/site-packages/pip/_vendor/urllib3/contrib/_securetransport) by extensions ['colcon_meta']
[1.927s] Level 1:colcon.colcon_core.package_identification:_identify(LCD_web/portamail_ui/venv/lib/python3.12/site-packages/pip/_vendor/urllib3/contrib/_securetransport) by extension 'colcon_meta'
[1.927s] Level 1:colcon.colcon_core.package_identification:_identify(LCD_web/portamail_ui/venv/lib/python3.12/site-packages/pip/_vendor/urllib3/contrib/_securetransport) by extensions ['ros']
[1.927s] Level 1:colcon.colcon_core.package_identification:_identify(LCD_web/portamail_ui/venv/lib/python3.12/site-packages/pip/_vendor/urllib3/contrib/_securetransport) by extension 'ros'
[1.928s] Level 1:colcon.colcon_core.package_identification:_identify(LCD_web/portamail_ui/venv/lib/python3.12/site-packages/pip/_vendor/urllib3/contrib/_securetransport) by extensions ['cmake', 'python']
[1.928s] Level 1:colcon.colcon_core.package_identification:_identify(LCD_web/portamail_ui/venv/lib/python3.12/site-packages/pip/_vendor/urllib3/contrib/_securetransport) by extension 'cmake'
[1.928s] Level 1:colcon.colcon_core.package_identification:_identify(LCD_web/portamail_ui/venv/lib/python3.12/site-packages/pip/_vendor/urllib3/contrib/_securetransport) by extension 'python'
[1.928s] Level 1:colcon.colcon_core.package_identification:_identify(LCD_web/portamail_ui/venv/lib/python3.12/site-packages/pip/_vendor/urllib3/contrib/_securetransport) by extensions ['python_setup_py']
[1.928s] Level 1:colcon.colcon_core.package_identification:_identify(LCD_web/portamail_ui/venv/lib/python3.12/site-packages/pip/_vendor/urllib3/contrib/_securetransport) by extension 'python_setup_py'
[1.928s] Level 1:colcon.colcon_core.package_identification:_identify(LCD_web/portamail_ui/venv/lib/python3.12/site-packages/pip/_vendor/urllib3/contrib/_securetransport/__pycache__) by extensions ['ignore', 'ignore_ament_install']
[1.928s] Level 1:colcon.colcon_core.package_identification:_identify(LCD_web/portamail_ui/venv/lib/python3.12/site-packages/pip/_vendor/urllib3/contrib/_securetransport/__pycache__) by extension 'ignore'
[1.929s] Level 1:colcon.colcon_core.package_identification:_identify(LCD_web/portamail_ui/venv/lib/python3.12/site-packages/pip/_vendor/urllib3/contrib/_securetransport/__pycache__) by extension 'ignore_ament_install'
[1.929s] Level 1:colcon.colcon_core.package_identification:_identify(LCD_web/portamail_ui/venv/lib/python3.12/site-packages/pip/_vendor/urllib3/contrib/_securetransport/__pycache__) by extensions ['colcon_pkg']
[1.929s] Level 1:colcon.colcon_core.package_identification:_identify(LCD_web/portamail_ui/venv/lib/python3.12/site-packages/pip/_vendor/urllib3/contrib/_securetransport/__pycache__) by extension 'colcon_pkg'
[1.929s] Level 1:colcon.colcon_core.package_identification:_identify(LCD_web/portamail_ui/venv/lib/python3.12/site-packages/pip/_vendor/urllib3/contrib/_securetransport/__pycache__) by extensions ['colcon_meta']
[1.929s] Level 1:colcon.colcon_core.package_identification:_identify(LCD_web/portamail_ui/venv/lib/python3.12/site-packages/pip/_vendor/urllib3/contrib/_securetransport/__pycache__) by extension 'colcon_meta'
[1.930s] Level 1:colcon.colcon_core.package_identification:_identify(LCD_web/portamail_ui/venv/lib/python3.12/site-packages/pip/_vendor/urllib3/contrib/_securetransport/__pycache__) by extensions ['ros']
[1.930s] Level 1:colcon.colcon_core.package_identification:_identify(LCD_web/portamail_ui/venv/lib/python3.12/site-packages/pip/_vendor/urllib3/contrib/_securetransport/__pycache__) by extension 'ros'
[1.930s] Level 1:colcon.colcon_core.package_identification:_identify(LCD_web/portamail_ui/venv/lib/python3.12/site-packages/pip/_vendor/urllib3/contrib/_securetransport/__pycache__) by extensions ['cmake', 'python']
[1.930s] Level 1:colcon.colcon_core.package_identification:_identify(LCD_web/portamail_ui/venv/lib/python3.12/site-packages/pip/_vendor/urllib3/contrib/_securetransport/__pycache__) by extension 'cmake'
[1.931s] Level 1:colcon.colcon_core.package_identification:_identify(LCD_web/portamail_ui/venv/lib/python3.12/site-packages/pip/_vendor/urllib3/contrib/_securetransport/__pycache__) by extension 'python'
[1.931s] Level 1:colcon.colcon_core.package_identification:_identify(LCD_web/portamail_ui/venv/lib/python3.12/site-packages/pip/_vendor/urllib3/contrib/_securetransport/__pycache__) by extensions ['python_setup_py']
[1.931s] Level 1:colcon.colcon_core.package_identification:_identify(LCD_web/portamail_ui/venv/lib/python3.12/site-packages/pip/_vendor/urllib3/contrib/_securetransport/__pycache__) by extension 'python_setup_py'
[1.932s] Level 1:colcon.colcon_core.package_identification:_identify(LCD_web/portamail_ui/venv/lib/python3.12/site-packages/pip/_vendor/urllib3/packages) by extensions ['ignore', 'ignore_ament_install']
[1.933s] Level 1:colcon.colcon_core.package_identification:_identify(LCD_web/portamail_ui/venv/lib/python3.12/site-packages/pip/_vendor/urllib3/packages) by extension 'ignore'
[1.938s] Level 1:colcon.colcon_core.package_identification:_identify(LCD_web/portamail_ui/venv/lib/python3.12/site-packages/pip/_vendor/urllib3/packages) by extension 'ignore_ament_install'
[1.941s] Level 1:colcon.colcon_core.package_identification:_identify(LCD_web/portamail_ui/venv/lib/python3.12/site-packages/pip/_vendor/urllib3/packages) by extensions ['colcon_pkg']
[1.941s] Level 1:colcon.colcon_core.package_identification:_identify(LCD_web/portamail_ui/venv/lib/python3.12/site-packages/pip/_vendor/urllib3/packages) by extension 'colcon_pkg'
[1.942s] Level 1:colcon.colcon_core.package_identification:_identify(LCD_web/portamail_ui/venv/lib/python3.12/site-packages/pip/_vendor/urllib3/packages) by extensions ['colcon_meta']
[1.943s] Level 1:colcon.colcon_core.package_identification:_identify(LCD_web/portamail_ui/venv/lib/python3.12/site-packages/pip/_vendor/urllib3/packages) by extension 'colcon_meta'
[1.943s] Level 1:colcon.colcon_core.package_identification:_identify(LCD_web/portamail_ui/venv/lib/python3.12/site-packages/pip/_vendor/urllib3/packages) by extensions ['ros']
[1.943s] Level 1:colcon.colcon_core.package_identification:_identify(LCD_web/portamail_ui/venv/lib/python3.12/site-packages/pip/_vendor/urllib3/packages) by extension 'ros'
[1.945s] Level 1:colcon.colcon_core.package_identification:_identify(LCD_web/portamail_ui/venv/lib/python3.12/site-packages/pip/_vendor/urllib3/packages) by extensions ['cmake', 'python']
[1.945s] Level 1:colcon.colcon_core.package_identification:_identify(LCD_web/portamail_ui/venv/lib/python3.12/site-packages/pip/_vendor/urllib3/packages) by extension 'cmake'
[1.945s] Level 1:colcon.colcon_core.package_identification:_identify(LCD_web/portamail_ui/venv/lib/python3.12/site-packages/pip/_vendor/urllib3/packages) by extension 'python'
[1.946s] Level 1:colcon.colcon_core.package_identification:_identify(LCD_web/portamail_ui/venv/lib/python3.12/site-packages/pip/_vendor/urllib3/packages) by extensions ['python_setup_py']
[1.946s] Level 1:colcon.colcon_core.package_identification:_identify(LCD_web/portamail_ui/venv/lib/python3.12/site-packages/pip/_vendor/urllib3/packages) by extension 'python_setup_py'
[1.948s] Level 1:colcon.colcon_core.package_identification:_identify(LCD_web/portamail_ui/venv/lib/python3.12/site-packages/pip/_vendor/urllib3/packages/__pycache__) by extensions ['ignore', 'ignore_ament_install']
[1.949s] Level 1:colcon.colcon_core.package_identification:_identify(LCD_web/portamail_ui/venv/lib/python3.12/site-packages/pip/_vendor/urllib3/packages/__pycache__) by extension 'ignore'
[1.950s] Level 1:colcon.colcon_core.package_identification:_identify(LCD_web/portamail_ui/venv/lib/python3.12/site-packages/pip/_vendor/urllib3/packages/__pycache__) by extension 'ignore_ament_install'
[1.951s] Level 1:colcon.colcon_core.package_identification:_identify(LCD_web/portamail_ui/venv/lib/python3.12/site-packages/pip/_vendor/urllib3/packages/__pycache__) by extensions ['colcon_pkg']
[1.951s] Level 1:colcon.colcon_core.package_identification:_identify(LCD_web/portamail_ui/venv/lib/python3.12/site-packages/pip/_vendor/urllib3/packages/__pycache__) by extension 'colcon_pkg'
[1.951s] Level 1:colcon.colcon_core.package_identification:_identify(LCD_web/portamail_ui/venv/lib/python3.12/site-packages/pip/_vendor/urllib3/packages/__pycache__) by extensions ['colcon_meta']
[1.952s] Level 1:colcon.colcon_core.package_identification:_identify(LCD_web/portamail_ui/venv/lib/python3.12/site-packages/pip/_vendor/urllib3/packages/__pycache__) by extension 'colcon_meta'
[1.952s] Level 1:colcon.colcon_core.package_identification:_identify(LCD_web/portamail_ui/venv/lib/python3.12/site-packages/pip/_vendor/urllib3/packages/__pycache__) by extensions ['ros']
[1.953s] Level 1:colcon.colcon_core.package_identification:_identify(LCD_web/portamail_ui/venv/lib/python3.12/site-packages/pip/_vendor/urllib3/packages/__pycache__) by extension 'ros'
[1.955s] Level 1:colcon.colcon_core.package_identification:_identify(LCD_web/portamail_ui/venv/lib/python3.12/site-packages/pip/_vendor/urllib3/packages/__pycache__) by extensions ['cmake', 'python']
[1.955s] Level 1:colcon.colcon_core.package_identification:_identify(LCD_web/portamail_ui/venv/lib/python3.12/site-packages/pip/_vendor/urllib3/packages/__pycache__) by extension 'cmake'
[1.956s] Level 1:colcon.colcon_core.package_identification:_identify(LCD_web/portamail_ui/venv/lib/python3.12/site-packages/pip/_vendor/urllib3/packages/__pycache__) by extension 'python'
[1.957s] Level 1:colcon.colcon_core.package_identification:_identify(LCD_web/portamail_ui/venv/lib/python3.12/site-packages/pip/_vendor/urllib3/packages/__pycache__) by extensions ['python_setup_py']
[1.957s] Level 1:colcon.colcon_core.package_identification:_identify(LCD_web/portamail_ui/venv/lib/python3.12/site-packages/pip/_vendor/urllib3/packages/__pycache__) by extension 'python_setup_py'
[1.958s] Level 1:colcon.colcon_core.package_identification:_identify(LCD_web/portamail_ui/venv/lib/python3.12/site-packages/pip/_vendor/urllib3/packages/backports) by extensions ['ignore', 'ignore_ament_install']
[1.959s] Level 1:colcon.colcon_core.package_identification:_identify(LCD_web/portamail_ui/venv/lib/python3.12/site-packages/pip/_vendor/urllib3/packages/backports) by extension 'ignore'
[1.960s] Level 1:colcon.colcon_core.package_identification:_identify(LCD_web/portamail_ui/venv/lib/python3.12/site-packages/pip/_vendor/urllib3/packages/backports) by extension 'ignore_ament_install'
[1.961s] Level 1:colcon.colcon_core.package_identification:_identify(LCD_web/portamail_ui/venv/lib/python3.12/site-packages/pip/_vendor/urllib3/packages/backports) by extensions ['colcon_pkg']
[1.961s] Level 1:colcon.colcon_core.package_identification:_identify(LCD_web/portamail_ui/venv/lib/python3.12/site-packages/pip/_vendor/urllib3/packages/backports) by extension 'colcon_pkg'
[1.962s] Level 1:colcon.colcon_core.package_identification:_identify(LCD_web/portamail_ui/venv/lib/python3.12/site-packages/pip/_vendor/urllib3/packages/backports) by extensions ['colcon_meta']
[1.963s] Level 1:colcon.colcon_core.package_identification:_identify(LCD_web/portamail_ui/venv/lib/python3.12/site-packages/pip/_vendor/urllib3/packages/backports) by extension 'colcon_meta'
[1.964s] Level 1:colcon.colcon_core.package_identification:_identify(LCD_web/portamail_ui/venv/lib/python3.12/site-packages/pip/_vendor/urllib3/packages/backports) by extensions ['ros']
[1.964s] Level 1:colcon.colcon_core.package_identification:_identify(LCD_web/portamail_ui/venv/lib/python3.12/site-packages/pip/_vendor/urllib3/packages/backports) by extension 'ros'
[1.974s] Level 1:colcon.colcon_core.package_identification:_identify(LCD_web/portamail_ui/venv/lib/python3.12/site-packages/pip/_vendor/urllib3/packages/backports) by extensions ['cmake', 'python']
[1.975s] Level 1:colcon.colcon_core.package_identification:_identify(LCD_web/portamail_ui/venv/lib/python3.12/site-packages/pip/_vendor/urllib3/packages/backports) by extension 'cmake'
[1.983s] Level 1:colcon.colcon_core.package_identification:_identify(LCD_web/portamail_ui/venv/lib/python3.12/site-packages/pip/_vendor/urllib3/packages/backports) by extension 'python'
[1.984s] Level 1:colcon.colcon_core.package_identification:_identify(LCD_web/portamail_ui/venv/lib/python3.12/site-packages/pip/_vendor/urllib3/packages/backports) by extensions ['python_setup_py']
[1.984s] Level 1:colcon.colcon_core.package_identification:_identify(LCD_web/portamail_ui/venv/lib/python3.12/site-packages/pip/_vendor/urllib3/packages/backports) by extension 'python_setup_py'
[1.988s] Level 1:colcon.colcon_core.package_identification:_identify(LCD_web/portamail_ui/venv/lib/python3.12/site-packages/pip/_vendor/urllib3/packages/backports/__pycache__) by extensions ['ignore', 'ignore_ament_install']
[1.993s] Level 1:colcon.colcon_core.package_identification:_identify(LCD_web/portamail_ui/venv/lib/python3.12/site-packages/pip/_vendor/urllib3/packages/backports/__pycache__) by extension 'ignore'
[1.994s] Level 1:colcon.colcon_core.package_identification:_identify(LCD_web/portamail_ui/venv/lib/python3.12/site-packages/pip/_vendor/urllib3/packages/backports/__pycache__) by extension 'ignore_ament_install'
[1.995s] Level 1:colcon.colcon_core.package_identification:_identify(LCD_web/portamail_ui/venv/lib/python3.12/site-packages/pip/_vendor/urllib3/packages/backports/__pycache__) by extensions ['colcon_pkg']
[1.996s] Level 1:colcon.colcon_core.package_identification:_identify(LCD_web/portamail_ui/venv/lib/python3.12/site-packages/pip/_vendor/urllib3/packages/backports/__pycache__) by extension 'colcon_pkg'
[1.999s] Level 1:colcon.colcon_core.package_identification:_identify(LCD_web/portamail_ui/venv/lib/python3.12/site-packages/pip/_vendor/urllib3/packages/backports/__pycache__) by extensions ['colcon_meta']
[1.999s] Level 1:colcon.colcon_core.package_identification:_identify(LCD_web/portamail_ui/venv/lib/python3.12/site-packages/pip/_vendor/urllib3/packages/backports/__pycache__) by extension 'colcon_meta'
[2.000s] Level 1:colcon.colcon_core.package_identification:_identify(LCD_web/portamail_ui/venv/lib/python3.12/site-packages/pip/_vendor/urllib3/packages/backports/__pycache__) by extensions ['ros']
[2.003s] Level 1:colcon.colcon_core.package_identification:_identify(LCD_web/portamail_ui/venv/lib/python3.12/site-packages/pip/_vendor/urllib3/packages/backports/__pycache__) by extension 'ros'
[2.003s] Level 1:colcon.colcon_core.package_identification:_identify(LCD_web/portamail_ui/venv/lib/python3.12/site-packages/pip/_vendor/urllib3/packages/backports/__pycache__) by extensions ['cmake', 'python']
[2.004s] Level 1:colcon.colcon_core.package_identification:_identify(LCD_web/portamail_ui/venv/lib/python3.12/site-packages/pip/_vendor/urllib3/packages/backports/__pycache__) by extension 'cmake'
[2.004s] Level 1:colcon.colcon_core.package_identification:_identify(LCD_web/portamail_ui/venv/lib/python3.12/site-packages/pip/_vendor/urllib3/packages/backports/__pycache__) by extension 'python'
[2.005s] Level 1:colcon.colcon_core.package_identification:_identify(LCD_web/portamail_ui/venv/lib/python3.12/site-packages/pip/_vendor/urllib3/packages/backports/__pycache__) by extensions ['python_setup_py']
[2.005s] Level 1:colcon.colcon_core.package_identification:_identify(LCD_web/portamail_ui/venv/lib/python3.12/site-packages/pip/_vendor/urllib3/packages/backports/__pycache__) by extension 'python_setup_py'
[2.006s] Level 1:colcon.colcon_core.package_identification:_identify(LCD_web/portamail_ui/venv/lib/python3.12/site-packages/pip/_vendor/urllib3/util) by extensions ['ignore', 'ignore_ament_install']
[2.007s] Level 1:colcon.colcon_core.package_identification:_identify(LCD_web/portamail_ui/venv/lib/python3.12/site-packages/pip/_vendor/urllib3/util) by extension 'ignore'
[2.008s] Level 1:colcon.colcon_core.package_identification:_identify(LCD_web/portamail_ui/venv/lib/python3.12/site-packages/pip/_vendor/urllib3/util) by extension 'ignore_ament_install'
[2.009s] Level 1:colcon.colcon_core.package_identification:_identify(LCD_web/portamail_ui/venv/lib/python3.12/site-packages/pip/_vendor/urllib3/util) by extensions ['colcon_pkg']
[2.009s] Level 1:colcon.colcon_core.package_identification:_identify(LCD_web/portamail_ui/venv/lib/python3.12/site-packages/pip/_vendor/urllib3/util) by extension 'colcon_pkg'
[2.010s] Level 1:colcon.colcon_core.package_identification:_identify(LCD_web/portamail_ui/venv/lib/python3.12/site-packages/pip/_vendor/urllib3/util) by extensions ['colcon_meta']
[2.010s] Level 1:colcon.colcon_core.package_identification:_identify(LCD_web/portamail_ui/venv/lib/python3.12/site-packages/pip/_vendor/urllib3/util) by extension 'colcon_meta'
[2.011s] Level 1:colcon.colcon_core.package_identification:_identify(LCD_web/portamail_ui/venv/lib/python3.12/site-packages/pip/_vendor/urllib3/util) by extensions ['ros']
[2.011s] Level 1:colcon.colcon_core.package_identification:_identify(LCD_web/portamail_ui/venv/lib/python3.12/site-packages/pip/_vendor/urllib3/util) by extension 'ros'
[2.013s] Level 1:colcon.colcon_core.package_identification:_identify(LCD_web/portamail_ui/venv/lib/python3.12/site-packages/pip/_vendor/urllib3/util) by extensions ['cmake', 'python']
[2.013s] Level 1:colcon.colcon_core.package_identification:_identify(LCD_web/portamail_ui/venv/lib/python3.12/site-packages/pip/_vendor/urllib3/util) by extension 'cmake'
[2.014s] Level 1:colcon.colcon_core.package_identification:_identify(LCD_web/portamail_ui/venv/lib/python3.12/site-packages/pip/_vendor/urllib3/util) by extension 'python'
[2.015s] Level 1:colcon.colcon_core.package_identification:_identify(LCD_web/portamail_ui/venv/lib/python3.12/site-packages/pip/_vendor/urllib3/util) by extensions ['python_setup_py']
[2.015s] Level 1:colcon.colcon_core.package_identification:_identify(LCD_web/portamail_ui/venv/lib/python3.12/site-packages/pip/_vendor/urllib3/util) by extension 'python_setup_py'
[2.016s] Level 1:colcon.colcon_core.package_identification:_identify(LCD_web/portamail_ui/venv/lib/python3.12/site-packages/pip/_vendor/urllib3/util/__pycache__) by extensions ['ignore', 'ignore_ament_install']
[2.017s] Level 1:colcon.colcon_core.package_identification:_identify(LCD_web/portamail_ui/venv/lib/python3.12/site-packages/pip/_vendor/urllib3/util/__pycache__) by extension 'ignore'
[2.019s] Level 1:colcon.colcon_core.package_identification:_identify(LCD_web/portamail_ui/venv/lib/python3.12/site-packages/pip/_vendor/urllib3/util/__pycache__) by extension 'ignore_ament_install'
[2.020s] Level 1:colcon.colcon_core.package_identification:_identify(LCD_web/portamail_ui/venv/lib/python3.12/site-packages/pip/_vendor/urllib3/util/__pycache__) by extensions ['colcon_pkg']
[2.020s] Level 1:colcon.colcon_core.package_identification:_identify(LCD_web/portamail_ui/venv/lib/python3.12/site-packages/pip/_vendor/urllib3/util/__pycache__) by extension 'colcon_pkg'
[2.021s] Level 1:colcon.colcon_core.package_identification:_identify(LCD_web/portamail_ui/venv/lib/python3.12/site-packages/pip/_vendor/urllib3/util/__pycache__) by extensions ['colcon_meta']
[2.021s] Level 1:colcon.colcon_core.package_identification:_identify(LCD_web/portamail_ui/venv/lib/python3.12/site-packages/pip/_vendor/urllib3/util/__pycache__) by extension 'colcon_meta'
[2.022s] Level 1:colcon.colcon_core.package_identification:_identify(LCD_web/portamail_ui/venv/lib/python3.12/site-packages/pip/_vendor/urllib3/util/__pycache__) by extensions ['ros']
[2.022s] Level 1:colcon.colcon_core.package_identification:_identify(LCD_web/portamail_ui/venv/lib/python3.12/site-packages/pip/_vendor/urllib3/util/__pycache__) by extension 'ros'
[2.024s] Level 1:colcon.colcon_core.package_identification:_identify(LCD_web/portamail_ui/venv/lib/python3.12/site-packages/pip/_vendor/urllib3/util/__pycache__) by extensions ['cmake', 'python']
[2.024s] Level 1:colcon.colcon_core.package_identification:_identify(LCD_web/portamail_ui/venv/lib/python3.12/site-packages/pip/_vendor/urllib3/util/__pycache__) by extension 'cmake'
[2.024s] Level 1:colcon.colcon_core.package_identification:_identify(LCD_web/portamail_ui/venv/lib/python3.12/site-packages/pip/_vendor/urllib3/util/__pycache__) by extension 'python'
[2.024s] Level 1:colcon.colcon_core.package_identification:_identify(LCD_web/portamail_ui/venv/lib/python3.12/site-packages/pip/_vendor/urllib3/util/__pycache__) by extensions ['python_setup_py']
[2.024s] Level 1:colcon.colcon_core.package_identification:_identify(LCD_web/portamail_ui/venv/lib/python3.12/site-packages/pip/_vendor/urllib3/util/__pycache__) by extension 'python_setup_py'
[2.025s] Level 1:colcon.colcon_core.package_identification:_identify(LCD_web/portamail_ui/venv/lib/python3.12/site-packages/pip/_vendor/webencodings) by extensions ['ignore', 'ignore_ament_install']
[2.025s] Level 1:colcon.colcon_core.package_identification:_identify(LCD_web/portamail_ui/venv/lib/python3.12/site-packages/pip/_vendor/webencodings) by extension 'ignore'
[2.025s] Level 1:colcon.colcon_core.package_identification:_identify(LCD_web/portamail_ui/venv/lib/python3.12/site-packages/pip/_vendor/webencodings) by extension 'ignore_ament_install'
[2.025s] Level 1:colcon.colcon_core.package_identification:_identify(LCD_web/portamail_ui/venv/lib/python3.12/site-packages/pip/_vendor/webencodings) by extensions ['colcon_pkg']
[2.025s] Level 1:colcon.colcon_core.package_identification:_identify(LCD_web/portamail_ui/venv/lib/python3.12/site-packages/pip/_vendor/webencodings) by extension 'colcon_pkg'
[2.026s] Level 1:colcon.colcon_core.package_identification:_identify(LCD_web/portamail_ui/venv/lib/python3.12/site-packages/pip/_vendor/webencodings) by extensions ['colcon_meta']
[2.026s] Level 1:colcon.colcon_core.package_identification:_identify(LCD_web/portamail_ui/venv/lib/python3.12/site-packages/pip/_vendor/webencodings) by extension 'colcon_meta'
[2.029s] Level 1:colcon.colcon_core.package_identification:_identify(LCD_web/portamail_ui/venv/lib/python3.12/site-packages/pip/_vendor/webencodings) by extensions ['ros']
[2.029s] Level 1:colcon.colcon_core.package_identification:_identify(LCD_web/portamail_ui/venv/lib/python3.12/site-packages/pip/_vendor/webencodings) by extension 'ros'
[2.030s] Level 1:colcon.colcon_core.package_identification:_identify(LCD_web/portamail_ui/venv/lib/python3.12/site-packages/pip/_vendor/webencodings) by extensions ['cmake', 'python']
[2.030s] Level 1:colcon.colcon_core.package_identification:_identify(LCD_web/portamail_ui/venv/lib/python3.12/site-packages/pip/_vendor/webencodings) by extension 'cmake'
[2.030s] Level 1:colcon.colcon_core.package_identification:_identify(LCD_web/portamail_ui/venv/lib/python3.12/site-packages/pip/_vendor/webencodings) by extension 'python'
[2.030s] Level 1:colcon.colcon_core.package_identification:_identify(LCD_web/portamail_ui/venv/lib/python3.12/site-packages/pip/_vendor/webencodings) by extensions ['python_setup_py']
[2.030s] Level 1:colcon.colcon_core.package_identification:_identify(LCD_web/portamail_ui/venv/lib/python3.12/site-packages/pip/_vendor/webencodings) by extension 'python_setup_py'
[2.030s] Level 1:colcon.colcon_core.package_identification:_identify(LCD_web/portamail_ui/venv/lib/python3.12/site-packages/pip/_vendor/webencodings/__pycache__) by extensions ['ignore', 'ignore_ament_install']
[2.031s] Level 1:colcon.colcon_core.package_identification:_identify(LCD_web/portamail_ui/venv/lib/python3.12/site-packages/pip/_vendor/webencodings/__pycache__) by extension 'ignore'
[2.031s] Level 1:colcon.colcon_core.package_identification:_identify(LCD_web/portamail_ui/venv/lib/python3.12/site-packages/pip/_vendor/webencodings/__pycache__) by extension 'ignore_ament_install'
[2.031s] Level 1:colcon.colcon_core.package_identification:_identify(LCD_web/portamail_ui/venv/lib/python3.12/site-packages/pip/_vendor/webencodings/__pycache__) by extensions ['colcon_pkg']
[2.031s] Level 1:colcon.colcon_core.package_identification:_identify(LCD_web/portamail_ui/venv/lib/python3.12/site-packages/pip/_vendor/webencodings/__pycache__) by extension 'colcon_pkg'
[2.031s] Level 1:colcon.colcon_core.package_identification:_identify(LCD_web/portamail_ui/venv/lib/python3.12/site-packages/pip/_vendor/webencodings/__pycache__) by extensions ['colcon_meta']
[2.031s] Level 1:colcon.colcon_core.package_identification:_identify(LCD_web/portamail_ui/venv/lib/python3.12/site-packages/pip/_vendor/webencodings/__pycache__) by extension 'colcon_meta'
[2.032s] Level 1:colcon.colcon_core.package_identification:_identify(LCD_web/portamail_ui/venv/lib/python3.12/site-packages/pip/_vendor/webencodings/__pycache__) by extensions ['ros']
[2.032s] Level 1:colcon.colcon_core.package_identification:_identify(LCD_web/portamail_ui/venv/lib/python3.12/site-packages/pip/_vendor/webencodings/__pycache__) by extension 'ros'
[2.035s] Level 1:colcon.colcon_core.package_identification:_identify(LCD_web/portamail_ui/venv/lib/python3.12/site-packages/pip/_vendor/webencodings/__pycache__) by extensions ['cmake', 'python']
[2.036s] Level 1:colcon.colcon_core.package_identification:_identify(LCD_web/portamail_ui/venv/lib/python3.12/site-packages/pip/_vendor/webencodings/__pycache__) by extension 'cmake'
[2.036s] Level 1:colcon.colcon_core.package_identification:_identify(LCD_web/portamail_ui/venv/lib/python3.12/site-packages/pip/_vendor/webencodings/__pycache__) by extension 'python'
[2.036s] Level 1:colcon.colcon_core.package_identification:_identify(LCD_web/portamail_ui/venv/lib/python3.12/site-packages/pip/_vendor/webencodings/__pycache__) by extensions ['python_setup_py']
[2.036s] Level 1:colcon.colcon_core.package_identification:_identify(LCD_web/portamail_ui/venv/lib/python3.12/site-packages/pip/_vendor/webencodings/__pycache__) by extension 'python_setup_py'
[2.037s] Level 1:colcon.colcon_core.package_identification:_identify(LCD_web/portamail_ui/venv/lib/python3.12/site-packages/pip-24.0.dist-info) by extensions ['ignore', 'ignore_ament_install']
[2.037s] Level 1:colcon.colcon_core.package_identification:_identify(LCD_web/portamail_ui/venv/lib/python3.12/site-packages/pip-24.0.dist-info) by extension 'ignore'
[2.038s] Level 1:colcon.colcon_core.package_identification:_identify(LCD_web/portamail_ui/venv/lib/python3.12/site-packages/pip-24.0.dist-info) by extension 'ignore_ament_install'
[2.042s] Level 1:colcon.colcon_core.package_identification:_identify(LCD_web/portamail_ui/venv/lib/python3.12/site-packages/pip-24.0.dist-info) by extensions ['colcon_pkg']
[2.043s] Level 1:colcon.colcon_core.package_identification:_identify(LCD_web/portamail_ui/venv/lib/python3.12/site-packages/pip-24.0.dist-info) by extension 'colcon_pkg'
[2.043s] Level 1:colcon.colcon_core.package_identification:_identify(LCD_web/portamail_ui/venv/lib/python3.12/site-packages/pip-24.0.dist-info) by extensions ['colcon_meta']
[2.043s] Level 1:colcon.colcon_core.package_identification:_identify(LCD_web/portamail_ui/venv/lib/python3.12/site-packages/pip-24.0.dist-info) by extension 'colcon_meta'
[2.043s] Level 1:colcon.colcon_core.package_identification:_identify(LCD_web/portamail_ui/venv/lib/python3.12/site-packages/pip-24.0.dist-info) by extensions ['ros']
[2.043s] Level 1:colcon.colcon_core.package_identification:_identify(LCD_web/portamail_ui/venv/lib/python3.12/site-packages/pip-24.0.dist-info) by extension 'ros'
[2.045s] Level 1:colcon.colcon_core.package_identification:_identify(LCD_web/portamail_ui/venv/lib/python3.12/site-packages/pip-24.0.dist-info) by extensions ['cmake', 'python']
[2.045s] Level 1:colcon.colcon_core.package_identification:_identify(LCD_web/portamail_ui/venv/lib/python3.12/site-packages/pip-24.0.dist-info) by extension 'cmake'
[2.045s] Level 1:colcon.colcon_core.package_identification:_identify(LCD_web/portamail_ui/venv/lib/python3.12/site-packages/pip-24.0.dist-info) by extension 'python'
[2.045s] Level 1:colcon.colcon_core.package_identification:_identify(LCD_web/portamail_ui/venv/lib/python3.12/site-packages/pip-24.0.dist-info) by extensions ['python_setup_py']
[2.045s] Level 1:colcon.colcon_core.package_identification:_identify(LCD_web/portamail_ui/venv/lib/python3.12/site-packages/pip-24.0.dist-info) by extension 'python_setup_py'
[2.045s] Level 1:colcon.colcon_core.package_identification:_identify(LCD_web/portamail_ui/venv/lib/python3.12/site-packages/python_engineio-4.13.1.dist-info) by extensions ['ignore', 'ignore_ament_install']
[2.045s] Level 1:colcon.colcon_core.package_identification:_identify(LCD_web/portamail_ui/venv/lib/python3.12/site-packages/python_engineio-4.13.1.dist-info) by extension 'ignore'
[2.045s] Level 1:colcon.colcon_core.package_identification:_identify(LCD_web/portamail_ui/venv/lib/python3.12/site-packages/python_engineio-4.13.1.dist-info) by extension 'ignore_ament_install'
[2.046s] Level 1:colcon.colcon_core.package_identification:_identify(LCD_web/portamail_ui/venv/lib/python3.12/site-packages/python_engineio-4.13.1.dist-info) by extensions ['colcon_pkg']
[2.046s] Level 1:colcon.colcon_core.package_identification:_identify(LCD_web/portamail_ui/venv/lib/python3.12/site-packages/python_engineio-4.13.1.dist-info) by extension 'colcon_pkg'
[2.046s] Level 1:colcon.colcon_core.package_identification:_identify(LCD_web/portamail_ui/venv/lib/python3.12/site-packages/python_engineio-4.13.1.dist-info) by extensions ['colcon_meta']
[2.046s] Level 1:colcon.colcon_core.package_identification:_identify(LCD_web/portamail_ui/venv/lib/python3.12/site-packages/python_engineio-4.13.1.dist-info) by extension 'colcon_meta'
[2.046s] Level 1:colcon.colcon_core.package_identification:_identify(LCD_web/portamail_ui/venv/lib/python3.12/site-packages/python_engineio-4.13.1.dist-info) by extensions ['ros']
[2.046s] Level 1:colcon.colcon_core.package_identification:_identify(LCD_web/portamail_ui/venv/lib/python3.12/site-packages/python_engineio-4.13.1.dist-info) by extension 'ros'
[2.046s] Level 1:colcon.colcon_core.package_identification:_identify(LCD_web/portamail_ui/venv/lib/python3.12/site-packages/python_engineio-4.13.1.dist-info) by extensions ['cmake', 'python']
[2.046s] Level 1:colcon.colcon_core.package_identification:_identify(LCD_web/portamail_ui/venv/lib/python3.12/site-packages/python_engineio-4.13.1.dist-info) by extension 'cmake'
[2.046s] Level 1:colcon.colcon_core.package_identification:_identify(LCD_web/portamail_ui/venv/lib/python3.12/site-packages/python_engineio-4.13.1.dist-info) by extension 'python'
[2.046s] Level 1:colcon.colcon_core.package_identification:_identify(LCD_web/portamail_ui/venv/lib/python3.12/site-packages/python_engineio-4.13.1.dist-info) by extensions ['python_setup_py']
[2.046s] Level 1:colcon.colcon_core.package_identification:_identify(LCD_web/portamail_ui/venv/lib/python3.12/site-packages/python_engineio-4.13.1.dist-info) by extension 'python_setup_py'
[2.046s] Level 1:colcon.colcon_core.package_identification:_identify(LCD_web/portamail_ui/venv/lib/python3.12/site-packages/python_engineio-4.13.1.dist-info/licenses) by extensions ['ignore', 'ignore_ament_install']
[2.046s] Level 1:colcon.colcon_core.package_identification:_identify(LCD_web/portamail_ui/venv/lib/python3.12/site-packages/python_engineio-4.13.1.dist-info/licenses) by extension 'ignore'
[2.046s] Level 1:colcon.colcon_core.package_identification:_identify(LCD_web/portamail_ui/venv/lib/python3.12/site-packages/python_engineio-4.13.1.dist-info/licenses) by extension 'ignore_ament_install'
[2.047s] Level 1:colcon.colcon_core.package_identification:_identify(LCD_web/portamail_ui/venv/lib/python3.12/site-packages/python_engineio-4.13.1.dist-info/licenses) by extensions ['colcon_pkg']
[2.047s] Level 1:colcon.colcon_core.package_identification:_identify(LCD_web/portamail_ui/venv/lib/python3.12/site-packages/python_engineio-4.13.1.dist-info/licenses) by extension 'colcon_pkg'
[2.047s] Level 1:colcon.colcon_core.package_identification:_identify(LCD_web/portamail_ui/venv/lib/python3.12/site-packages/python_engineio-4.13.1.dist-info/licenses) by extensions ['colcon_meta']
[2.047s] Level 1:colcon.colcon_core.package_identification:_identify(LCD_web/portamail_ui/venv/lib/python3.12/site-packages/python_engineio-4.13.1.dist-info/licenses) by extension 'colcon_meta'
[2.047s] Level 1:colcon.colcon_core.package_identification:_identify(LCD_web/portamail_ui/venv/lib/python3.12/site-packages/python_engineio-4.13.1.dist-info/licenses) by extensions ['ros']
[2.047s] Level 1:colcon.colcon_core.package_identification:_identify(LCD_web/portamail_ui/venv/lib/python3.12/site-packages/python_engineio-4.13.1.dist-info/licenses) by extension 'ros'
[2.047s] Level 1:colcon.colcon_core.package_identification:_identify(LCD_web/portamail_ui/venv/lib/python3.12/site-packages/python_engineio-4.13.1.dist-info/licenses) by extensions ['cmake', 'python']
[2.047s] Level 1:colcon.colcon_core.package_identification:_identify(LCD_web/portamail_ui/venv/lib/python3.12/site-packages/python_engineio-4.13.1.dist-info/licenses) by extension 'cmake'
[2.047s] Level 1:colcon.colcon_core.package_identification:_identify(LCD_web/portamail_ui/venv/lib/python3.12/site-packages/python_engineio-4.13.1.dist-info/licenses) by extension 'python'
[2.047s] Level 1:colcon.colcon_core.package_identification:_identify(LCD_web/portamail_ui/venv/lib/python3.12/site-packages/python_engineio-4.13.1.dist-info/licenses) by extensions ['python_setup_py']
[2.047s] Level 1:colcon.colcon_core.package_identification:_identify(LCD_web/portamail_ui/venv/lib/python3.12/site-packages/python_engineio-4.13.1.dist-info/licenses) by extension 'python_setup_py'
[2.047s] Level 1:colcon.colcon_core.package_identification:_identify(LCD_web/portamail_ui/venv/lib/python3.12/site-packages/python_socketio-5.16.1.dist-info) by extensions ['ignore', 'ignore_ament_install']
[2.047s] Level 1:colcon.colcon_core.package_identification:_identify(LCD_web/portamail_ui/venv/lib/python3.12/site-packages/python_socketio-5.16.1.dist-info) by extension 'ignore'
[2.048s] Level 1:colcon.colcon_core.package_identification:_identify(LCD_web/portamail_ui/venv/lib/python3.12/site-packages/python_socketio-5.16.1.dist-info) by extension 'ignore_ament_install'
[2.048s] Level 1:colcon.colcon_core.package_identification:_identify(LCD_web/portamail_ui/venv/lib/python3.12/site-packages/python_socketio-5.16.1.dist-info) by extensions ['colcon_pkg']
[2.048s] Level 1:colcon.colcon_core.package_identification:_identify(LCD_web/portamail_ui/venv/lib/python3.12/site-packages/python_socketio-5.16.1.dist-info) by extension 'colcon_pkg'
[2.048s] Level 1:colcon.colcon_core.package_identification:_identify(LCD_web/portamail_ui/venv/lib/python3.12/site-packages/python_socketio-5.16.1.dist-info) by extensions ['colcon_meta']
[2.050s] Level 1:colcon.colcon_core.package_identification:_identify(LCD_web/portamail_ui/venv/lib/python3.12/site-packages/python_socketio-5.16.1.dist-info) by extension 'colcon_meta'
[2.050s] Level 1:colcon.colcon_core.package_identification:_identify(LCD_web/portamail_ui/venv/lib/python3.12/site-packages/python_socketio-5.16.1.dist-info) by extensions ['ros']
[2.050s] Level 1:colcon.colcon_core.package_identification:_identify(LCD_web/portamail_ui/venv/lib/python3.12/site-packages/python_socketio-5.16.1.dist-info) by extension 'ros'
[2.050s] Level 1:colcon.colcon_core.package_identification:_identify(LCD_web/portamail_ui/venv/lib/python3.12/site-packages/python_socketio-5.16.1.dist-info) by extensions ['cmake', 'python']
[2.050s] Level 1:colcon.colcon_core.package_identification:_identify(LCD_web/portamail_ui/venv/lib/python3.12/site-packages/python_socketio-5.16.1.dist-info) by extension 'cmake'
[2.050s] Level 1:colcon.colcon_core.package_identification:_identify(LCD_web/portamail_ui/venv/lib/python3.12/site-packages/python_socketio-5.16.1.dist-info) by extension 'python'
[2.050s] Level 1:colcon.colcon_core.package_identification:_identify(LCD_web/portamail_ui/venv/lib/python3.12/site-packages/python_socketio-5.16.1.dist-info) by extensions ['python_setup_py']
[2.050s] Level 1:colcon.colcon_core.package_identification:_identify(LCD_web/portamail_ui/venv/lib/python3.12/site-packages/python_socketio-5.16.1.dist-info) by extension 'python_setup_py'
[2.051s] Level 1:colcon.colcon_core.package_identification:_identify(LCD_web/portamail_ui/venv/lib/python3.12/site-packages/python_socketio-5.16.1.dist-info/licenses) by extensions ['ignore', 'ignore_ament_install']
[2.051s] Level 1:colcon.colcon_core.package_identification:_identify(LCD_web/portamail_ui/venv/lib/python3.12/site-packages/python_socketio-5.16.1.dist-info/licenses) by extension 'ignore'
[2.051s] Level 1:colcon.colcon_core.package_identification:_identify(LCD_web/portamail_ui/venv/lib/python3.12/site-packages/python_socketio-5.16.1.dist-info/licenses) by extension 'ignore_ament_install'
[2.051s] Level 1:colcon.colcon_core.package_identification:_identify(LCD_web/portamail_ui/venv/lib/python3.12/site-packages/python_socketio-5.16.1.dist-info/licenses) by extensions ['colcon_pkg']
[2.051s] Level 1:colcon.colcon_core.package_identification:_identify(LCD_web/portamail_ui/venv/lib/python3.12/site-packages/python_socketio-5.16.1.dist-info/licenses) by extension 'colcon_pkg'
[2.051s] Level 1:colcon.colcon_core.package_identification:_identify(LCD_web/portamail_ui/venv/lib/python3.12/site-packages/python_socketio-5.16.1.dist-info/licenses) by extensions ['colcon_meta']
[2.051s] Level 1:colcon.colcon_core.package_identification:_identify(LCD_web/portamail_ui/venv/lib/python3.12/site-packages/python_socketio-5.16.1.dist-info/licenses) by extension 'colcon_meta'
[2.051s] Level 1:colcon.colcon_core.package_identification:_identify(LCD_web/portamail_ui/venv/lib/python3.12/site-packages/python_socketio-5.16.1.dist-info/licenses) by extensions ['ros']
[2.051s] Level 1:colcon.colcon_core.package_identification:_identify(LCD_web/portamail_ui/venv/lib/python3.12/site-packages/python_socketio-5.16.1.dist-info/licenses) by extension 'ros'
[2.051s] Level 1:colcon.colcon_core.package_identification:_identify(LCD_web/portamail_ui/venv/lib/python3.12/site-packages/python_socketio-5.16.1.dist-info/licenses) by extensions ['cmake', 'python']
[2.051s] Level 1:colcon.colcon_core.package_identification:_identify(LCD_web/portamail_ui/venv/lib/python3.12/site-packages/python_socketio-5.16.1.dist-info/licenses) by extension 'cmake'
[2.052s] Level 1:colcon.colcon_core.package_identification:_identify(LCD_web/portamail_ui/venv/lib/python3.12/site-packages/python_socketio-5.16.1.dist-info/licenses) by extension 'python'
[2.052s] Level 1:colcon.colcon_core.package_identification:_identify(LCD_web/portamail_ui/venv/lib/python3.12/site-packages/python_socketio-5.16.1.dist-info/licenses) by extensions ['python_setup_py']
[2.052s] Level 1:colcon.colcon_core.package_identification:_identify(LCD_web/portamail_ui/venv/lib/python3.12/site-packages/python_socketio-5.16.1.dist-info/licenses) by extension 'python_setup_py'
[2.052s] Level 1:colcon.colcon_core.package_identification:_identify(LCD_web/portamail_ui/venv/lib/python3.12/site-packages/simple_websocket) by extensions ['ignore', 'ignore_ament_install']
[2.052s] Level 1:colcon.colcon_core.package_identification:_identify(LCD_web/portamail_ui/venv/lib/python3.12/site-packages/simple_websocket) by extension 'ignore'
[2.052s] Level 1:colcon.colcon_core.package_identification:_identify(LCD_web/portamail_ui/venv/lib/python3.12/site-packages/simple_websocket) by extension 'ignore_ament_install'
[2.052s] Level 1:colcon.colcon_core.package_identification:_identify(LCD_web/portamail_ui/venv/lib/python3.12/site-packages/simple_websocket) by extensions ['colcon_pkg']
[2.052s] Level 1:colcon.colcon_core.package_identification:_identify(LCD_web/portamail_ui/venv/lib/python3.12/site-packages/simple_websocket) by extension 'colcon_pkg'
[2.052s] Level 1:colcon.colcon_core.package_identification:_identify(LCD_web/portamail_ui/venv/lib/python3.12/site-packages/simple_websocket) by extensions ['colcon_meta']
[2.052s] Level 1:colcon.colcon_core.package_identification:_identify(LCD_web/portamail_ui/venv/lib/python3.12/site-packages/simple_websocket) by extension 'colcon_meta'
[2.052s] Level 1:colcon.colcon_core.package_identification:_identify(LCD_web/portamail_ui/venv/lib/python3.12/site-packages/simple_websocket) by extensions ['ros']
[2.052s] Level 1:colcon.colcon_core.package_identification:_identify(LCD_web/portamail_ui/venv/lib/python3.12/site-packages/simple_websocket) by extension 'ros'
[2.053s] Level 1:colcon.colcon_core.package_identification:_identify(LCD_web/portamail_ui/venv/lib/python3.12/site-packages/simple_websocket) by extensions ['cmake', 'python']
[2.053s] Level 1:colcon.colcon_core.package_identification:_identify(LCD_web/portamail_ui/venv/lib/python3.12/site-packages/simple_websocket) by extension 'cmake'
[2.053s] Level 1:colcon.colcon_core.package_identification:_identify(LCD_web/portamail_ui/venv/lib/python3.12/site-packages/simple_websocket) by extension 'python'
[2.056s] Level 1:colcon.colcon_core.package_identification:_identify(LCD_web/portamail_ui/venv/lib/python3.12/site-packages/simple_websocket) by extensions ['python_setup_py']
[2.056s] Level 1:colcon.colcon_core.package_identification:_identify(LCD_web/portamail_ui/venv/lib/python3.12/site-packages/simple_websocket) by extension 'python_setup_py'
[2.056s] Level 1:colcon.colcon_core.package_identification:_identify(LCD_web/portamail_ui/venv/lib/python3.12/site-packages/simple_websocket/__pycache__) by extensions ['ignore', 'ignore_ament_install']
[2.057s] Level 1:colcon.colcon_core.package_identification:_identify(LCD_web/portamail_ui/venv/lib/python3.12/site-packages/simple_websocket/__pycache__) by extension 'ignore'
[2.057s] Level 1:colcon.colcon_core.package_identification:_identify(LCD_web/portamail_ui/venv/lib/python3.12/site-packages/simple_websocket/__pycache__) by extension 'ignore_ament_install'
[2.057s] Level 1:colcon.colcon_core.package_identification:_identify(LCD_web/portamail_ui/venv/lib/python3.12/site-packages/simple_websocket/__pycache__) by extensions ['colcon_pkg']
[2.057s] Level 1:colcon.colcon_core.package_identification:_identify(LCD_web/portamail_ui/venv/lib/python3.12/site-packages/simple_websocket/__pycache__) by extension 'colcon_pkg'
[2.057s] Level 1:colcon.colcon_core.package_identification:_identify(LCD_web/portamail_ui/venv/lib/python3.12/site-packages/simple_websocket/__pycache__) by extensions ['colcon_meta']
[2.057s] Level 1:colcon.colcon_core.package_identification:_identify(LCD_web/portamail_ui/venv/lib/python3.12/site-packages/simple_websocket/__pycache__) by extension 'colcon_meta'
[2.057s] Level 1:colcon.colcon_core.package_identification:_identify(LCD_web/portamail_ui/venv/lib/python3.12/site-packages/simple_websocket/__pycache__) by extensions ['ros']
[2.057s] Level 1:colcon.colcon_core.package_identification:_identify(LCD_web/portamail_ui/venv/lib/python3.12/site-packages/simple_websocket/__pycache__) by extension 'ros'
[2.057s] Level 1:colcon.colcon_core.package_identification:_identify(LCD_web/portamail_ui/venv/lib/python3.12/site-packages/simple_websocket/__pycache__) by extensions ['cmake', 'python']
[2.057s] Level 1:colcon.colcon_core.package_identification:_identify(LCD_web/portamail_ui/venv/lib/python3.12/site-packages/simple_websocket/__pycache__) by extension 'cmake'
[2.058s] Level 1:colcon.colcon_core.package_identification:_identify(LCD_web/portamail_ui/venv/lib/python3.12/site-packages/simple_websocket/__pycache__) by extension 'python'
[2.058s] Level 1:colcon.colcon_core.package_identification:_identify(LCD_web/portamail_ui/venv/lib/python3.12/site-packages/simple_websocket/__pycache__) by extensions ['python_setup_py']
[2.058s] Level 1:colcon.colcon_core.package_identification:_identify(LCD_web/portamail_ui/venv/lib/python3.12/site-packages/simple_websocket/__pycache__) by extension 'python_setup_py'
[2.058s] Level 1:colcon.colcon_core.package_identification:_identify(LCD_web/portamail_ui/venv/lib/python3.12/site-packages/simple_websocket-1.1.0.dist-info) by extensions ['ignore', 'ignore_ament_install']
[2.058s] Level 1:colcon.colcon_core.package_identification:_identify(LCD_web/portamail_ui/venv/lib/python3.12/site-packages/simple_websocket-1.1.0.dist-info) by extension 'ignore'
[2.058s] Level 1:colcon.colcon_core.package_identification:_identify(LCD_web/portamail_ui/venv/lib/python3.12/site-packages/simple_websocket-1.1.0.dist-info) by extension 'ignore_ament_install'
[2.058s] Level 1:colcon.colcon_core.package_identification:_identify(LCD_web/portamail_ui/venv/lib/python3.12/site-packages/simple_websocket-1.1.0.dist-info) by extensions ['colcon_pkg']
[2.058s] Level 1:colcon.colcon_core.package_identification:_identify(LCD_web/portamail_ui/venv/lib/python3.12/site-packages/simple_websocket-1.1.0.dist-info) by extension 'colcon_pkg'
[2.058s] Level 1:colcon.colcon_core.package_identification:_identify(LCD_web/portamail_ui/venv/lib/python3.12/site-packages/simple_websocket-1.1.0.dist-info) by extensions ['colcon_meta']
[2.058s] Level 1:colcon.colcon_core.package_identification:_identify(LCD_web/portamail_ui/venv/lib/python3.12/site-packages/simple_websocket-1.1.0.dist-info) by extension 'colcon_meta'
[2.058s] Level 1:colcon.colcon_core.package_identification:_identify(LCD_web/portamail_ui/venv/lib/python3.12/site-packages/simple_websocket-1.1.0.dist-info) by extensions ['ros']
[2.058s] Level 1:colcon.colcon_core.package_identification:_identify(LCD_web/portamail_ui/venv/lib/python3.12/site-packages/simple_websocket-1.1.0.dist-info) by extension 'ros'
[2.059s] Level 1:colcon.colcon_core.package_identification:_identify(LCD_web/portamail_ui/venv/lib/python3.12/site-packages/simple_websocket-1.1.0.dist-info) by extensions ['cmake', 'python']
[2.059s] Level 1:colcon.colcon_core.package_identification:_identify(LCD_web/portamail_ui/venv/lib/python3.12/site-packages/simple_websocket-1.1.0.dist-info) by extension 'cmake'
[2.059s] Level 1:colcon.colcon_core.package_identification:_identify(LCD_web/portamail_ui/venv/lib/python3.12/site-packages/simple_websocket-1.1.0.dist-info) by extension 'python'
[2.059s] Level 1:colcon.colcon_core.package_identification:_identify(LCD_web/portamail_ui/venv/lib/python3.12/site-packages/simple_websocket-1.1.0.dist-info) by extensions ['python_setup_py']
[2.059s] Level 1:colcon.colcon_core.package_identification:_identify(LCD_web/portamail_ui/venv/lib/python3.12/site-packages/simple_websocket-1.1.0.dist-info) by extension 'python_setup_py'
[2.059s] Level 1:colcon.colcon_core.package_identification:_identify(LCD_web/portamail_ui/venv/lib/python3.12/site-packages/socketio) by extensions ['ignore', 'ignore_ament_install']
[2.059s] Level 1:colcon.colcon_core.package_identification:_identify(LCD_web/portamail_ui/venv/lib/python3.12/site-packages/socketio) by extension 'ignore'
[2.059s] Level 1:colcon.colcon_core.package_identification:_identify(LCD_web/portamail_ui/venv/lib/python3.12/site-packages/socketio) by extension 'ignore_ament_install'
[2.059s] Level 1:colcon.colcon_core.package_identification:_identify(LCD_web/portamail_ui/venv/lib/python3.12/site-packages/socketio) by extensions ['colcon_pkg']
[2.059s] Level 1:colcon.colcon_core.package_identification:_identify(LCD_web/portamail_ui/venv/lib/python3.12/site-packages/socketio) by extension 'colcon_pkg'
[2.060s] Level 1:colcon.colcon_core.package_identification:_identify(LCD_web/portamail_ui/venv/lib/python3.12/site-packages/socketio) by extensions ['colcon_meta']
[2.060s] Level 1:colcon.colcon_core.package_identification:_identify(LCD_web/portamail_ui/venv/lib/python3.12/site-packages/socketio) by extension 'colcon_meta'
[2.060s] Level 1:colcon.colcon_core.package_identification:_identify(LCD_web/portamail_ui/venv/lib/python3.12/site-packages/socketio) by extensions ['ros']
[2.060s] Level 1:colcon.colcon_core.package_identification:_identify(LCD_web/portamail_ui/venv/lib/python3.12/site-packages/socketio) by extension 'ros'
[2.060s] Level 1:colcon.colcon_core.package_identification:_identify(LCD_web/portamail_ui/venv/lib/python3.12/site-packages/socketio) by extensions ['cmake', 'python']
[2.060s] Level 1:colcon.colcon_core.package_identification:_identify(LCD_web/portamail_ui/venv/lib/python3.12/site-packages/socketio) by extension 'cmake'
[2.060s] Level 1:colcon.colcon_core.package_identification:_identify(LCD_web/portamail_ui/venv/lib/python3.12/site-packages/socketio) by extension 'python'
[2.060s] Level 1:colcon.colcon_core.package_identification:_identify(LCD_web/portamail_ui/venv/lib/python3.12/site-packages/socketio) by extensions ['python_setup_py']
[2.060s] Level 1:colcon.colcon_core.package_identification:_identify(LCD_web/portamail_ui/venv/lib/python3.12/site-packages/socketio) by extension 'python_setup_py'
[2.061s] Level 1:colcon.colcon_core.package_identification:_identify(LCD_web/portamail_ui/venv/lib/python3.12/site-packages/socketio/__pycache__) by extensions ['ignore', 'ignore_ament_install']
[2.061s] Level 1:colcon.colcon_core.package_identification:_identify(LCD_web/portamail_ui/venv/lib/python3.12/site-packages/socketio/__pycache__) by extension 'ignore'
[2.061s] Level 1:colcon.colcon_core.package_identification:_identify(LCD_web/portamail_ui/venv/lib/python3.12/site-packages/socketio/__pycache__) by extension 'ignore_ament_install'
[2.061s] Level 1:colcon.colcon_core.package_identification:_identify(LCD_web/portamail_ui/venv/lib/python3.12/site-packages/socketio/__pycache__) by extensions ['colcon_pkg']
[2.061s] Level 1:colcon.colcon_core.package_identification:_identify(LCD_web/portamail_ui/venv/lib/python3.12/site-packages/socketio/__pycache__) by extension 'colcon_pkg'
[2.061s] Level 1:colcon.colcon_core.package_identification:_identify(LCD_web/portamail_ui/venv/lib/python3.12/site-packages/socketio/__pycache__) by extensions ['colcon_meta']
[2.061s] Level 1:colcon.colcon_core.package_identification:_identify(LCD_web/portamail_ui/venv/lib/python3.12/site-packages/socketio/__pycache__) by extension 'colcon_meta'
[2.065s] Level 1:colcon.colcon_core.package_identification:_identify(LCD_web/portamail_ui/venv/lib/python3.12/site-packages/socketio/__pycache__) by extensions ['ros']
[2.065s] Level 1:colcon.colcon_core.package_identification:_identify(LCD_web/portamail_ui/venv/lib/python3.12/site-packages/socketio/__pycache__) by extension 'ros'
[2.066s] Level 1:colcon.colcon_core.package_identification:_identify(LCD_web/portamail_ui/venv/lib/python3.12/site-packages/socketio/__pycache__) by extensions ['cmake', 'python']
[2.066s] Level 1:colcon.colcon_core.package_identification:_identify(LCD_web/portamail_ui/venv/lib/python3.12/site-packages/socketio/__pycache__) by extension 'cmake'
[2.066s] Level 1:colcon.colcon_core.package_identification:_identify(LCD_web/portamail_ui/venv/lib/python3.12/site-packages/socketio/__pycache__) by extension 'python'
[2.066s] Level 1:colcon.colcon_core.package_identification:_identify(LCD_web/portamail_ui/venv/lib/python3.12/site-packages/socketio/__pycache__) by extensions ['python_setup_py']
[2.066s] Level 1:colcon.colcon_core.package_identification:_identify(LCD_web/portamail_ui/venv/lib/python3.12/site-packages/socketio/__pycache__) by extension 'python_setup_py'
[2.066s] Level 1:colcon.colcon_core.package_identification:_identify(LCD_web/portamail_ui/venv/lib/python3.12/site-packages/werkzeug) by extensions ['ignore', 'ignore_ament_install']
[2.066s] Level 1:colcon.colcon_core.package_identification:_identify(LCD_web/portamail_ui/venv/lib/python3.12/site-packages/werkzeug) by extension 'ignore'
[2.067s] Level 1:colcon.colcon_core.package_identification:_identify(LCD_web/portamail_ui/venv/lib/python3.12/site-packages/werkzeug) by extension 'ignore_ament_install'
[2.067s] Level 1:colcon.colcon_core.package_identification:_identify(LCD_web/portamail_ui/venv/lib/python3.12/site-packages/werkzeug) by extensions ['colcon_pkg']
[2.067s] Level 1:colcon.colcon_core.package_identification:_identify(LCD_web/portamail_ui/venv/lib/python3.12/site-packages/werkzeug) by extension 'colcon_pkg'
[2.067s] Level 1:colcon.colcon_core.package_identification:_identify(LCD_web/portamail_ui/venv/lib/python3.12/site-packages/werkzeug) by extensions ['colcon_meta']
[2.067s] Level 1:colcon.colcon_core.package_identification:_identify(LCD_web/portamail_ui/venv/lib/python3.12/site-packages/werkzeug) by extension 'colcon_meta'
[2.067s] Level 1:colcon.colcon_core.package_identification:_identify(LCD_web/portamail_ui/venv/lib/python3.12/site-packages/werkzeug) by extensions ['ros']
[2.067s] Level 1:colcon.colcon_core.package_identification:_identify(LCD_web/portamail_ui/venv/lib/python3.12/site-packages/werkzeug) by extension 'ros'
[2.068s] Level 1:colcon.colcon_core.package_identification:_identify(LCD_web/portamail_ui/venv/lib/python3.12/site-packages/werkzeug) by extensions ['cmake', 'python']
[2.068s] Level 1:colcon.colcon_core.package_identification:_identify(LCD_web/portamail_ui/venv/lib/python3.12/site-packages/werkzeug) by extension 'cmake'
[2.071s] Level 1:colcon.colcon_core.package_identification:_identify(LCD_web/portamail_ui/venv/lib/python3.12/site-packages/werkzeug) by extension 'python'
[2.071s] Level 1:colcon.colcon_core.package_identification:_identify(LCD_web/portamail_ui/venv/lib/python3.12/site-packages/werkzeug) by extensions ['python_setup_py']
[2.071s] Level 1:colcon.colcon_core.package_identification:_identify(LCD_web/portamail_ui/venv/lib/python3.12/site-packages/werkzeug) by extension 'python_setup_py'
[2.071s] Level 1:colcon.colcon_core.package_identification:_identify(LCD_web/portamail_ui/venv/lib/python3.12/site-packages/werkzeug/__pycache__) by extensions ['ignore', 'ignore_ament_install']
[2.072s] Level 1:colcon.colcon_core.package_identification:_identify(LCD_web/portamail_ui/venv/lib/python3.12/site-packages/werkzeug/__pycache__) by extension 'ignore'
[2.072s] Level 1:colcon.colcon_core.package_identification:_identify(LCD_web/portamail_ui/venv/lib/python3.12/site-packages/werkzeug/__pycache__) by extension 'ignore_ament_install'
[2.072s] Level 1:colcon.colcon_core.package_identification:_identify(LCD_web/portamail_ui/venv/lib/python3.12/site-packages/werkzeug/__pycache__) by extensions ['colcon_pkg']
[2.072s] Level 1:colcon.colcon_core.package_identification:_identify(LCD_web/portamail_ui/venv/lib/python3.12/site-packages/werkzeug/__pycache__) by extension 'colcon_pkg'
[2.072s] Level 1:colcon.colcon_core.package_identification:_identify(LCD_web/portamail_ui/venv/lib/python3.12/site-packages/werkzeug/__pycache__) by extensions ['colcon_meta']
[2.072s] Level 1:colcon.colcon_core.package_identification:_identify(LCD_web/portamail_ui/venv/lib/python3.12/site-packages/werkzeug/__pycache__) by extension 'colcon_meta'
[2.072s] Level 1:colcon.colcon_core.package_identification:_identify(LCD_web/portamail_ui/venv/lib/python3.12/site-packages/werkzeug/__pycache__) by extensions ['ros']
[2.072s] Level 1:colcon.colcon_core.package_identification:_identify(LCD_web/portamail_ui/venv/lib/python3.12/site-packages/werkzeug/__pycache__) by extension 'ros'
[2.072s] Level 1:colcon.colcon_core.package_identification:_identify(LCD_web/portamail_ui/venv/lib/python3.12/site-packages/werkzeug/__pycache__) by extensions ['cmake', 'python']
[2.073s] Level 1:colcon.colcon_core.package_identification:_identify(LCD_web/portamail_ui/venv/lib/python3.12/site-packages/werkzeug/__pycache__) by extension 'cmake'
[2.073s] Level 1:colcon.colcon_core.package_identification:_identify(LCD_web/portamail_ui/venv/lib/python3.12/site-packages/werkzeug/__pycache__) by extension 'python'
[2.073s] Level 1:colcon.colcon_core.package_identification:_identify(LCD_web/portamail_ui/venv/lib/python3.12/site-packages/werkzeug/__pycache__) by extensions ['python_setup_py']
[2.073s] Level 1:colcon.colcon_core.package_identification:_identify(LCD_web/portamail_ui/venv/lib/python3.12/site-packages/werkzeug/__pycache__) by extension 'python_setup_py'
[2.073s] Level 1:colcon.colcon_core.package_identification:_identify(LCD_web/portamail_ui/venv/lib/python3.12/site-packages/werkzeug/datastructures) by extensions ['ignore', 'ignore_ament_install']
[2.073s] Level 1:colcon.colcon_core.package_identification:_identify(LCD_web/portamail_ui/venv/lib/python3.12/site-packages/werkzeug/datastructures) by extension 'ignore'
[2.073s] Level 1:colcon.colcon_core.package_identification:_identify(LCD_web/portamail_ui/venv/lib/python3.12/site-packages/werkzeug/datastructures) by extension 'ignore_ament_install'
[2.074s] Level 1:colcon.colcon_core.package_identification:_identify(LCD_web/portamail_ui/venv/lib/python3.12/site-packages/werkzeug/datastructures) by extensions ['colcon_pkg']
[2.074s] Level 1:colcon.colcon_core.package_identification:_identify(LCD_web/portamail_ui/venv/lib/python3.12/site-packages/werkzeug/datastructures) by extension 'colcon_pkg'
[2.074s] Level 1:colcon.colcon_core.package_identification:_identify(LCD_web/portamail_ui/venv/lib/python3.12/site-packages/werkzeug/datastructures) by extensions ['colcon_meta']
[2.074s] Level 1:colcon.colcon_core.package_identification:_identify(LCD_web/portamail_ui/venv/lib/python3.12/site-packages/werkzeug/datastructures) by extension 'colcon_meta'
[2.074s] Level 1:colcon.colcon_core.package_identification:_identify(LCD_web/portamail_ui/venv/lib/python3.12/site-packages/werkzeug/datastructures) by extensions ['ros']
[2.074s] Level 1:colcon.colcon_core.package_identification:_identify(LCD_web/portamail_ui/venv/lib/python3.12/site-packages/werkzeug/datastructures) by extension 'ros'
[2.075s] Level 1:colcon.colcon_core.package_identification:_identify(LCD_web/portamail_ui/venv/lib/python3.12/site-packages/werkzeug/datastructures) by extensions ['cmake', 'python']
[2.075s] Level 1:colcon.colcon_core.package_identification:_identify(LCD_web/portamail_ui/venv/lib/python3.12/site-packages/werkzeug/datastructures) by extension 'cmake'
[2.075s] Level 1:colcon.colcon_core.package_identification:_identify(LCD_web/portamail_ui/venv/lib/python3.12/site-packages/werkzeug/datastructures) by extension 'python'
[2.076s] Level 1:colcon.colcon_core.package_identification:_identify(LCD_web/portamail_ui/venv/lib/python3.12/site-packages/werkzeug/datastructures) by extensions ['python_setup_py']
[2.076s] Level 1:colcon.colcon_core.package_identification:_identify(LCD_web/portamail_ui/venv/lib/python3.12/site-packages/werkzeug/datastructures) by extension 'python_setup_py'
[2.077s] Level 1:colcon.colcon_core.package_identification:_identify(LCD_web/portamail_ui/venv/lib/python3.12/site-packages/werkzeug/datastructures/__pycache__) by extensions ['ignore', 'ignore_ament_install']
[2.080s] Level 1:colcon.colcon_core.package_identification:_identify(LCD_web/portamail_ui/venv/lib/python3.12/site-packages/werkzeug/datastructures/__pycache__) by extension 'ignore'
[2.080s] Level 1:colcon.colcon_core.package_identification:_identify(LCD_web/portamail_ui/venv/lib/python3.12/site-packages/werkzeug/datastructures/__pycache__) by extension 'ignore_ament_install'
[2.080s] Level 1:colcon.colcon_core.package_identification:_identify(LCD_web/portamail_ui/venv/lib/python3.12/site-packages/werkzeug/datastructures/__pycache__) by extensions ['colcon_pkg']
[2.080s] Level 1:colcon.colcon_core.package_identification:_identify(LCD_web/portamail_ui/venv/lib/python3.12/site-packages/werkzeug/datastructures/__pycache__) by extension 'colcon_pkg'
[2.080s] Level 1:colcon.colcon_core.package_identification:_identify(LCD_web/portamail_ui/venv/lib/python3.12/site-packages/werkzeug/datastructures/__pycache__) by extensions ['colcon_meta']
[2.081s] Level 1:colcon.colcon_core.package_identification:_identify(LCD_web/portamail_ui/venv/lib/python3.12/site-packages/werkzeug/datastructures/__pycache__) by extension 'colcon_meta'
[2.081s] Level 1:colcon.colcon_core.package_identification:_identify(LCD_web/portamail_ui/venv/lib/python3.12/site-packages/werkzeug/datastructures/__pycache__) by extensions ['ros']
[2.081s] Level 1:colcon.colcon_core.package_identification:_identify(LCD_web/portamail_ui/venv/lib/python3.12/site-packages/werkzeug/datastructures/__pycache__) by extension 'ros'
[2.081s] Level 1:colcon.colcon_core.package_identification:_identify(LCD_web/portamail_ui/venv/lib/python3.12/site-packages/werkzeug/datastructures/__pycache__) by extensions ['cmake', 'python']
[2.081s] Level 1:colcon.colcon_core.package_identification:_identify(LCD_web/portamail_ui/venv/lib/python3.12/site-packages/werkzeug/datastructures/__pycache__) by extension 'cmake'
[2.081s] Level 1:colcon.colcon_core.package_identification:_identify(LCD_web/portamail_ui/venv/lib/python3.12/site-packages/werkzeug/datastructures/__pycache__) by extension 'python'
[2.081s] Level 1:colcon.colcon_core.package_identification:_identify(LCD_web/portamail_ui/venv/lib/python3.12/site-packages/werkzeug/datastructures/__pycache__) by extensions ['python_setup_py']
[2.081s] Level 1:colcon.colcon_core.package_identification:_identify(LCD_web/portamail_ui/venv/lib/python3.12/site-packages/werkzeug/datastructures/__pycache__) by extension 'python_setup_py'
[2.082s] Level 1:colcon.colcon_core.package_identification:_identify(LCD_web/portamail_ui/venv/lib/python3.12/site-packages/werkzeug/debug) by extensions ['ignore', 'ignore_ament_install']
[2.082s] Level 1:colcon.colcon_core.package_identification:_identify(LCD_web/portamail_ui/venv/lib/python3.12/site-packages/werkzeug/debug) by extension 'ignore'
[2.082s] Level 1:colcon.colcon_core.package_identification:_identify(LCD_web/portamail_ui/venv/lib/python3.12/site-packages/werkzeug/debug) by extension 'ignore_ament_install'
[2.082s] Level 1:colcon.colcon_core.package_identification:_identify(LCD_web/portamail_ui/venv/lib/python3.12/site-packages/werkzeug/debug) by extensions ['colcon_pkg']
[2.082s] Level 1:colcon.colcon_core.package_identification:_identify(LCD_web/portamail_ui/venv/lib/python3.12/site-packages/werkzeug/debug) by extension 'colcon_pkg'
[2.082s] Level 1:colcon.colcon_core.package_identification:_identify(LCD_web/portamail_ui/venv/lib/python3.12/site-packages/werkzeug/debug) by extensions ['colcon_meta']
[2.082s] Level 1:colcon.colcon_core.package_identification:_identify(LCD_web/portamail_ui/venv/lib/python3.12/site-packages/werkzeug/debug) by extension 'colcon_meta'
[2.082s] Level 1:colcon.colcon_core.package_identification:_identify(LCD_web/portamail_ui/venv/lib/python3.12/site-packages/werkzeug/debug) by extensions ['ros']
[2.082s] Level 1:colcon.colcon_core.package_identification:_identify(LCD_web/portamail_ui/venv/lib/python3.12/site-packages/werkzeug/debug) by extension 'ros'
[2.082s] Level 1:colcon.colcon_core.package_identification:_identify(LCD_web/portamail_ui/venv/lib/python3.12/site-packages/werkzeug/debug) by extensions ['cmake', 'python']
[2.082s] Level 1:colcon.colcon_core.package_identification:_identify(LCD_web/portamail_ui/venv/lib/python3.12/site-packages/werkzeug/debug) by extension 'cmake'
[2.083s] Level 1:colcon.colcon_core.package_identification:_identify(LCD_web/portamail_ui/venv/lib/python3.12/site-packages/werkzeug/debug) by extension 'python'
[2.083s] Level 1:colcon.colcon_core.package_identification:_identify(LCD_web/portamail_ui/venv/lib/python3.12/site-packages/werkzeug/debug) by extensions ['python_setup_py']
[2.083s] Level 1:colcon.colcon_core.package_identification:_identify(LCD_web/portamail_ui/venv/lib/python3.12/site-packages/werkzeug/debug) by extension 'python_setup_py'
[2.083s] Level 1:colcon.colcon_core.package_identification:_identify(LCD_web/portamail_ui/venv/lib/python3.12/site-packages/werkzeug/debug/__pycache__) by extensions ['ignore', 'ignore_ament_install']
[2.083s] Level 1:colcon.colcon_core.package_identification:_identify(LCD_web/portamail_ui/venv/lib/python3.12/site-packages/werkzeug/debug/__pycache__) by extension 'ignore'
[2.084s] Level 1:colcon.colcon_core.package_identification:_identify(LCD_web/portamail_ui/venv/lib/python3.12/site-packages/werkzeug/debug/__pycache__) by extension 'ignore_ament_install'
[2.084s] Level 1:colcon.colcon_core.package_identification:_identify(LCD_web/portamail_ui/venv/lib/python3.12/site-packages/werkzeug/debug/__pycache__) by extensions ['colcon_pkg']
[2.085s] Level 1:colcon.colcon_core.package_identification:_identify(LCD_web/portamail_ui/venv/lib/python3.12/site-packages/werkzeug/debug/__pycache__) by extension 'colcon_pkg'
[2.085s] Level 1:colcon.colcon_core.package_identification:_identify(LCD_web/portamail_ui/venv/lib/python3.12/site-packages/werkzeug/debug/__pycache__) by extensions ['colcon_meta']
[2.085s] Level 1:colcon.colcon_core.package_identification:_identify(LCD_web/portamail_ui/venv/lib/python3.12/site-packages/werkzeug/debug/__pycache__) by extension 'colcon_meta'
[2.085s] Level 1:colcon.colcon_core.package_identification:_identify(LCD_web/portamail_ui/venv/lib/python3.12/site-packages/werkzeug/debug/__pycache__) by extensions ['ros']
[2.085s] Level 1:colcon.colcon_core.package_identification:_identify(LCD_web/portamail_ui/venv/lib/python3.12/site-packages/werkzeug/debug/__pycache__) by extension 'ros'
[2.085s] Level 1:colcon.colcon_core.package_identification:_identify(LCD_web/portamail_ui/venv/lib/python3.12/site-packages/werkzeug/debug/__pycache__) by extensions ['cmake', 'python']
[2.085s] Level 1:colcon.colcon_core.package_identification:_identify(LCD_web/portamail_ui/venv/lib/python3.12/site-packages/werkzeug/debug/__pycache__) by extension 'cmake'
[2.086s] Level 1:colcon.colcon_core.package_identification:_identify(LCD_web/portamail_ui/venv/lib/python3.12/site-packages/werkzeug/debug/__pycache__) by extension 'python'
[2.088s] Level 1:colcon.colcon_core.package_identification:_identify(LCD_web/portamail_ui/venv/lib/python3.12/site-packages/werkzeug/debug/__pycache__) by extensions ['python_setup_py']
[2.088s] Level 1:colcon.colcon_core.package_identification:_identify(LCD_web/portamail_ui/venv/lib/python3.12/site-packages/werkzeug/debug/__pycache__) by extension 'python_setup_py'
[2.089s] Level 1:colcon.colcon_core.package_identification:_identify(LCD_web/portamail_ui/venv/lib/python3.12/site-packages/werkzeug/debug/shared) by extensions ['ignore', 'ignore_ament_install']
[2.089s] Level 1:colcon.colcon_core.package_identification:_identify(LCD_web/portamail_ui/venv/lib/python3.12/site-packages/werkzeug/debug/shared) by extension 'ignore'
[2.089s] Level 1:colcon.colcon_core.package_identification:_identify(LCD_web/portamail_ui/venv/lib/python3.12/site-packages/werkzeug/debug/shared) by extension 'ignore_ament_install'
[2.089s] Level 1:colcon.colcon_core.package_identification:_identify(LCD_web/portamail_ui/venv/lib/python3.12/site-packages/werkzeug/debug/shared) by extensions ['colcon_pkg']
[2.089s] Level 1:colcon.colcon_core.package_identification:_identify(LCD_web/portamail_ui/venv/lib/python3.12/site-packages/werkzeug/debug/shared) by extension 'colcon_pkg'
[2.089s] Level 1:colcon.colcon_core.package_identification:_identify(LCD_web/portamail_ui/venv/lib/python3.12/site-packages/werkzeug/debug/shared) by extensions ['colcon_meta']
[2.089s] Level 1:colcon.colcon_core.package_identification:_identify(LCD_web/portamail_ui/venv/lib/python3.12/site-packages/werkzeug/debug/shared) by extension 'colcon_meta'
[2.089s] Level 1:colcon.colcon_core.package_identification:_identify(LCD_web/portamail_ui/venv/lib/python3.12/site-packages/werkzeug/debug/shared) by extensions ['ros']
[2.089s] Level 1:colcon.colcon_core.package_identification:_identify(LCD_web/portamail_ui/venv/lib/python3.12/site-packages/werkzeug/debug/shared) by extension 'ros'
[2.089s] Level 1:colcon.colcon_core.package_identification:_identify(LCD_web/portamail_ui/venv/lib/python3.12/site-packages/werkzeug/debug/shared) by extensions ['cmake', 'python']
[2.090s] Level 1:colcon.colcon_core.package_identification:_identify(LCD_web/portamail_ui/venv/lib/python3.12/site-packages/werkzeug/debug/shared) by extension 'cmake'
[2.090s] Level 1:colcon.colcon_core.package_identification:_identify(LCD_web/portamail_ui/venv/lib/python3.12/site-packages/werkzeug/debug/shared) by extension 'python'
[2.090s] Level 1:colcon.colcon_core.package_identification:_identify(LCD_web/portamail_ui/venv/lib/python3.12/site-packages/werkzeug/debug/shared) by extensions ['python_setup_py']
[2.090s] Level 1:colcon.colcon_core.package_identification:_identify(LCD_web/portamail_ui/venv/lib/python3.12/site-packages/werkzeug/debug/shared) by extension 'python_setup_py'
[2.090s] Level 1:colcon.colcon_core.package_identification:_identify(LCD_web/portamail_ui/venv/lib/python3.12/site-packages/werkzeug/middleware) by extensions ['ignore', 'ignore_ament_install']
[2.090s] Level 1:colcon.colcon_core.package_identification:_identify(LCD_web/portamail_ui/venv/lib/python3.12/site-packages/werkzeug/middleware) by extension 'ignore'
[2.090s] Level 1:colcon.colcon_core.package_identification:_identify(LCD_web/portamail_ui/venv/lib/python3.12/site-packages/werkzeug/middleware) by extension 'ignore_ament_install'
[2.090s] Level 1:colcon.colcon_core.package_identification:_identify(LCD_web/portamail_ui/venv/lib/python3.12/site-packages/werkzeug/middleware) by extensions ['colcon_pkg']
[2.091s] Level 1:colcon.colcon_core.package_identification:_identify(LCD_web/portamail_ui/venv/lib/python3.12/site-packages/werkzeug/middleware) by extension 'colcon_pkg'
[2.091s] Level 1:colcon.colcon_core.package_identification:_identify(LCD_web/portamail_ui/venv/lib/python3.12/site-packages/werkzeug/middleware) by extensions ['colcon_meta']
[2.091s] Level 1:colcon.colcon_core.package_identification:_identify(LCD_web/portamail_ui/venv/lib/python3.12/site-packages/werkzeug/middleware) by extension 'colcon_meta'
[2.091s] Level 1:colcon.colcon_core.package_identification:_identify(LCD_web/portamail_ui/venv/lib/python3.12/site-packages/werkzeug/middleware) by extensions ['ros']
[2.091s] Level 1:colcon.colcon_core.package_identification:_identify(LCD_web/portamail_ui/venv/lib/python3.12/site-packages/werkzeug/middleware) by extension 'ros'
[2.091s] Level 1:colcon.colcon_core.package_identification:_identify(LCD_web/portamail_ui/venv/lib/python3.12/site-packages/werkzeug/middleware) by extensions ['cmake', 'python']
[2.091s] Level 1:colcon.colcon_core.package_identification:_identify(LCD_web/portamail_ui/venv/lib/python3.12/site-packages/werkzeug/middleware) by extension 'cmake'
[2.091s] Level 1:colcon.colcon_core.package_identification:_identify(LCD_web/portamail_ui/venv/lib/python3.12/site-packages/werkzeug/middleware) by extension 'python'
[2.091s] Level 1:colcon.colcon_core.package_identification:_identify(LCD_web/portamail_ui/venv/lib/python3.12/site-packages/werkzeug/middleware) by extensions ['python_setup_py']
[2.091s] Level 1:colcon.colcon_core.package_identification:_identify(LCD_web/portamail_ui/venv/lib/python3.12/site-packages/werkzeug/middleware) by extension 'python_setup_py'
[2.091s] Level 1:colcon.colcon_core.package_identification:_identify(LCD_web/portamail_ui/venv/lib/python3.12/site-packages/werkzeug/middleware/__pycache__) by extensions ['ignore', 'ignore_ament_install']
[2.091s] Level 1:colcon.colcon_core.package_identification:_identify(LCD_web/portamail_ui/venv/lib/python3.12/site-packages/werkzeug/middleware/__pycache__) by extension 'ignore'
[2.092s] Level 1:colcon.colcon_core.package_identification:_identify(LCD_web/portamail_ui/venv/lib/python3.12/site-packages/werkzeug/middleware/__pycache__) by extension 'ignore_ament_install'
[2.092s] Level 1:colcon.colcon_core.package_identification:_identify(LCD_web/portamail_ui/venv/lib/python3.12/site-packages/werkzeug/middleware/__pycache__) by extensions ['colcon_pkg']
[2.092s] Level 1:colcon.colcon_core.package_identification:_identify(LCD_web/portamail_ui/venv/lib/python3.12/site-packages/werkzeug/middleware/__pycache__) by extension 'colcon_pkg'
[2.093s] Level 1:colcon.colcon_core.package_identification:_identify(LCD_web/portamail_ui/venv/lib/python3.12/site-packages/werkzeug/middleware/__pycache__) by extensions ['colcon_meta']
[2.093s] Level 1:colcon.colcon_core.package_identification:_identify(LCD_web/portamail_ui/venv/lib/python3.12/site-packages/werkzeug/middleware/__pycache__) by extension 'colcon_meta'
[2.093s] Level 1:colcon.colcon_core.package_identification:_identify(LCD_web/portamail_ui/venv/lib/python3.12/site-packages/werkzeug/middleware/__pycache__) by extensions ['ros']
[2.093s] Level 1:colcon.colcon_core.package_identification:_identify(LCD_web/portamail_ui/venv/lib/python3.12/site-packages/werkzeug/middleware/__pycache__) by extension 'ros'
[2.093s] Level 1:colcon.colcon_core.package_identification:_identify(LCD_web/portamail_ui/venv/lib/python3.12/site-packages/werkzeug/middleware/__pycache__) by extensions ['cmake', 'python']
[2.093s] Level 1:colcon.colcon_core.package_identification:_identify(LCD_web/portamail_ui/venv/lib/python3.12/site-packages/werkzeug/middleware/__pycache__) by extension 'cmake'
[2.093s] Level 1:colcon.colcon_core.package_identification:_identify(LCD_web/portamail_ui/venv/lib/python3.12/site-packages/werkzeug/middleware/__pycache__) by extension 'python'
[2.093s] Level 1:colcon.colcon_core.package_identification:_identify(LCD_web/portamail_ui/venv/lib/python3.12/site-packages/werkzeug/middleware/__pycache__) by extensions ['python_setup_py']
[2.093s] Level 1:colcon.colcon_core.package_identification:_identify(LCD_web/portamail_ui/venv/lib/python3.12/site-packages/werkzeug/middleware/__pycache__) by extension 'python_setup_py'
[2.094s] Level 1:colcon.colcon_core.package_identification:_identify(LCD_web/portamail_ui/venv/lib/python3.12/site-packages/werkzeug/routing) by extensions ['ignore', 'ignore_ament_install']
[2.094s] Level 1:colcon.colcon_core.package_identification:_identify(LCD_web/portamail_ui/venv/lib/python3.12/site-packages/werkzeug/routing) by extension 'ignore'
[2.094s] Level 1:colcon.colcon_core.package_identification:_identify(LCD_web/portamail_ui/venv/lib/python3.12/site-packages/werkzeug/routing) by extension 'ignore_ament_install'
[2.094s] Level 1:colcon.colcon_core.package_identification:_identify(LCD_web/portamail_ui/venv/lib/python3.12/site-packages/werkzeug/routing) by extensions ['colcon_pkg']
[2.094s] Level 1:colcon.colcon_core.package_identification:_identify(LCD_web/portamail_ui/venv/lib/python3.12/site-packages/werkzeug/routing) by extension 'colcon_pkg'
[2.094s] Level 1:colcon.colcon_core.package_identification:_identify(LCD_web/portamail_ui/venv/lib/python3.12/site-packages/werkzeug/routing) by extensions ['colcon_meta']
[2.094s] Level 1:colcon.colcon_core.package_identification:_identify(LCD_web/portamail_ui/venv/lib/python3.12/site-packages/werkzeug/routing) by extension 'colcon_meta'
[2.094s] Level 1:colcon.colcon_core.package_identification:_identify(LCD_web/portamail_ui/venv/lib/python3.12/site-packages/werkzeug/routing) by extensions ['ros']
[2.094s] Level 1:colcon.colcon_core.package_identification:_identify(LCD_web/portamail_ui/venv/lib/python3.12/site-packages/werkzeug/routing) by extension 'ros'
[2.094s] Level 1:colcon.colcon_core.package_identification:_identify(LCD_web/portamail_ui/venv/lib/python3.12/site-packages/werkzeug/routing) by extensions ['cmake', 'python']
[2.094s] Level 1:colcon.colcon_core.package_identification:_identify(LCD_web/portamail_ui/venv/lib/python3.12/site-packages/werkzeug/routing) by extension 'cmake'
[2.095s] Level 1:colcon.colcon_core.package_identification:_identify(LCD_web/portamail_ui/venv/lib/python3.12/site-packages/werkzeug/routing) by extension 'python'
[2.095s] Level 1:colcon.colcon_core.package_identification:_identify(LCD_web/portamail_ui/venv/lib/python3.12/site-packages/werkzeug/routing) by extensions ['python_setup_py']
[2.095s] Level 1:colcon.colcon_core.package_identification:_identify(LCD_web/portamail_ui/venv/lib/python3.12/site-packages/werkzeug/routing) by extension 'python_setup_py'
[2.098s] Level 1:colcon.colcon_core.package_identification:_identify(LCD_web/portamail_ui/venv/lib/python3.12/site-packages/werkzeug/routing/__pycache__) by extensions ['ignore', 'ignore_ament_install']
[2.098s] Level 1:colcon.colcon_core.package_identification:_identify(LCD_web/portamail_ui/venv/lib/python3.12/site-packages/werkzeug/routing/__pycache__) by extension 'ignore'
[2.098s] Level 1:colcon.colcon_core.package_identification:_identify(LCD_web/portamail_ui/venv/lib/python3.12/site-packages/werkzeug/routing/__pycache__) by extension 'ignore_ament_install'
[2.099s] Level 1:colcon.colcon_core.package_identification:_identify(LCD_web/portamail_ui/venv/lib/python3.12/site-packages/werkzeug/routing/__pycache__) by extensions ['colcon_pkg']
[2.099s] Level 1:colcon.colcon_core.package_identification:_identify(LCD_web/portamail_ui/venv/lib/python3.12/site-packages/werkzeug/routing/__pycache__) by extension 'colcon_pkg'
[2.099s] Level 1:colcon.colcon_core.package_identification:_identify(LCD_web/portamail_ui/venv/lib/python3.12/site-packages/werkzeug/routing/__pycache__) by extensions ['colcon_meta']
[2.099s] Level 1:colcon.colcon_core.package_identification:_identify(LCD_web/portamail_ui/venv/lib/python3.12/site-packages/werkzeug/routing/__pycache__) by extension 'colcon_meta'
[2.099s] Level 1:colcon.colcon_core.package_identification:_identify(LCD_web/portamail_ui/venv/lib/python3.12/site-packages/werkzeug/routing/__pycache__) by extensions ['ros']
[2.099s] Level 1:colcon.colcon_core.package_identification:_identify(LCD_web/portamail_ui/venv/lib/python3.12/site-packages/werkzeug/routing/__pycache__) by extension 'ros'
[2.099s] Level 1:colcon.colcon_core.package_identification:_identify(LCD_web/portamail_ui/venv/lib/python3.12/site-packages/werkzeug/routing/__pycache__) by extensions ['cmake', 'python']
[2.099s] Level 1:colcon.colcon_core.package_identification:_identify(LCD_web/portamail_ui/venv/lib/python3.12/site-packages/werkzeug/routing/__pycache__) by extension 'cmake'
[2.099s] Level 1:colcon.colcon_core.package_identification:_identify(LCD_web/portamail_ui/venv/lib/python3.12/site-packages/werkzeug/routing/__pycache__) by extension 'python'
[2.099s] Level 1:colcon.colcon_core.package_identification:_identify(LCD_web/portamail_ui/venv/lib/python3.12/site-packages/werkzeug/routing/__pycache__) by extensions ['python_setup_py']
[2.099s] Level 1:colcon.colcon_core.package_identification:_identify(LCD_web/portamail_ui/venv/lib/python3.12/site-packages/werkzeug/routing/__pycache__) by extension 'python_setup_py'
[2.099s] Level 1:colcon.colcon_core.package_identification:_identify(LCD_web/portamail_ui/venv/lib/python3.12/site-packages/werkzeug/sansio) by extensions ['ignore', 'ignore_ament_install']
[2.100s] Level 1:colcon.colcon_core.package_identification:_identify(LCD_web/portamail_ui/venv/lib/python3.12/site-packages/werkzeug/sansio) by extension 'ignore'
[2.100s] Level 1:colcon.colcon_core.package_identification:_identify(LCD_web/portamail_ui/venv/lib/python3.12/site-packages/werkzeug/sansio) by extension 'ignore_ament_install'
[2.100s] Level 1:colcon.colcon_core.package_identification:_identify(LCD_web/portamail_ui/venv/lib/python3.12/site-packages/werkzeug/sansio) by extensions ['colcon_pkg']
[2.100s] Level 1:colcon.colcon_core.package_identification:_identify(LCD_web/portamail_ui/venv/lib/python3.12/site-packages/werkzeug/sansio) by extension 'colcon_pkg'
[2.100s] Level 1:colcon.colcon_core.package_identification:_identify(LCD_web/portamail_ui/venv/lib/python3.12/site-packages/werkzeug/sansio) by extensions ['colcon_meta']
[2.100s] Level 1:colcon.colcon_core.package_identification:_identify(LCD_web/portamail_ui/venv/lib/python3.12/site-packages/werkzeug/sansio) by extension 'colcon_meta'
[2.100s] Level 1:colcon.colcon_core.package_identification:_identify(LCD_web/portamail_ui/venv/lib/python3.12/site-packages/werkzeug/sansio) by extensions ['ros']
[2.100s] Level 1:colcon.colcon_core.package_identification:_identify(LCD_web/portamail_ui/venv/lib/python3.12/site-packages/werkzeug/sansio) by extension 'ros'
[2.100s] Level 1:colcon.colcon_core.package_identification:_identify(LCD_web/portamail_ui/venv/lib/python3.12/site-packages/werkzeug/sansio) by extensions ['cmake', 'python']
[2.100s] Level 1:colcon.colcon_core.package_identification:_identify(LCD_web/portamail_ui/venv/lib/python3.12/site-packages/werkzeug/sansio) by extension 'cmake'
[2.100s] Level 1:colcon.colcon_core.package_identification:_identify(LCD_web/portamail_ui/venv/lib/python3.12/site-packages/werkzeug/sansio) by extension 'python'
[2.100s] Level 1:colcon.colcon_core.package_identification:_identify(LCD_web/portamail_ui/venv/lib/python3.12/site-packages/werkzeug/sansio) by extensions ['python_setup_py']
[2.100s] Level 1:colcon.colcon_core.package_identification:_identify(LCD_web/portamail_ui/venv/lib/python3.12/site-packages/werkzeug/sansio) by extension 'python_setup_py'
[2.101s] Level 1:colcon.colcon_core.package_identification:_identify(LCD_web/portamail_ui/venv/lib/python3.12/site-packages/werkzeug/sansio/__pycache__) by extensions ['ignore', 'ignore_ament_install']
[2.101s] Level 1:colcon.colcon_core.package_identification:_identify(LCD_web/portamail_ui/venv/lib/python3.12/site-packages/werkzeug/sansio/__pycache__) by extension 'ignore'
[2.101s] Level 1:colcon.colcon_core.package_identification:_identify(LCD_web/portamail_ui/venv/lib/python3.12/site-packages/werkzeug/sansio/__pycache__) by extension 'ignore_ament_install'
[2.101s] Level 1:colcon.colcon_core.package_identification:_identify(LCD_web/portamail_ui/venv/lib/python3.12/site-packages/werkzeug/sansio/__pycache__) by extensions ['colcon_pkg']
[2.101s] Level 1:colcon.colcon_core.package_identification:_identify(LCD_web/portamail_ui/venv/lib/python3.12/site-packages/werkzeug/sansio/__pycache__) by extension 'colcon_pkg'
[2.101s] Level 1:colcon.colcon_core.package_identification:_identify(LCD_web/portamail_ui/venv/lib/python3.12/site-packages/werkzeug/sansio/__pycache__) by extensions ['colcon_meta']
[2.101s] Level 1:colcon.colcon_core.package_identification:_identify(LCD_web/portamail_ui/venv/lib/python3.12/site-packages/werkzeug/sansio/__pycache__) by extension 'colcon_meta'
[2.101s] Level 1:colcon.colcon_core.package_identification:_identify(LCD_web/portamail_ui/venv/lib/python3.12/site-packages/werkzeug/sansio/__pycache__) by extensions ['ros']
[2.101s] Level 1:colcon.colcon_core.package_identification:_identify(LCD_web/portamail_ui/venv/lib/python3.12/site-packages/werkzeug/sansio/__pycache__) by extension 'ros'
[2.101s] Level 1:colcon.colcon_core.package_identification:_identify(LCD_web/portamail_ui/venv/lib/python3.12/site-packages/werkzeug/sansio/__pycache__) by extensions ['cmake', 'python']
[2.101s] Level 1:colcon.colcon_core.package_identification:_identify(LCD_web/portamail_ui/venv/lib/python3.12/site-packages/werkzeug/sansio/__pycache__) by extension 'cmake'
[2.101s] Level 1:colcon.colcon_core.package_identification:_identify(LCD_web/portamail_ui/venv/lib/python3.12/site-packages/werkzeug/sansio/__pycache__) by extension 'python'
[2.101s] Level 1:colcon.colcon_core.package_identification:_identify(LCD_web/portamail_ui/venv/lib/python3.12/site-packages/werkzeug/sansio/__pycache__) by extensions ['python_setup_py']
[2.101s] Level 1:colcon.colcon_core.package_identification:_identify(LCD_web/portamail_ui/venv/lib/python3.12/site-packages/werkzeug/sansio/__pycache__) by extension 'python_setup_py'
[2.102s] Level 1:colcon.colcon_core.package_identification:_identify(LCD_web/portamail_ui/venv/lib/python3.12/site-packages/werkzeug/wrappers) by extensions ['ignore', 'ignore_ament_install']
[2.102s] Level 1:colcon.colcon_core.package_identification:_identify(LCD_web/portamail_ui/venv/lib/python3.12/site-packages/werkzeug/wrappers) by extension 'ignore'
[2.102s] Level 1:colcon.colcon_core.package_identification:_identify(LCD_web/portamail_ui/venv/lib/python3.12/site-packages/werkzeug/wrappers) by extension 'ignore_ament_install'
[2.102s] Level 1:colcon.colcon_core.package_identification:_identify(LCD_web/portamail_ui/venv/lib/python3.12/site-packages/werkzeug/wrappers) by extensions ['colcon_pkg']
[2.102s] Level 1:colcon.colcon_core.package_identification:_identify(LCD_web/portamail_ui/venv/lib/python3.12/site-packages/werkzeug/wrappers) by extension 'colcon_pkg'
[2.102s] Level 1:colcon.colcon_core.package_identification:_identify(LCD_web/portamail_ui/venv/lib/python3.12/site-packages/werkzeug/wrappers) by extensions ['colcon_meta']
[2.102s] Level 1:colcon.colcon_core.package_identification:_identify(LCD_web/portamail_ui/venv/lib/python3.12/site-packages/werkzeug/wrappers) by extension 'colcon_meta'
[2.102s] Level 1:colcon.colcon_core.package_identification:_identify(LCD_web/portamail_ui/venv/lib/python3.12/site-packages/werkzeug/wrappers) by extensions ['ros']
[2.102s] Level 1:colcon.colcon_core.package_identification:_identify(LCD_web/portamail_ui/venv/lib/python3.12/site-packages/werkzeug/wrappers) by extension 'ros'
[2.102s] Level 1:colcon.colcon_core.package_identification:_identify(LCD_web/portamail_ui/venv/lib/python3.12/site-packages/werkzeug/wrappers) by extensions ['cmake', 'python']
[2.102s] Level 1:colcon.colcon_core.package_identification:_identify(LCD_web/portamail_ui/venv/lib/python3.12/site-packages/werkzeug/wrappers) by extension 'cmake'
[2.102s] Level 1:colcon.colcon_core.package_identification:_identify(LCD_web/portamail_ui/venv/lib/python3.12/site-packages/werkzeug/wrappers) by extension 'python'
[2.102s] Level 1:colcon.colcon_core.package_identification:_identify(LCD_web/portamail_ui/venv/lib/python3.12/site-packages/werkzeug/wrappers) by extensions ['python_setup_py']
[2.102s] Level 1:colcon.colcon_core.package_identification:_identify(LCD_web/portamail_ui/venv/lib/python3.12/site-packages/werkzeug/wrappers) by extension 'python_setup_py'
[2.103s] Level 1:colcon.colcon_core.package_identification:_identify(LCD_web/portamail_ui/venv/lib/python3.12/site-packages/werkzeug/wrappers/__pycache__) by extensions ['ignore', 'ignore_ament_install']
[2.103s] Level 1:colcon.colcon_core.package_identification:_identify(LCD_web/portamail_ui/venv/lib/python3.12/site-packages/werkzeug/wrappers/__pycache__) by extension 'ignore'
[2.103s] Level 1:colcon.colcon_core.package_identification:_identify(LCD_web/portamail_ui/venv/lib/python3.12/site-packages/werkzeug/wrappers/__pycache__) by extension 'ignore_ament_install'
[2.103s] Level 1:colcon.colcon_core.package_identification:_identify(LCD_web/portamail_ui/venv/lib/python3.12/site-packages/werkzeug/wrappers/__pycache__) by extensions ['colcon_pkg']
[2.103s] Level 1:colcon.colcon_core.package_identification:_identify(LCD_web/portamail_ui/venv/lib/python3.12/site-packages/werkzeug/wrappers/__pycache__) by extension 'colcon_pkg'
[2.103s] Level 1:colcon.colcon_core.package_identification:_identify(LCD_web/portamail_ui/venv/lib/python3.12/site-packages/werkzeug/wrappers/__pycache__) by extensions ['colcon_meta']
[2.103s] Level 1:colcon.colcon_core.package_identification:_identify(LCD_web/portamail_ui/venv/lib/python3.12/site-packages/werkzeug/wrappers/__pycache__) by extension 'colcon_meta'
[2.103s] Level 1:colcon.colcon_core.package_identification:_identify(LCD_web/portamail_ui/venv/lib/python3.12/site-packages/werkzeug/wrappers/__pycache__) by extensions ['ros']
[2.103s] Level 1:colcon.colcon_core.package_identification:_identify(LCD_web/portamail_ui/venv/lib/python3.12/site-packages/werkzeug/wrappers/__pycache__) by extension 'ros'
[2.103s] Level 1:colcon.colcon_core.package_identification:_identify(LCD_web/portamail_ui/venv/lib/python3.12/site-packages/werkzeug/wrappers/__pycache__) by extensions ['cmake', 'python']
[2.103s] Level 1:colcon.colcon_core.package_identification:_identify(LCD_web/portamail_ui/venv/lib/python3.12/site-packages/werkzeug/wrappers/__pycache__) by extension 'cmake'
[2.104s] Level 1:colcon.colcon_core.package_identification:_identify(LCD_web/portamail_ui/venv/lib/python3.12/site-packages/werkzeug/wrappers/__pycache__) by extension 'python'
[2.104s] Level 1:colcon.colcon_core.package_identification:_identify(LCD_web/portamail_ui/venv/lib/python3.12/site-packages/werkzeug/wrappers/__pycache__) by extensions ['python_setup_py']
[2.104s] Level 1:colcon.colcon_core.package_identification:_identify(LCD_web/portamail_ui/venv/lib/python3.12/site-packages/werkzeug/wrappers/__pycache__) by extension 'python_setup_py'
[2.104s] Level 1:colcon.colcon_core.package_identification:_identify(LCD_web/portamail_ui/venv/lib/python3.12/site-packages/werkzeug-3.1.6.dist-info) by extensions ['ignore', 'ignore_ament_install']
[2.104s] Level 1:colcon.colcon_core.package_identification:_identify(LCD_web/portamail_ui/venv/lib/python3.12/site-packages/werkzeug-3.1.6.dist-info) by extension 'ignore'
[2.104s] Level 1:colcon.colcon_core.package_identification:_identify(LCD_web/portamail_ui/venv/lib/python3.12/site-packages/werkzeug-3.1.6.dist-info) by extension 'ignore_ament_install'
[2.104s] Level 1:colcon.colcon_core.package_identification:_identify(LCD_web/portamail_ui/venv/lib/python3.12/site-packages/werkzeug-3.1.6.dist-info) by extensions ['colcon_pkg']
[2.104s] Level 1:colcon.colcon_core.package_identification:_identify(LCD_web/portamail_ui/venv/lib/python3.12/site-packages/werkzeug-3.1.6.dist-info) by extension 'colcon_pkg'
[2.104s] Level 1:colcon.colcon_core.package_identification:_identify(LCD_web/portamail_ui/venv/lib/python3.12/site-packages/werkzeug-3.1.6.dist-info) by extensions ['colcon_meta']
[2.104s] Level 1:colcon.colcon_core.package_identification:_identify(LCD_web/portamail_ui/venv/lib/python3.12/site-packages/werkzeug-3.1.6.dist-info) by extension 'colcon_meta'
[2.104s] Level 1:colcon.colcon_core.package_identification:_identify(LCD_web/portamail_ui/venv/lib/python3.12/site-packages/werkzeug-3.1.6.dist-info) by extensions ['ros']
[2.104s] Level 1:colcon.colcon_core.package_identification:_identify(LCD_web/portamail_ui/venv/lib/python3.12/site-packages/werkzeug-3.1.6.dist-info) by extension 'ros'
[2.104s] Level 1:colcon.colcon_core.package_identification:_identify(LCD_web/portamail_ui/venv/lib/python3.12/site-packages/werkzeug-3.1.6.dist-info) by extensions ['cmake', 'python']
[2.104s] Level 1:colcon.colcon_core.package_identification:_identify(LCD_web/portamail_ui/venv/lib/python3.12/site-packages/werkzeug-3.1.6.dist-info) by extension 'cmake'
[2.104s] Level 1:colcon.colcon_core.package_identification:_identify(LCD_web/portamail_ui/venv/lib/python3.12/site-packages/werkzeug-3.1.6.dist-info) by extension 'python'
[2.105s] Level 1:colcon.colcon_core.package_identification:_identify(LCD_web/portamail_ui/venv/lib/python3.12/site-packages/werkzeug-3.1.6.dist-info) by extensions ['python_setup_py']
[2.105s] Level 1:colcon.colcon_core.package_identification:_identify(LCD_web/portamail_ui/venv/lib/python3.12/site-packages/werkzeug-3.1.6.dist-info) by extension 'python_setup_py'
[2.105s] Level 1:colcon.colcon_core.package_identification:_identify(LCD_web/portamail_ui/venv/lib/python3.12/site-packages/werkzeug-3.1.6.dist-info/licenses) by extensions ['ignore', 'ignore_ament_install']
[2.105s] Level 1:colcon.colcon_core.package_identification:_identify(LCD_web/portamail_ui/venv/lib/python3.12/site-packages/werkzeug-3.1.6.dist-info/licenses) by extension 'ignore'
[2.105s] Level 1:colcon.colcon_core.package_identification:_identify(LCD_web/portamail_ui/venv/lib/python3.12/site-packages/werkzeug-3.1.6.dist-info/licenses) by extension 'ignore_ament_install'
[2.105s] Level 1:colcon.colcon_core.package_identification:_identify(LCD_web/portamail_ui/venv/lib/python3.12/site-packages/werkzeug-3.1.6.dist-info/licenses) by extensions ['colcon_pkg']
[2.105s] Level 1:colcon.colcon_core.package_identification:_identify(LCD_web/portamail_ui/venv/lib/python3.12/site-packages/werkzeug-3.1.6.dist-info/licenses) by extension 'colcon_pkg'
[2.105s] Level 1:colcon.colcon_core.package_identification:_identify(LCD_web/portamail_ui/venv/lib/python3.12/site-packages/werkzeug-3.1.6.dist-info/licenses) by extensions ['colcon_meta']
[2.105s] Level 1:colcon.colcon_core.package_identification:_identify(LCD_web/portamail_ui/venv/lib/python3.12/site-packages/werkzeug-3.1.6.dist-info/licenses) by extension 'colcon_meta'
[2.105s] Level 1:colcon.colcon_core.package_identification:_identify(LCD_web/portamail_ui/venv/lib/python3.12/site-packages/werkzeug-3.1.6.dist-info/licenses) by extensions ['ros']
[2.105s] Level 1:colcon.colcon_core.package_identification:_identify(LCD_web/portamail_ui/venv/lib/python3.12/site-packages/werkzeug-3.1.6.dist-info/licenses) by extension 'ros'
[2.105s] Level 1:colcon.colcon_core.package_identification:_identify(LCD_web/portamail_ui/venv/lib/python3.12/site-packages/werkzeug-3.1.6.dist-info/licenses) by extensions ['cmake', 'python']
[2.105s] Level 1:colcon.colcon_core.package_identification:_identify(LCD_web/portamail_ui/venv/lib/python3.12/site-packages/werkzeug-3.1.6.dist-info/licenses) by extension 'cmake'
[2.105s] Level 1:colcon.colcon_core.package_identification:_identify(LCD_web/portamail_ui/venv/lib/python3.12/site-packages/werkzeug-3.1.6.dist-info/licenses) by extension 'python'
[2.106s] Level 1:colcon.colcon_core.package_identification:_identify(LCD_web/portamail_ui/venv/lib/python3.12/site-packages/werkzeug-3.1.6.dist-info/licenses) by extensions ['python_setup_py']
[2.106s] Level 1:colcon.colcon_core.package_identification:_identify(LCD_web/portamail_ui/venv/lib/python3.12/site-packages/werkzeug-3.1.6.dist-info/licenses) by extension 'python_setup_py'
[2.108s] Level 1:colcon.colcon_core.package_identification:_identify(LCD_web/portamail_ui/venv/lib/python3.12/site-packages/wsproto) by extensions ['ignore', 'ignore_ament_install']
[2.108s] Level 1:colcon.colcon_core.package_identification:_identify(LCD_web/portamail_ui/venv/lib/python3.12/site-packages/wsproto) by extension 'ignore'
[2.108s] Level 1:colcon.colcon_core.package_identification:_identify(LCD_web/portamail_ui/venv/lib/python3.12/site-packages/wsproto) by extension 'ignore_ament_install'
[2.109s] Level 1:colcon.colcon_core.package_identification:_identify(LCD_web/portamail_ui/venv/lib/python3.12/site-packages/wsproto) by extensions ['colcon_pkg']
[2.109s] Level 1:colcon.colcon_core.package_identification:_identify(LCD_web/portamail_ui/venv/lib/python3.12/site-packages/wsproto) by extension 'colcon_pkg'
[2.109s] Level 1:colcon.colcon_core.package_identification:_identify(LCD_web/portamail_ui/venv/lib/python3.12/site-packages/wsproto) by extensions ['colcon_meta']
[2.109s] Level 1:colcon.colcon_core.package_identification:_identify(LCD_web/portamail_ui/venv/lib/python3.12/site-packages/wsproto) by extension 'colcon_meta'
[2.109s] Level 1:colcon.colcon_core.package_identification:_identify(LCD_web/portamail_ui/venv/lib/python3.12/site-packages/wsproto) by extensions ['ros']
[2.109s] Level 1:colcon.colcon_core.package_identification:_identify(LCD_web/portamail_ui/venv/lib/python3.12/site-packages/wsproto) by extension 'ros'
[2.109s] Level 1:colcon.colcon_core.package_identification:_identify(LCD_web/portamail_ui/venv/lib/python3.12/site-packages/wsproto) by extensions ['cmake', 'python']
[2.109s] Level 1:colcon.colcon_core.package_identification:_identify(LCD_web/portamail_ui/venv/lib/python3.12/site-packages/wsproto) by extension 'cmake'
[2.109s] Level 1:colcon.colcon_core.package_identification:_identify(LCD_web/portamail_ui/venv/lib/python3.12/site-packages/wsproto) by extension 'python'
[2.109s] Level 1:colcon.colcon_core.package_identification:_identify(LCD_web/portamail_ui/venv/lib/python3.12/site-packages/wsproto) by extensions ['python_setup_py']
[2.109s] Level 1:colcon.colcon_core.package_identification:_identify(LCD_web/portamail_ui/venv/lib/python3.12/site-packages/wsproto) by extension 'python_setup_py'
[2.109s] Level 1:colcon.colcon_core.package_identification:_identify(LCD_web/portamail_ui/venv/lib/python3.12/site-packages/wsproto/__pycache__) by extensions ['ignore', 'ignore_ament_install']
[2.110s] Level 1:colcon.colcon_core.package_identification:_identify(LCD_web/portamail_ui/venv/lib/python3.12/site-packages/wsproto/__pycache__) by extension 'ignore'
[2.110s] Level 1:colcon.colcon_core.package_identification:_identify(LCD_web/portamail_ui/venv/lib/python3.12/site-packages/wsproto/__pycache__) by extension 'ignore_ament_install'
[2.110s] Level 1:colcon.colcon_core.package_identification:_identify(LCD_web/portamail_ui/venv/lib/python3.12/site-packages/wsproto/__pycache__) by extensions ['colcon_pkg']
[2.110s] Level 1:colcon.colcon_core.package_identification:_identify(LCD_web/portamail_ui/venv/lib/python3.12/site-packages/wsproto/__pycache__) by extension 'colcon_pkg'
[2.110s] Level 1:colcon.colcon_core.package_identification:_identify(LCD_web/portamail_ui/venv/lib/python3.12/site-packages/wsproto/__pycache__) by extensions ['colcon_meta']
[2.110s] Level 1:colcon.colcon_core.package_identification:_identify(LCD_web/portamail_ui/venv/lib/python3.12/site-packages/wsproto/__pycache__) by extension 'colcon_meta'
[2.110s] Level 1:colcon.colcon_core.package_identification:_identify(LCD_web/portamail_ui/venv/lib/python3.12/site-packages/wsproto/__pycache__) by extensions ['ros']
[2.110s] Level 1:colcon.colcon_core.package_identification:_identify(LCD_web/portamail_ui/venv/lib/python3.12/site-packages/wsproto/__pycache__) by extension 'ros'
[2.110s] Level 1:colcon.colcon_core.package_identification:_identify(LCD_web/portamail_ui/venv/lib/python3.12/site-packages/wsproto/__pycache__) by extensions ['cmake', 'python']
[2.110s] Level 1:colcon.colcon_core.package_identification:_identify(LCD_web/portamail_ui/venv/lib/python3.12/site-packages/wsproto/__pycache__) by extension 'cmake'
[2.110s] Level 1:colcon.colcon_core.package_identification:_identify(LCD_web/portamail_ui/venv/lib/python3.12/site-packages/wsproto/__pycache__) by extension 'python'
[2.110s] Level 1:colcon.colcon_core.package_identification:_identify(LCD_web/portamail_ui/venv/lib/python3.12/site-packages/wsproto/__pycache__) by extensions ['python_setup_py']
[2.110s] Level 1:colcon.colcon_core.package_identification:_identify(LCD_web/portamail_ui/venv/lib/python3.12/site-packages/wsproto/__pycache__) by extension 'python_setup_py'
[2.110s] Level 1:colcon.colcon_core.package_identification:_identify(LCD_web/portamail_ui/venv/lib/python3.12/site-packages/wsproto-1.3.2.dist-info) by extensions ['ignore', 'ignore_ament_install']
[2.110s] Level 1:colcon.colcon_core.package_identification:_identify(LCD_web/portamail_ui/venv/lib/python3.12/site-packages/wsproto-1.3.2.dist-info) by extension 'ignore'
[2.110s] Level 1:colcon.colcon_core.package_identification:_identify(LCD_web/portamail_ui/venv/lib/python3.12/site-packages/wsproto-1.3.2.dist-info) by extension 'ignore_ament_install'
[2.111s] Level 1:colcon.colcon_core.package_identification:_identify(LCD_web/portamail_ui/venv/lib/python3.12/site-packages/wsproto-1.3.2.dist-info) by extensions ['colcon_pkg']
[2.111s] Level 1:colcon.colcon_core.package_identification:_identify(LCD_web/portamail_ui/venv/lib/python3.12/site-packages/wsproto-1.3.2.dist-info) by extension 'colcon_pkg'
[2.111s] Level 1:colcon.colcon_core.package_identification:_identify(LCD_web/portamail_ui/venv/lib/python3.12/site-packages/wsproto-1.3.2.dist-info) by extensions ['colcon_meta']
[2.111s] Level 1:colcon.colcon_core.package_identification:_identify(LCD_web/portamail_ui/venv/lib/python3.12/site-packages/wsproto-1.3.2.dist-info) by extension 'colcon_meta'
[2.111s] Level 1:colcon.colcon_core.package_identification:_identify(LCD_web/portamail_ui/venv/lib/python3.12/site-packages/wsproto-1.3.2.dist-info) by extensions ['ros']
[2.111s] Level 1:colcon.colcon_core.package_identification:_identify(LCD_web/portamail_ui/venv/lib/python3.12/site-packages/wsproto-1.3.2.dist-info) by extension 'ros'
[2.111s] Level 1:colcon.colcon_core.package_identification:_identify(LCD_web/portamail_ui/venv/lib/python3.12/site-packages/wsproto-1.3.2.dist-info) by extensions ['cmake', 'python']
[2.111s] Level 1:colcon.colcon_core.package_identification:_identify(LCD_web/portamail_ui/venv/lib/python3.12/site-packages/wsproto-1.3.2.dist-info) by extension 'cmake'
[2.111s] Level 1:colcon.colcon_core.package_identification:_identify(LCD_web/portamail_ui/venv/lib/python3.12/site-packages/wsproto-1.3.2.dist-info) by extension 'python'
[2.111s] Level 1:colcon.colcon_core.package_identification:_identify(LCD_web/portamail_ui/venv/lib/python3.12/site-packages/wsproto-1.3.2.dist-info) by extensions ['python_setup_py']
[2.111s] Level 1:colcon.colcon_core.package_identification:_identify(LCD_web/portamail_ui/venv/lib/python3.12/site-packages/wsproto-1.3.2.dist-info) by extension 'python_setup_py'
[2.111s] Level 1:colcon.colcon_core.package_identification:_identify(LCD_web/portamail_ui/venv/lib/python3.12/site-packages/wsproto-1.3.2.dist-info/licenses) by extensions ['ignore', 'ignore_ament_install']
[2.111s] Level 1:colcon.colcon_core.package_identification:_identify(LCD_web/portamail_ui/venv/lib/python3.12/site-packages/wsproto-1.3.2.dist-info/licenses) by extension 'ignore'
[2.111s] Level 1:colcon.colcon_core.package_identification:_identify(LCD_web/portamail_ui/venv/lib/python3.12/site-packages/wsproto-1.3.2.dist-info/licenses) by extension 'ignore_ament_install'
[2.112s] Level 1:colcon.colcon_core.package_identification:_identify(LCD_web/portamail_ui/venv/lib/python3.12/site-packages/wsproto-1.3.2.dist-info/licenses) by extensions ['colcon_pkg']
[2.112s] Level 1:colcon.colcon_core.package_identification:_identify(LCD_web/portamail_ui/venv/lib/python3.12/site-packages/wsproto-1.3.2.dist-info/licenses) by extension 'colcon_pkg'
[2.112s] Level 1:colcon.colcon_core.package_identification:_identify(LCD_web/portamail_ui/venv/lib/python3.12/site-packages/wsproto-1.3.2.dist-info/licenses) by extensions ['colcon_meta']
[2.112s] Level 1:colcon.colcon_core.package_identification:_identify(LCD_web/portamail_ui/venv/lib/python3.12/site-packages/wsproto-1.3.2.dist-info/licenses) by extension 'colcon_meta'
[2.112s] Level 1:colcon.colcon_core.package_identification:_identify(LCD_web/portamail_ui/venv/lib/python3.12/site-packages/wsproto-1.3.2.dist-info/licenses) by extensions ['ros']
[2.112s] Level 1:colcon.colcon_core.package_identification:_identify(LCD_web/portamail_ui/venv/lib/python3.12/site-packages/wsproto-1.3.2.dist-info/licenses) by extension 'ros'
[2.112s] Level 1:colcon.colcon_core.package_identification:_identify(LCD_web/portamail_ui/venv/lib/python3.12/site-packages/wsproto-1.3.2.dist-info/licenses) by extensions ['cmake', 'python']
[2.112s] Level 1:colcon.colcon_core.package_identification:_identify(LCD_web/portamail_ui/venv/lib/python3.12/site-packages/wsproto-1.3.2.dist-info/licenses) by extension 'cmake'
[2.112s] Level 1:colcon.colcon_core.package_identification:_identify(LCD_web/portamail_ui/venv/lib/python3.12/site-packages/wsproto-1.3.2.dist-info/licenses) by extension 'python'
[2.113s] Level 1:colcon.colcon_core.package_identification:_identify(LCD_web/portamail_ui/venv/lib/python3.12/site-packages/wsproto-1.3.2.dist-info/licenses) by extensions ['python_setup_py']
[2.113s] Level 1:colcon.colcon_core.package_identification:_identify(LCD_web/portamail_ui/venv/lib/python3.12/site-packages/wsproto-1.3.2.dist-info/licenses) by extension 'python_setup_py'
[2.113s] Level 1:colcon.colcon_core.package_identification:_identify(bin) by extensions ['ignore', 'ignore_ament_install']
[2.113s] Level 1:colcon.colcon_core.package_identification:_identify(bin) by extension 'ignore'
[2.113s] Level 1:colcon.colcon_core.package_identification:_identify(bin) by extension 'ignore_ament_install'
[2.113s] Level 1:colcon.colcon_core.package_identification:_identify(bin) by extensions ['colcon_pkg']
[2.113s] Level 1:colcon.colcon_core.package_identification:_identify(bin) by extension 'colcon_pkg'
[2.113s] Level 1:colcon.colcon_core.package_identification:_identify(bin) by extensions ['colcon_meta']
[2.113s] Level 1:colcon.colcon_core.package_identification:_identify(bin) by extension 'colcon_meta'
[2.113s] Level 1:colcon.colcon_core.package_identification:_identify(bin) by extensions ['ros']
[2.113s] Level 1:colcon.colcon_core.package_identification:_identify(bin) by extension 'ros'
[2.114s] Level 1:colcon.colcon_core.package_identification:_identify(bin) by extensions ['cmake', 'python']
[2.114s] Level 1:colcon.colcon_core.package_identification:_identify(bin) by extension 'cmake'
[2.114s] Level 1:colcon.colcon_core.package_identification:_identify(bin) by extension 'python'
[2.114s] Level 1:colcon.colcon_core.package_identification:_identify(bin) by extensions ['python_setup_py']
[2.114s] Level 1:colcon.colcon_core.package_identification:_identify(bin) by extension 'python_setup_py'
[2.114s] Level 1:colcon.colcon_core.package_identification:_identify(build) by extensions ['ignore', 'ignore_ament_install']
[2.114s] Level 1:colcon.colcon_core.package_identification:_identify(build) by extension 'ignore'
[2.117s] Level 1:colcon.colcon_core.package_identification:_identify(build) ignored
[2.117s] Level 1:colcon.colcon_core.package_identification:_identify(capstone_PCB) by extensions ['ignore', 'ignore_ament_install']
[2.117s] Level 1:colcon.colcon_core.package_identification:_identify(capstone_PCB) by extension 'ignore'
[2.117s] Level 1:colcon.colcon_core.package_identification:_identify(capstone_PCB) by extension 'ignore_ament_install'
[2.117s] Level 1:colcon.colcon_core.package_identification:_identify(capstone_PCB) by extensions ['colcon_pkg']
[2.117s] Level 1:colcon.colcon_core.package_identification:_identify(capstone_PCB) by extension 'colcon_pkg'
[2.118s] Level 1:colcon.colcon_core.package_identification:_identify(capstone_PCB) by extensions ['colcon_meta']
[2.118s] Level 1:colcon.colcon_core.package_identification:_identify(capstone_PCB) by extension 'colcon_meta'
[2.118s] Level 1:colcon.colcon_core.package_identification:_identify(capstone_PCB) by extensions ['ros']
[2.118s] Level 1:colcon.colcon_core.package_identification:_identify(capstone_PCB) by extension 'ros'
[2.118s] Level 1:colcon.colcon_core.package_identification:_identify(capstone_PCB) by extensions ['cmake', 'python']
[2.118s] Level 1:colcon.colcon_core.package_identification:_identify(capstone_PCB) by extension 'cmake'
[2.118s] Level 1:colcon.colcon_core.package_identification:_identify(capstone_PCB) by extension 'python'
[2.119s] Level 1:colcon.colcon_core.package_identification:_identify(capstone_PCB) by extensions ['python_setup_py']
[2.119s] Level 1:colcon.colcon_core.package_identification:_identify(capstone_PCB) by extension 'python_setup_py'
[2.120s] Level 1:colcon.colcon_core.package_identification:_identify(capstone_PCB/PCB) by extensions ['ignore', 'ignore_ament_install']
[2.123s] Level 1:colcon.colcon_core.package_identification:_identify(capstone_PCB/PCB) by extension 'ignore'
[2.123s] Level 1:colcon.colcon_core.package_identification:_identify(capstone_PCB/PCB) by extension 'ignore_ament_install'
[2.123s] Level 1:colcon.colcon_core.package_identification:_identify(capstone_PCB/PCB) by extensions ['colcon_pkg']
[2.123s] Level 1:colcon.colcon_core.package_identification:_identify(capstone_PCB/PCB) by extension 'colcon_pkg'
[2.123s] Level 1:colcon.colcon_core.package_identification:_identify(capstone_PCB/PCB) by extensions ['colcon_meta']
[2.123s] Level 1:colcon.colcon_core.package_identification:_identify(capstone_PCB/PCB) by extension 'colcon_meta'
[2.124s] Level 1:colcon.colcon_core.package_identification:_identify(capstone_PCB/PCB) by extensions ['ros']
[2.124s] Level 1:colcon.colcon_core.package_identification:_identify(capstone_PCB/PCB) by extension 'ros'
[2.124s] Level 1:colcon.colcon_core.package_identification:_identify(capstone_PCB/PCB) by extensions ['cmake', 'python']
[2.124s] Level 1:colcon.colcon_core.package_identification:_identify(capstone_PCB/PCB) by extension 'cmake'
[2.124s] Level 1:colcon.colcon_core.package_identification:_identify(capstone_PCB/PCB) by extension 'python'
[2.124s] Level 1:colcon.colcon_core.package_identification:_identify(capstone_PCB/PCB) by extensions ['python_setup_py']
[2.124s] Level 1:colcon.colcon_core.package_identification:_identify(capstone_PCB/PCB) by extension 'python_setup_py'
[2.124s] Level 1:colcon.colcon_core.package_identification:_identify(capstone_PCB/PCB/PCB-backups) by extensions ['ignore', 'ignore_ament_install']
[2.124s] Level 1:colcon.colcon_core.package_identification:_identify(capstone_PCB/PCB/PCB-backups) by extension 'ignore'
[2.124s] Level 1:colcon.colcon_core.package_identification:_identify(capstone_PCB/PCB/PCB-backups) by extension 'ignore_ament_install'
[2.124s] Level 1:colcon.colcon_core.package_identification:_identify(capstone_PCB/PCB/PCB-backups) by extensions ['colcon_pkg']
[2.125s] Level 1:colcon.colcon_core.package_identification:_identify(capstone_PCB/PCB/PCB-backups) by extension 'colcon_pkg'
[2.125s] Level 1:colcon.colcon_core.package_identification:_identify(capstone_PCB/PCB/PCB-backups) by extensions ['colcon_meta']
[2.125s] Level 1:colcon.colcon_core.package_identification:_identify(capstone_PCB/PCB/PCB-backups) by extension 'colcon_meta'
[2.125s] Level 1:colcon.colcon_core.package_identification:_identify(capstone_PCB/PCB/PCB-backups) by extensions ['ros']
[2.125s] Level 1:colcon.colcon_core.package_identification:_identify(capstone_PCB/PCB/PCB-backups) by extension 'ros'
[2.125s] Level 1:colcon.colcon_core.package_identification:_identify(capstone_PCB/PCB/PCB-backups) by extensions ['cmake', 'python']
[2.125s] Level 1:colcon.colcon_core.package_identification:_identify(capstone_PCB/PCB/PCB-backups) by extension 'cmake'
[2.125s] Level 1:colcon.colcon_core.package_identification:_identify(capstone_PCB/PCB/PCB-backups) by extension 'python'
[2.125s] Level 1:colcon.colcon_core.package_identification:_identify(capstone_PCB/PCB/PCB-backups) by extensions ['python_setup_py']
[2.125s] Level 1:colcon.colcon_core.package_identification:_identify(capstone_PCB/PCB/PCB-backups) by extension 'python_setup_py'
[2.125s] Level 1:colcon.colcon_core.package_identification:_identify(capstone_PCB/capstone_PCB-backups) by extensions ['ignore', 'ignore_ament_install']
[2.125s] Level 1:colcon.colcon_core.package_identification:_identify(capstone_PCB/capstone_PCB-backups) by extension 'ignore'
[2.125s] Level 1:colcon.colcon_core.package_identification:_identify(capstone_PCB/capstone_PCB-backups) by extension 'ignore_ament_install'
[2.125s] Level 1:colcon.colcon_core.package_identification:_identify(capstone_PCB/capstone_PCB-backups) by extensions ['colcon_pkg']
[2.125s] Level 1:colcon.colcon_core.package_identification:_identify(capstone_PCB/capstone_PCB-backups) by extension 'colcon_pkg'
[2.125s] Level 1:colcon.colcon_core.package_identification:_identify(capstone_PCB/capstone_PCB-backups) by extensions ['colcon_meta']
[2.125s] Level 1:colcon.colcon_core.package_identification:_identify(capstone_PCB/capstone_PCB-backups) by extension 'colcon_meta'
[2.125s] Level 1:colcon.colcon_core.package_identification:_identify(capstone_PCB/capstone_PCB-backups) by extensions ['ros']
[2.126s] Level 1:colcon.colcon_core.package_identification:_identify(capstone_PCB/capstone_PCB-backups) by extension 'ros'
[2.126s] Level 1:colcon.colcon_core.package_identification:_identify(capstone_PCB/capstone_PCB-backups) by extensions ['cmake', 'python']
[2.126s] Level 1:colcon.colcon_core.package_identification:_identify(capstone_PCB/capstone_PCB-backups) by extension 'cmake'
[2.126s] Level 1:colcon.colcon_core.package_identification:_identify(capstone_PCB/capstone_PCB-backups) by extension 'python'
[2.126s] Level 1:colcon.colcon_core.package_identification:_identify(capstone_PCB/capstone_PCB-backups) by extensions ['python_setup_py']
[2.126s] Level 1:colcon.colcon_core.package_identification:_identify(capstone_PCB/capstone_PCB-backups) by extension 'python_setup_py'
[2.126s] Level 1:colcon.colcon_core.package_identification:_identify(config) by extensions ['ignore', 'ignore_ament_install']
[2.127s] Level 1:colcon.colcon_core.package_identification:_identify(config) by extension 'ignore'
[2.127s] Level 1:colcon.colcon_core.package_identification:_identify(config) by extension 'ignore_ament_install'
[2.127s] Level 1:colcon.colcon_core.package_identification:_identify(config) by extensions ['colcon_pkg']
[2.127s] Level 1:colcon.colcon_core.package_identification:_identify(config) by extension 'colcon_pkg'
[2.127s] Level 1:colcon.colcon_core.package_identification:_identify(config) by extensions ['colcon_meta']
[2.127s] Level 1:colcon.colcon_core.package_identification:_identify(config) by extension 'colcon_meta'
[2.127s] Level 1:colcon.colcon_core.package_identification:_identify(config) by extensions ['ros']
[2.127s] Level 1:colcon.colcon_core.package_identification:_identify(config) by extension 'ros'
[2.127s] Level 1:colcon.colcon_core.package_identification:_identify(config) by extensions ['cmake', 'python']
[2.128s] Level 1:colcon.colcon_core.package_identification:_identify(config) by extension 'cmake'
[2.129s] Level 1:colcon.colcon_core.package_identification:_identify(config) by extension 'python'
[2.129s] Level 1:colcon.colcon_core.package_identification:_identify(config) by extensions ['python_setup_py']
[2.129s] Level 1:colcon.colcon_core.package_identification:_identify(config) by extension 'python_setup_py'
[2.129s] Level 1:colcon.colcon_core.package_identification:_identify(docs) by extensions ['ignore', 'ignore_ament_install']
[2.129s] Level 1:colcon.colcon_core.package_identification:_identify(docs) by extension 'ignore'
[2.129s] Level 1:colcon.colcon_core.package_identification:_identify(docs) by extension 'ignore_ament_install'
[2.130s] Level 1:colcon.colcon_core.package_identification:_identify(docs) by extensions ['colcon_pkg']
[2.130s] Level 1:colcon.colcon_core.package_identification:_identify(docs) by extension 'colcon_pkg'
[2.130s] Level 1:colcon.colcon_core.package_identification:_identify(docs) by extensions ['colcon_meta']
[2.130s] Level 1:colcon.colcon_core.package_identification:_identify(docs) by extension 'colcon_meta'
[2.130s] Level 1:colcon.colcon_core.package_identification:_identify(docs) by extensions ['ros']
[2.130s] Level 1:colcon.colcon_core.package_identification:_identify(docs) by extension 'ros'
[2.130s] Level 1:colcon.colcon_core.package_identification:_identify(docs) by extensions ['cmake', 'python']
[2.130s] Level 1:colcon.colcon_core.package_identification:_identify(docs) by extension 'cmake'
[2.130s] Level 1:colcon.colcon_core.package_identification:_identify(docs) by extension 'python'
[2.130s] Level 1:colcon.colcon_core.package_identification:_identify(docs) by extensions ['python_setup_py']
[2.130s] Level 1:colcon.colcon_core.package_identification:_identify(docs) by extension 'python_setup_py'
[2.131s] Level 1:colcon.colcon_core.package_identification:_identify(docs/plans) by extensions ['ignore', 'ignore_ament_install']
[2.131s] Level 1:colcon.colcon_core.package_identification:_identify(docs/plans) by extension 'ignore'
[2.131s] Level 1:colcon.colcon_core.package_identification:_identify(docs/plans) by extension 'ignore_ament_install'
[2.132s] Level 1:colcon.colcon_core.package_identification:_identify(docs/plans) by extensions ['colcon_pkg']
[2.132s] Level 1:colcon.colcon_core.package_identification:_identify(docs/plans) by extension 'colcon_pkg'
[2.132s] Level 1:colcon.colcon_core.package_identification:_identify(docs/plans) by extensions ['colcon_meta']
[2.132s] Level 1:colcon.colcon_core.package_identification:_identify(docs/plans) by extension 'colcon_meta'
[2.132s] Level 1:colcon.colcon_core.package_identification:_identify(docs/plans) by extensions ['ros']
[2.132s] Level 1:colcon.colcon_core.package_identification:_identify(docs/plans) by extension 'ros'
[2.133s] Level 1:colcon.colcon_core.package_identification:_identify(docs/plans) by extensions ['cmake', 'python']
[2.133s] Level 1:colcon.colcon_core.package_identification:_identify(docs/plans) by extension 'cmake'
[2.133s] Level 1:colcon.colcon_core.package_identification:_identify(docs/plans) by extension 'python'
[2.133s] Level 1:colcon.colcon_core.package_identification:_identify(docs/plans) by extensions ['python_setup_py']
[2.133s] Level 1:colcon.colcon_core.package_identification:_identify(docs/plans) by extension 'python_setup_py'
[2.134s] Level 1:colcon.colcon_core.package_identification:_identify(downloads) by extensions ['ignore', 'ignore_ament_install']
[2.137s] Level 1:colcon.colcon_core.package_identification:_identify(downloads) by extension 'ignore'
[2.137s] Level 1:colcon.colcon_core.package_identification:_identify(downloads) by extension 'ignore_ament_install'
[2.138s] Level 1:colcon.colcon_core.package_identification:_identify(downloads) by extensions ['colcon_pkg']
[2.138s] Level 1:colcon.colcon_core.package_identification:_identify(downloads) by extension 'colcon_pkg'
[2.139s] Level 1:colcon.colcon_core.package_identification:_identify(downloads) by extensions ['colcon_meta']
[2.139s] Level 1:colcon.colcon_core.package_identification:_identify(downloads) by extension 'colcon_meta'
[2.139s] Level 1:colcon.colcon_core.package_identification:_identify(downloads) by extensions ['ros']
[2.139s] Level 1:colcon.colcon_core.package_identification:_identify(downloads) by extension 'ros'
[2.140s] Level 1:colcon.colcon_core.package_identification:_identify(downloads) by extensions ['cmake', 'python']
[2.140s] Level 1:colcon.colcon_core.package_identification:_identify(downloads) by extension 'cmake'
[2.140s] Level 1:colcon.colcon_core.package_identification:_identify(downloads) by extension 'python'
[2.140s] Level 1:colcon.colcon_core.package_identification:_identify(downloads) by extensions ['python_setup_py']
[2.140s] Level 1:colcon.colcon_core.package_identification:_identify(downloads) by extension 'python_setup_py'
[2.141s] Level 1:colcon.colcon_core.package_identification:_identify(downloads/capstone_PCB) by extensions ['ignore', 'ignore_ament_install']
[2.141s] Level 1:colcon.colcon_core.package_identification:_identify(downloads/capstone_PCB) by extension 'ignore'
[2.141s] Level 1:colcon.colcon_core.package_identification:_identify(downloads/capstone_PCB) by extension 'ignore_ament_install'
[2.142s] Level 1:colcon.colcon_core.package_identification:_identify(downloads/capstone_PCB) by extensions ['colcon_pkg']
[2.142s] Level 1:colcon.colcon_core.package_identification:_identify(downloads/capstone_PCB) by extension 'colcon_pkg'
[2.142s] Level 1:colcon.colcon_core.package_identification:_identify(downloads/capstone_PCB) by extensions ['colcon_meta']
[2.142s] Level 1:colcon.colcon_core.package_identification:_identify(downloads/capstone_PCB) by extension 'colcon_meta'
[2.142s] Level 1:colcon.colcon_core.package_identification:_identify(downloads/capstone_PCB) by extensions ['ros']
[2.142s] Level 1:colcon.colcon_core.package_identification:_identify(downloads/capstone_PCB) by extension 'ros'
[2.143s] Level 1:colcon.colcon_core.package_identification:_identify(downloads/capstone_PCB) by extensions ['cmake', 'python']
[2.143s] Level 1:colcon.colcon_core.package_identification:_identify(downloads/capstone_PCB) by extension 'cmake'
[2.143s] Level 1:colcon.colcon_core.package_identification:_identify(downloads/capstone_PCB) by extension 'python'
[2.144s] Level 1:colcon.colcon_core.package_identification:_identify(downloads/capstone_PCB) by extensions ['python_setup_py']
[2.144s] Level 1:colcon.colcon_core.package_identification:_identify(downloads/capstone_PCB) by extension 'python_setup_py'
[2.145s] Level 1:colcon.colcon_core.package_identification:_identify(downloads/capstone_PCB/PCB) by extensions ['ignore', 'ignore_ament_install']
[2.145s] Level 1:colcon.colcon_core.package_identification:_identify(downloads/capstone_PCB/PCB) by extension 'ignore'
[2.145s] Level 1:colcon.colcon_core.package_identification:_identify(downloads/capstone_PCB/PCB) by extension 'ignore_ament_install'
[2.146s] Level 1:colcon.colcon_core.package_identification:_identify(downloads/capstone_PCB/PCB) by extensions ['colcon_pkg']
[2.146s] Level 1:colcon.colcon_core.package_identification:_identify(downloads/capstone_PCB/PCB) by extension 'colcon_pkg'
[2.146s] Level 1:colcon.colcon_core.package_identification:_identify(downloads/capstone_PCB/PCB) by extensions ['colcon_meta']
[2.146s] Level 1:colcon.colcon_core.package_identification:_identify(downloads/capstone_PCB/PCB) by extension 'colcon_meta'
[2.146s] Level 1:colcon.colcon_core.package_identification:_identify(downloads/capstone_PCB/PCB) by extensions ['ros']
[2.146s] Level 1:colcon.colcon_core.package_identification:_identify(downloads/capstone_PCB/PCB) by extension 'ros'
[2.147s] Level 1:colcon.colcon_core.package_identification:_identify(downloads/capstone_PCB/PCB) by extensions ['cmake', 'python']
[2.149s] Level 1:colcon.colcon_core.package_identification:_identify(downloads/capstone_PCB/PCB) by extension 'cmake'
[2.149s] Level 1:colcon.colcon_core.package_identification:_identify(downloads/capstone_PCB/PCB) by extension 'python'
[2.149s] Level 1:colcon.colcon_core.package_identification:_identify(downloads/capstone_PCB/PCB) by extensions ['python_setup_py']
[2.149s] Level 1:colcon.colcon_core.package_identification:_identify(downloads/capstone_PCB/PCB) by extension 'python_setup_py'
[2.150s] Level 1:colcon.colcon_core.package_identification:_identify(downloads/capstone_PCB/PCB/PCB-backups) by extensions ['ignore', 'ignore_ament_install']
[2.150s] Level 1:colcon.colcon_core.package_identification:_identify(downloads/capstone_PCB/PCB/PCB-backups) by extension 'ignore'
[2.150s] Level 1:colcon.colcon_core.package_identification:_identify(downloads/capstone_PCB/PCB/PCB-backups) by extension 'ignore_ament_install'
[2.151s] Level 1:colcon.colcon_core.package_identification:_identify(downloads/capstone_PCB/PCB/PCB-backups) by extensions ['colcon_pkg']
[2.151s] Level 1:colcon.colcon_core.package_identification:_identify(downloads/capstone_PCB/PCB/PCB-backups) by extension 'colcon_pkg'
[2.151s] Level 1:colcon.colcon_core.package_identification:_identify(downloads/capstone_PCB/PCB/PCB-backups) by extensions ['colcon_meta']
[2.151s] Level 1:colcon.colcon_core.package_identification:_identify(downloads/capstone_PCB/PCB/PCB-backups) by extension 'colcon_meta'
[2.151s] Level 1:colcon.colcon_core.package_identification:_identify(downloads/capstone_PCB/PCB/PCB-backups) by extensions ['ros']
[2.151s] Level 1:colcon.colcon_core.package_identification:_identify(downloads/capstone_PCB/PCB/PCB-backups) by extension 'ros'
[2.151s] Level 1:colcon.colcon_core.package_identification:_identify(downloads/capstone_PCB/PCB/PCB-backups) by extensions ['cmake', 'python']
[2.151s] Level 1:colcon.colcon_core.package_identification:_identify(downloads/capstone_PCB/PCB/PCB-backups) by extension 'cmake'
[2.152s] Level 1:colcon.colcon_core.package_identification:_identify(downloads/capstone_PCB/PCB/PCB-backups) by extension 'python'
[2.155s] Level 1:colcon.colcon_core.package_identification:_identify(downloads/capstone_PCB/PCB/PCB-backups) by extensions ['python_setup_py']
[2.155s] Level 1:colcon.colcon_core.package_identification:_identify(downloads/capstone_PCB/PCB/PCB-backups) by extension 'python_setup_py'
[2.156s] Level 1:colcon.colcon_core.package_identification:_identify(downloads/capstone_PCB/capstone_PCB-backups) by extensions ['ignore', 'ignore_ament_install']
[2.156s] Level 1:colcon.colcon_core.package_identification:_identify(downloads/capstone_PCB/capstone_PCB-backups) by extension 'ignore'
[2.156s] Level 1:colcon.colcon_core.package_identification:_identify(downloads/capstone_PCB/capstone_PCB-backups) by extension 'ignore_ament_install'
[2.156s] Level 1:colcon.colcon_core.package_identification:_identify(downloads/capstone_PCB/capstone_PCB-backups) by extensions ['colcon_pkg']
[2.156s] Level 1:colcon.colcon_core.package_identification:_identify(downloads/capstone_PCB/capstone_PCB-backups) by extension 'colcon_pkg'
[2.157s] Level 1:colcon.colcon_core.package_identification:_identify(downloads/capstone_PCB/capstone_PCB-backups) by extensions ['colcon_meta']
[2.157s] Level 1:colcon.colcon_core.package_identification:_identify(downloads/capstone_PCB/capstone_PCB-backups) by extension 'colcon_meta'
[2.157s] Level 1:colcon.colcon_core.package_identification:_identify(downloads/capstone_PCB/capstone_PCB-backups) by extensions ['ros']
[2.157s] Level 1:colcon.colcon_core.package_identification:_identify(downloads/capstone_PCB/capstone_PCB-backups) by extension 'ros'
[2.157s] Level 1:colcon.colcon_core.package_identification:_identify(downloads/capstone_PCB/capstone_PCB-backups) by extensions ['cmake', 'python']
[2.157s] Level 1:colcon.colcon_core.package_identification:_identify(downloads/capstone_PCB/capstone_PCB-backups) by extension 'cmake'
[2.157s] Level 1:colcon.colcon_core.package_identification:_identify(downloads/capstone_PCB/capstone_PCB-backups) by extension 'python'
[2.157s] Level 1:colcon.colcon_core.package_identification:_identify(downloads/capstone_PCB/capstone_PCB-backups) by extensions ['python_setup_py']
[2.157s] Level 1:colcon.colcon_core.package_identification:_identify(downloads/capstone_PCB/capstone_PCB-backups) by extension 'python_setup_py'
[2.157s] Level 1:colcon.colcon_core.package_identification:_identify(external_controller) by extensions ['ignore', 'ignore_ament_install']
[2.158s] Level 1:colcon.colcon_core.package_identification:_identify(external_controller) by extension 'ignore'
[2.158s] Level 1:colcon.colcon_core.package_identification:_identify(external_controller) by extension 'ignore_ament_install'
[2.158s] Level 1:colcon.colcon_core.package_identification:_identify(external_controller) by extensions ['colcon_pkg']
[2.158s] Level 1:colcon.colcon_core.package_identification:_identify(external_controller) by extension 'colcon_pkg'
[2.158s] Level 1:colcon.colcon_core.package_identification:_identify(external_controller) by extensions ['colcon_meta']
[2.158s] Level 1:colcon.colcon_core.package_identification:_identify(external_controller) by extension 'colcon_meta'
[2.158s] Level 1:colcon.colcon_core.package_identification:_identify(external_controller) by extensions ['ros']
[2.158s] Level 1:colcon.colcon_core.package_identification:_identify(external_controller) by extension 'ros'
[2.158s] Level 1:colcon.colcon_core.package_identification:_identify(external_controller) by extensions ['cmake', 'python']
[2.158s] Level 1:colcon.colcon_core.package_identification:_identify(external_controller) by extension 'cmake'
[2.158s] Level 1:colcon.colcon_core.package_identification:_identify(external_controller) by extension 'python'
[2.158s] Level 1:colcon.colcon_core.package_identification:_identify(external_controller) by extensions ['python_setup_py']
[2.158s] Level 1:colcon.colcon_core.package_identification:_identify(external_controller) by extension 'python_setup_py'
[2.159s] Level 1:colcon.colcon_core.package_identification:_identify(install) by extensions ['ignore', 'ignore_ament_install']
[2.159s] Level 1:colcon.colcon_core.package_identification:_identify(install) by extension 'ignore'
[2.159s] Level 1:colcon.colcon_core.package_identification:_identify(install) ignored
[2.160s] Level 1:colcon.colcon_core.package_identification:_identify(log) by extensions ['ignore', 'ignore_ament_install']
[2.160s] Level 1:colcon.colcon_core.package_identification:_identify(log) by extension 'ignore'
[2.161s] Level 1:colcon.colcon_core.package_identification:_identify(log) ignored
[2.165s] Level 1:colcon.colcon_core.package_identification:_identify(maps) by extensions ['ignore', 'ignore_ament_install']
[2.165s] Level 1:colcon.colcon_core.package_identification:_identify(maps) by extension 'ignore'
[2.166s] Level 1:colcon.colcon_core.package_identification:_identify(maps) by extension 'ignore_ament_install'
[2.166s] Level 1:colcon.colcon_core.package_identification:_identify(maps) by extensions ['colcon_pkg']
[2.166s] Level 1:colcon.colcon_core.package_identification:_identify(maps) by extension 'colcon_pkg'
[2.166s] Level 1:colcon.colcon_core.package_identification:_identify(maps) by extensions ['colcon_meta']
[2.166s] Level 1:colcon.colcon_core.package_identification:_identify(maps) by extension 'colcon_meta'
[2.166s] Level 1:colcon.colcon_core.package_identification:_identify(maps) by extensions ['ros']
[2.166s] Level 1:colcon.colcon_core.package_identification:_identify(maps) by extension 'ros'
[2.167s] Level 1:colcon.colcon_core.package_identification:_identify(maps) by extensions ['cmake', 'python']
[2.167s] Level 1:colcon.colcon_core.package_identification:_identify(maps) by extension 'cmake'
[2.167s] Level 1:colcon.colcon_core.package_identification:_identify(maps) by extension 'python'
[2.167s] Level 1:colcon.colcon_core.package_identification:_identify(maps) by extensions ['python_setup_py']
[2.168s] Level 1:colcon.colcon_core.package_identification:_identify(maps) by extension 'python_setup_py'
[2.168s] Level 1:colcon.colcon_core.package_identification:_identify(scripts) by extensions ['ignore', 'ignore_ament_install']
[2.169s] Level 1:colcon.colcon_core.package_identification:_identify(scripts) by extension 'ignore'
[2.173s] Level 1:colcon.colcon_core.package_identification:_identify(scripts) by extension 'ignore_ament_install'
[2.174s] Level 1:colcon.colcon_core.package_identification:_identify(scripts) by extensions ['colcon_pkg']
[2.174s] Level 1:colcon.colcon_core.package_identification:_identify(scripts) by extension 'colcon_pkg'
[2.174s] Level 1:colcon.colcon_core.package_identification:_identify(scripts) by extensions ['colcon_meta']
[2.174s] Level 1:colcon.colcon_core.package_identification:_identify(scripts) by extension 'colcon_meta'
[2.175s] Level 1:colcon.colcon_core.package_identification:_identify(scripts) by extensions ['ros']
[2.175s] Level 1:colcon.colcon_core.package_identification:_identify(scripts) by extension 'ros'
[2.176s] Level 1:colcon.colcon_core.package_identification:_identify(scripts) by extensions ['cmake', 'python']
[2.176s] Level 1:colcon.colcon_core.package_identification:_identify(scripts) by extension 'cmake'
[2.176s] Level 1:colcon.colcon_core.package_identification:_identify(scripts) by extension 'python'
[2.176s] Level 1:colcon.colcon_core.package_identification:_identify(scripts) by extensions ['python_setup_py']
[2.176s] Level 1:colcon.colcon_core.package_identification:_identify(scripts) by extension 'python_setup_py'
[2.176s] Level 1:colcon.colcon_core.package_identification:_identify(src) by extensions ['ignore', 'ignore_ament_install']
[2.176s] Level 1:colcon.colcon_core.package_identification:_identify(src) by extension 'ignore'
[2.176s] Level 1:colcon.colcon_core.package_identification:_identify(src) by extension 'ignore_ament_install'
[2.177s] Level 1:colcon.colcon_core.package_identification:_identify(src) by extensions ['colcon_pkg']
[2.177s] Level 1:colcon.colcon_core.package_identification:_identify(src) by extension 'colcon_pkg'
[2.177s] Level 1:colcon.colcon_core.package_identification:_identify(src) by extensions ['colcon_meta']
[2.179s] Level 1:colcon.colcon_core.package_identification:_identify(src) by extension 'colcon_meta'
[2.180s] Level 1:colcon.colcon_core.package_identification:_identify(src) by extensions ['ros']
[2.180s] Level 1:colcon.colcon_core.package_identification:_identify(src) by extension 'ros'
[2.181s] Level 1:colcon.colcon_core.package_identification:_identify(src) by extensions ['cmake', 'python']
[2.181s] Level 1:colcon.colcon_core.package_identification:_identify(src) by extension 'cmake'
[2.182s] Level 1:colcon.colcon_core.package_identification:_identify(src) by extension 'python'
[2.182s] Level 1:colcon.colcon_core.package_identification:_identify(src) by extensions ['python_setup_py']
[2.182s] Level 1:colcon.colcon_core.package_identification:_identify(src) by extension 'python_setup_py'
[2.183s] Level 1:colcon.colcon_core.package_identification:_identify(src/build) by extensions ['ignore', 'ignore_ament_install']
[2.183s] Level 1:colcon.colcon_core.package_identification:_identify(src/build) by extension 'ignore'
[2.183s] Level 1:colcon.colcon_core.package_identification:_identify(src/build) ignored
[2.183s] Level 1:colcon.colcon_core.package_identification:_identify(src/install) by extensions ['ignore', 'ignore_ament_install']
[2.183s] Level 1:colcon.colcon_core.package_identification:_identify(src/install) by extension 'ignore'
[2.183s] Level 1:colcon.colcon_core.package_identification:_identify(src/install) ignored
[2.184s] Level 1:colcon.colcon_core.package_identification:_identify(src/lcd_bridge) by extensions ['ignore', 'ignore_ament_install']
[2.188s] Level 1:colcon.colcon_core.package_identification:_identify(src/lcd_bridge) by extension 'ignore'
[2.188s] Level 1:colcon.colcon_core.package_identification:_identify(src/lcd_bridge) by extension 'ignore_ament_install'
[2.189s] Level 1:colcon.colcon_core.package_identification:_identify(src/lcd_bridge) by extensions ['colcon_pkg']
[2.189s] Level 1:colcon.colcon_core.package_identification:_identify(src/lcd_bridge) by extension 'colcon_pkg'
[2.189s] Level 1:colcon.colcon_core.package_identification:_identify(src/lcd_bridge) by extensions ['colcon_meta']
[2.189s] Level 1:colcon.colcon_core.package_identification:_identify(src/lcd_bridge) by extension 'colcon_meta'
[2.189s] Level 1:colcon.colcon_core.package_identification:_identify(src/lcd_bridge) by extensions ['ros']
[2.189s] Level 1:colcon.colcon_core.package_identification:_identify(src/lcd_bridge) by extension 'ros'
[2.209s] DEBUG:colcon.colcon_core.package_identification:Package 'src/lcd_bridge' with type 'ros.ament_python' and name 'lcd_bridge'
[2.209s] Level 1:colcon.colcon_core.package_identification:_identify(src/log) by extensions ['ignore', 'ignore_ament_install']
[2.210s] Level 1:colcon.colcon_core.package_identification:_identify(src/log) by extension 'ignore'
[2.210s] Level 1:colcon.colcon_core.package_identification:_identify(src/log) ignored
[2.216s] Level 1:colcon.colcon_core.package_identification:_identify(src/portamail_coordinator) by extensions ['ignore', 'ignore_ament_install']
[2.216s] Level 1:colcon.colcon_core.package_identification:_identify(src/portamail_coordinator) by extension 'ignore'
[2.216s] Level 1:colcon.colcon_core.package_identification:_identify(src/portamail_coordinator) by extension 'ignore_ament_install'
[2.216s] Level 1:colcon.colcon_core.package_identification:_identify(src/portamail_coordinator) by extensions ['colcon_pkg']
[2.216s] Level 1:colcon.colcon_core.package_identification:_identify(src/portamail_coordinator) by extension 'colcon_pkg'
[2.217s] Level 1:colcon.colcon_core.package_identification:_identify(src/portamail_coordinator) by extensions ['colcon_meta']
[2.217s] Level 1:colcon.colcon_core.package_identification:_identify(src/portamail_coordinator) by extension 'colcon_meta'
[2.217s] Level 1:colcon.colcon_core.package_identification:_identify(src/portamail_coordinator) by extensions ['ros']
[2.217s] Level 1:colcon.colcon_core.package_identification:_identify(src/portamail_coordinator) by extension 'ros'
[2.221s] DEBUG:colcon.colcon_core.package_identification:Package 'src/portamail_coordinator' with type 'ros.ament_cmake' and name 'portamail_coordinator'
[2.222s] Level 1:colcon.colcon_core.package_identification:_identify(src/portamail_navigator) by extensions ['ignore', 'ignore_ament_install']
[2.222s] Level 1:colcon.colcon_core.package_identification:_identify(src/portamail_navigator) by extension 'ignore'
[2.222s] Level 1:colcon.colcon_core.package_identification:_identify(src/portamail_navigator) by extension 'ignore_ament_install'
[2.222s] Level 1:colcon.colcon_core.package_identification:_identify(src/portamail_navigator) by extensions ['colcon_pkg']
[2.222s] Level 1:colcon.colcon_core.package_identification:_identify(src/portamail_navigator) by extension 'colcon_pkg'
[2.223s] Level 1:colcon.colcon_core.package_identification:_identify(src/portamail_navigator) by extensions ['colcon_meta']
[2.223s] Level 1:colcon.colcon_core.package_identification:_identify(src/portamail_navigator) by extension 'colcon_meta'
[2.223s] Level 1:colcon.colcon_core.package_identification:_identify(src/portamail_navigator) by extensions ['ros']
[2.223s] Level 1:colcon.colcon_core.package_identification:_identify(src/portamail_navigator) by extension 'ros'
[2.231s] DEBUG:colcon.colcon_core.package_identification:Package 'src/portamail_navigator' with type 'ros.ament_cmake' and name 'portamail_navigator'
[2.235s] Level 1:colcon.colcon_core.package_identification:_identify(src/sllidar_ros2) by extensions ['ignore', 'ignore_ament_install']
[2.236s] Level 1:colcon.colcon_core.package_identification:_identify(src/sllidar_ros2) by extension 'ignore'
[2.236s] Level 1:colcon.colcon_core.package_identification:_identify(src/sllidar_ros2) by extension 'ignore_ament_install'
[2.236s] Level 1:colcon.colcon_core.package_identification:_identify(src/sllidar_ros2) by extensions ['colcon_pkg']
[2.236s] Level 1:colcon.colcon_core.package_identification:_identify(src/sllidar_ros2) by extension 'colcon_pkg'
[2.236s] Level 1:colcon.colcon_core.package_identification:_identify(src/sllidar_ros2) by extensions ['colcon_meta']
[2.236s] Level 1:colcon.colcon_core.package_identification:_identify(src/sllidar_ros2) by extension 'colcon_meta'
[2.236s] Level 1:colcon.colcon_core.package_identification:_identify(src/sllidar_ros2) by extensions ['ros']
[2.236s] Level 1:colcon.colcon_core.package_identification:_identify(src/sllidar_ros2) by extension 'ros'
[2.244s] DEBUG:colcon.colcon_core.package_identification:Package 'src/sllidar_ros2' with type 'ros.ament_cmake' and name 'sllidar_ros2'
[2.244s] Level 1:colcon.colcon_core.package_discovery:discover_packages(recursive) using defaults
[2.244s] Level 1:colcon.colcon_core.package_discovery:discover_packages(ignore) discover
[2.244s] Level 1:colcon.colcon_core.package_discovery:discover_packages(ignore) using defaults
[2.244s] Level 1:colcon.colcon_core.package_discovery:discover_packages(path) discover
[2.244s] Level 1:colcon.colcon_core.package_discovery:discover_packages(path) using defaults
[2.429s] INFO:colcon.colcon_core.package_selection:Skipping not selected package 'lcd_bridge' in 'src/lcd_bridge'
[2.430s] INFO:colcon.colcon_core.package_selection:Skipping not selected package 'portamail_coordinator' in 'src/portamail_coordinator'
[2.430s] INFO:colcon.colcon_core.package_selection:Skipping not selected package 'sllidar_ros2' in 'src/sllidar_ros2'
[2.433s] Level 1:colcon.colcon_core.package_discovery:discover_packages(prefix_path) check parameters
[2.433s] Level 1:colcon.colcon_core.package_discovery:discover_packages(prefix_path) discover
[2.453s] DEBUG:colcon.colcon_installed_package_information.package_discovery:Found 310 installed packages in /opt/ros/jazzy
[2.468s] Level 1:colcon.colcon_core.package_discovery:discover_packages(prefix_path) using defaults
[2.604s] Level 5:colcon.colcon_core.verb:set package 'portamail_navigator' build argument 'cmake_args' from command line to 'None'
[2.604s] Level 5:colcon.colcon_core.verb:set package 'portamail_navigator' build argument 'cmake_target' from command line to 'None'
[2.605s] Level 5:colcon.colcon_core.verb:set package 'portamail_navigator' build argument 'cmake_target_skip_unavailable' from command line to 'False'
[2.605s] Level 5:colcon.colcon_core.verb:set package 'portamail_navigator' build argument 'cmake_clean_cache' from command line to 'False'
[2.605s] Level 5:colcon.colcon_core.verb:set package 'portamail_navigator' build argument 'cmake_clean_first' from command line to 'False'
[2.605s] Level 5:colcon.colcon_core.verb:set package 'portamail_navigator' build argument 'cmake_force_configure' from command line to 'False'
[2.605s] Level 5:colcon.colcon_core.verb:set package 'portamail_navigator' build argument 'ament_cmake_args' from command line to 'None'
[2.605s] Level 5:colcon.colcon_core.verb:set package 'portamail_navigator' build argument 'catkin_cmake_args' from command line to 'None'
[2.605s] Level 5:colcon.colcon_core.verb:set package 'portamail_navigator' build argument 'catkin_skip_building_tests' from command line to 'False'
[2.605s] DEBUG:colcon.colcon_core.verb:Building package 'portamail_navigator' with the following arguments: {'ament_cmake_args': None, 'build_base': '/home/davidezuma/PortaMailCapstone/build/portamail_navigator', 'catkin_cmake_args': None, 'catkin_skip_building_tests': False, 'cmake_args': None, 'cmake_clean_cache': False, 'cmake_clean_first': False, 'cmake_force_configure': False, 'cmake_target': None, 'cmake_target_skip_unavailable': False, 'install_base': '/home/davidezuma/PortaMailCapstone/install/portamail_navigator', 'merge_install': False, 'path': '/home/davidezuma/PortaMailCapstone/src/portamail_navigator', 'symlink_install': False, 'test_result_base': None}
[2.605s] INFO:colcon.colcon_core.executor:Executing jobs using 'parallel' executor
[2.606s] DEBUG:colcon.colcon_parallel_executor.executor.parallel:run_until_complete
[2.607s] INFO:colcon.colcon_ros.task.ament_cmake.build:Building ROS package in '/home/davidezuma/PortaMailCapstone/src/portamail_navigator' with build type 'ament_cmake'
[2.607s] INFO:colcon.colcon_cmake.task.cmake.build:Building CMake package in '/home/davidezuma/PortaMailCapstone/src/portamail_navigator'
[2.622s] INFO:colcon.colcon_core.plugin_system:Skipping extension 'colcon_core.shell.bat': Not used on non-Windows systems
[2.623s] INFO:colcon.colcon_core.shell:Skip shell extension 'powershell' for command environment: Not usable outside of PowerShell
[2.623s] DEBUG:colcon.colcon_core.shell:Skip shell extension 'dsv' for command environment
[2.654s] DEBUG:colcon.colcon_core.event_handler.log_command:Invoking command in '/home/davidezuma/PortaMailCapstone/build/portamail_navigator': AMENT_PREFIX_PATH=/home/davidezuma/PortaMailCapstone/install/sllidar_ros2:${AMENT_PREFIX_PATH} CMAKE_PREFIX_PATH=/home/davidezuma/PortaMailCapstone/install/sllidar_ros2:/opt/ros/jazzy/opt/gz_sim_vendor:/opt/ros/jazzy/opt/gz_sensors_vendor:/opt/ros/jazzy/opt/gz_physics_vendor:/opt/ros/jazzy/opt/sdformat_vendor:/opt/ros/jazzy/opt/gz_gui_vendor:/opt/ros/jazzy/opt/gz_transport_vendor:/opt/ros/jazzy/opt/gz_rendering_vendor:/opt/ros/jazzy/opt/gz_plugin_vendor:/opt/ros/jazzy/opt/gz_fuel_tools_vendor:/opt/ros/jazzy/opt/gz_msgs_vendor:/opt/ros/jazzy/opt/gz_common_vendor:/opt/ros/jazzy/opt/gz_math_vendor:/opt/ros/jazzy/opt/gz_utils_vendor:/opt/ros/jazzy/opt/gz_tools_vendor:/opt/ros/jazzy/opt/gz_ogre_next_vendor:/opt/ros/jazzy/opt/gz_dartsim_vendor:/opt/ros/jazzy/opt/gz_cmake_vendor:/opt/ros/jazzy /usr/bin/cmake --build /home/davidezuma/PortaMailCapstone/build/portamail_navigator -- -j4 -l4
[3.894s] DEBUG:colcon.colcon_core.event_handler.log_command:Invoked command in '/home/davidezuma/PortaMailCapstone/build/portamail_navigator' returned '0': AMENT_PREFIX_PATH=/home/davidezuma/PortaMailCapstone/install/sllidar_ros2:${AMENT_PREFIX_PATH} CMAKE_PREFIX_PATH=/home/davidezuma/PortaMailCapstone/install/sllidar_ros2:/opt/ros/jazzy/opt/gz_sim_vendor:/opt/ros/jazzy/opt/gz_sensors_vendor:/opt/ros/jazzy/opt/gz_physics_vendor:/opt/ros/jazzy/opt/sdformat_vendor:/opt/ros/jazzy/opt/gz_gui_vendor:/opt/ros/jazzy/opt/gz_transport_vendor:/opt/ros/jazzy/opt/gz_rendering_vendor:/opt/ros/jazzy/opt/gz_plugin_vendor:/opt/ros/jazzy/opt/gz_fuel_tools_vendor:/opt/ros/jazzy/opt/gz_msgs_vendor:/opt/ros/jazzy/opt/gz_common_vendor:/opt/ros/jazzy/opt/gz_math_vendor:/opt/ros/jazzy/opt/gz_utils_vendor:/opt/ros/jazzy/opt/gz_tools_vendor:/opt/ros/jazzy/opt/gz_ogre_next_vendor:/opt/ros/jazzy/opt/gz_dartsim_vendor:/opt/ros/jazzy/opt/gz_cmake_vendor:/opt/ros/jazzy /usr/bin/cmake --build /home/davidezuma/PortaMailCapstone/build/portamail_navigator -- -j4 -l4
[3.974s] DEBUG:colcon.colcon_core.event_handler.log_command:Invoking command in '/home/davidezuma/PortaMailCapstone/build/portamail_navigator': AMENT_PREFIX_PATH=/home/davidezuma/PortaMailCapstone/install/sllidar_ros2:${AMENT_PREFIX_PATH} CMAKE_PREFIX_PATH=/home/davidezuma/PortaMailCapstone/install/sllidar_ros2:/opt/ros/jazzy/opt/gz_sim_vendor:/opt/ros/jazzy/opt/gz_sensors_vendor:/opt/ros/jazzy/opt/gz_physics_vendor:/opt/ros/jazzy/opt/sdformat_vendor:/opt/ros/jazzy/opt/gz_gui_vendor:/opt/ros/jazzy/opt/gz_transport_vendor:/opt/ros/jazzy/opt/gz_rendering_vendor:/opt/ros/jazzy/opt/gz_plugin_vendor:/opt/ros/jazzy/opt/gz_fuel_tools_vendor:/opt/ros/jazzy/opt/gz_msgs_vendor:/opt/ros/jazzy/opt/gz_common_vendor:/opt/ros/jazzy/opt/gz_math_vendor:/opt/ros/jazzy/opt/gz_utils_vendor:/opt/ros/jazzy/opt/gz_tools_vendor:/opt/ros/jazzy/opt/gz_ogre_next_vendor:/opt/ros/jazzy/opt/gz_dartsim_vendor:/opt/ros/jazzy/opt/gz_cmake_vendor:/opt/ros/jazzy /usr/bin/cmake --install /home/davidezuma/PortaMailCapstone/build/portamail_navigator
[4.045s] Level 1:colcon.colcon_core.environment:create_environment_scripts_only(portamail_navigator)
[4.047s] DEBUG:colcon.colcon_core.event_handler.log_command:Invoked command in '/home/davidezuma/PortaMailCapstone/build/portamail_navigator' returned '0': AMENT_PREFIX_PATH=/home/davidezuma/PortaMailCapstone/install/sllidar_ros2:${AMENT_PREFIX_PATH} CMAKE_PREFIX_PATH=/home/davidezuma/PortaMailCapstone/install/sllidar_ros2:/opt/ros/jazzy/opt/gz_sim_vendor:/opt/ros/jazzy/opt/gz_sensors_vendor:/opt/ros/jazzy/opt/gz_physics_vendor:/opt/ros/jazzy/opt/sdformat_vendor:/opt/ros/jazzy/opt/gz_gui_vendor:/opt/ros/jazzy/opt/gz_transport_vendor:/opt/ros/jazzy/opt/gz_rendering_vendor:/opt/ros/jazzy/opt/gz_plugin_vendor:/opt/ros/jazzy/opt/gz_fuel_tools_vendor:/opt/ros/jazzy/opt/gz_msgs_vendor:/opt/ros/jazzy/opt/gz_common_vendor:/opt/ros/jazzy/opt/gz_math_vendor:/opt/ros/jazzy/opt/gz_utils_vendor:/opt/ros/jazzy/opt/gz_tools_vendor:/opt/ros/jazzy/opt/gz_ogre_next_vendor:/opt/ros/jazzy/opt/gz_dartsim_vendor:/opt/ros/jazzy/opt/gz_cmake_vendor:/opt/ros/jazzy /usr/bin/cmake --install /home/davidezuma/PortaMailCapstone/build/portamail_navigator
[4.075s] Level 1:colcon.colcon_core.environment:checking '/home/davidezuma/PortaMailCapstone/install/portamail_navigator' for CMake module files
[4.076s] Level 1:colcon.colcon_core.environment:checking '/home/davidezuma/PortaMailCapstone/install/portamail_navigator' for CMake config files
[4.077s] Level 1:colcon.colcon_core.shell:create_environment_hook('portamail_navigator', 'cmake_prefix_path')
[4.079s] INFO:colcon.colcon_core.shell:Creating environment hook '/home/davidezuma/PortaMailCapstone/install/portamail_navigator/share/portamail_navigator/hook/cmake_prefix_path.ps1'
[4.088s] INFO:colcon.colcon_core.shell:Creating environment descriptor '/home/davidezuma/PortaMailCapstone/install/portamail_navigator/share/portamail_navigator/hook/cmake_prefix_path.dsv'
[4.090s] INFO:colcon.colcon_core.shell:Creating environment hook '/home/davidezuma/PortaMailCapstone/install/portamail_navigator/share/portamail_navigator/hook/cmake_prefix_path.sh'
[4.093s] Level 1:colcon.colcon_core.environment:checking '/home/davidezuma/PortaMailCapstone/install/portamail_navigator/lib'
[4.093s] Level 1:colcon.colcon_core.environment:checking '/home/davidezuma/PortaMailCapstone/install/portamail_navigator/bin'
[4.093s] Level 1:colcon.colcon_core.environment:checking '/home/davidezuma/PortaMailCapstone/install/portamail_navigator/lib/pkgconfig/portamail_navigator.pc'
[4.093s] Level 1:colcon.colcon_core.environment:checking '/home/davidezuma/PortaMailCapstone/install/portamail_navigator/lib/python3.12/site-packages'
[4.094s] Level 1:colcon.colcon_core.environment:checking '/home/davidezuma/PortaMailCapstone/install/portamail_navigator/bin'
[4.094s] INFO:colcon.colcon_core.shell:Creating package script '/home/davidezuma/PortaMailCapstone/install/portamail_navigator/share/portamail_navigator/package.ps1'
[4.097s] INFO:colcon.colcon_core.shell:Creating package descriptor '/home/davidezuma/PortaMailCapstone/install/portamail_navigator/share/portamail_navigator/package.dsv'
[4.102s] INFO:colcon.colcon_core.shell:Creating package script '/home/davidezuma/PortaMailCapstone/install/portamail_navigator/share/portamail_navigator/package.sh'
[4.104s] INFO:colcon.colcon_core.shell:Creating package script '/home/davidezuma/PortaMailCapstone/install/portamail_navigator/share/portamail_navigator/package.bash'
[4.106s] INFO:colcon.colcon_core.shell:Creating package script '/home/davidezuma/PortaMailCapstone/install/portamail_navigator/share/portamail_navigator/package.zsh'
[4.110s] Level 1:colcon.colcon_core.environment:create_file_with_runtime_dependencies(/home/davidezuma/PortaMailCapstone/install/portamail_navigator/share/colcon-core/packages/portamail_navigator)
[4.114s] Level 1:colcon.colcon_core.environment:create_environment_scripts_only(portamail_navigator)
[4.114s] Level 1:colcon.colcon_core.environment:checking '/home/davidezuma/PortaMailCapstone/install/portamail_navigator' for CMake module files
[4.115s] Level 1:colcon.colcon_core.environment:checking '/home/davidezuma/PortaMailCapstone/install/portamail_navigator' for CMake config files
[4.116s] Level 1:colcon.colcon_core.shell:create_environment_hook('portamail_navigator', 'cmake_prefix_path')
[4.116s] INFO:colcon.colcon_core.shell:Creating environment hook '/home/davidezuma/PortaMailCapstone/install/portamail_navigator/share/portamail_navigator/hook/cmake_prefix_path.ps1'
[4.124s] INFO:colcon.colcon_core.shell:Creating environment descriptor '/home/davidezuma/PortaMailCapstone/install/portamail_navigator/share/portamail_navigator/hook/cmake_prefix_path.dsv'
[4.128s] INFO:colcon.colcon_core.shell:Creating environment hook '/home/davidezuma/PortaMailCapstone/install/portamail_navigator/share/portamail_navigator/hook/cmake_prefix_path.sh'
[4.131s] Level 1:colcon.colcon_core.environment:checking '/home/davidezuma/PortaMailCapstone/install/portamail_navigator/lib'
[4.131s] Level 1:colcon.colcon_core.environment:checking '/home/davidezuma/PortaMailCapstone/install/portamail_navigator/bin'
[4.132s] Level 1:colcon.colcon_core.environment:checking '/home/davidezuma/PortaMailCapstone/install/portamail_navigator/lib/pkgconfig/portamail_navigator.pc'
[4.132s] Level 1:colcon.colcon_core.environment:checking '/home/davidezuma/PortaMailCapstone/install/portamail_navigator/lib/python3.12/site-packages'
[4.134s] Level 1:colcon.colcon_core.environment:checking '/home/davidezuma/PortaMailCapstone/install/portamail_navigator/bin'
[4.136s] INFO:colcon.colcon_core.shell:Creating package script '/home/davidezuma/PortaMailCapstone/install/portamail_navigator/share/portamail_navigator/package.ps1'
[4.139s] INFO:colcon.colcon_core.shell:Creating package descriptor '/home/davidezuma/PortaMailCapstone/install/portamail_navigator/share/portamail_navigator/package.dsv'
[4.148s] INFO:colcon.colcon_core.shell:Creating package script '/home/davidezuma/PortaMailCapstone/install/portamail_navigator/share/portamail_navigator/package.sh'
[4.155s] INFO:colcon.colcon_core.shell:Creating package script '/home/davidezuma/PortaMailCapstone/install/portamail_navigator/share/portamail_navigator/package.bash'
[4.157s] INFO:colcon.colcon_core.shell:Creating package script '/home/davidezuma/PortaMailCapstone/install/portamail_navigator/share/portamail_navigator/package.zsh'
[4.182s] Level 1:colcon.colcon_core.environment:create_file_with_runtime_dependencies(/home/davidezuma/PortaMailCapstone/install/portamail_navigator/share/colcon-core/packages/portamail_navigator)
[4.191s] DEBUG:colcon.colcon_parallel_executor.executor.parallel:closing loop
[4.192s] DEBUG:colcon.colcon_parallel_executor.executor.parallel:loop closed
[4.193s] DEBUG:colcon.colcon_parallel_executor.executor.parallel:run_until_complete finished with '0'
[4.193s] DEBUG:colcon.colcon_core.event_reactor:joining thread
[4.210s] INFO:colcon.colcon_core.plugin_system:Skipping extension 'colcon_notification.desktop_notification.notify_send': Could not find 'notify-send'
[4.211s] INFO:colcon.colcon_core.plugin_system:Skipping extension 'colcon_notification.desktop_notification.terminal_notifier': Not used on non-Darwin systems
[4.211s] INFO:colcon.colcon_core.plugin_system:Skipping extension 'colcon_notification.desktop_notification.win32': Not used on non-Windows systems
[4.211s] INFO:colcon.colcon_notification.desktop_notification:Sending desktop notification using 'notify2'
[4.213s] DEBUG:colcon.colcon_notification.desktop_notification.notify2:Failed to initialize notify2: org.freedesktop.DBus.Error.ServiceUnknown: The name org.freedesktop.Notifications was not provided by any .service files
[4.214s] DEBUG:colcon.colcon_core.event_reactor:joined thread
[4.214s] INFO:colcon.colcon_core.shell:Creating prefix script '/home/davidezuma/PortaMailCapstone/install/local_setup.ps1'
[4.218s] INFO:colcon.colcon_core.shell:Creating prefix util module '/home/davidezuma/PortaMailCapstone/install/_local_setup_util_ps1.py'
[4.221s] INFO:colcon.colcon_core.shell:Creating prefix chain script '/home/davidezuma/PortaMailCapstone/install/setup.ps1'
[4.230s] INFO:colcon.colcon_core.shell:Creating prefix script '/home/davidezuma/PortaMailCapstone/install/local_setup.sh'
[4.232s] INFO:colcon.colcon_core.shell:Creating prefix util module '/home/davidezuma/PortaMailCapstone/install/_local_setup_util_sh.py'
[4.235s] INFO:colcon.colcon_core.shell:Creating prefix chain script '/home/davidezuma/PortaMailCapstone/install/setup.sh'
[4.240s] INFO:colcon.colcon_core.shell:Creating prefix script '/home/davidezuma/PortaMailCapstone/install/local_setup.bash'
[4.250s] INFO:colcon.colcon_core.shell:Creating prefix chain script '/home/davidezuma/PortaMailCapstone/install/setup.bash'
[4.257s] INFO:colcon.colcon_core.shell:Creating prefix script '/home/davidezuma/PortaMailCapstone/install/local_setup.zsh'
[4.266s] INFO:colcon.colcon_core.shell:Creating prefix chain script '/home/davidezuma/PortaMailCapstone/install/setup.zsh'
